2026-01-28 00:00:22.000 DEBUG --- [l-1 housekeeper] com.zaxxer.hikari.pool.HikariPool        : HikariPool-1 - Pool stats (total=10, active=0, idle=10, waiting=0)
2026-01-28 00:00:22.000 DEBUG --- [l-1 housekeeper] com.zaxxer.hikari.pool.HikariPool        : HikariPool-1 - Fill pool skipped, pool has sufficient level or currently being filled.
2026-01-28 00:00:52.011 DEBUG --- [l-1 housekeeper] com.zaxxer.hikari.pool.HikariPool        : HikariPool-1 - Pool stats (total=10, active=0, idle=10, waiting=0)
2026-01-28 00:00:52.011 DEBUG --- [l-1 housekeeper] com.zaxxer.hikari.pool.HikariPool        : HikariPool-1 - Fill pool skipped, pool has sufficient level or currently being filled.
2026-01-28 00:01:22.017 DEBUG --- [l-1 housekeeper] com.zaxxer.hikari.pool.HikariPool        : HikariPool-1 - Pool stats (total=10, active=0, idle=10, waiting=0)
2026-01-28 00:01:22.017 DEBUG --- [l-1 housekeeper] com.zaxxer.hikari.pool.HikariPool        : HikariPool-1 - Fill pool skipped, pool has sufficient level or currently being filled.
2026-01-28 00:01:52.025 DEBUG --- [l-1 housekeeper] com.zaxxer.hikari.pool.HikariPool        : HikariPool-1 - Pool stats (total=10, active=0, idle=10, waiting=0)
2026-01-28 00:01:52.025 DEBUG --- [l-1 housekeeper] com.zaxxer.hikari.pool.HikariPool        : HikariPool-1 - Fill pool skipped, pool has sufficient level or currently being filled.
2026-01-28 00:02:22.027 DEBUG --- [l-1 housekeeper] com.zaxxer.hikari.pool.HikariPool        : HikariPool-1 - Pool stats (total=10, active=0, idle=10, waiting=0)
2026-01-28 00:02:22.027 DEBUG --- [l-1 housekeeper] com.zaxxer.hikari.pool.HikariPool        : HikariPool-1 - Fill pool skipped, pool has sufficient level or currently being filled.
2026-01-28 00:02:52.040 DEBUG --- [l-1 housekeeper] com.zaxxer.hikari.pool.HikariPool        : HikariPool-1 - Pool stats (total=10, active=0, idle=10, waiting=0)
2026-01-28 00:02:52.040 DEBUG --- [l-1 housekeeper] com.zaxxer.hikari.pool.HikariPool        : HikariPool-1 - Fill pool skipped, pool has sufficient level or currently being filled.
2026-01-28 00:03:22.046 DEBUG --- [l-1 housekeeper] com.zaxxer.hikari.pool.HikariPool        : HikariPool-1 - Pool stats (total=10, active=0, idle=10, waiting=0)
2026-01-28 00:03:22.046 DEBUG --- [l-1 housekeeper] com.zaxxer.hikari.pool.HikariPool        : HikariPool-1 - Fill pool skipped, pool has sufficient level or currently being filled.
2026-01-28 00:03:52.058 DEBUG --- [l-1 housekeeper] com.zaxxer.hikari.pool.HikariPool        : HikariPool-1 - Pool stats (total=10, active=0, idle=10, waiting=0)
2026-01-28 00:03:52.058 DEBUG --- [l-1 housekeeper] com.zaxxer.hikari.pool.HikariPool        : HikariPool-1 - Fill pool skipped, pool has sufficient level or currently being filled.
2026-01-28 00:04:22.072 DEBUG --- [l-1 housekeeper] com.zaxxer.hikari.pool.HikariPool        : HikariPool-1 - Pool stats (total=10, active=0, idle=10, waiting=0)
2026-01-28 00:04:22.072 DEBUG --- [l-1 housekeeper] com.zaxxer.hikari.pool.HikariPool        : HikariPool-1 - Fill pool skipped, pool has sufficient level or currently being filled.
2026-01-28 00:04:52.073 DEBUG --- [l-1 housekeeper] com.zaxxer.hikari.pool.HikariPool        : HikariPool-1 - Pool stats (total=10, active=0, idle=10, waiting=0)
2026-01-28 00:04:52.073 DEBUG --- [l-1 housekeeper] com.zaxxer.hikari.pool.HikariPool        : HikariPool-1 - Fill pool skipped, pool has sufficient level or currently being filled.
2026-01-28 00:05:22.088 DEBUG --- [l-1 housekeeper] com.zaxxer.hikari.pool.HikariPool        : HikariPool-1 - Pool stats (total=10, active=0, idle=10, waiting=0)
2026-01-28 00:05:22.088 DEBUG --- [l-1 housekeeper] com.zaxxer.hikari.pool.HikariPool        : HikariPool-1 - Fill pool skipped, pool has sufficient level or currently being filled.
2026-01-28 00:05:52.094 DEBUG --- [l-1 housekeeper] com.zaxxer.hikari.pool.HikariPool        : HikariPool-1 - Pool stats (total=10, active=0, idle=10, waiting=0)
2026-01-28 00:05:52.094 DEBUG --- [l-1 housekeeper] com.zaxxer.hikari.pool.HikariPool        : HikariPool-1 - Fill pool skipped, pool has sufficient level or currently being filled.
2026-01-28 00:06:22.099 DEBUG --- [l-1 housekeeper] com.zaxxer.hikari.pool.HikariPool        : HikariPool-1 - Pool stats (total=10, active=0, idle=10, waiting=0)
2026-01-28 00:06:22.099 DEBUG --- [l-1 housekeeper] com.zaxxer.hikari.pool.HikariPool        : HikariPool-1 - Fill pool skipped, pool has sufficient level or currently being filled.
2026-01-28 00:06:52.110 DEBUG --- [l-1 housekeeper] com.zaxxer.hikari.pool.HikariPool        : HikariPool-1 - Pool stats (total=10, active=0, idle=10, waiting=0)
2026-01-28 00:06:52.110 DEBUG --- [l-1 housekeeper] com.zaxxer.hikari.pool.HikariPool        : HikariPool-1 - Fill pool skipped, pool has sufficient level or currently being filled.
2026-01-28 00:07:22.120 DEBUG --- [l-1 housekeeper] com.zaxxer.hikari.pool.HikariPool        : HikariPool-1 - Pool stats (total=10, active=0, idle=10, waiting=0)
2026-01-28 00:07:22.120 DEBUG --- [l-1 housekeeper] com.zaxxer.hikari.pool.HikariPool        : HikariPool-1 - Fill pool skipped, pool has sufficient level or currently being filled.
2026-01-28 00:07:52.123 DEBUG --- [l-1 housekeeper] com.zaxxer.hikari.pool.HikariPool        : HikariPool-1 - Pool stats (total=10, active=0, idle=10, waiting=0)
2026-01-28 00:07:52.127 DEBUG --- [l-1 housekeeper] com.zaxxer.hikari.pool.HikariPool        : HikariPool-1 - Fill pool skipped, pool has sufficient level or currently being filled.
2026-01-28 00:08:22.136 DEBUG --- [l-1 housekeeper] com.zaxxer.hikari.pool.HikariPool        : HikariPool-1 - Pool stats (total=10, active=0, idle=10, waiting=0)
2026-01-28 00:08:22.136 DEBUG --- [l-1 housekeeper] com.zaxxer.hikari.pool.HikariPool        : HikariPool-1 - Fill pool skipped, pool has sufficient level or currently being filled.
2026-01-28 00:08:52.140 DEBUG --- [l-1 housekeeper] com.zaxxer.hikari.pool.HikariPool        : HikariPool-1 - Pool stats (total=10, active=0, idle=10, waiting=0)
2026-01-28 00:08:52.140 DEBUG --- [l-1 housekeeper] com.zaxxer.hikari.pool.HikariPool        : HikariPool-1 - Fill pool skipped, pool has sufficient level or currently being filled.
2026-01-28 00:09:22.144 DEBUG --- [l-1 housekeeper] com.zaxxer.hikari.pool.HikariPool        : HikariPool-1 - Pool stats (total=10, active=0, idle=10, waiting=0)
2026-01-28 00:09:22.144 DEBUG --- [l-1 housekeeper] com.zaxxer.hikari.pool.HikariPool        : HikariPool-1 - Fill pool skipped, pool has sufficient level or currently being filled.
2026-01-28 00:09:52.144 DEBUG --- [l-1 housekeeper] com.zaxxer.hikari.pool.HikariPool        : HikariPool-1 - Pool stats (total=10, active=0, idle=10, waiting=0)
2026-01-28 00:09:52.144 DEBUG --- [l-1 housekeeper] com.zaxxer.hikari.pool.HikariPool        : HikariPool-1 - Fill pool skipped, pool has sufficient level or currently being filled.
2026-01-28 00:10:22.147 DEBUG --- [l-1 housekeeper] com.zaxxer.hikari.pool.HikariPool        : HikariPool-1 - Pool stats (total=10, active=0, idle=10, waiting=0)
2026-01-28 00:10:22.147 DEBUG --- [l-1 housekeeper] com.zaxxer.hikari.pool.HikariPool        : HikariPool-1 - Fill pool skipped, pool has sufficient level or currently being filled.
2026-01-28 00:10:52.156 DEBUG --- [l-1 housekeeper] com.zaxxer.hikari.pool.HikariPool        : HikariPool-1 - Pool stats (total=10, active=0, idle=10, waiting=0)
2026-01-28 00:10:52.156 DEBUG --- [l-1 housekeeper] com.zaxxer.hikari.pool.HikariPool        : HikariPool-1 - Fill pool skipped, pool has sufficient level or currently being filled.
2026-01-28 00:11:22.158 DEBUG --- [l-1 housekeeper] com.zaxxer.hikari.pool.HikariPool        : HikariPool-1 - Pool stats (total=10, active=0, idle=10, waiting=0)
2026-01-28 00:11:22.158 DEBUG --- [l-1 housekeeper] com.zaxxer.hikari.pool.HikariPool        : HikariPool-1 - Fill pool skipped, pool has sufficient level or currently being filled.
2026-01-28 00:11:52.171 DEBUG --- [l-1 housekeeper] com.zaxxer.hikari.pool.HikariPool        : HikariPool-1 - Pool stats (total=10, active=0, idle=10, waiting=0)
2026-01-28 00:11:52.171 DEBUG --- [l-1 housekeeper] com.zaxxer.hikari.pool.HikariPool        : HikariPool-1 - Fill pool skipped, pool has sufficient level or currently being filled.
2026-01-28 00:12:22.185 DEBUG --- [l-1 housekeeper] com.zaxxer.hikari.pool.HikariPool        : HikariPool-1 - Pool stats (total=10, active=0, idle=10, waiting=0)
2026-01-28 00:12:22.185 DEBUG --- [l-1 housekeeper] com.zaxxer.hikari.pool.HikariPool        : HikariPool-1 - Fill pool skipped, pool has sufficient level or currently being filled.
2026-01-28 00:12:52.197 DEBUG --- [l-1 housekeeper] com.zaxxer.hikari.pool.HikariPool        : HikariPool-1 - Pool stats (total=10, active=0, idle=10, waiting=0)
2026-01-28 00:12:52.197 DEBUG --- [l-1 housekeeper] com.zaxxer.hikari.pool.HikariPool        : HikariPool-1 - Fill pool skipped, pool has sufficient level or currently being filled.
2026-01-28 00:13:22.199 DEBUG --- [l-1 housekeeper] com.zaxxer.hikari.pool.HikariPool        : HikariPool-1 - Pool stats (total=10, active=0, idle=10, waiting=0)
2026-01-28 00:13:22.199 DEBUG --- [l-1 housekeeper] com.zaxxer.hikari.pool.HikariPool        : HikariPool-1 - Fill pool skipped, pool has sufficient level or currently being filled.
2026-01-28 00:13:52.202 DEBUG --- [l-1 housekeeper] com.zaxxer.hikari.pool.HikariPool        : HikariPool-1 - Pool stats (total=10, active=0, idle=10, waiting=0)
2026-01-28 00:13:52.202 DEBUG --- [l-1 housekeeper] com.zaxxer.hikari.pool.HikariPool        : HikariPool-1 - Fill pool skipped, pool has sufficient level or currently being filled.
2026-01-28 00:14:22.216 DEBUG --- [l-1 housekeeper] com.zaxxer.hikari.pool.HikariPool        : HikariPool-1 - Pool stats (total=10, active=0, idle=10, waiting=0)
2026-01-28 00:14:22.216 DEBUG --- [l-1 housekeeper] com.zaxxer.hikari.pool.HikariPool        : HikariPool-1 - Fill pool skipped, pool has sufficient level or currently being filled.
2026-01-28 00:14:52.218 DEBUG --- [l-1 housekeeper] com.zaxxer.hikari.pool.HikariPool        : HikariPool-1 - Pool stats (total=10, active=0, idle=10, waiting=0)
2026-01-28 00:14:52.218 DEBUG --- [l-1 housekeeper] com.zaxxer.hikari.pool.HikariPool        : HikariPool-1 - Fill pool skipped, pool has sufficient level or currently being filled.
2026-01-28 00:15:22.232 DEBUG --- [l-1 housekeeper] com.zaxxer.hikari.pool.HikariPool        : HikariPool-1 - Pool stats (total=10, active=0, idle=10, waiting=0)
2026-01-28 00:15:22.232 DEBUG --- [l-1 housekeeper] com.zaxxer.hikari.pool.HikariPool        : HikariPool-1 - Fill pool skipped, pool has sufficient level or currently being filled.
2026-01-28 00:15:49.743 DEBUG --- [ SIGINT handler] java.lang.Runtime                        : Runtime.exit() called with status: 130
java.lang.Throwable: Runtime.exit(130)
	at java.base/java.lang.Shutdown.logRuntimeExit(Shutdown.java:179)
	at java.base/java.lang.Shutdown.exit(Shutdown.java:160)
	at java.base/java.lang.Terminator$1.handle(Terminator.java:51)
	at java.base/jdk.internal.misc.Signal$1.run(Signal.java:218)
	at java.base/java.lang.Thread.run(Thread.java:1583)
2026-01-28 00:15:49.744 DEBUG --- [ionShutdownHook] o.s.b.a.ApplicationAvailabilityBean      : Application availability state ReadinessState changed from ACCEPTING_TRAFFIC to REFUSING_TRAFFIC
2026-01-28 00:15:49.744 DEBUG --- [ionShutdownHook] ConfigServletWebServerApplicationContext : Closing org.springframework.boot.web.servlet.context.AnnotationConfigServletWebServerApplicationContext@60507748, started on Tue Jan 27 22:29:46 ICT 2026
2026-01-28 00:15:49.753 DEBUG --- [ionShutdownHook] o.s.c.support.DefaultLifecycleProcessor  : Stopping beans in phase 2147483647
2026-01-28 00:15:49.754 DEBUG --- [ionShutdownHook] o.s.d.r.l.RedisMessageListenerContainer  : Stopped RedisMessageListenerContainer
2026-01-28 00:15:49.754 DEBUG --- [ionShutdownHook] o.s.c.support.DefaultLifecycleProcessor  : Bean 'redisKeyValueAdapter' completed its stop procedure
2026-01-28 00:15:49.754 DEBUG --- [ionShutdownHook] o.s.c.support.DefaultLifecycleProcessor  : Stopping beans in phase 2147482623
2026-01-28 00:15:49.754  INFO --- [ionShutdownHook] o.s.b.w.e.tomcat.GracefulShutdown        : Commencing graceful shutdown. Waiting for active requests to complete
2026-01-28 00:15:49.764  INFO --- [tomcat-shutdown] o.s.b.w.e.tomcat.GracefulShutdown        : Graceful shutdown complete
2026-01-28 00:15:49.764 DEBUG --- [tomcat-shutdown] o.s.c.support.DefaultLifecycleProcessor  : Bean 'webServerGracefulShutdown' completed its stop procedure
2026-01-28 00:15:49.764 DEBUG --- [ionShutdownHook] o.s.c.support.DefaultLifecycleProcessor  : Stopping beans in phase 2147481599
2026-01-28 00:15:49.767 DEBUG --- [ionShutdownHook] o.s.c.support.DefaultLifecycleProcessor  : Bean 'webServerStartStop' completed its stop procedure
2026-01-28 00:15:49.767 DEBUG --- [ionShutdownHook] o.s.c.support.DefaultLifecycleProcessor  : Stopping beans in phase 1073741823
2026-01-28 00:15:49.767 DEBUG --- [ionShutdownHook] o.s.c.support.DefaultLifecycleProcessor  : Bean 'applicationTaskExecutor' completed its stop procedure
2026-01-28 00:15:49.767 DEBUG --- [ionShutdownHook] o.s.c.support.DefaultLifecycleProcessor  : Stopping beans in phase 0
2026-01-28 00:15:49.768 DEBUG --- [ionShutdownHook] io.lettuce.core.AbstractRedisClient      : Initiate shutdown (100, 100, MILLISECONDS)
2026-01-28 00:15:49.773 DEBUG --- [ionShutdownHook] i.l.c.resource.DefaultClientResources    : Initiate shutdown (100, 100, MILLISECONDS)
2026-01-28 00:15:49.774 DEBUG --- [ionShutdownHook] i.l.c.r.DefaultEventLoopGroupProvider    : Initiate shutdown (100, 100, MILLISECONDS)
2026-01-28 00:15:49.880 DEBUG --- [ionShutdownHook] o.s.c.support.DefaultLifecycleProcessor  : Bean 'redisConnectionFactory' completed its stop procedure
2026-01-28 00:15:49.883 DEBUG --- [ionShutdownHook] o.s.c.support.DefaultLifecycleProcessor  : Successfully stopped bean 'refreshScopeLifecycle'
2026-01-28 00:15:49.884 DEBUG --- [ionShutdownHook] o.s.c.support.DefaultLifecycleProcessor  : Stopping beans in phase -2147483647
2026-01-28 00:15:49.884 DEBUG --- [ionShutdownHook] o.s.c.support.DefaultLifecycleProcessor  : Bean 'springBootLoggingLifecycle' completed its stop procedure
2026-01-28 00:15:49.884 DEBUG --- [ionShutdownHook] o.s.c.support.DefaultLifecycleProcessor  : Stopping beans in phase -2147483648
2026-01-28 00:15:49.884 DEBUG --- [ionShutdownHook] o.s.a.r.c.CachingConnectionFactory       : Closing cached Channel: AMQChannel(amqp://ddvrnvxz@34.237.157.33:5672/ddvrnvxz,1)
2026-01-28 00:15:50.365 DEBUG --- [ionShutdownHook] o.s.c.support.DefaultLifecycleProcessor  : Bean 'rabbitConnectionFactory' completed its stop procedure
2026-01-28 00:15:50.367 DEBUG --- [ionShutdownHook] i.l.c.resource.DefaultClientResources    : Initiate shutdown (0, 2, SECONDS)
2026-01-28 00:15:50.368 DEBUG --- [ionShutdownHook] i.l.c.r.DefaultEventLoopGroupProvider    : Initiate shutdown (0, 2, SECONDS)
2026-01-28 00:15:50.371 DEBUG --- [ionShutdownHook] o.s.b.f.support.DisposableBeanAdapter    : Custom destroy method 'shutdown' on bean with name 'lettuceClientResources' completed asynchronously
2026-01-28 00:15:50.371 DEBUG --- [ionShutdownHook] o.s.s.concurrent.ThreadPoolTaskExecutor  : Shutting down ExecutorService 'applicationTaskExecutor'
2026-01-28 00:15:50.374 DEBUG --- [ionShutdownHook] s.c.a.AnnotationConfigApplicationContext : Closing FeignClientFactory-profile-service, started on Tue Jan 27 22:29:57 ICT 2026, parent: org.springframework.boot.web.servlet.context.AnnotationConfigServletWebServerApplicationContext@60507748
2026-01-28 00:15:50.375  INFO --- [ionShutdownHook] j.LocalContainerEntityManagerFactoryBean : Closing JPA EntityManagerFactory for persistence unit 'default'
2026-01-28 00:15:50.379  INFO --- [ionShutdownHook] com.zaxxer.hikari.HikariDataSource       : HikariPool-1 - Shutdown initiated...
2026-01-28 00:15:50.379 DEBUG --- [ionShutdownHook] com.zaxxer.hikari.pool.HikariPool        : HikariPool-1 - Before shutdown stats (total=10, active=0, idle=10, waiting=0)
2026-01-28 00:15:50.380 DEBUG --- [nnection closer] com.zaxxer.hikari.pool.PoolBase          : HikariPool-1 - Closing connection com.mysql.cj.jdbc.ConnectionImpl@19eef0db: (connection evicted)
2026-01-28 00:15:50.415 DEBUG --- [nnection closer] com.zaxxer.hikari.pool.PoolBase          : HikariPool-1 - Closing connection com.mysql.cj.jdbc.ConnectionImpl@7f16ee33: (connection evicted)
2026-01-28 00:15:50.451 DEBUG --- [nnection closer] com.zaxxer.hikari.pool.PoolBase          : HikariPool-1 - Closing connection com.mysql.cj.jdbc.ConnectionImpl@3e2be408: (connection evicted)
2026-01-28 00:15:50.484 DEBUG --- [nnection closer] com.zaxxer.hikari.pool.PoolBase          : HikariPool-1 - Closing connection com.mysql.cj.jdbc.ConnectionImpl@fdf1ed9: (connection evicted)
2026-01-28 00:15:50.518 DEBUG --- [nnection closer] com.zaxxer.hikari.pool.PoolBase          : HikariPool-1 - Closing connection com.mysql.cj.jdbc.ConnectionImpl@5e041b47: (connection evicted)
2026-01-28 00:15:50.552 DEBUG --- [nnection closer] com.zaxxer.hikari.pool.PoolBase          : HikariPool-1 - Closing connection com.mysql.cj.jdbc.ConnectionImpl@3c2f4b2e: (connection evicted)
2026-01-28 00:15:50.590 DEBUG --- [nnection closer] com.zaxxer.hikari.pool.PoolBase          : HikariPool-1 - Closing connection com.mysql.cj.jdbc.ConnectionImpl@7d124115: (connection evicted)
2026-01-28 00:15:50.624 DEBUG --- [nnection closer] com.zaxxer.hikari.pool.PoolBase          : HikariPool-1 - Closing connection com.mysql.cj.jdbc.ConnectionImpl@45667e3f: (connection evicted)
2026-01-28 00:15:50.658 DEBUG --- [nnection closer] com.zaxxer.hikari.pool.PoolBase          : HikariPool-1 - Closing connection com.mysql.cj.jdbc.ConnectionImpl@45b7404: (connection evicted)
2026-01-28 00:15:50.693 DEBUG --- [nnection closer] com.zaxxer.hikari.pool.PoolBase          : HikariPool-1 - Closing connection com.mysql.cj.jdbc.ConnectionImpl@4db5dead: (connection evicted)
2026-01-28 00:15:50.728 DEBUG --- [ionShutdownHook] com.zaxxer.hikari.pool.HikariPool        : HikariPool-1 - After shutdown stats (total=0, active=0, idle=0, waiting=0)
2026-01-28 00:15:50.728  INFO --- [ionShutdownHook] com.zaxxer.hikari.HikariDataSource       : HikariPool-1 - Shutdown completed.
2026-01-28 12:39:51.796 DEBUG --- [kground-preinit] org.jboss.logging                        : Logging Provider: org.jboss.logging.Slf4jLoggerProvider found via system property
2026-01-28 12:39:51.850  INFO --- [  restartedMain] c.f.a.AccountServiceApplication          : Starting AccountServiceApplication using Java 21.0.5 with PID 16688 (C:\Users\acer\OneDrive\Workspace\Fsocial\Fsocial_be\accountService\target\classes started by acer in C:\Users\acer\OneDrive\Workspace\Fsocial\Fsocial_be)
2026-01-28 12:39:51.850 DEBUG --- [  restartedMain] c.f.a.AccountServiceApplication          : Running with Spring Boot v3.4.1, Spring v6.2.1
2026-01-28 12:39:51.851  INFO --- [  restartedMain] c.f.a.AccountServiceApplication          : The following 1 profile is active: "dev"
2026-01-28 12:39:51.852 DEBUG --- [  restartedMain] o.s.boot.SpringApplication               : Loading source class com.fsocial.accountservice.AccountServiceApplication
2026-01-28 12:39:51.907 DEBUG --- [  restartedMain] o.s.b.devtools.restart.ChangeableUrls    : Matching URLs for reloading : [file:/C:/Users/acer/OneDrive/Workspace/Fsocial/Fsocial_be/accountService/target/classes/]
2026-01-28 12:39:51.908 DEBUG --- [  restartedMain] o.s.b.d.settings.DevToolsSettings        : Included patterns for restart : []
2026-01-28 12:39:51.908 DEBUG --- [  restartedMain] o.s.b.d.settings.DevToolsSettings        : Excluded patterns for restart : [/spring-boot-starter-[\w-]+/, /spring-boot/(bin|build|out)/, /spring-boot-starter/(bin|build|out)/, /spring-boot-devtools/(bin|build|out)/, /spring-boot-actuator/(bin|build|out)/, /spring-boot-autoconfigure/(bin|build|out)/]
2026-01-28 12:39:51.908  INFO --- [  restartedMain] .e.DevToolsPropertyDefaultsPostProcessor : Devtools property defaults active! Set 'spring.devtools.add-properties' to 'false' to disable
2026-01-28 12:39:51.908  INFO --- [  restartedMain] .e.DevToolsPropertyDefaultsPostProcessor : For additional web related logging consider setting the 'logging.level.web' property to 'DEBUG'
2026-01-28 12:39:51.909 DEBUG --- [  restartedMain] ConfigServletWebServerApplicationContext : Refreshing org.springframework.boot.web.servlet.context.AnnotationConfigServletWebServerApplicationContext@7bfc1538
2026-01-28 12:39:51.942 DEBUG --- [  restartedMain] o.s.b.f.s.DefaultListableBeanFactory     : Creating shared instance of singleton bean 'org.springframework.context.annotation.internalConfigurationAnnotationProcessor'
2026-01-28 12:39:51.961 DEBUG --- [  restartedMain] o.s.b.f.s.DefaultListableBeanFactory     : Creating shared instance of singleton bean 'org.springframework.boot.autoconfigure.internalCachingMetadataReaderFactory'
2026-01-28 12:39:52.073 DEBUG --- [  restartedMain] o.s.c.a.ClassPathBeanDefinitionScanner   : Identified candidate component class: file [C:\Users\acer\OneDrive\Workspace\Fsocial\Fsocial_be\accountService\target\classes\com\fsocial\accountservice\config\AppConfig.class]
2026-01-28 12:39:52.077 DEBUG --- [  restartedMain] o.s.c.a.ClassPathBeanDefinitionScanner   : Identified candidate component class: file [C:\Users\acer\OneDrive\Workspace\Fsocial\Fsocial_be\accountService\target\classes\com\fsocial\accountservice\config\AuditingConfig.class]
2026-01-28 12:39:52.079 DEBUG --- [  restartedMain] o.s.c.a.ClassPathBeanDefinitionScanner   : Identified candidate component class: file [C:\Users\acer\OneDrive\Workspace\Fsocial\Fsocial_be\accountService\target\classes\com\fsocial\accountservice\config\CorsConfig.class]
2026-01-28 12:39:52.081 DEBUG --- [  restartedMain] o.s.c.a.ClassPathBeanDefinitionScanner   : Identified candidate component class: file [C:\Users\acer\OneDrive\Workspace\Fsocial\Fsocial_be\accountService\target\classes\com\fsocial\accountservice\config\CustomJwtDecode.class]
2026-01-28 12:39:52.081 DEBUG --- [  restartedMain] o.s.c.a.ClassPathBeanDefinitionScanner   : Identified candidate component class: file [C:\Users\acer\OneDrive\Workspace\Fsocial\Fsocial_be\accountService\target\classes\com\fsocial\accountservice\config\JacksonConfig.class]
2026-01-28 12:39:52.084 DEBUG --- [  restartedMain] o.s.c.a.ClassPathBeanDefinitionScanner   : Identified candidate component class: file [C:\Users\acer\OneDrive\Workspace\Fsocial\Fsocial_be\accountService\target\classes\com\fsocial\accountservice\config\JwtConfig.class]
2026-01-28 12:39:52.085 DEBUG --- [  restartedMain] o.s.c.a.ClassPathBeanDefinitionScanner   : Identified candidate component class: file [C:\Users\acer\OneDrive\Workspace\Fsocial\Fsocial_be\accountService\target\classes\com\fsocial\accountservice\config\OAuth2LoginFailureHandler.class]
2026-01-28 12:39:52.086 DEBUG --- [  restartedMain] o.s.c.a.ClassPathBeanDefinitionScanner   : Identified candidate component class: file [C:\Users\acer\OneDrive\Workspace\Fsocial\Fsocial_be\accountService\target\classes\com\fsocial\accountservice\config\OAuth2LoginSuccessHandler.class]
2026-01-28 12:39:52.087 DEBUG --- [  restartedMain] o.s.c.a.ClassPathBeanDefinitionScanner   : Identified candidate component class: file [C:\Users\acer\OneDrive\Workspace\Fsocial\Fsocial_be\accountService\target\classes\com\fsocial\accountservice\config\OpenAPIConfig.class]
2026-01-28 12:39:52.087 DEBUG --- [  restartedMain] o.s.c.a.ClassPathBeanDefinitionScanner   : Identified candidate component class: file [C:\Users\acer\OneDrive\Workspace\Fsocial\Fsocial_be\accountService\target\classes\com\fsocial\accountservice\config\RabbitMQConfig.class]
2026-01-28 12:39:52.088 DEBUG --- [  restartedMain] o.s.c.a.ClassPathBeanDefinitionScanner   : Identified candidate component class: file [C:\Users\acer\OneDrive\Workspace\Fsocial\Fsocial_be\accountService\target\classes\com\fsocial\accountservice\config\RabbitStartupChecker.class]
2026-01-28 12:39:52.089 DEBUG --- [  restartedMain] o.s.c.a.ClassPathBeanDefinitionScanner   : Identified candidate component class: file [C:\Users\acer\OneDrive\Workspace\Fsocial\Fsocial_be\accountService\target\classes\com\fsocial\accountservice\config\RedisConfig.class]
2026-01-28 12:39:52.108 DEBUG --- [  restartedMain] o.s.c.a.ClassPathBeanDefinitionScanner   : Identified candidate component class: file [C:\Users\acer\OneDrive\Workspace\Fsocial\Fsocial_be\accountService\target\classes\com\fsocial\accountservice\controller\AccountController.class]
2026-01-28 12:39:52.109 DEBUG --- [  restartedMain] o.s.c.a.ClassPathBeanDefinitionScanner   : Identified candidate component class: file [C:\Users\acer\OneDrive\Workspace\Fsocial\Fsocial_be\accountService\target\classes\com\fsocial\accountservice\controller\AuthenticateController.class]
2026-01-28 12:39:52.110 DEBUG --- [  restartedMain] o.s.c.a.ClassPathBeanDefinitionScanner   : Identified candidate component class: file [C:\Users\acer\OneDrive\Workspace\Fsocial\Fsocial_be\accountService\target\classes\com\fsocial\accountservice\controller\CheckConnection.class]
2026-01-28 12:39:52.111 DEBUG --- [  restartedMain] o.s.c.a.ClassPathBeanDefinitionScanner   : Identified candidate component class: file [C:\Users\acer\OneDrive\Workspace\Fsocial\Fsocial_be\accountService\target\classes\com\fsocial\accountservice\controller\GoogleAuthen.class]
2026-01-28 12:39:52.111 DEBUG --- [  restartedMain] o.s.c.a.ClassPathBeanDefinitionScanner   : Identified candidate component class: file [C:\Users\acer\OneDrive\Workspace\Fsocial\Fsocial_be\accountService\target\classes\com\fsocial\accountservice\controller\InternalController.class]
2026-01-28 12:39:52.114 DEBUG --- [  restartedMain] o.s.c.a.ClassPathBeanDefinitionScanner   : Identified candidate component class: file [C:\Users\acer\OneDrive\Workspace\Fsocial\Fsocial_be\accountService\target\classes\com\fsocial\accountservice\controller\PermissionController.class]
2026-01-28 12:39:52.115 DEBUG --- [  restartedMain] o.s.c.a.ClassPathBeanDefinitionScanner   : Identified candidate component class: file [C:\Users\acer\OneDrive\Workspace\Fsocial\Fsocial_be\accountService\target\classes\com\fsocial\accountservice\controller\RoleController.class]
2026-01-28 12:39:52.169 DEBUG --- [  restartedMain] o.s.c.a.ClassPathBeanDefinitionScanner   : Identified candidate component class: file [C:\Users\acer\OneDrive\Workspace\Fsocial\Fsocial_be\accountService\target\classes\com\fsocial\accountservice\exception\GlobalExceptionHandler.class]
2026-01-28 12:39:52.171 DEBUG --- [  restartedMain] o.s.c.a.ClassPathBeanDefinitionScanner   : Identified candidate component class: file [C:\Users\acer\OneDrive\Workspace\Fsocial\Fsocial_be\accountService\target\classes\com\fsocial\accountservice\mapper\AccountMapperImpl.class]
2026-01-28 12:39:52.172 DEBUG --- [  restartedMain] o.s.c.a.ClassPathBeanDefinitionScanner   : Identified candidate component class: file [C:\Users\acer\OneDrive\Workspace\Fsocial\Fsocial_be\accountService\target\classes\com\fsocial\accountservice\mapper\PermissionMapperImpl.class]
2026-01-28 12:39:52.173 DEBUG --- [  restartedMain] o.s.c.a.ClassPathBeanDefinitionScanner   : Identified candidate component class: file [C:\Users\acer\OneDrive\Workspace\Fsocial\Fsocial_be\accountService\target\classes\com\fsocial\accountservice\mapper\ProfileMapperImpl.class]
2026-01-28 12:39:52.175 DEBUG --- [  restartedMain] o.s.c.a.ClassPathBeanDefinitionScanner   : Identified candidate component class: file [C:\Users\acer\OneDrive\Workspace\Fsocial\Fsocial_be\accountService\target\classes\com\fsocial\accountservice\mapper\RoleMapperImpl.class]
2026-01-28 12:39:52.176 DEBUG --- [  restartedMain] o.s.c.a.ClassPathBeanDefinitionScanner   : Identified candidate component class: file [C:\Users\acer\OneDrive\Workspace\Fsocial\Fsocial_be\accountService\target\classes\com\fsocial\accountservice\publisher\ProfileEventPublisher.class]
2026-01-28 12:39:52.181 DEBUG --- [  restartedMain] o.s.c.a.ClassPathBeanDefinitionScanner   : Ignored because not a concrete top-level class: file [C:\Users\acer\OneDrive\Workspace\Fsocial\Fsocial_be\accountService\target\classes\com\fsocial\accountservice\repository\AccountRepository.class]
2026-01-28 12:39:52.184 DEBUG --- [  restartedMain] o.s.c.a.ClassPathBeanDefinitionScanner   : Ignored because not a concrete top-level class: file [C:\Users\acer\OneDrive\Workspace\Fsocial\Fsocial_be\accountService\target\classes\com\fsocial\accountservice\repository\PermissionRepository.class]
2026-01-28 12:39:52.185 DEBUG --- [  restartedMain] o.s.c.a.ClassPathBeanDefinitionScanner   : Ignored because not a concrete top-level class: file [C:\Users\acer\OneDrive\Workspace\Fsocial\Fsocial_be\accountService\target\classes\com\fsocial\accountservice\repository\RefreshTokenRepository.class]
2026-01-28 12:39:52.186 DEBUG --- [  restartedMain] o.s.c.a.ClassPathBeanDefinitionScanner   : Ignored because not a concrete top-level class: file [C:\Users\acer\OneDrive\Workspace\Fsocial\Fsocial_be\accountService\target\classes\com\fsocial\accountservice\repository\RoleRepository.class]
2026-01-28 12:39:52.187 DEBUG --- [  restartedMain] o.s.c.a.ClassPathBeanDefinitionScanner   : Ignored because not a concrete top-level class: file [C:\Users\acer\OneDrive\Workspace\Fsocial\Fsocial_be\accountService\target\classes\com\fsocial\accountservice\repository\TokenRepository.class]
2026-01-28 12:39:52.192 DEBUG --- [  restartedMain] o.s.c.a.ClassPathBeanDefinitionScanner   : Identified candidate component class: file [C:\Users\acer\OneDrive\Workspace\Fsocial\Fsocial_be\accountService\target\classes\com\fsocial\accountservice\services\impl\AccountServiceImpl.class]
2026-01-28 12:39:52.193 DEBUG --- [  restartedMain] o.s.c.a.ClassPathBeanDefinitionScanner   : Identified candidate component class: file [C:\Users\acer\OneDrive\Workspace\Fsocial\Fsocial_be\accountService\target\classes\com\fsocial\accountservice\services\impl\AuthenticationServiceImpl.class]
2026-01-28 12:39:52.194 DEBUG --- [  restartedMain] o.s.c.a.ClassPathBeanDefinitionScanner   : Identified candidate component class: file [C:\Users\acer\OneDrive\Workspace\Fsocial\Fsocial_be\accountService\target\classes\com\fsocial\accountservice\services\impl\BanServiceImpl.class]
2026-01-28 12:39:52.195 DEBUG --- [  restartedMain] o.s.c.a.ClassPathBeanDefinitionScanner   : Identified candidate component class: file [C:\Users\acer\OneDrive\Workspace\Fsocial\Fsocial_be\accountService\target\classes\com\fsocial\accountservice\services\impl\JwtServiceImpl.class]
2026-01-28 12:39:52.196 DEBUG --- [  restartedMain] o.s.c.a.ClassPathBeanDefinitionScanner   : Identified candidate component class: file [C:\Users\acer\OneDrive\Workspace\Fsocial\Fsocial_be\accountService\target\classes\com\fsocial\accountservice\services\impl\OtpServiceImpl.class]
2026-01-28 12:39:52.197 DEBUG --- [  restartedMain] o.s.c.a.ClassPathBeanDefinitionScanner   : Identified candidate component class: file [C:\Users\acer\OneDrive\Workspace\Fsocial\Fsocial_be\accountService\target\classes\com\fsocial\accountservice\services\impl\PermissionServiceImpl.class]
2026-01-28 12:39:52.198 DEBUG --- [  restartedMain] o.s.c.a.ClassPathBeanDefinitionScanner   : Identified candidate component class: file [C:\Users\acer\OneDrive\Workspace\Fsocial\Fsocial_be\accountService\target\classes\com\fsocial\accountservice\services\impl\RefreshTokenServiceImpl.class]
2026-01-28 12:39:52.198 DEBUG --- [  restartedMain] o.s.c.a.ClassPathBeanDefinitionScanner   : Identified candidate component class: file [C:\Users\acer\OneDrive\Workspace\Fsocial\Fsocial_be\accountService\target\classes\com\fsocial\accountservice\services\impl\RoleServiceImpl.class]
2026-01-28 12:39:52.202 DEBUG --- [  restartedMain] o.s.c.a.ClassPathBeanDefinitionScanner   : Identified candidate component class: file [C:\Users\acer\OneDrive\Workspace\Fsocial\Fsocial_be\accountService\target\classes\com\fsocial\accountservice\util\MailUtils.class]
2026-01-28 12:39:52.681 DEBUG --- [  restartedMain] ySourcesPropertyResolver$DefaultResolver : Found key 'MYSQL_URL' in PropertySource 'Config resource 'file [.env]' via location 'optional:file:.env[.properties]'' with value of type String
2026-01-28 12:39:52.733 DEBUG --- [  restartedMain] ySourcesPropertyResolver$DefaultResolver : Found key 'RESEND_HOST' in PropertySource 'Config resource 'file [.env]' via location 'optional:file:.env[.properties]'' with value of type String
2026-01-28 12:39:52.736 DEBUG --- [  restartedMain] ySourcesPropertyResolver$DefaultResolver : Found key 'RESEND_HOST' in PropertySource 'Config resource 'file [.env]' via location 'optional:file:.env[.properties]'' with value of type String
2026-01-28 12:39:52.835 DEBUG --- [  restartedMain] o.s.c.openfeign.FeignClientsRegistrar$1  : Identified candidate component class: file [C:\Users\acer\OneDrive\Workspace\Fsocial\Fsocial_be\accountService\target\classes\com\fsocial\accountservice\repository\httpclient\ProfileClient.class]
2026-01-28 12:39:53.166  INFO --- [  restartedMain] .s.d.r.c.RepositoryConfigurationDelegate : Multiple Spring Data modules found, entering strict repository configuration mode
2026-01-28 12:39:53.167  INFO --- [  restartedMain] .s.d.r.c.RepositoryConfigurationDelegate : Bootstrapping Spring Data JPA repositories in DEFAULT mode.
2026-01-28 12:39:53.174 DEBUG --- [  restartedMain] o.s.b.f.s.DefaultListableBeanFactory     : Creating shared instance of singleton bean 'org.springframework.boot.autoconfigure.AutoConfigurationPackages'
2026-01-28 12:39:53.186 DEBUG --- [  restartedMain] o.s.b.a.AutoConfigurationPackages        : @EnableAutoConfiguration was declared on a class in the package 'com.fsocial.accountservice'. Automatic @Repository and @Entity scanning is enabled.
2026-01-28 12:39:53.187 DEBUG --- [  restartedMain] .s.d.r.c.RepositoryConfigurationDelegate : Scanning for JPA repositories in packages com.fsocial.accountservice.
2026-01-28 12:39:53.206 DEBUG --- [  restartedMain] o.s.d.r.c.RepositoryComponentProvider    : Identified candidate component class: file [C:\Users\acer\OneDrive\Workspace\Fsocial\Fsocial_be\accountService\target\classes\com\fsocial\accountservice\repository\AccountRepository.class]
2026-01-28 12:39:53.206 DEBUG --- [  restartedMain] o.s.d.r.c.RepositoryComponentProvider    : Identified candidate component class: file [C:\Users\acer\OneDrive\Workspace\Fsocial\Fsocial_be\accountService\target\classes\com\fsocial\accountservice\repository\PermissionRepository.class]
2026-01-28 12:39:53.207 DEBUG --- [  restartedMain] o.s.d.r.c.RepositoryComponentProvider    : Identified candidate component class: file [C:\Users\acer\OneDrive\Workspace\Fsocial\Fsocial_be\accountService\target\classes\com\fsocial\accountservice\repository\RefreshTokenRepository.class]
2026-01-28 12:39:53.207 DEBUG --- [  restartedMain] o.s.d.r.c.RepositoryComponentProvider    : Identified candidate component class: file [C:\Users\acer\OneDrive\Workspace\Fsocial\Fsocial_be\accountService\target\classes\com\fsocial\accountservice\repository\RoleRepository.class]
2026-01-28 12:39:53.207 DEBUG --- [  restartedMain] o.s.d.r.c.RepositoryComponentProvider    : Identified candidate component class: file [C:\Users\acer\OneDrive\Workspace\Fsocial\Fsocial_be\accountService\target\classes\com\fsocial\accountservice\repository\TokenRepository.class]
2026-01-28 12:39:53.314 DEBUG --- [  restartedMain] ssPathScanningCandidateComponentProvider : Identified candidate component class: file [C:\Users\acer\OneDrive\Workspace\Fsocial\Fsocial_be\accountService\target\classes\com\fsocial\accountservice\mapper\AccountMapperImpl.class]
2026-01-28 12:39:53.315 DEBUG --- [  restartedMain] ssPathScanningCandidateComponentProvider : Identified candidate component class: file [C:\Users\acer\OneDrive\Workspace\Fsocial\Fsocial_be\accountService\target\classes\com\fsocial\accountservice\mapper\PermissionMapperImpl.class]
2026-01-28 12:39:53.315 DEBUG --- [  restartedMain] ssPathScanningCandidateComponentProvider : Identified candidate component class: file [C:\Users\acer\OneDrive\Workspace\Fsocial\Fsocial_be\accountService\target\classes\com\fsocial\accountservice\mapper\ProfileMapperImpl.class]
2026-01-28 12:39:53.315 DEBUG --- [  restartedMain] ssPathScanningCandidateComponentProvider : Identified candidate component class: file [C:\Users\acer\OneDrive\Workspace\Fsocial\Fsocial_be\accountService\target\classes\com\fsocial\accountservice\mapper\RoleMapperImpl.class]
2026-01-28 12:39:53.315 DEBUG --- [  restartedMain] ssPathScanningCandidateComponentProvider : Identified candidate component class: file [C:\Users\acer\OneDrive\Workspace\Fsocial\Fsocial_be\accountService\target\classes\com\fsocial\accountservice\services\impl\AccountServiceImpl.class]
2026-01-28 12:39:53.315 DEBUG --- [  restartedMain] ssPathScanningCandidateComponentProvider : Identified candidate component class: file [C:\Users\acer\OneDrive\Workspace\Fsocial\Fsocial_be\accountService\target\classes\com\fsocial\accountservice\services\impl\AuthenticationServiceImpl.class]
2026-01-28 12:39:53.315 DEBUG --- [  restartedMain] ssPathScanningCandidateComponentProvider : Identified candidate component class: file [C:\Users\acer\OneDrive\Workspace\Fsocial\Fsocial_be\accountService\target\classes\com\fsocial\accountservice\services\impl\BanServiceImpl.class]
2026-01-28 12:39:53.315 DEBUG --- [  restartedMain] ssPathScanningCandidateComponentProvider : Identified candidate component class: file [C:\Users\acer\OneDrive\Workspace\Fsocial\Fsocial_be\accountService\target\classes\com\fsocial\accountservice\services\impl\JwtServiceImpl.class]
2026-01-28 12:39:53.315 DEBUG --- [  restartedMain] ssPathScanningCandidateComponentProvider : Identified candidate component class: file [C:\Users\acer\OneDrive\Workspace\Fsocial\Fsocial_be\accountService\target\classes\com\fsocial\accountservice\services\impl\OtpServiceImpl.class]
2026-01-28 12:39:53.315 DEBUG --- [  restartedMain] ssPathScanningCandidateComponentProvider : Identified candidate component class: file [C:\Users\acer\OneDrive\Workspace\Fsocial\Fsocial_be\accountService\target\classes\com\fsocial\accountservice\services\impl\PermissionServiceImpl.class]
2026-01-28 12:39:53.315 DEBUG --- [  restartedMain] ssPathScanningCandidateComponentProvider : Identified candidate component class: file [C:\Users\acer\OneDrive\Workspace\Fsocial\Fsocial_be\accountService\target\classes\com\fsocial\accountservice\services\impl\RefreshTokenServiceImpl.class]
2026-01-28 12:39:53.315 DEBUG --- [  restartedMain] ssPathScanningCandidateComponentProvider : Identified candidate component class: file [C:\Users\acer\OneDrive\Workspace\Fsocial\Fsocial_be\accountService\target\classes\com\fsocial\accountservice\services\impl\RoleServiceImpl.class]
2026-01-28 12:39:53.331  INFO --- [  restartedMain] .s.d.r.c.RepositoryConfigurationDelegate : Finished Spring Data repository scanning in 142 ms. Found 5 JPA repository interfaces.
2026-01-28 12:39:53.349  INFO --- [  restartedMain] .s.d.r.c.RepositoryConfigurationDelegate : Multiple Spring Data modules found, entering strict repository configuration mode
2026-01-28 12:39:53.350  INFO --- [  restartedMain] .s.d.r.c.RepositoryConfigurationDelegate : Bootstrapping Spring Data Redis repositories in DEFAULT mode.
2026-01-28 12:39:53.358 DEBUG --- [  restartedMain] .s.d.r.c.RepositoryConfigurationDelegate : Scanning for Redis repositories in packages com.fsocial.accountservice.
2026-01-28 12:39:53.365 DEBUG --- [  restartedMain] o.s.d.r.c.RepositoryComponentProvider    : Identified candidate component class: file [C:\Users\acer\OneDrive\Workspace\Fsocial\Fsocial_be\accountService\target\classes\com\fsocial\accountservice\repository\AccountRepository.class]
2026-01-28 12:39:53.365 DEBUG --- [  restartedMain] o.s.d.r.c.RepositoryComponentProvider    : Identified candidate component class: file [C:\Users\acer\OneDrive\Workspace\Fsocial\Fsocial_be\accountService\target\classes\com\fsocial\accountservice\repository\PermissionRepository.class]
2026-01-28 12:39:53.365 DEBUG --- [  restartedMain] o.s.d.r.c.RepositoryComponentProvider    : Identified candidate component class: file [C:\Users\acer\OneDrive\Workspace\Fsocial\Fsocial_be\accountService\target\classes\com\fsocial\accountservice\repository\RefreshTokenRepository.class]
2026-01-28 12:39:53.366 DEBUG --- [  restartedMain] o.s.d.r.c.RepositoryComponentProvider    : Identified candidate component class: file [C:\Users\acer\OneDrive\Workspace\Fsocial\Fsocial_be\accountService\target\classes\com\fsocial\accountservice\repository\RoleRepository.class]
2026-01-28 12:39:53.366 DEBUG --- [  restartedMain] o.s.d.r.c.RepositoryComponentProvider    : Identified candidate component class: file [C:\Users\acer\OneDrive\Workspace\Fsocial\Fsocial_be\accountService\target\classes\com\fsocial\accountservice\repository\TokenRepository.class]
2026-01-28 12:39:53.369  INFO --- [  restartedMain] .RepositoryConfigurationExtensionSupport : Spring Data Redis - Could not safely identify store assignment for repository candidate interface com.fsocial.accountservice.repository.AccountRepository; If you want this repository to be a Redis repository, consider annotating your entities with one of these annotations: org.springframework.data.redis.core.RedisHash (preferred), or consider extending one of the following types with your repository: org.springframework.data.keyvalue.repository.KeyValueRepository
2026-01-28 12:39:53.370  INFO --- [  restartedMain] .RepositoryConfigurationExtensionSupport : Spring Data Redis - Could not safely identify store assignment for repository candidate interface com.fsocial.accountservice.repository.PermissionRepository; If you want this repository to be a Redis repository, consider annotating your entities with one of these annotations: org.springframework.data.redis.core.RedisHash (preferred), or consider extending one of the following types with your repository: org.springframework.data.keyvalue.repository.KeyValueRepository
2026-01-28 12:39:53.370  INFO --- [  restartedMain] .RepositoryConfigurationExtensionSupport : Spring Data Redis - Could not safely identify store assignment for repository candidate interface com.fsocial.accountservice.repository.RefreshTokenRepository; If you want this repository to be a Redis repository, consider annotating your entities with one of these annotations: org.springframework.data.redis.core.RedisHash (preferred), or consider extending one of the following types with your repository: org.springframework.data.keyvalue.repository.KeyValueRepository
2026-01-28 12:39:53.370  INFO --- [  restartedMain] .RepositoryConfigurationExtensionSupport : Spring Data Redis - Could not safely identify store assignment for repository candidate interface com.fsocial.accountservice.repository.RoleRepository; If you want this repository to be a Redis repository, consider annotating your entities with one of these annotations: org.springframework.data.redis.core.RedisHash (preferred), or consider extending one of the following types with your repository: org.springframework.data.keyvalue.repository.KeyValueRepository
2026-01-28 12:39:53.370  INFO --- [  restartedMain] .RepositoryConfigurationExtensionSupport : Spring Data Redis - Could not safely identify store assignment for repository candidate interface com.fsocial.accountservice.repository.TokenRepository; If you want this repository to be a Redis repository, consider annotating your entities with one of these annotations: org.springframework.data.redis.core.RedisHash (preferred), or consider extending one of the following types with your repository: org.springframework.data.keyvalue.repository.KeyValueRepository
2026-01-28 12:39:53.371  INFO --- [  restartedMain] .s.d.r.c.RepositoryConfigurationDelegate : Finished Spring Data repository scanning in 12 ms. Found 0 Redis repository interfaces.
2026-01-28 12:39:53.408 DEBUG --- [  restartedMain] ySourcesPropertyResolver$DefaultResolver : Found key 'RESEND_HOST' in PropertySource 'Config resource 'file [.env]' via location 'optional:file:.env[.properties]'' with value of type String
2026-01-28 12:39:53.583 DEBUG --- [  restartedMain] o.s.b.f.s.DefaultListableBeanFactory     : Creating shared instance of singleton bean 'refreshScope'
2026-01-28 12:39:53.586 DEBUG --- [  restartedMain] o.s.b.f.s.DefaultListableBeanFactory     : Creating shared instance of singleton bean 'springSecurityHandlerMappingIntrospectorBeanDefinitionRegistryPostProcessor'
2026-01-28 12:39:53.587 DEBUG --- [  restartedMain] o.s.b.f.s.DefaultListableBeanFactory     : Creating shared instance of singleton bean 'authorizedClientManagerRegistrar'
2026-01-28 12:39:53.587 DEBUG --- [  restartedMain] o.s.b.f.s.DefaultListableBeanFactory     : Creating shared instance of singleton bean 'org.springframework.security.config.annotation.web.configuration.OAuth2ClientConfiguration$OAuth2AuthorizedClientManagerConfiguration'
2026-01-28 12:39:53.591 DEBUG --- [  restartedMain] o.s.b.f.s.DefaultListableBeanFactory     : Creating shared instance of singleton bean 'org.springframework.cloud.autoconfigure.RefreshAutoConfiguration$RefreshScopeBeanDefinitionEnhancer'
2026-01-28 12:39:53.712 DEBUG --- [  restartedMain] o.s.cloud.context.scope.GenericScope     : Generating bean factory id from names: [OAuth2AuthorizedClientManager, OAuth2LoginFailureHandler, OAuth2LoginSuccessHandler, _prePostMethodSecurityConfiguration, accountController, accountMapperImpl, accountRepository, accountServiceApplication, accountServiceImpl, additionalModelsConverter, amqpAdmin, appConfig, applicationAvailability, applicationTaskExecutor, auditingConfig, auditorAware, authenticateController, authenticationEventPublisher, authenticationManagerBuilder, authenticationManagerPostProcessor, authenticationServiceImpl, authorizationProxyFactory, authorizeReturnObjectAdvisor, authorizeReturnObjectHintsRegistrar, authorizeReturnObjectMethodInterceptor, authorizedClientManagerRegistrar, authorizedClientRepository, authorizedClientService, banServiceImpl, basicErrorController, beanNameHandlerMapping, beanNameViewResolver, booleanRedisTemplate, characterEncodingFilter, checkConnection, classPathFileSystemWatcher, classPathRestartStrategy, clientHttpRequestFactoryBuilder, clientHttpRequestFactorySettings, clientRegistrationRepository, com.fsocial.accountservice.repository.httpclient.ProfileClient, compositeCompatibilityVerifier, compositeDiscoveryClient, conditionEvaluationDeltaLoggingListener, configDataContextRefresher, configurationPropertiesBeans, configurationPropertiesRebinder, conventionErrorViewResolver, conversionServicePostProcessor, corsConfig, corsWebFilter, customJwtDecode, customOpenAPI, data-jpa.repository-aot-processor#0, data-redis.repository-aot-processor#0, dataRestDelegatingMethodParameterCustomizer, dataSource, dataSourceScriptDatabaseInitializer, default.com.fsocial.accountservice.AccountServiceApplication.FeignClientSpecification, defaultServletHandlerMapping, defaultValidator, defaultViewResolver, defaultsBindHandlerAdvisor, delegatingApplicationListener, directRabbitListenerContainerFactoryConfigurer, dispatcherServlet, dispatcherServletRegistration, emBeanDefinitionRegistrarPostProcessor, enableGlobalAuthenticationAutowiredConfigurer, entityManagerFactory, entityManagerFactoryBuilder, environmentManager, error, errorAttributes, errorPageCustomizer, errorPageRegistrarBeanPostProcessor, feignChildContextInitializer, feignClientBeanFactoryInitializationCodeGenerator, feignContext, feignFeature, feignTargeter, fileSupportConverter, fileSystemWatcherFactory, fileWatcher, filterChainDecoratorPostProcessor, flashMapManager, formContentFilter, forwardedHeaderFilter, globalExceptionHandler, globalOpenApiCustomizer, googleAuthen, handlerExceptionResolver, handlerFunctionAdapter, hikariPoolDataSourceMetadataProvider, httpMessageConvertersRestClientCustomizer, httpRequestHandlerAdapter, inMemoryDatabaseShutdownExecutor, indexPageTransformer, inetUtils, inetUtilsProperties, initializeAuthenticationProviderBeanManagerConfigurer, initializeUserDetailsBeanManagerConfigurer, internalController, jackson2JsonMessageConverter, jacksonConfig, jacksonGeoModule, jacksonObjectMapperBuilder, jdbcClient, jdbcConnectionDetails, jdbcConnectionDetailsHikariBeanPostProcessor, jdbcTemplate, jpa.AccountRepository.fragments#0, jpa.PermissionRepository.fragments#0, jpa.RefreshTokenRepository.fragments#0, jpa.RoleRepository.fragments#0, jpa.TokenRepository.fragments#0, jpa.named-queries#0, jpa.named-queries#1, jpa.named-queries#2, jpa.named-queries#3, jpa.named-queries#4, jpaAuditingHandler, jpaContext, jpaMappingContext, jpaSharedEM_entityManagerFactory, jpaVendorAdapter, jsonComponentModule, jsonMixinModule, jsonMixinModuleEntries, jwtConfig, jwtServiceImpl, keyValueMappingContext, lettuceClientResources, lifecycleProcessor, liveReloadServer, liveReloadServerEventListener, loadBalancerClientsDefaultsMappingsProvider, localSpringDocParameterNameDiscoverer, localeCharsetMappingsCustomizer, localeResolver, loggingFilter, loggingRebinder, mailSender, mailUtils, mappingJackson2HttpMessageConverter, messageConverters, methodAuthorizationManagerPostProcessor, methodResultAuthorizationManagerPostProcessor, methodValidationPostProcessor, modelConverterRegistrar, multipartConfigElement, multipartResolver, mvcContentNegotiationManager, mvcConversionService, mvcHandlerMappingIntrospector, mvcHandlerMappingIntrospectorRequestTransformer, mvcPathMatcher, mvcPatternParser, mvcResourceUrlProvider, mvcUriComponentsContributor, mvcUrlPathHelper, mvcValidator, mvcViewResolver, namedParameterJdbcTemplate, oas31ModelConverter, objectMapper, objectPostProcessor, offsetResolver, openAPIBuilder, openAPIConfig, openApiResource, openEntityManagerInViewInterceptor, openEntityManagerInViewInterceptorConfigurer, operationBuilder, optionalLiveReloadServer, org.springdoc.core.configuration.SpringDocConfiguration, org.springdoc.core.configuration.SpringDocConfiguration$OpenApiResourceAdvice, org.springdoc.core.configuration.SpringDocConfiguration$QuerydslProvider, org.springdoc.core.configuration.SpringDocConfiguration$SpringDocSpringDataWebPropertiesProvider, org.springdoc.core.configuration.SpringDocConfiguration$SpringDocWebFluxSupportConfiguration, org.springdoc.core.configuration.SpringDocConfiguration$WebConversionServiceConfiguration, org.springdoc.core.configuration.SpringDocPageableConfiguration, org.springdoc.core.configuration.SpringDocSecurityConfiguration, org.springdoc.core.configuration.SpringDocSecurityConfiguration$SpringDocSecurityOAuth2ClientConfiguration, org.springdoc.core.configuration.SpringDocSecurityConfiguration$SpringSecurityLoginEndpointConfiguration, org.springdoc.core.configuration.SpringDocSortConfiguration, org.springdoc.core.properties.SpringDocConfigProperties, org.springdoc.core.properties.SwaggerUiConfigProperties, org.springdoc.core.properties.SwaggerUiOAuthProperties, org.springdoc.webmvc.core.configuration.SpringDocWebMvcConfiguration, org.springdoc.webmvc.core.configuration.SpringDocWebMvcConfiguration$SpringDocWebMvcRouterConfiguration, org.springdoc.webmvc.ui.SwaggerConfig, org.springframework.amqp.rabbit.config.internalRabbitListenerAnnotationProcessor, org.springframework.amqp.rabbit.config.internalRabbitListenerEndpointRegistry, org.springframework.aop.config.internalAutoProxyCreator, org.springframework.boot.autoconfigure.AutoConfigurationPackages, org.springframework.boot.autoconfigure.amqp.RabbitAnnotationDrivenConfiguration, org.springframework.boot.autoconfigure.amqp.RabbitAnnotationDrivenConfiguration$EnableRabbitConfiguration, org.springframework.boot.autoconfigure.amqp.RabbitAutoConfiguration, org.springframework.boot.autoconfigure.amqp.RabbitAutoConfiguration$MessagingTemplateConfiguration, org.springframework.boot.autoconfigure.amqp.RabbitAutoConfiguration$RabbitConnectionFactoryCreator, org.springframework.boot.autoconfigure.amqp.RabbitAutoConfiguration$RabbitTemplateConfiguration, org.springframework.boot.autoconfigure.aop.AopAutoConfiguration, org.springframework.boot.autoconfigure.aop.AopAutoConfiguration$AspectJAutoProxyingConfiguration, org.springframework.boot.autoconfigure.aop.AopAutoConfiguration$AspectJAutoProxyingConfiguration$CglibAutoProxyConfiguration, org.springframework.boot.autoconfigure.availability.ApplicationAvailabilityAutoConfiguration, org.springframework.boot.autoconfigure.context.ConfigurationPropertiesAutoConfiguration, org.springframework.boot.autoconfigure.context.LifecycleAutoConfiguration, org.springframework.boot.autoconfigure.context.PropertyPlaceholderAutoConfiguration, org.springframework.boot.autoconfigure.dao.PersistenceExceptionTranslationAutoConfiguration, org.springframework.boot.autoconfigure.data.jpa.JpaRepositoriesAutoConfiguration, org.springframework.boot.autoconfigure.data.redis.LettuceConnectionConfiguration, org.springframework.boot.autoconfigure.data.redis.RedisAutoConfiguration, org.springframework.boot.autoconfigure.data.redis.RedisReactiveAutoConfiguration, org.springframework.boot.autoconfigure.data.redis.RedisRepositoriesAutoConfiguration, org.springframework.boot.autoconfigure.data.web.SpringDataWebAutoConfiguration, org.springframework.boot.autoconfigure.http.HttpMessageConvertersAutoConfiguration, org.springframework.boot.autoconfigure.http.HttpMessageConvertersAutoConfiguration$StringHttpMessageConverterConfiguration, org.springframework.boot.autoconfigure.http.JacksonHttpMessageConvertersConfiguration, org.springframework.boot.autoconfigure.http.JacksonHttpMessageConvertersConfiguration$MappingJackson2HttpMessageConverterConfiguration, org.springframework.boot.autoconfigure.http.client.HttpClientAutoConfiguration, org.springframework.boot.autoconfigure.info.ProjectInfoAutoConfiguration, org.springframework.boot.autoconfigure.internalCachingMetadataReaderFactory, org.springframework.boot.autoconfigure.jackson.JacksonAutoConfiguration, org.springframework.boot.autoconfigure.jackson.JacksonAutoConfiguration$Jackson2ObjectMapperBuilderCustomizerConfiguration, org.springframework.boot.autoconfigure.jackson.JacksonAutoConfiguration$JacksonMixinConfiguration, org.springframework.boot.autoconfigure.jackson.JacksonAutoConfiguration$JacksonObjectMapperBuilderConfiguration, org.springframework.boot.autoconfigure.jackson.JacksonAutoConfiguration$JacksonObjectMapperConfiguration, org.springframework.boot.autoconfigure.jackson.JacksonAutoConfiguration$ParameterNamesModuleConfiguration, org.springframework.boot.autoconfigure.jdbc.DataSourceAutoConfiguration, org.springframework.boot.autoconfigure.jdbc.DataSourceAutoConfiguration$PooledDataSourceConfiguration, org.springframework.boot.autoconfigure.jdbc.DataSourceConfiguration$Hikari, org.springframework.boot.autoconfigure.jdbc.DataSourceTransactionManagerAutoConfiguration, org.springframework.boot.autoconfigure.jdbc.DataSourceTransactionManagerAutoConfiguration$JdbcTransactionManagerConfiguration, org.springframework.boot.autoconfigure.jdbc.JdbcClientAutoConfiguration, org.springframework.boot.autoconfigure.jdbc.JdbcTemplateAutoConfiguration, org.springframework.boot.autoconfigure.jdbc.JdbcTemplateConfiguration, org.springframework.boot.autoconfigure.jdbc.NamedParameterJdbcTemplateConfiguration, org.springframework.boot.autoconfigure.jdbc.metadata.DataSourcePoolMetadataProvidersConfiguration, org.springframework.boot.autoconfigure.jdbc.metadata.DataSourcePoolMetadataProvidersConfiguration$HikariPoolDataSourceMetadataProviderConfiguration, org.springframework.boot.autoconfigure.mail.MailSenderAutoConfiguration, org.springframework.boot.autoconfigure.mail.MailSenderPropertiesConfiguration, org.springframework.boot.autoconfigure.netty.NettyAutoConfiguration, org.springframework.boot.autoconfigure.orm.jpa.HibernateJpaAutoConfiguration, org.springframework.boot.autoconfigure.orm.jpa.HibernateJpaConfiguration, org.springframework.boot.autoconfigure.orm.jpa.JpaBaseConfiguration$JpaWebConfiguration, org.springframework.boot.autoconfigure.orm.jpa.JpaBaseConfiguration$PersistenceManagedTypesConfiguration, org.springframework.boot.autoconfigure.reactor.ReactorAutoConfiguration, org.springframework.boot.autoconfigure.security.oauth2.client.servlet.OAuth2ClientAutoConfiguration, org.springframework.boot.autoconfigure.security.oauth2.client.servlet.OAuth2ClientRegistrationRepositoryConfiguration, org.springframework.boot.autoconfigure.security.oauth2.client.servlet.OAuth2WebSecurityConfiguration, org.springframework.boot.autoconfigure.security.oauth2.resource.servlet.OAuth2ResourceServerAutoConfiguration, org.springframework.boot.autoconfigure.security.oauth2.resource.servlet.OAuth2ResourceServerOpaqueTokenConfiguration$OpaqueTokenIntrospectionClientConfiguration, org.springframework.boot.autoconfigure.security.oauth2.resource.servlet.Oauth2ResourceServerConfiguration$JwtConfiguration, org.springframework.boot.autoconfigure.security.oauth2.resource.servlet.Oauth2ResourceServerConfiguration$OpaqueTokenConfiguration, org.springframework.boot.autoconfigure.security.servlet.SecurityAutoConfiguration, org.springframework.boot.autoconfigure.security.servlet.SecurityFilterAutoConfiguration, org.springframework.boot.autoconfigure.security.servlet.SpringBootWebSecurityConfiguration, org.springframework.boot.autoconfigure.sql.init.DataSourceInitializationConfiguration, org.springframework.boot.autoconfigure.sql.init.SqlInitializationAutoConfiguration, org.springframework.boot.autoconfigure.ssl.SslAutoConfiguration, org.springframework.boot.autoconfigure.task.TaskExecutionAutoConfiguration, org.springframework.boot.autoconfigure.task.TaskExecutorConfigurations$SimpleAsyncTaskExecutorBuilderConfiguration, org.springframework.boot.autoconfigure.task.TaskExecutorConfigurations$TaskExecutorConfiguration, org.springframework.boot.autoconfigure.task.TaskExecutorConfigurations$ThreadPoolTaskExecutorBuilderConfiguration, org.springframework.boot.autoconfigure.task.TaskSchedulingAutoConfiguration, org.springframework.boot.autoconfigure.task.TaskSchedulingConfigurations$SimpleAsyncTaskSchedulerBuilderConfiguration, org.springframework.boot.autoconfigure.task.TaskSchedulingConfigurations$ThreadPoolTaskSchedulerBuilderConfiguration, org.springframework.boot.autoconfigure.transaction.TransactionAutoConfiguration, org.springframework.boot.autoconfigure.transaction.TransactionAutoConfiguration$EnableTransactionManagementConfiguration, org.springframework.boot.autoconfigure.transaction.TransactionAutoConfiguration$EnableTransactionManagementConfiguration$CglibAutoProxyConfiguration, org.springframework.boot.autoconfigure.transaction.TransactionAutoConfiguration$TransactionTemplateConfiguration, org.springframework.boot.autoconfigure.transaction.TransactionManagerCustomizationAutoConfiguration, org.springframework.boot.autoconfigure.transaction.jta.JtaAutoConfiguration, org.springframework.boot.autoconfigure.validation.ValidationAutoConfiguration, org.springframework.boot.autoconfigure.web.client.RestClientAutoConfiguration, org.springframework.boot.autoconfigure.web.client.RestTemplateAutoConfiguration, org.springframework.boot.autoconfigure.web.embedded.EmbeddedWebServerFactoryCustomizerAutoConfiguration, org.springframework.boot.autoconfigure.web.embedded.EmbeddedWebServerFactoryCustomizerAutoConfiguration$TomcatWebServerFactoryCustomizerConfiguration, org.springframework.boot.autoconfigure.web.servlet.DispatcherServletAutoConfiguration, org.springframework.boot.autoconfigure.web.servlet.DispatcherServletAutoConfiguration$DispatcherServletConfiguration, org.springframework.boot.autoconfigure.web.servlet.DispatcherServletAutoConfiguration$DispatcherServletRegistrationConfiguration, org.springframework.boot.autoconfigure.web.servlet.HttpEncodingAutoConfiguration, org.springframework.boot.autoconfigure.web.servlet.MultipartAutoConfiguration, org.springframework.boot.autoconfigure.web.servlet.ServletWebServerFactoryAutoConfiguration, org.springframework.boot.autoconfigure.web.servlet.ServletWebServerFactoryAutoConfiguration$ForwardedHeaderFilterConfiguration, org.springframework.boot.autoconfigure.web.servlet.ServletWebServerFactoryConfiguration$EmbeddedTomcat, org.springframework.boot.autoconfigure.web.servlet.WebMvcAutoConfiguration, org.springframework.boot.autoconfigure.web.servlet.WebMvcAutoConfiguration$EnableWebMvcConfiguration, org.springframework.boot.autoconfigure.web.servlet.WebMvcAutoConfiguration$ResourceChainCustomizerConfiguration, org.springframework.boot.autoconfigure.web.servlet.WebMvcAutoConfiguration$WebMvcAutoConfigurationAdapter, org.springframework.boot.autoconfigure.web.servlet.error.ErrorMvcAutoConfiguration, org.springframework.boot.autoconfigure.web.servlet.error.ErrorMvcAutoConfiguration$DefaultErrorViewResolverConfiguration, org.springframework.boot.autoconfigure.web.servlet.error.ErrorMvcAutoConfiguration$WhitelabelErrorViewConfiguration, org.springframework.boot.autoconfigure.websocket.servlet.WebSocketServletAutoConfiguration, org.springframework.boot.autoconfigure.websocket.servlet.WebSocketServletAutoConfiguration$TomcatWebSocketConfiguration, org.springframework.boot.context.internalConfigurationPropertiesBinder, org.springframework.boot.context.properties.BoundConfigurationProperties, org.springframework.boot.context.properties.ConfigurationPropertiesBindingPostProcessor, org.springframework.boot.context.properties.EnableConfigurationPropertiesRegistrar.methodValidationExcludeFilter, org.springframework.boot.devtools.autoconfigure.DevToolsDataSourceAutoConfiguration, org.springframework.boot.devtools.autoconfigure.DevToolsDataSourceAutoConfiguration$DatabaseShutdownExecutorEntityManagerFactoryDependsOnPostProcessor, org.springframework.boot.devtools.autoconfigure.LocalDevToolsAutoConfiguration, org.springframework.boot.devtools.autoconfigure.LocalDevToolsAutoConfiguration$LiveReloadConfiguration, org.springframework.boot.devtools.autoconfigure.LocalDevToolsAutoConfiguration$RestartConfiguration, org.springframework.boot.sql.init.dependency.DatabaseInitializationDependencyConfigurer$DependsOnDatabaseInitializationPostProcessor, org.springframework.cloud.autoconfigure.ConfigurationPropertiesRebinderAutoConfiguration, org.springframework.cloud.autoconfigure.LifecycleMvcEndpointAutoConfiguration, org.springframework.cloud.autoconfigure.RefreshAutoConfiguration, org.springframework.cloud.autoconfigure.RefreshAutoConfiguration$RefreshScopeBeanDefinitionEnhancer, org.springframework.cloud.client.CommonsClientAutoConfiguration, org.springframework.cloud.client.ReactiveCommonsClientAutoConfiguration, org.springframework.cloud.client.discovery.composite.CompositeDiscoveryClientAutoConfiguration, org.springframework.cloud.client.discovery.simple.SimpleDiscoveryClientAutoConfiguration, org.springframework.cloud.client.loadbalancer.LoadBalancerDefaultMappingsProviderAutoConfiguration, org.springframework.cloud.client.serviceregistry.AutoServiceRegistrationAutoConfiguration, org.springframework.cloud.client.serviceregistry.AutoServiceRegistrationConfiguration, org.springframework.cloud.client.serviceregistry.ServiceRegistryAutoConfiguration, org.springframework.cloud.commons.config.CommonsConfigAutoConfiguration, org.springframework.cloud.commons.security.ResourceServerTokenRelayAutoConfiguration, org.springframework.cloud.commons.security.ResourceServerTokenRelayAutoConfiguration$ResourceServerTokenRelayRegistrationAutoConfiguration, org.springframework.cloud.commons.util.UtilAutoConfiguration, org.springframework.cloud.configuration.CompatibilityVerifierAutoConfiguration, org.springframework.cloud.openfeign.FeignAutoConfiguration, org.springframework.cloud.openfeign.FeignAutoConfiguration$DefaultFeignTargeterConfiguration, org.springframework.cloud.openfeign.FeignAutoConfiguration$FeignJacksonConfiguration, org.springframework.context.annotation.internalAutowiredAnnotationProcessor, org.springframework.context.annotation.internalCommonAnnotationProcessor, org.springframework.context.annotation.internalConfigurationAnnotationProcessor, org.springframework.context.annotation.internalPersistenceAnnotationProcessor, org.springframework.context.config.internalBeanConfigurerAspect, org.springframework.context.event.internalEventListenerFactory, org.springframework.context.event.internalEventListenerProcessor, org.springframework.data.jpa.domain.support.AuditingBeanFactoryPostProcessor, org.springframework.data.jpa.domain.support.AuditingEntityListener, org.springframework.data.jpa.repository.support.JpaEvaluationContextExtension, org.springframework.data.jpa.util.JpaMetamodelCacheCleanup, org.springframework.data.web.config.ProjectingArgumentResolverRegistrar, org.springframework.data.web.config.SpringDataJacksonConfiguration, org.springframework.data.web.config.SpringDataWebConfiguration, org.springframework.security.config.annotation.authentication.configuration.AuthenticationConfiguration, org.springframework.security.config.annotation.configuration.ObjectPostProcessorConfiguration, org.springframework.security.config.annotation.method.configuration.AuthorizationProxyConfiguration, org.springframework.security.config.annotation.method.configuration.MethodObservationConfiguration, org.springframework.security.config.annotation.web.configuration.HttpSecurityConfiguration, org.springframework.security.config.annotation.web.configuration.HttpSecurityConfiguration.httpSecurity, org.springframework.security.config.annotation.web.configuration.OAuth2ClientConfiguration, org.springframework.security.config.annotation.web.configuration.OAuth2ClientConfiguration$OAuth2AuthorizedClientManagerConfiguration, org.springframework.security.config.annotation.web.configuration.OAuth2ClientConfiguration$OAuth2ClientWebMvcSecurityConfiguration, org.springframework.security.config.annotation.web.configuration.ObservationConfiguration, org.springframework.security.config.annotation.web.configuration.WebMvcSecurityConfiguration, org.springframework.security.config.annotation.web.configuration.WebSecurityConfiguration, org.springframework.transaction.annotation.ProxyTransactionManagementConfiguration, org.springframework.transaction.config.internalTransactionAdvisor, org.springframework.transaction.config.internalTransactionalEventListenerFactory, otpServiceImpl, pageJacksonModule, pageModule, pageOpenAPIConverter, pageableCustomizer, pageableOpenAPIConverter, pageableResolver, parameterBuilder, parameterNamesModule, parameterObjectNamingStrategyCustomizer, passwordEncoder, permissionController, permissionMapperImpl, permissionRepository, permissionServiceImpl, persistenceExceptionTranslationPostProcessor, persistenceManagedTypes, platformTransactionManagerCustomizers, polymorphicModelConverter, postAuthorizeAuthorizationAdvisor, postAuthorizeAuthorizationMethodInterceptor, postFilterAuthorizationAdvisor, postFilterAuthorizationMethodInterceptor, preAuthorizeAuthorizationAdvisor, preAuthorizeAuthorizationMethodInterceptor, preFilterAuthorizationAdvisor, preFilterAuthorizationMethodInterceptor, prePostAuthorizeExpressionHintsRegistrar, preserveErrorControllerTargetClassPostProcessor, privilegeEvaluator, profile-service.FeignClientSpecification, profileCreateBinding, profileCreateQueue, profileEventPublisher, profileExchange, profileMapperImpl, projectingArgumentResolverBeanPostProcessor, propertyResolverUtils, propertySourcesPlaceholderConfigurer, queryDslQuerydslPredicateOperationCustomizer, rabbitConnectionDetails, rabbitConnectionFactory, rabbitConnectionFactoryBeanConfigurer, rabbitConnectionFactoryConfigurer, rabbitListenerContainerFactory, rabbitMQConfig, rabbitMessagingTemplate, rabbitStartupChecker, rabbitTemplate, rabbitTemplateConfigurer, reactiveRedisTemplate, reactiveStringRedisTemplate, redisConfig, redisConnectionDetails, redisConnectionFactory, redisConverter, redisCustomConversions, redisIndexConfiguration#0, redisKeyValueAdapter, redisKeyValueTemplate, redisKeyspaceConfiguration#0, redisMappingConfiguration#0, redisReferenceResolver, redisTemplate, refreshEventListener, refreshScope, refreshScopeLifecycle, refreshTokenRepository, refreshTokenServiceImpl, requestBodyBuilder, requestBuilder, requestContextFilter, requestDataValueProcessor, requestMappingHandlerAdapter, requestMappingHandlerMapping, resourceHandlerMapping, resourceHandlerRegistrationCustomizer, responseBuilder, responseSupportConverter, restClientBuilder, restClientBuilderConfigurer, restClientSsl, restTemplateBuilder, restTemplateBuilderConfigurer, restartingClassPathChangedEventListener, roleController, roleMapperImpl, roleRepository, roleServiceImpl, routerFunctionMapping, routerFunctionProvider, schemaPropertyDeprecatingConverter, securityFilterChain, securityFilterChainRegistration, securityParser, server-org.springframework.boot.autoconfigure.web.ServerProperties, servletWebServerFactoryCustomizer, simpleAsyncTaskExecutorBuilder, simpleAsyncTaskSchedulerBuilder, simpleControllerHandlerAdapter, simpleDiscoveryClient, simpleDiscoveryProperties, simpleRabbitListenerContainerFactoryConfigurer, sleuthPresentVerifier, sortCustomizer, sortModule, sortOpenAPIConverter, sortResolver, spring.cloud.compatibility-verifier-org.springframework.cloud.configuration.CompatibilityVerifierProperties, spring.cloud.openfeign.client-org.springframework.cloud.openfeign.FeignClientProperties, spring.cloud.openfeign.encoder-org.springframework.cloud.openfeign.support.FeignEncoderProperties, spring.cloud.openfeign.httpclient-org.springframework.cloud.openfeign.support.FeignHttpClientProperties, spring.cloud.refresh-org.springframework.cloud.autoconfigure.RefreshAutoConfiguration$RefreshProperties, spring.cloud.service-registry.auto-registration-org.springframework.cloud.client.serviceregistry.AutoServiceRegistrationProperties, spring.data.redis-org.springframework.boot.autoconfigure.data.redis.RedisProperties, spring.data.web-org.springframework.boot.autoconfigure.data.web.SpringDataWebProperties, spring.datasource-org.springframework.boot.autoconfigure.jdbc.DataSourceProperties, spring.devtools-org.springframework.boot.devtools.autoconfigure.DevToolsProperties, spring.http.client-org.springframework.boot.autoconfigure.http.client.HttpClientProperties, spring.info-org.springframework.boot.autoconfigure.info.ProjectInfoProperties, spring.jackson-org.springframework.boot.autoconfigure.jackson.JacksonProperties, spring.jdbc-org.springframework.boot.autoconfigure.jdbc.JdbcProperties, spring.jpa-org.springframework.boot.autoconfigure.orm.jpa.JpaProperties, spring.jpa.hibernate-org.springframework.boot.autoconfigure.orm.jpa.HibernateProperties, spring.lifecycle-org.springframework.boot.autoconfigure.context.LifecycleProperties, spring.mail-org.springframework.boot.autoconfigure.mail.MailProperties, spring.mvc-org.springframework.boot.autoconfigure.web.servlet.WebMvcProperties, spring.netty-org.springframework.boot.autoconfigure.netty.NettyProperties, spring.rabbitmq-org.springframework.boot.autoconfigure.amqp.RabbitProperties, spring.reactor-org.springframework.boot.autoconfigure.reactor.ReactorProperties, spring.security-org.springframework.boot.autoconfigure.security.SecurityProperties, spring.security.oauth2.client-org.springframework.boot.autoconfigure.security.oauth2.client.OAuth2ClientProperties, spring.security.oauth2.resourceserver-org.springframework.boot.autoconfigure.security.oauth2.resource.OAuth2ResourceServerProperties, spring.servlet.multipart-org.springframework.boot.autoconfigure.web.servlet.MultipartProperties, spring.sql.init-org.springframework.boot.autoconfigure.sql.init.SqlInitializationProperties, spring.ssl-org.springframework.boot.autoconfigure.ssl.SslProperties, spring.task.execution-org.springframework.boot.autoconfigure.task.TaskExecutionProperties, spring.task.scheduling-org.springframework.boot.autoconfigure.task.TaskSchedulingProperties, spring.transaction-org.springframework.boot.autoconfigure.transaction.TransactionProperties, spring.web-org.springframework.boot.autoconfigure.web.WebProperties, springBootVersionVerifier, springDataWebPropertiesProvider, springDataWebSettings, springDocCustomizers, springDocProviders, springSecurityFilterChain, springSecurityHandlerMappingIntrospectorBeanDefinitionRegistryPostProcessor, springWebProvider, springdocObjectMapperProvider, sslBundleRegistry, sslPropertiesSslBundleRegistrar, standardJacksonObjectMapperBuilderCustomizer, stringHttpMessageConverter, stringRedisTemplate, swaggerConfigResource, swaggerResourceResolver, swaggerWebMvcConfigurer, swaggerWelcome, themeResolver, threadPoolTaskExecutorBuilder, threadPoolTaskSchedulerBuilder, tokenRepository, tomcatForwardedHeaderFilterCustomizer, tomcatServletWebServerFactory, tomcatServletWebServerFactoryCustomizer, tomcatWebServerFactoryCustomizer, transactionAttributeSource, transactionExecutionListeners, transactionInterceptor, transactionManager, transactionTemplate, viewControllerHandlerMapping, viewNameTranslator, viewResolver, webAuthorizationManagerPostProcessor, webConversionServiceProvider, webFluxSupportConverter, webSecurityExpressionHandler, webServerFactoryCustomizerBeanPostProcessor, websocketServletWebServerCustomizer, welcomePageHandlerMapping, welcomePageNotAcceptableHandlerMapping]
2026-01-28 12:39:53.714  INFO --- [  restartedMain] o.s.cloud.context.scope.GenericScope     : BeanFactory id=e41f7f73-7bb3-3823-8e26-bab9f90b9fb9
2026-01-28 12:39:53.715 DEBUG --- [  restartedMain] o.s.b.f.s.DefaultListableBeanFactory     : Creating shared instance of singleton bean 'propertySourcesPlaceholderConfigurer'
2026-01-28 12:39:53.721 DEBUG --- [  restartedMain] o.s.b.f.s.DefaultListableBeanFactory     : Creating shared instance of singleton bean 'emBeanDefinitionRegistrarPostProcessor'
2026-01-28 12:39:53.721 DEBUG --- [  restartedMain] o.s.b.f.s.DefaultListableBeanFactory     : Creating shared instance of singleton bean 'org.springframework.boot.sql.init.dependency.DatabaseInitializationDependencyConfigurer$DependsOnDatabaseInitializationPostProcessor'
2026-01-28 12:39:53.721 DEBUG --- [  restartedMain] o.s.b.f.s.DefaultListableBeanFactory     : Creating shared instance of singleton bean 'org.springframework.boot.devtools.autoconfigure.DevToolsDataSourceAutoConfiguration$DatabaseShutdownExecutorEntityManagerFactoryDependsOnPostProcessor'
2026-01-28 12:39:53.761 DEBUG --- [  restartedMain] o.s.b.f.s.DefaultListableBeanFactory     : Creating shared instance of singleton bean 'org.springframework.context.event.internalEventListenerProcessor'
2026-01-28 12:39:53.763 DEBUG --- [  restartedMain] o.s.b.f.s.DefaultListableBeanFactory     : Creating shared instance of singleton bean 'conversionServicePostProcessor'
2026-01-28 12:39:53.766 DEBUG --- [  restartedMain] o.s.b.f.s.DefaultListableBeanFactory     : Creating shared instance of singleton bean 'org.springframework.data.jpa.domain.support.AuditingBeanFactoryPostProcessor'
2026-01-28 12:39:53.767 DEBUG --- [  restartedMain] o.s.b.f.s.DefaultListableBeanFactory     : Creating shared instance of singleton bean 'preserveErrorControllerTargetClassPostProcessor'
2026-01-28 12:39:53.768 DEBUG --- [  restartedMain] o.s.b.f.s.DefaultListableBeanFactory     : Creating shared instance of singleton bean 'org.springframework.context.event.internalEventListenerFactory'
2026-01-28 12:39:53.768 DEBUG --- [  restartedMain] o.s.b.f.s.DefaultListableBeanFactory     : Creating shared instance of singleton bean 'org.springframework.transaction.config.internalTransactionalEventListenerFactory'
2026-01-28 12:39:53.773 DEBUG --- [  restartedMain] o.s.b.f.s.DefaultListableBeanFactory     : Creating shared instance of singleton bean 'org.springframework.context.annotation.internalAutowiredAnnotationProcessor'
2026-01-28 12:39:53.775 DEBUG --- [  restartedMain] o.s.b.f.s.DefaultListableBeanFactory     : Creating shared instance of singleton bean 'org.springframework.context.annotation.internalCommonAnnotationProcessor'
2026-01-28 12:39:53.778 DEBUG --- [  restartedMain] o.s.b.f.s.DefaultListableBeanFactory     : Creating shared instance of singleton bean 'org.springframework.context.annotation.internalPersistenceAnnotationProcessor'
2026-01-28 12:39:53.778 DEBUG --- [  restartedMain] o.s.b.f.s.DefaultListableBeanFactory     : Creating shared instance of singleton bean 'org.springframework.boot.context.properties.ConfigurationPropertiesBindingPostProcessor'
2026-01-28 12:39:53.778 DEBUG --- [  restartedMain] o.s.b.f.s.DefaultListableBeanFactory     : Creating shared instance of singleton bean 'org.springframework.boot.context.internalConfigurationPropertiesBinder'
2026-01-28 12:39:53.780 DEBUG --- [  restartedMain] o.s.b.f.s.DefaultListableBeanFactory     : Creating shared instance of singleton bean 'jdbcConnectionDetailsHikariBeanPostProcessor'
2026-01-28 12:39:53.782 DEBUG --- [  restartedMain] o.s.b.f.s.DefaultListableBeanFactory     : Creating shared instance of singleton bean 'org.springframework.aop.config.internalAutoProxyCreator'
2026-01-28 12:39:53.803 DEBUG --- [  restartedMain] o.s.b.f.s.DefaultListableBeanFactory     : Creating shared instance of singleton bean 'methodValidationPostProcessor'
2026-01-28 12:39:53.805 DEBUG --- [  restartedMain] o.s.b.f.s.DefaultListableBeanFactory     : Autowiring by type from bean name 'methodValidationPostProcessor' via factory method to bean named 'environment'
2026-01-28 12:39:53.807 DEBUG --- [  restartedMain] o.s.b.f.s.DefaultListableBeanFactory     : Creating shared instance of singleton bean 'org.springframework.boot.context.properties.EnableConfigurationPropertiesRegistrar.methodValidationExcludeFilter'
2026-01-28 12:39:53.825 DEBUG --- [  restartedMain] o.s.b.f.s.DefaultListableBeanFactory     : Creating shared instance of singleton bean 'org.springframework.amqp.rabbit.config.internalRabbitListenerAnnotationProcessor'
2026-01-28 12:39:53.831 DEBUG --- [  restartedMain] o.s.b.f.s.DefaultListableBeanFactory     : Creating shared instance of singleton bean 'persistenceExceptionTranslationPostProcessor'
2026-01-28 12:39:53.832 DEBUG --- [  restartedMain] o.s.b.f.s.DefaultListableBeanFactory     : Autowiring by type from bean name 'persistenceExceptionTranslationPostProcessor' via factory method to bean named 'environment'
2026-01-28 12:39:53.834 DEBUG --- [  restartedMain] o.s.b.f.s.DefaultListableBeanFactory     : Creating shared instance of singleton bean 'webServerFactoryCustomizerBeanPostProcessor'
2026-01-28 12:39:53.834 DEBUG --- [  restartedMain] o.s.b.f.s.DefaultListableBeanFactory     : Creating shared instance of singleton bean 'errorPageRegistrarBeanPostProcessor'
2026-01-28 12:39:53.835 DEBUG --- [  restartedMain] o.s.b.f.s.DefaultListableBeanFactory     : Creating shared instance of singleton bean 'projectingArgumentResolverBeanPostProcessor'
2026-01-28 12:39:53.836 DEBUG --- [  restartedMain] o.s.b.f.s.DefaultListableBeanFactory     : Creating shared instance of singleton bean 'preFilterAuthorizationAdvisor'
2026-01-28 12:39:53.837 DEBUG --- [  restartedMain] o.s.b.f.s.DefaultListableBeanFactory     : Creating shared instance of singleton bean 'preFilterAuthorizationMethodInterceptor'
2026-01-28 12:39:53.857 DEBUG --- [  restartedMain] o.s.b.f.s.DefaultListableBeanFactory     : Creating shared instance of singleton bean 'preAuthorizeAuthorizationAdvisor'
2026-01-28 12:39:53.857 DEBUG --- [  restartedMain] o.s.b.f.s.DefaultListableBeanFactory     : Creating shared instance of singleton bean 'preAuthorizeAuthorizationMethodInterceptor'
2026-01-28 12:39:53.858 DEBUG --- [  restartedMain] o.s.b.f.s.DefaultListableBeanFactory     : Creating shared instance of singleton bean 'postFilterAuthorizationAdvisor'
2026-01-28 12:39:53.858 DEBUG --- [  restartedMain] o.s.b.f.s.DefaultListableBeanFactory     : Creating shared instance of singleton bean 'postFilterAuthorizationMethodInterceptor'
2026-01-28 12:39:53.859 DEBUG --- [  restartedMain] o.s.b.f.s.DefaultListableBeanFactory     : Creating shared instance of singleton bean 'postAuthorizeAuthorizationAdvisor'
2026-01-28 12:39:53.859 DEBUG --- [  restartedMain] o.s.b.f.s.DefaultListableBeanFactory     : Creating shared instance of singleton bean 'postAuthorizeAuthorizationMethodInterceptor'
2026-01-28 12:39:53.860 DEBUG --- [  restartedMain] o.s.b.f.s.DefaultListableBeanFactory     : Creating shared instance of singleton bean 'authorizeReturnObjectAdvisor'
2026-01-28 12:39:53.860 DEBUG --- [  restartedMain] o.s.b.f.s.DefaultListableBeanFactory     : Creating shared instance of singleton bean 'authorizeReturnObjectMethodInterceptor'
2026-01-28 12:39:53.861 DEBUG --- [  restartedMain] o.s.b.f.s.DefaultListableBeanFactory     : Creating shared instance of singleton bean 'authorizationProxyFactory'
2026-01-28 12:39:53.865 DEBUG --- [  restartedMain] o.s.b.f.s.DefaultListableBeanFactory     : Autowiring by type from bean name 'authorizeReturnObjectMethodInterceptor' via factory method to bean named 'authorizationProxyFactory'
2026-01-28 12:39:53.870 DEBUG --- [  restartedMain] o.s.b.f.s.DefaultListableBeanFactory     : Creating shared instance of singleton bean 'org.springframework.transaction.config.internalTransactionAdvisor'
2026-01-28 12:39:53.870 DEBUG --- [  restartedMain] o.s.b.f.s.DefaultListableBeanFactory     : Creating shared instance of singleton bean 'org.springframework.transaction.annotation.ProxyTransactionManagementConfiguration'
2026-01-28 12:39:53.890 DEBUG --- [  restartedMain] .s.a.a.a.ReflectiveAspectJAdvisorFactory : Found AspectJ method: public void org.springframework.beans.factory.aspectj.AbstractDependencyInjectionAspect.ajc$before$org_springframework_beans_factory_aspectj_AbstractDependencyInjectionAspect$1$e854fa65(java.lang.Object)
2026-01-28 12:39:53.892 DEBUG --- [  restartedMain] .s.a.a.a.ReflectiveAspectJAdvisorFactory : Found AspectJ method: public void org.springframework.beans.factory.aspectj.AbstractDependencyInjectionAspect.ajc$afterReturning$org_springframework_beans_factory_aspectj_AbstractDependencyInjectionAspect$2$1ea6722c(java.lang.Object)
2026-01-28 12:39:53.892 DEBUG --- [  restartedMain] .s.a.a.a.ReflectiveAspectJAdvisorFactory : Found AspectJ method: public void org.springframework.beans.factory.aspectj.AbstractDependencyInjectionAspect.ajc$afterReturning$org_springframework_beans_factory_aspectj_AbstractDependencyInjectionAspect$3$6aa27052(java.lang.Object)
2026-01-28 12:39:53.998 DEBUG --- [  restartedMain] o.s.a.aspectj.AspectJExpressionPointcut  : Pointcut parser rejected expression [(beanConstruction(bean) && (preConstructionCondition() && inConfigurableBean()))]: java.lang.IllegalArgumentException: error Type referred to is not an annotation type: Configurable
2026-01-28 12:39:53.999 DEBUG --- [  restartedMain] o.s.a.aspectj.AspectJExpressionPointcut  : Pointcut parser rejected expression [(beanConstruction(bean) && (postConstructionCondition() && inConfigurableBean()))]: java.lang.IllegalArgumentException: error Type referred to is not an annotation type: Configurable
2026-01-28 12:39:54.000 DEBUG --- [  restartedMain] o.s.a.aspectj.AspectJExpressionPointcut  : Pointcut parser rejected expression [(beanDeserialization(bean) && inConfigurableBean())]: java.lang.IllegalArgumentException: error Type referred to is not an annotation type: Configurable
2026-01-28 12:39:54.001 DEBUG --- [  restartedMain] o.s.b.f.s.DefaultListableBeanFactory     : Creating shared instance of singleton bean 'transactionAttributeSource'
2026-01-28 12:39:54.005 DEBUG --- [  restartedMain] o.s.b.f.s.DefaultListableBeanFactory     : Creating shared instance of singleton bean 'transactionInterceptor'
2026-01-28 12:39:54.006 DEBUG --- [  restartedMain] o.s.b.f.s.DefaultListableBeanFactory     : Autowiring by type from bean name 'transactionInterceptor' via factory method to bean named 'transactionAttributeSource'
2026-01-28 12:39:54.010 DEBUG --- [  restartedMain] o.s.b.f.s.DefaultListableBeanFactory     : Autowiring by type from bean name 'org.springframework.transaction.config.internalTransactionAdvisor' via factory method to bean named 'transactionAttributeSource'
2026-01-28 12:39:54.010 DEBUG --- [  restartedMain] o.s.b.f.s.DefaultListableBeanFactory     : Autowiring by type from bean name 'org.springframework.transaction.config.internalTransactionAdvisor' via factory method to bean named 'transactionInterceptor'
2026-01-28 12:39:54.028 DEBUG --- [  restartedMain] o.s.b.f.s.DefaultListableBeanFactory     : Creating shared instance of singleton bean 'configurationPropertiesBeans'
2026-01-28 12:39:54.032 DEBUG --- [  restartedMain] o.s.u.c.s.UiApplicationContextUtils      : Unable to locate ThemeSource with name 'themeSource': using default [org.springframework.ui.context.support.ResourceBundleThemeSource@67b27d4]
2026-01-28 12:39:54.034 DEBUG --- [  restartedMain] o.s.b.f.s.DefaultListableBeanFactory     : Creating shared instance of singleton bean 'tomcatServletWebServerFactory'
2026-01-28 12:39:54.034 DEBUG --- [  restartedMain] o.s.b.f.s.DefaultListableBeanFactory     : Creating shared instance of singleton bean 'org.springframework.boot.autoconfigure.web.servlet.ServletWebServerFactoryConfiguration$EmbeddedTomcat'
2026-01-28 12:39:54.060 DEBUG --- [  restartedMain] o.a.catalina.core.AprLifecycleListener   : The Apache Tomcat Native library could not be found using names [tcnative-2, libtcnative-2, tcnative-1, libtcnative-1] on the java.library.path [C:\Users\acer\.jdks\corretto-21.0.5\bin;C:\WINDOWS\Sun\Java\bin;C:\WINDOWS\system32;C:\WINDOWS;C:\Program Files\Common Files\Oracle\Java\javapath;C:\Program Files\Microsoft MPI\Bin\;C:\Windows\system32;C:\Windows;C:\Windows\System32\Wbem;C:\Windows\System32\WindowsPowerShell\v1.0\;C:\Windows\System32\OpenSSH\;C:\Program Files (x86)\NVIDIA Corporation\PhysX\Common;C:\Program Files\NVIDIA Corporation\NVIDIA NvDLISR;C:\WINDOWS\system32;C:\WINDOWS;C:\WINDOWS\System32\Wbem;C:\WINDOWS\System32\WindowsPowerShell\v1.0\;C:\WINDOWS\System32\OpenSSH\;C:\Program Files\Azure Data Studio\bin;C:\ProgramData\chocolatey\bin;C:\Users\acer\bin;C:\mingw64\bin;C:\Program Files (x86)\Microsoft SQL Server\160\Tools\Binn\;C:\Program Files\Microsoft SQL Server\160\Tools\Binn\;C:\Program Files\Microsoft SQL Server\Client SDK\ODBC\170\Tools\Binn\;C:\Program Files\Microsoft SQL Server\160\DTS\Binn\;C:\apache-maven-3.9.8\bin;C:\Program Files\Docker\Docker\resources\bin;C:\Program Files\TortoiseGit\bin;C:\Program Files\PostgreSQL\17\bin;C:\Program Files\PuTTY\;c:\Users\acer\AppData\Local\Programs\cursor\resources\app\bin;D:\HocTap\Git\Git\cmd;C:\Program Files\cursor\resources\app\bin;C:\ProgramData\chocolatey\lib\maven\apache-maven-3.9.11\bin;C:\Program Files\apache-maven-3.9.11\bin;C:\Program Files\Java\jdk-25\bin;;C:\WINDOWS\system32;C:\WINDOWS;C:\WINDOWS\System32\Wbem;C:\WINDOWS\System32\WindowsPowerShell\v1.0\;C:\WINDOWS\System32\OpenSSH\;C:\Program Files\Cloudflare\Cloudflare WARP\;C:\Program Files\nodejs\;C:\Users\acer\AppData\Local\Microsoft\WindowsApps;C:\Program Files\Azure Data Studio\bin;E:\Microsoft VS Code\bin;C:\Program Files\JetBrains\IntelliJ IDEA 2024.2\bin;;C:\Program Files\JetBrains\IntelliJ IDEA Community Edition 2024.2.4\bin;C:\apache-maven-3.9.8\bin;C:\Program Files\JetBrains\WebStorm 2024.2.4\bin;C:\Users\acer\AppData\Local\Programs\Microsoft VS Code\bin;C:\Users\acer\.lmstudio\bin;C:\Program Files\JetBrains\PyCharm 2024.3.4\bin;;C:\Users\acer\AppData\Local\Programs\mongosh\;C:\Program Files\JetBrains\IntelliJ IDEA 2025.2.3\bin;C:\Users\acer\.bun\bin;C:\Users\acer\AppData\Local\Programs\Antigravity\bin;C:\Users\acer\AppData\Local\Microsoft\WindowsApps;C:\Users\acer\AppData\Roaming\npm;.]. The errors reported were [Can't load library: C:\Users\acer\OneDrive\Workspace\Fsocial\Fsocial_be\bin\tcnative-2.dll, Can't load library: C:\Users\acer\OneDrive\Workspace\Fsocial\Fsocial_be\bin\libtcnative-2.dll, Can't load library: C:\Users\acer\OneDrive\Workspace\Fsocial\Fsocial_be\bin\tcnative-1.dll, Can't load library: C:\Users\acer\OneDrive\Workspace\Fsocial\Fsocial_be\bin\libtcnative-1.dll, no tcnative-2 in java.library.path: C:\Users\acer\.jdks\corretto-21.0.5\bin;C:\WINDOWS\Sun\Java\bin;C:\WINDOWS\system32;C:\WINDOWS;C:\Program Files\Common Files\Oracle\Java\javapath;C:\Program Files\Microsoft MPI\Bin\;C:\Windows\system32;C:\Windows;C:\Windows\System32\Wbem;C:\Windows\System32\WindowsPowerShell\v1.0\;C:\Windows\System32\OpenSSH\;C:\Program Files (x86)\NVIDIA Corporation\PhysX\Common;C:\Program Files\NVIDIA Corporation\NVIDIA NvDLISR;C:\WINDOWS\system32;C:\WINDOWS;C:\WINDOWS\System32\Wbem;C:\WINDOWS\System32\WindowsPowerShell\v1.0\;C:\WINDOWS\System32\OpenSSH\;C:\Program Files\Azure Data Studio\bin;C:\ProgramData\chocolatey\bin;C:\Users\acer\bin;C:\mingw64\bin;C:\Program Files (x86)\Microsoft SQL Server\160\Tools\Binn\;C:\Program Files\Microsoft SQL Server\160\Tools\Binn\;C:\Program Files\Microsoft SQL Server\Client SDK\ODBC\170\Tools\Binn\;C:\Program Files\Microsoft SQL Server\160\DTS\Binn\;C:\apache-maven-3.9.8\bin;C:\Program Files\Docker\Docker\resources\bin;C:\Program Files\TortoiseGit\bin;C:\Program Files\PostgreSQL\17\bin;C:\Program Files\PuTTY\;c:\Users\acer\AppData\Local\Programs\cursor\resources\app\bin;D:\HocTap\Git\Git\cmd;C:\Program Files\cursor\resources\app\bin;C:\ProgramData\chocolatey\lib\maven\apache-maven-3.9.11\bin;C:\Program Files\apache-maven-3.9.11\bin;C:\Program Files\Java\jdk-25\bin;;C:\WINDOWS\system32;C:\WINDOWS;C:\WINDOWS\System32\Wbem;C:\WINDOWS\System32\WindowsPowerShell\v1.0\;C:\WINDOWS\System32\OpenSSH\;C:\Program Files\Cloudflare\Cloudflare WARP\;C:\Program Files\nodejs\;C:\Users\acer\AppData\Local\Microsoft\WindowsApps;C:\Program Files\Azure Data Studio\bin;E:\Microsoft VS Code\bin;C:\Program Files\JetBrains\IntelliJ IDEA 2024.2\bin;;C:\Program Files\JetBrains\IntelliJ IDEA Community Edition 2024.2.4\bin;C:\apache-maven-3.9.8\bin;C:\Program Files\JetBrains\WebStorm 2024.2.4\bin;C:\Users\acer\AppData\Local\Programs\Microsoft VS Code\bin;C:\Users\acer\.lmstudio\bin;C:\Program Files\JetBrains\PyCharm 2024.3.4\bin;;C:\Users\acer\AppData\Local\Programs\mongosh\;C:\Program Files\JetBrains\IntelliJ IDEA 2025.2.3\bin;C:\Users\acer\.bun\bin;C:\Users\acer\AppData\Local\Programs\Antigravity\bin;C:\Users\acer\AppData\Local\Microsoft\WindowsApps;C:\Users\acer\AppData\Roaming\npm;., no libtcnative-2 in java.library.path: C:\Users\acer\.jdks\corretto-21.0.5\bin;C:\WINDOWS\Sun\Java\bin;C:\WINDOWS\system32;C:\WINDOWS;C:\Program Files\Common Files\Oracle\Java\javapath;C:\Program Files\Microsoft MPI\Bin\;C:\Windows\system32;C:\Windows;C:\Windows\System32\Wbem;C:\Windows\System32\WindowsPowerShell\v1.0\;C:\Windows\System32\OpenSSH\;C:\Program Files (x86)\NVIDIA Corporation\PhysX\Common;C:\Program Files\NVIDIA Corporation\NVIDIA NvDLISR;C:\WINDOWS\system32;C:\WINDOWS;C:\WINDOWS\System32\Wbem;C:\WINDOWS\System32\WindowsPowerShell\v1.0\;C:\WINDOWS\System32\OpenSSH\;C:\Program Files\Azure Data Studio\bin;C:\ProgramData\chocolatey\bin;C:\Users\acer\bin;C:\mingw64\bin;C:\Program Files (x86)\Microsoft SQL Server\160\Tools\Binn\;C:\Program Files\Microsoft SQL Server\160\Tools\Binn\;C:\Program Files\Microsoft SQL Server\Client SDK\ODBC\170\Tools\Binn\;C:\Program Files\Microsoft SQL Server\160\DTS\Binn\;C:\apache-maven-3.9.8\bin;C:\Program Files\Docker\Docker\resources\bin;C:\Program Files\TortoiseGit\bin;C:\Program Files\PostgreSQL\17\bin;C:\Program Files\PuTTY\;c:\Users\acer\AppData\Local\Programs\cursor\resources\app\bin;D:\HocTap\Git\Git\cmd;C:\Program Files\cursor\resources\app\bin;C:\ProgramData\chocolatey\lib\maven\apache-maven-3.9.11\bin;C:\Program Files\apache-maven-3.9.11\bin;C:\Program Files\Java\jdk-25\bin;;C:\WINDOWS\system32;C:\WINDOWS;C:\WINDOWS\System32\Wbem;C:\WINDOWS\System32\WindowsPowerShell\v1.0\;C:\WINDOWS\System32\OpenSSH\;C:\Program Files\Cloudflare\Cloudflare WARP\;C:\Program Files\nodejs\;C:\Users\acer\AppData\Local\Microsoft\WindowsApps;C:\Program Files\Azure Data Studio\bin;E:\Microsoft VS Code\bin;C:\Program Files\JetBrains\IntelliJ IDEA 2024.2\bin;;C:\Program Files\JetBrains\IntelliJ IDEA Community Edition 2024.2.4\bin;C:\apache-maven-3.9.8\bin;C:\Program Files\JetBrains\WebStorm 2024.2.4\bin;C:\Users\acer\AppData\Local\Programs\Microsoft VS Code\bin;C:\Users\acer\.lmstudio\bin;C:\Program Files\JetBrains\PyCharm 2024.3.4\bin;;C:\Users\acer\AppData\Local\Programs\mongosh\;C:\Program Files\JetBrains\IntelliJ IDEA 2025.2.3\bin;C:\Users\acer\.bun\bin;C:\Users\acer\AppData\Local\Programs\Antigravity\bin;C:\Users\acer\AppData\Local\Microsoft\WindowsApps;C:\Users\acer\AppData\Roaming\npm;., no tcnative-1 in java.library.path: C:\Users\acer\.jdks\corretto-21.0.5\bin;C:\WINDOWS\Sun\Java\bin;C:\WINDOWS\system32;C:\WINDOWS;C:\Program Files\Common Files\Oracle\Java\javapath;C:\Program Files\Microsoft MPI\Bin\;C:\Windows\system32;C:\Windows;C:\Windows\System32\Wbem;C:\Windows\System32\WindowsPowerShell\v1.0\;C:\Windows\System32\OpenSSH\;C:\Program Files (x86)\NVIDIA Corporation\PhysX\Common;C:\Program Files\NVIDIA Corporation\NVIDIA NvDLISR;C:\WINDOWS\system32;C:\WINDOWS;C:\WINDOWS\System32\Wbem;C:\WINDOWS\System32\WindowsPowerShell\v1.0\;C:\WINDOWS\System32\OpenSSH\;C:\Program Files\Azure Data Studio\bin;C:\ProgramData\chocolatey\bin;C:\Users\acer\bin;C:\mingw64\bin;C:\Program Files (x86)\Microsoft SQL Server\160\Tools\Binn\;C:\Program Files\Microsoft SQL Server\160\Tools\Binn\;C:\Program Files\Microsoft SQL Server\Client SDK\ODBC\170\Tools\Binn\;C:\Program Files\Microsoft SQL Server\160\DTS\Binn\;C:\apache-maven-3.9.8\bin;C:\Program Files\Docker\Docker\resources\bin;C:\Program Files\TortoiseGit\bin;C:\Program Files\PostgreSQL\17\bin;C:\Program Files\PuTTY\;c:\Users\acer\AppData\Local\Programs\cursor\resources\app\bin;D:\HocTap\Git\Git\cmd;C:\Program Files\cursor\resources\app\bin;C:\ProgramData\chocolatey\lib\maven\apache-maven-3.9.11\bin;C:\Program Files\apache-maven-3.9.11\bin;C:\Program Files\Java\jdk-25\bin;;C:\WINDOWS\system32;C:\WINDOWS;C:\WINDOWS\System32\Wbem;C:\WINDOWS\System32\WindowsPowerShell\v1.0\;C:\WINDOWS\System32\OpenSSH\;C:\Program Files\Cloudflare\Cloudflare WARP\;C:\Program Files\nodejs\;C:\Users\acer\AppData\Local\Microsoft\WindowsApps;C:\Program Files\Azure Data Studio\bin;E:\Microsoft VS Code\bin;C:\Program Files\JetBrains\IntelliJ IDEA 2024.2\bin;;C:\Program Files\JetBrains\IntelliJ IDEA Community Edition 2024.2.4\bin;C:\apache-maven-3.9.8\bin;C:\Program Files\JetBrains\WebStorm 2024.2.4\bin;C:\Users\acer\AppData\Local\Programs\Microsoft VS Code\bin;C:\Users\acer\.lmstudio\bin;C:\Program Files\JetBrains\PyCharm 2024.3.4\bin;;C:\Users\acer\AppData\Local\Programs\mongosh\;C:\Program Files\JetBrains\IntelliJ IDEA 2025.2.3\bin;C:\Users\acer\.bun\bin;C:\Users\acer\AppData\Local\Programs\Antigravity\bin;C:\Users\acer\AppData\Local\Microsoft\WindowsApps;C:\Users\acer\AppData\Roaming\npm;., no libtcnative-1 in java.library.path: C:\Users\acer\.jdks\corretto-21.0.5\bin;C:\WINDOWS\Sun\Java\bin;C:\WINDOWS\system32;C:\WINDOWS;C:\Program Files\Common Files\Oracle\Java\javapath;C:\Program Files\Microsoft MPI\Bin\;C:\Windows\system32;C:\Windows;C:\Windows\System32\Wbem;C:\Windows\System32\WindowsPowerShell\v1.0\;C:\Windows\System32\OpenSSH\;C:\Program Files (x86)\NVIDIA Corporation\PhysX\Common;C:\Program Files\NVIDIA Corporation\NVIDIA NvDLISR;C:\WINDOWS\system32;C:\WINDOWS;C:\WINDOWS\System32\Wbem;C:\WINDOWS\System32\WindowsPowerShell\v1.0\;C:\WINDOWS\System32\OpenSSH\;C:\Program Files\Azure Data Studio\bin;C:\ProgramData\chocolatey\bin;C:\Users\acer\bin;C:\mingw64\bin;C:\Program Files (x86)\Microsoft SQL Server\160\Tools\Binn\;C:\Program Files\Microsoft SQL Server\160\Tools\Binn\;C:\Program Files\Microsoft SQL Server\Client SDK\ODBC\170\Tools\Binn\;C:\Program Files\Microsoft SQL Server\160\DTS\Binn\;C:\apache-maven-3.9.8\bin;C:\Program Files\Docker\Docker\resources\bin;C:\Program Files\TortoiseGit\bin;C:\Program Files\PostgreSQL\17\bin;C:\Program Files\PuTTY\;c:\Users\acer\AppData\Local\Programs\cursor\resources\app\bin;D:\HocTap\Git\Git\cmd;C:\Program Files\cursor\resources\app\bin;C:\ProgramData\chocolatey\lib\maven\apache-maven-3.9.11\bin;C:\Program Files\apache-maven-3.9.11\bin;C:\Program Files\Java\jdk-25\bin;;C:\WINDOWS\system32;C:\WINDOWS;C:\WINDOWS\System32\Wbem;C:\WINDOWS\System32\WindowsPowerShell\v1.0\;C:\WINDOWS\System32\OpenSSH\;C:\Program Files\Cloudflare\Cloudflare WARP\;C:\Program Files\nodejs\;C:\Users\acer\AppData\Local\Microsoft\WindowsApps;C:\Program Files\Azure Data Studio\bin;E:\Microsoft VS Code\bin;C:\Program Files\JetBrains\IntelliJ IDEA 2024.2\bin;;C:\Program Files\JetBrains\IntelliJ IDEA Community Edition 2024.2.4\bin;C:\apache-maven-3.9.8\bin;C:\Program Files\JetBrains\WebStorm 2024.2.4\bin;C:\Users\acer\AppData\Local\Programs\Microsoft VS Code\bin;C:\Users\acer\.lmstudio\bin;C:\Program Files\JetBrains\PyCharm 2024.3.4\bin;;C:\Users\acer\AppData\Local\Programs\mongosh\;C:\Program Files\JetBrains\IntelliJ IDEA 2025.2.3\bin;C:\Users\acer\.bun\bin;C:\Users\acer\AppData\Local\Programs\Antigravity\bin;C:\Users\acer\AppData\Local\Microsoft\WindowsApps;C:\Users\acer\AppData\Roaming\npm;.]
org.apache.tomcat.jni.LibraryNotFoundError: Can't load library: C:\Users\acer\OneDrive\Workspace\Fsocial\Fsocial_be\bin\tcnative-2.dll, Can't load library: C:\Users\acer\OneDrive\Workspace\Fsocial\Fsocial_be\bin\libtcnative-2.dll, Can't load library: C:\Users\acer\OneDrive\Workspace\Fsocial\Fsocial_be\bin\tcnative-1.dll, Can't load library: C:\Users\acer\OneDrive\Workspace\Fsocial\Fsocial_be\bin\libtcnative-1.dll, no tcnative-2 in java.library.path: C:\Users\acer\.jdks\corretto-21.0.5\bin;C:\WINDOWS\Sun\Java\bin;C:\WINDOWS\system32;C:\WINDOWS;C:\Program Files\Common Files\Oracle\Java\javapath;C:\Program Files\Microsoft MPI\Bin\;C:\Windows\system32;C:\Windows;C:\Windows\System32\Wbem;C:\Windows\System32\WindowsPowerShell\v1.0\;C:\Windows\System32\OpenSSH\;C:\Program Files (x86)\NVIDIA Corporation\PhysX\Common;C:\Program Files\NVIDIA Corporation\NVIDIA NvDLISR;C:\WINDOWS\system32;C:\WINDOWS;C:\WINDOWS\System32\Wbem;C:\WINDOWS\System32\WindowsPowerShell\v1.0\;C:\WINDOWS\System32\OpenSSH\;C:\Program Files\Azure Data Studio\bin;C:\ProgramData\chocolatey\bin;C:\Users\acer\bin;C:\mingw64\bin;C:\Program Files (x86)\Microsoft SQL Server\160\Tools\Binn\;C:\Program Files\Microsoft SQL Server\160\Tools\Binn\;C:\Program Files\Microsoft SQL Server\Client SDK\ODBC\170\Tools\Binn\;C:\Program Files\Microsoft SQL Server\160\DTS\Binn\;C:\apache-maven-3.9.8\bin;C:\Program Files\Docker\Docker\resources\bin;C:\Program Files\TortoiseGit\bin;C:\Program Files\PostgreSQL\17\bin;C:\Program Files\PuTTY\;c:\Users\acer\AppData\Local\Programs\cursor\resources\app\bin;D:\HocTap\Git\Git\cmd;C:\Program Files\cursor\resources\app\bin;C:\ProgramData\chocolatey\lib\maven\apache-maven-3.9.11\bin;C:\Program Files\apache-maven-3.9.11\bin;C:\Program Files\Java\jdk-25\bin;;C:\WINDOWS\system32;C:\WINDOWS;C:\WINDOWS\System32\Wbem;C:\WINDOWS\System32\WindowsPowerShell\v1.0\;C:\WINDOWS\System32\OpenSSH\;C:\Program Files\Cloudflare\Cloudflare WARP\;C:\Program Files\nodejs\;C:\Users\acer\AppData\Local\Microsoft\WindowsApps;C:\Program Files\Azure Data Studio\bin;E:\Microsoft VS Code\bin;C:\Program Files\JetBrains\IntelliJ IDEA 2024.2\bin;;C:\Program Files\JetBrains\IntelliJ IDEA Community Edition 2024.2.4\bin;C:\apache-maven-3.9.8\bin;C:\Program Files\JetBrains\WebStorm 2024.2.4\bin;C:\Users\acer\AppData\Local\Programs\Microsoft VS Code\bin;C:\Users\acer\.lmstudio\bin;C:\Program Files\JetBrains\PyCharm 2024.3.4\bin;;C:\Users\acer\AppData\Local\Programs\mongosh\;C:\Program Files\JetBrains\IntelliJ IDEA 2025.2.3\bin;C:\Users\acer\.bun\bin;C:\Users\acer\AppData\Local\Programs\Antigravity\bin;C:\Users\acer\AppData\Local\Microsoft\WindowsApps;C:\Users\acer\AppData\Roaming\npm;., no libtcnative-2 in java.library.path: C:\Users\acer\.jdks\corretto-21.0.5\bin;C:\WINDOWS\Sun\Java\bin;C:\WINDOWS\system32;C:\WINDOWS;C:\Program Files\Common Files\Oracle\Java\javapath;C:\Program Files\Microsoft MPI\Bin\;C:\Windows\system32;C:\Windows;C:\Windows\System32\Wbem;C:\Windows\System32\WindowsPowerShell\v1.0\;C:\Windows\System32\OpenSSH\;C:\Program Files (x86)\NVIDIA Corporation\PhysX\Common;C:\Program Files\NVIDIA Corporation\NVIDIA NvDLISR;C:\WINDOWS\system32;C:\WINDOWS;C:\WINDOWS\System32\Wbem;C:\WINDOWS\System32\WindowsPowerShell\v1.0\;C:\WINDOWS\System32\OpenSSH\;C:\Program Files\Azure Data Studio\bin;C:\ProgramData\chocolatey\bin;C:\Users\acer\bin;C:\mingw64\bin;C:\Program Files (x86)\Microsoft SQL Server\160\Tools\Binn\;C:\Program Files\Microsoft SQL Server\160\Tools\Binn\;C:\Program Files\Microsoft SQL Server\Client SDK\ODBC\170\Tools\Binn\;C:\Program Files\Microsoft SQL Server\160\DTS\Binn\;C:\apache-maven-3.9.8\bin;C:\Program Files\Docker\Docker\resources\bin;C:\Program Files\TortoiseGit\bin;C:\Program Files\PostgreSQL\17\bin;C:\Program Files\PuTTY\;c:\Users\acer\AppData\Local\Programs\cursor\resources\app\bin;D:\HocTap\Git\Git\cmd;C:\Program Files\cursor\resources\app\bin;C:\ProgramData\chocolatey\lib\maven\apache-maven-3.9.11\bin;C:\Program Files\apache-maven-3.9.11\bin;C:\Program Files\Java\jdk-25\bin;;C:\WINDOWS\system32;C:\WINDOWS;C:\WINDOWS\System32\Wbem;C:\WINDOWS\System32\WindowsPowerShell\v1.0\;C:\WINDOWS\System32\OpenSSH\;C:\Program Files\Cloudflare\Cloudflare WARP\;C:\Program Files\nodejs\;C:\Users\acer\AppData\Local\Microsoft\WindowsApps;C:\Program Files\Azure Data Studio\bin;E:\Microsoft VS Code\bin;C:\Program Files\JetBrains\IntelliJ IDEA 2024.2\bin;;C:\Program Files\JetBrains\IntelliJ IDEA Community Edition 2024.2.4\bin;C:\apache-maven-3.9.8\bin;C:\Program Files\JetBrains\WebStorm 2024.2.4\bin;C:\Users\acer\AppData\Local\Programs\Microsoft VS Code\bin;C:\Users\acer\.lmstudio\bin;C:\Program Files\JetBrains\PyCharm 2024.3.4\bin;;C:\Users\acer\AppData\Local\Programs\mongosh\;C:\Program Files\JetBrains\IntelliJ IDEA 2025.2.3\bin;C:\Users\acer\.bun\bin;C:\Users\acer\AppData\Local\Programs\Antigravity\bin;C:\Users\acer\AppData\Local\Microsoft\WindowsApps;C:\Users\acer\AppData\Roaming\npm;., no tcnative-1 in java.library.path: C:\Users\acer\.jdks\corretto-21.0.5\bin;C:\WINDOWS\Sun\Java\bin;C:\WINDOWS\system32;C:\WINDOWS;C:\Program Files\Common Files\Oracle\Java\javapath;C:\Program Files\Microsoft MPI\Bin\;C:\Windows\system32;C:\Windows;C:\Windows\System32\Wbem;C:\Windows\System32\WindowsPowerShell\v1.0\;C:\Windows\System32\OpenSSH\;C:\Program Files (x86)\NVIDIA Corporation\PhysX\Common;C:\Program Files\NVIDIA Corporation\NVIDIA NvDLISR;C:\WINDOWS\system32;C:\WINDOWS;C:\WINDOWS\System32\Wbem;C:\WINDOWS\System32\WindowsPowerShell\v1.0\;C:\WINDOWS\System32\OpenSSH\;C:\Program Files\Azure Data Studio\bin;C:\ProgramData\chocolatey\bin;C:\Users\acer\bin;C:\mingw64\bin;C:\Program Files (x86)\Microsoft SQL Server\160\Tools\Binn\;C:\Program Files\Microsoft SQL Server\160\Tools\Binn\;C:\Program Files\Microsoft SQL Server\Client SDK\ODBC\170\Tools\Binn\;C:\Program Files\Microsoft SQL Server\160\DTS\Binn\;C:\apache-maven-3.9.8\bin;C:\Program Files\Docker\Docker\resources\bin;C:\Program Files\TortoiseGit\bin;C:\Program Files\PostgreSQL\17\bin;C:\Program Files\PuTTY\;c:\Users\acer\AppData\Local\Programs\cursor\resources\app\bin;D:\HocTap\Git\Git\cmd;C:\Program Files\cursor\resources\app\bin;C:\ProgramData\chocolatey\lib\maven\apache-maven-3.9.11\bin;C:\Program Files\apache-maven-3.9.11\bin;C:\Program Files\Java\jdk-25\bin;;C:\WINDOWS\system32;C:\WINDOWS;C:\WINDOWS\System32\Wbem;C:\WINDOWS\System32\WindowsPowerShell\v1.0\;C:\WINDOWS\System32\OpenSSH\;C:\Program Files\Cloudflare\Cloudflare WARP\;C:\Program Files\nodejs\;C:\Users\acer\AppData\Local\Microsoft\WindowsApps;C:\Program Files\Azure Data Studio\bin;E:\Microsoft VS Code\bin;C:\Program Files\JetBrains\IntelliJ IDEA 2024.2\bin;;C:\Program Files\JetBrains\IntelliJ IDEA Community Edition 2024.2.4\bin;C:\apache-maven-3.9.8\bin;C:\Program Files\JetBrains\WebStorm 2024.2.4\bin;C:\Users\acer\AppData\Local\Programs\Microsoft VS Code\bin;C:\Users\acer\.lmstudio\bin;C:\Program Files\JetBrains\PyCharm 2024.3.4\bin;;C:\Users\acer\AppData\Local\Programs\mongosh\;C:\Program Files\JetBrains\IntelliJ IDEA 2025.2.3\bin;C:\Users\acer\.bun\bin;C:\Users\acer\AppData\Local\Programs\Antigravity\bin;C:\Users\acer\AppData\Local\Microsoft\WindowsApps;C:\Users\acer\AppData\Roaming\npm;., no libtcnative-1 in java.library.path: C:\Users\acer\.jdks\corretto-21.0.5\bin;C:\WINDOWS\Sun\Java\bin;C:\WINDOWS\system32;C:\WINDOWS;C:\Program Files\Common Files\Oracle\Java\javapath;C:\Program Files\Microsoft MPI\Bin\;C:\Windows\system32;C:\Windows;C:\Windows\System32\Wbem;C:\Windows\System32\WindowsPowerShell\v1.0\;C:\Windows\System32\OpenSSH\;C:\Program Files (x86)\NVIDIA Corporation\PhysX\Common;C:\Program Files\NVIDIA Corporation\NVIDIA NvDLISR;C:\WINDOWS\system32;C:\WINDOWS;C:\WINDOWS\System32\Wbem;C:\WINDOWS\System32\WindowsPowerShell\v1.0\;C:\WINDOWS\System32\OpenSSH\;C:\Program Files\Azure Data Studio\bin;C:\ProgramData\chocolatey\bin;C:\Users\acer\bin;C:\mingw64\bin;C:\Program Files (x86)\Microsoft SQL Server\160\Tools\Binn\;C:\Program Files\Microsoft SQL Server\160\Tools\Binn\;C:\Program Files\Microsoft SQL Server\Client SDK\ODBC\170\Tools\Binn\;C:\Program Files\Microsoft SQL Server\160\DTS\Binn\;C:\apache-maven-3.9.8\bin;C:\Program Files\Docker\Docker\resources\bin;C:\Program Files\TortoiseGit\bin;C:\Program Files\PostgreSQL\17\bin;C:\Program Files\PuTTY\;c:\Users\acer\AppData\Local\Programs\cursor\resources\app\bin;D:\HocTap\Git\Git\cmd;C:\Program Files\cursor\resources\app\bin;C:\ProgramData\chocolatey\lib\maven\apache-maven-3.9.11\bin;C:\Program Files\apache-maven-3.9.11\bin;C:\Program Files\Java\jdk-25\bin;;C:\WINDOWS\system32;C:\WINDOWS;C:\WINDOWS\System32\Wbem;C:\WINDOWS\System32\WindowsPowerShell\v1.0\;C:\WINDOWS\System32\OpenSSH\;C:\Program Files\Cloudflare\Cloudflare WARP\;C:\Program Files\nodejs\;C:\Users\acer\AppData\Local\Microsoft\WindowsApps;C:\Program Files\Azure Data Studio\bin;E:\Microsoft VS Code\bin;C:\Program Files\JetBrains\IntelliJ IDEA 2024.2\bin;;C:\Program Files\JetBrains\IntelliJ IDEA Community Edition 2024.2.4\bin;C:\apache-maven-3.9.8\bin;C:\Program Files\JetBrains\WebStorm 2024.2.4\bin;C:\Users\acer\AppData\Local\Programs\Microsoft VS Code\bin;C:\Users\acer\.lmstudio\bin;C:\Program Files\JetBrains\PyCharm 2024.3.4\bin;;C:\Users\acer\AppData\Local\Programs\mongosh\;C:\Program Files\JetBrains\IntelliJ IDEA 2025.2.3\bin;C:\Users\acer\.bun\bin;C:\Users\acer\AppData\Local\Programs\Antigravity\bin;C:\Users\acer\AppData\Local\Microsoft\WindowsApps;C:\Users\acer\AppData\Roaming\npm;.
	at org.apache.tomcat.jni.Library.<init>(Library.java:91)
	at org.apache.tomcat.jni.Library.initialize(Library.java:147)
	at org.apache.catalina.core.AprLifecycleListener.init(AprLifecycleListener.java:211)
	at org.apache.catalina.core.AprLifecycleListener.isAprAvailable(AprLifecycleListener.java:113)
	at org.springframework.boot.web.embedded.tomcat.TomcatServletWebServerFactory.getDefaultServerLifecycleListeners(TomcatServletWebServerFactory.java:191)
	at org.springframework.boot.web.embedded.tomcat.TomcatServletWebServerFactory.<init>(TomcatServletWebServerFactory.java:138)
	at org.springframework.boot.autoconfigure.web.servlet.ServletWebServerFactoryConfiguration$EmbeddedTomcat.tomcatServletWebServerFactory(ServletWebServerFactoryConfiguration.java:73)
	at java.base/jdk.internal.reflect.DirectMethodHandleAccessor.invoke(DirectMethodHandleAccessor.java:103)
	at java.base/java.lang.reflect.Method.invoke(Method.java:580)
	at org.springframework.beans.factory.support.SimpleInstantiationStrategy.lambda$instantiate$0(SimpleInstantiationStrategy.java:171)
	at org.springframework.beans.factory.support.SimpleInstantiationStrategy.instantiateWithFactoryMethod(SimpleInstantiationStrategy.java:88)
	at org.springframework.beans.factory.support.SimpleInstantiationStrategy.instantiate(SimpleInstantiationStrategy.java:168)
	at org.springframework.beans.factory.support.ConstructorResolver.instantiate(ConstructorResolver.java:653)
	at org.springframework.beans.factory.support.ConstructorResolver.instantiateUsingFactoryMethod(ConstructorResolver.java:645)
	at org.springframework.beans.factory.support.AbstractAutowireCapableBeanFactory.instantiateUsingFactoryMethod(AbstractAutowireCapableBeanFactory.java:1357)
	at org.springframework.beans.factory.support.AbstractAutowireCapableBeanFactory.createBeanInstance(AbstractAutowireCapableBeanFactory.java:1187)
	at org.springframework.beans.factory.support.AbstractAutowireCapableBeanFactory.doCreateBean(AbstractAutowireCapableBeanFactory.java:563)
	at org.springframework.beans.factory.support.AbstractAutowireCapableBeanFactory.createBean(AbstractAutowireCapableBeanFactory.java:523)
	at org.springframework.beans.factory.support.AbstractBeanFactory.lambda$doGetBean$0(AbstractBeanFactory.java:336)
	at org.springframework.beans.factory.support.DefaultSingletonBeanRegistry.getSingleton(DefaultSingletonBeanRegistry.java:289)
	at org.springframework.beans.factory.support.AbstractBeanFactory.doGetBean(AbstractBeanFactory.java:334)
	at org.springframework.beans.factory.support.AbstractBeanFactory.getBean(AbstractBeanFactory.java:204)
	at org.springframework.boot.web.servlet.context.ServletWebServerApplicationContext.getWebServerFactory(ServletWebServerApplicationContext.java:223)
	at org.springframework.boot.web.servlet.context.ServletWebServerApplicationContext.createWebServer(ServletWebServerApplicationContext.java:186)
	at org.springframework.boot.web.servlet.context.ServletWebServerApplicationContext.onRefresh(ServletWebServerApplicationContext.java:162)
	at org.springframework.context.support.AbstractApplicationContext.refresh(AbstractApplicationContext.java:621)
	at org.springframework.boot.web.servlet.context.ServletWebServerApplicationContext.refresh(ServletWebServerApplicationContext.java:146)
	at org.springframework.boot.SpringApplication.refresh(SpringApplication.java:752)
	at org.springframework.boot.SpringApplication.refreshContext(SpringApplication.java:439)
	at org.springframework.boot.SpringApplication.run(SpringApplication.java:318)
	at org.springframework.boot.SpringApplication.run(SpringApplication.java:1361)
	at org.springframework.boot.SpringApplication.run(SpringApplication.java:1350)
	at com.fsocial.accountservice.AccountServiceApplication.main(AccountServiceApplication.java:13)
	at java.base/jdk.internal.reflect.DirectMethodHandleAccessor.invoke(DirectMethodHandleAccessor.java:103)
	at java.base/java.lang.reflect.Method.invoke(Method.java:580)
	at org.springframework.boot.devtools.restart.RestartLauncher.run(RestartLauncher.java:50)
2026-01-28 12:39:54.074 DEBUG --- [  restartedMain] o.s.b.f.s.DefaultListableBeanFactory     : Creating shared instance of singleton bean 'websocketServletWebServerCustomizer'
2026-01-28 12:39:54.074 DEBUG --- [  restartedMain] o.s.b.f.s.DefaultListableBeanFactory     : Creating shared instance of singleton bean 'org.springframework.boot.autoconfigure.websocket.servlet.WebSocketServletAutoConfiguration$TomcatWebSocketConfiguration'
2026-01-28 12:39:54.076 DEBUG --- [  restartedMain] o.s.b.f.s.DefaultListableBeanFactory     : Creating shared instance of singleton bean 'servletWebServerFactoryCustomizer'
2026-01-28 12:39:54.076 DEBUG --- [  restartedMain] o.s.b.f.s.DefaultListableBeanFactory     : Creating shared instance of singleton bean 'org.springframework.boot.autoconfigure.web.servlet.ServletWebServerFactoryAutoConfiguration'
2026-01-28 12:39:54.077 DEBUG --- [  restartedMain] o.s.b.f.s.DefaultListableBeanFactory     : Creating shared instance of singleton bean 'server-org.springframework.boot.autoconfigure.web.ServerProperties'
2026-01-28 12:39:54.084 DEBUG --- [  restartedMain] o.s.b.f.s.DefaultListableBeanFactory     : Creating shared instance of singleton bean 'org.springframework.boot.context.properties.BoundConfigurationProperties'
2026-01-28 12:39:54.088 DEBUG --- [  restartedMain] o.s.b.f.s.DefaultListableBeanFactory     : Creating shared instance of singleton bean 'defaultsBindHandlerAdvisor'
2026-01-28 12:39:54.088 DEBUG --- [  restartedMain] o.s.b.f.s.DefaultListableBeanFactory     : Creating shared instance of singleton bean 'org.springframework.cloud.commons.config.CommonsConfigAutoConfiguration'
2026-01-28 12:39:54.089 DEBUG --- [  restartedMain] o.s.b.f.s.DefaultListableBeanFactory     : Creating shared instance of singleton bean 'loadBalancerClientsDefaultsMappingsProvider'
2026-01-28 12:39:54.090 DEBUG --- [  restartedMain] o.s.b.f.s.DefaultListableBeanFactory     : Creating shared instance of singleton bean 'org.springframework.cloud.client.loadbalancer.LoadBalancerDefaultMappingsProviderAutoConfiguration'
2026-01-28 12:39:54.091 DEBUG --- [  restartedMain] o.s.b.f.s.DefaultListableBeanFactory     : Autowiring by type from bean name 'defaultsBindHandlerAdvisor' via factory method to bean named 'loadBalancerClientsDefaultsMappingsProvider'
2026-01-28 12:39:54.114 DEBUG --- [  restartedMain] o.s.b.f.s.DefaultListableBeanFactory     : Autowiring by type from bean name 'servletWebServerFactoryCustomizer' via factory method to bean named 'server-org.springframework.boot.autoconfigure.web.ServerProperties'
2026-01-28 12:39:54.117 DEBUG --- [  restartedMain] o.s.b.f.s.DefaultListableBeanFactory     : Creating shared instance of singleton bean 'sslBundleRegistry'
2026-01-28 12:39:54.117 DEBUG --- [  restartedMain] o.s.b.f.s.DefaultListableBeanFactory     : Creating shared instance of singleton bean 'org.springframework.boot.autoconfigure.ssl.SslAutoConfiguration'
2026-01-28 12:39:54.118 DEBUG --- [  restartedMain] o.s.b.f.s.DefaultListableBeanFactory     : Creating shared instance of singleton bean 'spring.ssl-org.springframework.boot.autoconfigure.ssl.SslProperties'
2026-01-28 12:39:54.120 DEBUG --- [  restartedMain] o.s.b.f.s.DefaultListableBeanFactory     : Autowiring by type from bean name 'org.springframework.boot.autoconfigure.ssl.SslAutoConfiguration' via constructor to bean named 'org.springframework.boot.web.servlet.context.AnnotationConfigServletWebServerApplicationContext@7bfc1538'
2026-01-28 12:39:54.121 DEBUG --- [  restartedMain] o.s.b.f.s.DefaultListableBeanFactory     : Autowiring by type from bean name 'org.springframework.boot.autoconfigure.ssl.SslAutoConfiguration' via constructor to bean named 'spring.ssl-org.springframework.boot.autoconfigure.ssl.SslProperties'
2026-01-28 12:39:54.122 DEBUG --- [  restartedMain] o.s.b.f.s.DefaultListableBeanFactory     : Creating shared instance of singleton bean 'sslPropertiesSslBundleRegistrar'
2026-01-28 12:39:54.123 DEBUG --- [  restartedMain] o.s.b.f.s.DefaultListableBeanFactory     : Creating shared instance of singleton bean 'fileWatcher'
2026-01-28 12:39:54.124 DEBUG --- [  restartedMain] o.s.b.f.s.DefaultListableBeanFactory     : Autowiring by type from bean name 'sslPropertiesSslBundleRegistrar' via factory method to bean named 'fileWatcher'
2026-01-28 12:39:54.130 DEBUG --- [  restartedMain] o.s.b.f.s.DefaultListableBeanFactory     : Creating shared instance of singleton bean 'tomcatServletWebServerFactoryCustomizer'
2026-01-28 12:39:54.131 DEBUG --- [  restartedMain] o.s.b.f.s.DefaultListableBeanFactory     : Autowiring by type from bean name 'tomcatServletWebServerFactoryCustomizer' via factory method to bean named 'server-org.springframework.boot.autoconfigure.web.ServerProperties'
2026-01-28 12:39:54.132 DEBUG --- [  restartedMain] o.s.b.f.s.DefaultListableBeanFactory     : Creating shared instance of singleton bean 'tomcatWebServerFactoryCustomizer'
2026-01-28 12:39:54.132 DEBUG --- [  restartedMain] o.s.b.f.s.DefaultListableBeanFactory     : Creating shared instance of singleton bean 'org.springframework.boot.autoconfigure.web.embedded.EmbeddedWebServerFactoryCustomizerAutoConfiguration$TomcatWebServerFactoryCustomizerConfiguration'
2026-01-28 12:39:54.134 DEBUG --- [  restartedMain] o.s.b.f.s.DefaultListableBeanFactory     : Autowiring by type from bean name 'tomcatWebServerFactoryCustomizer' via factory method to bean named 'environment'
2026-01-28 12:39:54.134 DEBUG --- [  restartedMain] o.s.b.f.s.DefaultListableBeanFactory     : Autowiring by type from bean name 'tomcatWebServerFactoryCustomizer' via factory method to bean named 'server-org.springframework.boot.autoconfigure.web.ServerProperties'
2026-01-28 12:39:54.136 DEBUG --- [  restartedMain] o.s.b.f.s.DefaultListableBeanFactory     : Creating shared instance of singleton bean 'localeCharsetMappingsCustomizer'
2026-01-28 12:39:54.137 DEBUG --- [  restartedMain] o.s.b.f.s.DefaultListableBeanFactory     : Creating shared instance of singleton bean 'org.springframework.boot.autoconfigure.web.servlet.HttpEncodingAutoConfiguration'
2026-01-28 12:39:54.138 DEBUG --- [  restartedMain] o.s.b.f.s.DefaultListableBeanFactory     : Autowiring by type from bean name 'org.springframework.boot.autoconfigure.web.servlet.HttpEncodingAutoConfiguration' via constructor to bean named 'server-org.springframework.boot.autoconfigure.web.ServerProperties'
2026-01-28 12:39:54.176 DEBUG --- [  restartedMain] o.s.b.f.s.DefaultListableBeanFactory     : Creating shared instance of singleton bean 'errorPageCustomizer'
2026-01-28 12:39:54.177 DEBUG --- [  restartedMain] o.s.b.f.s.DefaultListableBeanFactory     : Creating shared instance of singleton bean 'org.springframework.boot.autoconfigure.web.servlet.error.ErrorMvcAutoConfiguration'
2026-01-28 12:39:54.178 DEBUG --- [  restartedMain] o.s.b.f.s.DefaultListableBeanFactory     : Autowiring by type from bean name 'org.springframework.boot.autoconfigure.web.servlet.error.ErrorMvcAutoConfiguration' via constructor to bean named 'server-org.springframework.boot.autoconfigure.web.ServerProperties'
2026-01-28 12:39:54.179 DEBUG --- [  restartedMain] o.s.b.f.s.DefaultListableBeanFactory     : Creating shared instance of singleton bean 'dispatcherServletRegistration'
2026-01-28 12:39:54.180 DEBUG --- [  restartedMain] o.s.b.f.s.DefaultListableBeanFactory     : Creating shared instance of singleton bean 'org.springframework.boot.autoconfigure.web.servlet.DispatcherServletAutoConfiguration$DispatcherServletRegistrationConfiguration'
2026-01-28 12:39:54.181 DEBUG --- [  restartedMain] o.s.b.f.s.DefaultListableBeanFactory     : Creating shared instance of singleton bean 'dispatcherServlet'
2026-01-28 12:39:54.181 DEBUG --- [  restartedMain] o.s.b.f.s.DefaultListableBeanFactory     : Creating shared instance of singleton bean 'org.springframework.boot.autoconfigure.web.servlet.DispatcherServletAutoConfiguration$DispatcherServletConfiguration'
2026-01-28 12:39:54.182 DEBUG --- [  restartedMain] o.s.b.f.s.DefaultListableBeanFactory     : Creating shared instance of singleton bean 'spring.mvc-org.springframework.boot.autoconfigure.web.servlet.WebMvcProperties'
2026-01-28 12:39:54.185 DEBUG --- [  restartedMain] o.s.b.f.s.DefaultListableBeanFactory     : Autowiring by type from bean name 'dispatcherServlet' via factory method to bean named 'spring.mvc-org.springframework.boot.autoconfigure.web.servlet.WebMvcProperties'
2026-01-28 12:39:54.198 DEBUG --- [  restartedMain] o.s.b.f.s.DefaultListableBeanFactory     : Autowiring by type from bean name 'dispatcherServletRegistration' via factory method to bean named 'dispatcherServlet'
2026-01-28 12:39:54.199 DEBUG --- [  restartedMain] o.s.b.f.s.DefaultListableBeanFactory     : Autowiring by type from bean name 'dispatcherServletRegistration' via factory method to bean named 'spring.mvc-org.springframework.boot.autoconfigure.web.servlet.WebMvcProperties'
2026-01-28 12:39:54.201 DEBUG --- [  restartedMain] o.s.b.f.s.DefaultListableBeanFactory     : Creating shared instance of singleton bean 'multipartConfigElement'
2026-01-28 12:39:54.201 DEBUG --- [  restartedMain] o.s.b.f.s.DefaultListableBeanFactory     : Creating shared instance of singleton bean 'org.springframework.boot.autoconfigure.web.servlet.MultipartAutoConfiguration'
2026-01-28 12:39:54.201 DEBUG --- [  restartedMain] o.s.b.f.s.DefaultListableBeanFactory     : Creating shared instance of singleton bean 'spring.servlet.multipart-org.springframework.boot.autoconfigure.web.servlet.MultipartProperties'
2026-01-28 12:39:54.206 DEBUG --- [  restartedMain] o.s.b.f.s.DefaultListableBeanFactory     : Autowiring by type from bean name 'org.springframework.boot.autoconfigure.web.servlet.MultipartAutoConfiguration' via constructor to bean named 'spring.servlet.multipart-org.springframework.boot.autoconfigure.web.servlet.MultipartProperties'
2026-01-28 12:39:54.212 DEBUG --- [  restartedMain] o.s.b.f.s.DefaultListableBeanFactory     : Autowiring by type from bean name 'errorPageCustomizer' via factory method to bean named 'dispatcherServletRegistration'
2026-01-28 12:39:54.228 DEBUG --- [  restartedMain] o.apache.tomcat.util.compat.Jre22Compat  : Class not found so assuming code is running on a pre-Java 22 JVM
java.lang.ClassNotFoundException: java.text.ListFormat
	at java.base/jdk.internal.loader.BuiltinClassLoader.loadClass(BuiltinClassLoader.java:641)
	at java.base/jdk.internal.loader.ClassLoaders$AppClassLoader.loadClass(ClassLoaders.java:188)
	at java.base/java.lang.ClassLoader.loadClass(ClassLoader.java:526)
	at java.base/java.lang.Class.forName0(Native Method)
	at java.base/java.lang.Class.forName(Class.java:421)
	at java.base/java.lang.Class.forName(Class.java:412)
	at org.apache.tomcat.util.compat.Jre22Compat.<clinit>(Jre22Compat.java:37)
	at org.apache.tomcat.util.compat.JreCompat.<clinit>(JreCompat.java:60)
	at org.apache.catalina.startup.Tomcat.<clinit>(Tomcat.java:1193)
	at org.springframework.boot.web.embedded.tomcat.TomcatServletWebServerFactory.getWebServer(TomcatServletWebServerFactory.java:203)
	at org.springframework.boot.web.servlet.context.ServletWebServerApplicationContext.createWebServer(ServletWebServerApplicationContext.java:188)
	at org.springframework.boot.web.servlet.context.ServletWebServerApplicationContext.onRefresh(ServletWebServerApplicationContext.java:162)
	at org.springframework.context.support.AbstractApplicationContext.refresh(AbstractApplicationContext.java:621)
	at org.springframework.boot.web.servlet.context.ServletWebServerApplicationContext.refresh(ServletWebServerApplicationContext.java:146)
	at org.springframework.boot.SpringApplication.refresh(SpringApplication.java:752)
	at org.springframework.boot.SpringApplication.refreshContext(SpringApplication.java:439)
	at org.springframework.boot.SpringApplication.run(SpringApplication.java:318)
	at org.springframework.boot.SpringApplication.run(SpringApplication.java:1361)
	at org.springframework.boot.SpringApplication.run(SpringApplication.java:1350)
	at com.fsocial.accountservice.AccountServiceApplication.main(AccountServiceApplication.java:13)
	at java.base/jdk.internal.reflect.DirectMethodHandleAccessor.invoke(DirectMethodHandleAccessor.java:103)
	at java.base/java.lang.reflect.Method.invoke(Method.java:580)
	at org.springframework.boot.devtools.restart.RestartLauncher.run(RestartLauncher.java:50)
2026-01-28 12:39:54.297 DEBUG --- [  restartedMain] org.apache.catalina.core.ContainerBase   : Add container child [StandardHost[localhost]] to container [StandardEngine[Tomcat]]
2026-01-28 12:39:54.298 DEBUG --- [  restartedMain] .s.b.w.e.t.TomcatServletWebServerFactory : Code archive: C:\Users\acer\.m2\repository\org\springframework\boot\spring-boot\3.4.1\spring-boot-3.4.1.jar
2026-01-28 12:39:54.298 DEBUG --- [  restartedMain] .s.b.w.e.t.TomcatServletWebServerFactory : Code archive: C:\Users\acer\.m2\repository\org\springframework\boot\spring-boot\3.4.1\spring-boot-3.4.1.jar
2026-01-28 12:39:54.298 DEBUG --- [  restartedMain] .s.b.w.e.t.TomcatServletWebServerFactory : None of the document roots [src/main/webapp, public, static] point to a directory and will be ignored.
2026-01-28 12:39:54.316 DEBUG --- [  restartedMain] org.apache.catalina.core.ContainerBase   : Add container child [TomcatEmbeddedContext[/account]] to container [StandardEngine[Tomcat].StandardHost[localhost]]
2026-01-28 12:39:54.348 DEBUG --- [  restartedMain] jdk.event.security                       : X509Certificate: Alg:SHA256withRSA, Serial:3c9eb1fc89f733d3, Subject:CN=JCE Code Signing CA, OU=Java Software Code Signing, O=Oracle Corporation, Issuer:CN=JCE Code Signing CA, OU=Java Software Code Signing, O=Oracle Corporation, Key type:RSA, Length:2048, Cert Id:3044386973, Valid from:7/7/16, 6:48 AM, Valid until:12/31/30, 7:00 AM
2026-01-28 12:39:54.349 DEBUG --- [  restartedMain] jdk.event.security                       : X509Certificate: Alg:SHA256withRSA, Serial:8874f23f4bbf63bd806a7aeb0a12cf4672bba2a, Subject:CN=Legion of the Bouncy Castle Inc., OU=Java Software Code Signing, O=Oracle Corporation, Issuer:CN=JCE Code Signing CA, OU=Java Software Code Signing, O=Oracle Corporation, Key type:DSA, Length:2048, Cert Id:2266411741, Valid from:1/25/22, 7:58 AM, Valid until:1/25/27, 7:58 AM
2026-01-28 12:39:54.354 DEBUG --- [  restartedMain] jdk.event.security                       : X509Certificate: Alg:SHA256withRSA, Serial:c4d69724b94fa3c2a4a3d2907803d5a, Subject:CN=DigiCert Timestamp 2022 - 2, O=DigiCert, C=US, Issuer:CN=DigiCert Trusted G4 RSA4096 SHA256 TimeStamping CA, O="DigiCert, Inc.", C=US, Key type:RSA, Length:4096, Cert Id:4096245201, Valid from:9/21/22, 7:00 AM, Valid until:11/22/33, 6:59 AM
2026-01-28 12:39:54.355 DEBUG --- [  restartedMain] jdk.event.security                       : X509Certificate: Alg:SHA256withRSA, Serial:73637b724547cd847acfd28662a5e5b, Subject:CN=DigiCert Trusted G4 RSA4096 SHA256 TimeStamping CA, O="DigiCert, Inc.", C=US, Issuer:CN=DigiCert Trusted Root G4, OU=www.digicert.com, O=DigiCert Inc, C=US, Key type:RSA, Length:4096, Cert Id:3207540671, Valid from:3/23/22, 7:00 AM, Valid until:3/23/37, 6:59 AM
2026-01-28 12:39:54.356 DEBUG --- [  restartedMain] jdk.event.security                       : X509Certificate: Alg:SHA384withRSA, Serial:e9b188ef9d02de7efdb50e20840185a, Subject:CN=DigiCert Trusted Root G4, OU=www.digicert.com, O=DigiCert Inc, C=US, Issuer:CN=DigiCert Assured ID Root CA, OU=www.digicert.com, O=DigiCert Inc, C=US, Key type:RSA, Length:4096, Cert Id:845088433, Valid from:8/1/22, 7:00 AM, Valid until:11/10/31, 6:59 AM
2026-01-28 12:39:54.394 DEBUG --- [  restartedMain] jdk.event.security                       : X509Certificate: Alg:SHA256withRSA, Serial:6952a93c, Subject:CN=Patrick Favre-Bulle, OU=Private, O=PF Github Open Source, L=Vienna, ST=Vienna, C=AT, Issuer:CN=Patrick Favre-Bulle, OU=Private, O=PF Github Open Source, L=Vienna, ST=Vienna, C=AT, Key type:RSA, Length:4096, Cert Id:1638532729, Valid from:9/7/17, 3:40 PM, Valid until:2/10/34, 3:40 PM
2026-01-28 12:39:54.404  INFO --- [  restartedMain] o.s.b.w.embedded.tomcat.TomcatWebServer  : Tomcat initialized with port 8081 (http)
2026-01-28 12:39:54.407 DEBUG --- [  restartedMain] org.apache.catalina.util.LifecycleBase   : Setting state for [StandardServer[-1]] to [INITIALIZING]
2026-01-28 12:39:54.411 DEBUG --- [  restartedMain] org.apache.catalina.util.LifecycleBase   : Setting state for [org.apache.catalina.deploy.NamingResourcesImpl@104fd2ab] to [INITIALIZING]
2026-01-28 12:39:54.411 DEBUG --- [  restartedMain] org.apache.catalina.util.LifecycleBase   : Setting state for [org.apache.catalina.deploy.NamingResourcesImpl@104fd2ab] to [INITIALIZED]
2026-01-28 12:39:54.411 DEBUG --- [  restartedMain] org.apache.catalina.util.LifecycleBase   : Setting state for [StandardService[Tomcat]] to [INITIALIZING]
2026-01-28 12:39:54.411 DEBUG --- [  restartedMain] org.apache.catalina.util.LifecycleBase   : Setting state for [StandardEngine[Tomcat]] to [INITIALIZING]
2026-01-28 12:39:54.411 DEBUG --- [  restartedMain] org.apache.catalina.util.LifecycleBase   : Setting state for [StandardEngine[Tomcat]] to [INITIALIZED]
2026-01-28 12:39:54.412 DEBUG --- [  restartedMain] org.apache.catalina.util.LifecycleBase   : Setting state for [org.apache.catalina.mapper.MapperListener@1cd494b4] to [INITIALIZING]
2026-01-28 12:39:54.412 DEBUG --- [  restartedMain] org.apache.catalina.util.LifecycleBase   : Setting state for [org.apache.catalina.mapper.MapperListener@1cd494b4] to [INITIALIZED]
2026-01-28 12:39:54.412 DEBUG --- [  restartedMain] org.apache.catalina.util.LifecycleBase   : Setting state for [Connector["http-nio-8081"]] to [INITIALIZING]
2026-01-28 12:39:54.417  INFO --- [  restartedMain] o.a.coyote.http11.Http11NioProtocol      : Initializing ProtocolHandler ["http-nio-8081"]
2026-01-28 12:39:54.417 DEBUG --- [  restartedMain] org.apache.catalina.util.LifecycleBase   : Setting state for [Connector["http-nio-8081"]] to [INITIALIZED]
2026-01-28 12:39:54.417 DEBUG --- [  restartedMain] org.apache.catalina.util.LifecycleBase   : Setting state for [StandardService[Tomcat]] to [INITIALIZED]
2026-01-28 12:39:54.418 DEBUG --- [  restartedMain] org.apache.catalina.util.LifecycleBase   : Setting state for [StandardServer[-1]] to [INITIALIZED]
2026-01-28 12:39:54.418 DEBUG --- [  restartedMain] org.apache.catalina.util.LifecycleBase   : Setting state for [StandardServer[-1]] to [STARTING_PREP]
2026-01-28 12:39:54.418 DEBUG --- [  restartedMain] org.apache.catalina.util.LifecycleBase   : Setting state for [StandardServer[-1]] to [STARTING]
2026-01-28 12:39:54.419 DEBUG --- [  restartedMain] org.apache.catalina.util.LifecycleBase   : Setting state for [org.apache.catalina.deploy.NamingResourcesImpl@104fd2ab] to [STARTING_PREP]
2026-01-28 12:39:54.419 DEBUG --- [  restartedMain] org.apache.catalina.util.LifecycleBase   : Setting state for [org.apache.catalina.deploy.NamingResourcesImpl@104fd2ab] to [STARTING]
2026-01-28 12:39:54.419 DEBUG --- [  restartedMain] org.apache.catalina.util.LifecycleBase   : Setting state for [org.apache.catalina.deploy.NamingResourcesImpl@104fd2ab] to [STARTED]
2026-01-28 12:39:54.419 DEBUG --- [  restartedMain] org.apache.catalina.util.LifecycleBase   : Setting state for [StandardService[Tomcat]] to [STARTING_PREP]
2026-01-28 12:39:54.419  INFO --- [  restartedMain] o.apache.catalina.core.StandardService   : Starting service [Tomcat]
2026-01-28 12:39:54.419 DEBUG --- [  restartedMain] org.apache.catalina.util.LifecycleBase   : Setting state for [StandardService[Tomcat]] to [STARTING]
2026-01-28 12:39:54.420 DEBUG --- [  restartedMain] org.apache.catalina.util.LifecycleBase   : Setting state for [StandardEngine[Tomcat]] to [STARTING_PREP]
2026-01-28 12:39:54.420  INFO --- [  restartedMain] o.apache.catalina.core.StandardEngine    : Starting Servlet engine: [Apache Tomcat/10.1.34]
2026-01-28 12:39:54.421 DEBUG --- [  restartedMain] org.apache.catalina.util.LifecycleBase   : Setting state for [SimpleRealm[StandardEngine[Tomcat]]] to [INITIALIZING]
2026-01-28 12:39:54.421 DEBUG --- [  restartedMain] org.apache.catalina.util.LifecycleBase   : Setting state for [SimpleRealm[StandardEngine[Tomcat]]] to [INITIALIZED]
2026-01-28 12:39:54.421 DEBUG --- [  restartedMain] org.apache.catalina.util.LifecycleBase   : Setting state for [SimpleRealm[StandardEngine[Tomcat]]] to [STARTING_PREP]
2026-01-28 12:39:54.421 DEBUG --- [  restartedMain] org.apache.catalina.util.LifecycleBase   : Setting state for [SimpleRealm[StandardEngine[Tomcat]]] to [STARTING]
2026-01-28 12:39:54.421 DEBUG --- [  restartedMain] org.apache.catalina.util.LifecycleBase   : Setting state for [SimpleRealm[StandardEngine[Tomcat]]] to [STARTED]
2026-01-28 12:39:54.423 DEBUG --- [  restartedMain] org.apache.catalina.util.LifecycleBase   : Setting state for [StandardEngine[Tomcat].StandardHost[localhost]] to [INITIALIZING]
2026-01-28 12:39:54.423 DEBUG --- [  restartedMain] org.apache.catalina.util.LifecycleBase   : Setting state for [StandardEngine[Tomcat].StandardHost[localhost]] to [INITIALIZED]
2026-01-28 12:39:54.423 DEBUG --- [  restartedMain] org.apache.catalina.util.LifecycleBase   : Setting state for [StandardEngine[Tomcat].StandardHost[localhost]] to [STARTING_PREP]
2026-01-28 12:39:54.424 DEBUG --- [  restartedMain] org.apache.catalina.util.LifecycleBase   : Setting state for [StandardEngine[Tomcat].StandardHost[localhost].TomcatEmbeddedContext[/account]] to [INITIALIZING]
2026-01-28 12:39:54.424 DEBUG --- [  restartedMain] org.apache.catalina.util.LifecycleBase   : Setting state for [StandardEngine[Tomcat].StandardHost[localhost].TomcatEmbeddedContext[/account]] to [INITIALIZED]
2026-01-28 12:39:54.424 DEBUG --- [  restartedMain] org.apache.catalina.util.LifecycleBase   : Setting state for [StandardEngine[Tomcat].StandardHost[localhost].TomcatEmbeddedContext[/account]] to [STARTING_PREP]
2026-01-28 12:39:54.437 DEBUG --- [  restartedMain] org.apache.catalina.util.LifecycleBase   : Setting state for [org.apache.catalina.webresources.StandardRoot@57d8ead7] to [INITIALIZING]
2026-01-28 12:39:54.438 DEBUG --- [  restartedMain] org.apache.catalina.util.LifecycleBase   : Setting state for [org.apache.catalina.webresources.StandardRoot@57d8ead7] to [INITIALIZED]
2026-01-28 12:39:54.438 DEBUG --- [  restartedMain] org.apache.catalina.util.LifecycleBase   : Setting state for [org.apache.catalina.webresources.StandardRoot@57d8ead7] to [STARTING_PREP]
2026-01-28 12:39:54.440 DEBUG --- [  restartedMain] org.apache.catalina.util.LifecycleBase   : Setting state for [org.apache.catalina.webresources.DirResourceSet@20c83ef6] to [INITIALIZING]
2026-01-28 12:39:54.441 DEBUG --- [  restartedMain] org.apache.catalina.util.LifecycleBase   : Setting state for [org.apache.catalina.webresources.DirResourceSet@20c83ef6] to [INITIALIZED]
2026-01-28 12:39:54.442 DEBUG --- [  restartedMain] org.apache.catalina.util.LifecycleBase   : Setting state for [org.apache.catalina.webresources.DirResourceSet@20c83ef6] to [STARTING_PREP]
2026-01-28 12:39:54.442 DEBUG --- [  restartedMain] org.apache.catalina.util.LifecycleBase   : Setting state for [org.apache.catalina.webresources.DirResourceSet@20c83ef6] to [STARTING]
2026-01-28 12:39:54.442 DEBUG --- [  restartedMain] org.apache.catalina.util.LifecycleBase   : Setting state for [org.apache.catalina.webresources.DirResourceSet@20c83ef6] to [STARTED]
2026-01-28 12:39:54.442 DEBUG --- [  restartedMain] org.apache.catalina.util.LifecycleBase   : Setting state for [org.apache.catalina.webresources.StandardRoot@57d8ead7] to [STARTING]
2026-01-28 12:39:54.442 DEBUG --- [  restartedMain] org.apache.catalina.util.LifecycleBase   : Setting state for [org.apache.catalina.webresources.StandardRoot@57d8ead7] to [STARTED]
2026-01-28 12:39:54.442 DEBUG --- [  restartedMain] org.apache.catalina.util.LifecycleBase   : Setting state for [WebappLoader[StandardEngine[Tomcat].StandardHost[localhost].TomcatEmbeddedContext[/account]]] to [INITIALIZING]
2026-01-28 12:39:54.443 DEBUG --- [  restartedMain] org.apache.catalina.util.LifecycleBase   : Setting state for [WebappLoader[StandardEngine[Tomcat].StandardHost[localhost].TomcatEmbeddedContext[/account]]] to [INITIALIZED]
2026-01-28 12:39:54.443 DEBUG --- [  restartedMain] org.apache.catalina.util.LifecycleBase   : Setting state for [WebappLoader[StandardEngine[Tomcat].StandardHost[localhost].TomcatEmbeddedContext[/account]]] to [STARTING_PREP]
2026-01-28 12:39:54.443 DEBUG --- [  restartedMain] o.apache.catalina.loader.WebappLoader    : Starting this Loader
2026-01-28 12:39:54.447 DEBUG --- [  restartedMain] org.apache.catalina.webresources.Cache   : Increased cache size by [532] for item [org.apache.catalina.webresources.CachedResource@644e47ac] at [/WEB-INF/classes] making total cache size [532]
2026-01-28 12:39:54.449 DEBUG --- [  restartedMain] org.apache.catalina.util.LifecycleBase   : Setting state for [WebappLoader[StandardEngine[Tomcat].StandardHost[localhost].TomcatEmbeddedContext[/account]]] to [STARTING]
2026-01-28 12:39:54.449 DEBUG --- [  restartedMain] org.apache.catalina.util.LifecycleBase   : Setting state for [WebappLoader[StandardEngine[Tomcat].StandardHost[localhost].TomcatEmbeddedContext[/account]]] to [STARTED]
2026-01-28 12:39:54.478 DEBUG --- [  restartedMain] org.apache.catalina.util.LifecycleBase   : Setting state for [org.apache.catalina.webresources.JarResourceSet@3ff195fa] to [INITIALIZING]
2026-01-28 12:39:54.480 DEBUG --- [  restartedMain] org.apache.catalina.util.LifecycleBase   : Setting state for [org.apache.catalina.webresources.JarResourceSet@3ff195fa] to [INITIALIZED]
2026-01-28 12:39:54.480 DEBUG --- [  restartedMain] org.apache.catalina.util.LifecycleBase   : Setting state for [org.apache.catalina.webresources.JarResourceSet@3ff195fa] to [STARTING_PREP]
2026-01-28 12:39:54.480 DEBUG --- [  restartedMain] org.apache.catalina.util.LifecycleBase   : Setting state for [org.apache.catalina.webresources.JarResourceSet@3ff195fa] to [STARTING]
2026-01-28 12:39:54.480 DEBUG --- [  restartedMain] org.apache.catalina.util.LifecycleBase   : Setting state for [org.apache.catalina.webresources.JarResourceSet@3ff195fa] to [STARTED]
2026-01-28 12:39:54.481 DEBUG --- [  restartedMain] org.apache.catalina.util.LifecycleBase   : Setting state for [StandardPipeline[StandardEngine[Tomcat].StandardHost[localhost].TomcatEmbeddedContext[/account]]] to [INITIALIZING]
2026-01-28 12:39:54.481 DEBUG --- [  restartedMain] org.apache.catalina.util.LifecycleBase   : Setting state for [StandardPipeline[StandardEngine[Tomcat].StandardHost[localhost].TomcatEmbeddedContext[/account]]] to [INITIALIZED]
2026-01-28 12:39:54.481 DEBUG --- [  restartedMain] org.apache.catalina.util.LifecycleBase   : Setting state for [StandardPipeline[StandardEngine[Tomcat].StandardHost[localhost].TomcatEmbeddedContext[/account]]] to [STARTING_PREP]
2026-01-28 12:39:54.481 DEBUG --- [  restartedMain] org.apache.catalina.util.LifecycleBase   : Setting state for [NonLoginAuthenticator[StandardEngine[Tomcat].StandardHost[localhost].TomcatEmbeddedContext[/account]]] to [INITIALIZING]
2026-01-28 12:39:54.482 DEBUG --- [  restartedMain] org.apache.catalina.util.LifecycleBase   : Setting state for [NonLoginAuthenticator[StandardEngine[Tomcat].StandardHost[localhost].TomcatEmbeddedContext[/account]]] to [INITIALIZED]
2026-01-28 12:39:54.482 DEBUG --- [  restartedMain] org.apache.catalina.util.LifecycleBase   : Setting state for [NonLoginAuthenticator[StandardEngine[Tomcat].StandardHost[localhost].TomcatEmbeddedContext[/account]]] to [STARTING_PREP]
2026-01-28 12:39:54.483 DEBUG --- [  restartedMain] org.apache.catalina.util.LifecycleBase   : Setting state for [NonLoginAuthenticator[StandardEngine[Tomcat].StandardHost[localhost].TomcatEmbeddedContext[/account]]] to [STARTING]
2026-01-28 12:39:54.484 DEBUG --- [  restartedMain] org.apache.catalina.util.LifecycleBase   : Setting state for [NonLoginAuthenticator[StandardEngine[Tomcat].StandardHost[localhost].TomcatEmbeddedContext[/account]]] to [STARTED]
2026-01-28 12:39:54.484 DEBUG --- [  restartedMain] org.apache.catalina.util.LifecycleBase   : Setting state for [StandardContextValve[StandardEngine[Tomcat].StandardHost[localhost].TomcatEmbeddedContext[/account]]] to [INITIALIZING]
2026-01-28 12:39:54.484 DEBUG --- [  restartedMain] org.apache.catalina.util.LifecycleBase   : Setting state for [StandardContextValve[StandardEngine[Tomcat].StandardHost[localhost].TomcatEmbeddedContext[/account]]] to [INITIALIZED]
2026-01-28 12:39:54.484 DEBUG --- [  restartedMain] org.apache.catalina.util.LifecycleBase   : Setting state for [StandardContextValve[StandardEngine[Tomcat].StandardHost[localhost].TomcatEmbeddedContext[/account]]] to [STARTING_PREP]
2026-01-28 12:39:54.485 DEBUG --- [  restartedMain] org.apache.catalina.util.LifecycleBase   : Setting state for [StandardContextValve[StandardEngine[Tomcat].StandardHost[localhost].TomcatEmbeddedContext[/account]]] to [STARTING]
2026-01-28 12:39:54.485 DEBUG --- [  restartedMain] org.apache.catalina.util.LifecycleBase   : Setting state for [StandardContextValve[StandardEngine[Tomcat].StandardHost[localhost].TomcatEmbeddedContext[/account]]] to [STARTED]
2026-01-28 12:39:54.485 DEBUG --- [  restartedMain] org.apache.catalina.util.LifecycleBase   : Setting state for [StandardPipeline[StandardEngine[Tomcat].StandardHost[localhost].TomcatEmbeddedContext[/account]]] to [STARTING]
2026-01-28 12:39:54.485 DEBUG --- [  restartedMain] org.apache.catalina.util.LifecycleBase   : Setting state for [StandardPipeline[StandardEngine[Tomcat].StandardHost[localhost].TomcatEmbeddedContext[/account]]] to [STARTED]
2026-01-28 12:39:54.485 DEBUG --- [  restartedMain] org.apache.catalina.util.LifecycleBase   : Setting state for [org.apache.catalina.deploy.NamingResourcesImpl@579a24c9] to [INITIALIZING]
2026-01-28 12:39:54.486 DEBUG --- [  restartedMain] org.apache.catalina.util.LifecycleBase   : Setting state for [org.apache.catalina.deploy.NamingResourcesImpl@579a24c9] to [INITIALIZED]
2026-01-28 12:39:54.486 DEBUG --- [  restartedMain] org.apache.catalina.util.LifecycleBase   : Setting state for [org.apache.catalina.deploy.NamingResourcesImpl@579a24c9] to [STARTING_PREP]
2026-01-28 12:39:54.486 DEBUG --- [  restartedMain] org.apache.catalina.util.LifecycleBase   : Setting state for [org.apache.catalina.deploy.NamingResourcesImpl@579a24c9] to [STARTING]
2026-01-28 12:39:54.486 DEBUG --- [  restartedMain] org.apache.catalina.util.LifecycleBase   : Setting state for [org.apache.catalina.deploy.NamingResourcesImpl@579a24c9] to [STARTED]
2026-01-28 12:39:54.491  INFO --- [  restartedMain] o.a.c.c.C.[.[localhost].[/account]       : Initializing Spring embedded WebApplicationContext
2026-01-28 12:39:54.491 DEBUG --- [  restartedMain] w.s.c.ServletWebServerApplicationContext : Published root WebApplicationContext as ServletContext attribute with name [org.springframework.web.context.WebApplicationContext.ROOT]
2026-01-28 12:39:54.492  INFO --- [  restartedMain] w.s.c.ServletWebServerApplicationContext : Root WebApplicationContext: initialization completed in 2583 ms
2026-01-28 12:39:54.495 DEBUG --- [  restartedMain] o.s.b.f.s.DefaultListableBeanFactory     : Creating shared instance of singleton bean 'loggingFilter'
2026-01-28 12:39:54.495 DEBUG --- [  restartedMain] o.s.b.f.s.DefaultListableBeanFactory     : Creating shared instance of singleton bean 'appConfig'
2026-01-28 12:39:54.495 DEBUG --- [  restartedMain] o.s.b.f.s.DefaultListableBeanFactory     : Creating shared instance of singleton bean 'customJwtDecode'
2026-01-28 12:39:54.498 DEBUG --- [  restartedMain] o.s.b.f.s.DefaultListableBeanFactory     : Autowiring by type from bean name 'appConfig' via constructor to bean named 'customJwtDecode'
2026-01-28 12:39:54.502 DEBUG --- [  restartedMain] o.s.b.f.s.DefaultListableBeanFactory     : Creating shared instance of singleton bean 'forwardedHeaderFilter'
2026-01-28 12:39:54.502 DEBUG --- [  restartedMain] o.s.b.f.s.DefaultListableBeanFactory     : Creating shared instance of singleton bean 'org.springframework.boot.autoconfigure.web.servlet.ServletWebServerFactoryAutoConfiguration$ForwardedHeaderFilterConfiguration'
2026-01-28 12:39:54.504 DEBUG --- [  restartedMain] o.s.b.f.s.DefaultListableBeanFactory     : Creating shared instance of singleton bean 'tomcatForwardedHeaderFilterCustomizer'
2026-01-28 12:39:54.505 DEBUG --- [  restartedMain] o.s.b.f.s.DefaultListableBeanFactory     : Autowiring by type from bean name 'tomcatForwardedHeaderFilterCustomizer' via factory method to bean named 'server-org.springframework.boot.autoconfigure.web.ServerProperties'
2026-01-28 12:39:54.506 DEBUG --- [  restartedMain] o.s.b.f.s.DefaultListableBeanFactory     : Creating shared instance of singleton bean 'securityFilterChainRegistration'
2026-01-28 12:39:54.507 DEBUG --- [  restartedMain] o.s.b.f.s.DefaultListableBeanFactory     : Creating shared instance of singleton bean 'org.springframework.boot.autoconfigure.security.servlet.SecurityFilterAutoConfiguration'
2026-01-28 12:39:54.507 DEBUG --- [  restartedMain] o.s.b.f.s.DefaultListableBeanFactory     : Creating shared instance of singleton bean 'spring.security-org.springframework.boot.autoconfigure.security.SecurityProperties'
2026-01-28 12:39:54.509 DEBUG --- [  restartedMain] o.s.b.f.s.DefaultListableBeanFactory     : Autowiring by type from bean name 'securityFilterChainRegistration' via factory method to bean named 'spring.security-org.springframework.boot.autoconfigure.security.SecurityProperties'
2026-01-28 12:39:54.514 DEBUG --- [  restartedMain] o.s.b.f.s.DefaultListableBeanFactory     : Creating shared instance of singleton bean 'requestContextFilter'
2026-01-28 12:39:54.517 DEBUG --- [  restartedMain] o.s.b.f.s.DefaultListableBeanFactory     : Creating shared instance of singleton bean 'formContentFilter'
2026-01-28 12:39:54.517 DEBUG --- [  restartedMain] o.s.b.f.s.DefaultListableBeanFactory     : Creating shared instance of singleton bean 'org.springframework.boot.autoconfigure.web.servlet.WebMvcAutoConfiguration'
2026-01-28 12:39:54.520 DEBUG --- [  restartedMain] o.s.b.f.s.DefaultListableBeanFactory     : Creating shared instance of singleton bean 'characterEncodingFilter'
2026-01-28 12:39:54.532 DEBUG --- [  restartedMain] o.s.b.w.s.ServletContextInitializerBeans : Mapping filters: forwardedHeaderFilter urls=[/*] order=-2147483648, springSecurityFilterChain urls=[/*] order=-100, loggingFilter urls=[/*] order=2147483647, characterEncodingFilter urls=[/*] order=-2147483648, formContentFilter urls=[/*] order=-9900, requestContextFilter urls=[/*] order=-105
2026-01-28 12:39:54.533 DEBUG --- [  restartedMain] o.s.b.w.s.ServletContextInitializerBeans : Mapping servlets: dispatcherServlet urls=[/]
2026-01-28 12:39:54.539 DEBUG --- [  restartedMain] org.apache.catalina.core.ContainerBase   : Add container child [StandardWrapper[dispatcherServlet]] to container [StandardEngine[Tomcat].StandardHost[localhost].TomcatEmbeddedContext[/account]]
2026-01-28 12:39:54.539 DEBUG --- [  restartedMain] org.apache.catalina.util.LifecycleBase   : Setting state for [StandardEngine[Tomcat].StandardHost[localhost].TomcatEmbeddedContext[/account].StandardWrapper[dispatcherServlet]] to [INITIALIZING]
2026-01-28 12:39:54.540 DEBUG --- [  restartedMain] org.apache.catalina.util.LifecycleBase   : Setting state for [StandardEngine[Tomcat].StandardHost[localhost].TomcatEmbeddedContext[/account].StandardWrapper[dispatcherServlet]] to [INITIALIZED]
2026-01-28 12:39:54.540 DEBUG --- [  restartedMain] org.apache.catalina.util.LifecycleBase   : Setting state for [StandardEngine[Tomcat].StandardHost[localhost].TomcatEmbeddedContext[/account].StandardWrapper[dispatcherServlet]] to [STARTING_PREP]
2026-01-28 12:39:54.540 DEBUG --- [  restartedMain] org.apache.catalina.util.LifecycleBase   : Setting state for [StandardPipeline[StandardEngine[Tomcat].StandardHost[localhost].TomcatEmbeddedContext[/account].StandardWrapper[dispatcherServlet]]] to [INITIALIZING]
2026-01-28 12:39:54.540 DEBUG --- [  restartedMain] org.apache.catalina.util.LifecycleBase   : Setting state for [StandardPipeline[StandardEngine[Tomcat].StandardHost[localhost].TomcatEmbeddedContext[/account].StandardWrapper[dispatcherServlet]]] to [INITIALIZED]
2026-01-28 12:39:54.541 DEBUG --- [  restartedMain] org.apache.catalina.util.LifecycleBase   : Setting state for [StandardPipeline[StandardEngine[Tomcat].StandardHost[localhost].TomcatEmbeddedContext[/account].StandardWrapper[dispatcherServlet]]] to [STARTING_PREP]
2026-01-28 12:39:54.541 DEBUG --- [  restartedMain] org.apache.catalina.util.LifecycleBase   : Setting state for [StandardWrapperValve[StandardEngine[Tomcat].StandardHost[localhost].TomcatEmbeddedContext[/account].StandardWrapper[dispatcherServlet]]] to [INITIALIZING]
2026-01-28 12:39:54.541 DEBUG --- [  restartedMain] org.apache.catalina.util.LifecycleBase   : Setting state for [StandardWrapperValve[StandardEngine[Tomcat].StandardHost[localhost].TomcatEmbeddedContext[/account].StandardWrapper[dispatcherServlet]]] to [INITIALIZED]
2026-01-28 12:39:54.541 DEBUG --- [  restartedMain] org.apache.catalina.util.LifecycleBase   : Setting state for [StandardWrapperValve[StandardEngine[Tomcat].StandardHost[localhost].TomcatEmbeddedContext[/account].StandardWrapper[dispatcherServlet]]] to [STARTING_PREP]
2026-01-28 12:39:54.541 DEBUG --- [  restartedMain] org.apache.catalina.util.LifecycleBase   : Setting state for [StandardWrapperValve[StandardEngine[Tomcat].StandardHost[localhost].TomcatEmbeddedContext[/account].StandardWrapper[dispatcherServlet]]] to [STARTING]
2026-01-28 12:39:54.541 DEBUG --- [  restartedMain] org.apache.catalina.util.LifecycleBase   : Setting state for [StandardWrapperValve[StandardEngine[Tomcat].StandardHost[localhost].TomcatEmbeddedContext[/account].StandardWrapper[dispatcherServlet]]] to [STARTED]
2026-01-28 12:39:54.541 DEBUG --- [  restartedMain] org.apache.catalina.util.LifecycleBase   : Setting state for [StandardPipeline[StandardEngine[Tomcat].StandardHost[localhost].TomcatEmbeddedContext[/account].StandardWrapper[dispatcherServlet]]] to [STARTING]
2026-01-28 12:39:54.541 DEBUG --- [  restartedMain] org.apache.catalina.util.LifecycleBase   : Setting state for [StandardPipeline[StandardEngine[Tomcat].StandardHost[localhost].TomcatEmbeddedContext[/account].StandardWrapper[dispatcherServlet]]] to [STARTED]
2026-01-28 12:39:54.542 DEBUG --- [  restartedMain] org.apache.catalina.util.LifecycleBase   : Setting state for [StandardEngine[Tomcat].StandardHost[localhost].TomcatEmbeddedContext[/account].StandardWrapper[dispatcherServlet]] to [STARTING]
2026-01-28 12:39:54.542 DEBUG --- [  restartedMain] org.apache.catalina.util.LifecycleBase   : Setting state for [StandardEngine[Tomcat].StandardHost[localhost].TomcatEmbeddedContext[/account].StandardWrapper[dispatcherServlet]] to [STARTED]
2026-01-28 12:39:54.565 DEBUG --- [  restartedMain] org.apache.catalina.util.LifecycleBase   : Setting state for [StandardManager[StandardEngine[Tomcat].StandardHost[localhost].TomcatEmbeddedContext[/account]]] to [INITIALIZING]
2026-01-28 12:39:54.565 DEBUG --- [  restartedMain] org.apache.catalina.util.LifecycleBase   : Setting state for [StandardManager[StandardEngine[Tomcat].StandardHost[localhost].TomcatEmbeddedContext[/account]]] to [INITIALIZED]
2026-01-28 12:39:54.566 DEBUG --- [  restartedMain] org.apache.catalina.util.LifecycleBase   : Setting state for [StandardManager[StandardEngine[Tomcat].StandardHost[localhost].TomcatEmbeddedContext[/account]]] to [STARTING_PREP]
2026-01-28 12:39:54.566 DEBUG --- [  restartedMain] org.apache.catalina.util.LifecycleBase   : Setting state for [org.springframework.boot.web.embedded.tomcat.LazySessionIdGenerator@17baaa31] to [INITIALIZING]
2026-01-28 12:39:54.566 DEBUG --- [  restartedMain] org.apache.catalina.util.LifecycleBase   : Setting state for [org.springframework.boot.web.embedded.tomcat.LazySessionIdGenerator@17baaa31] to [INITIALIZED]
2026-01-28 12:39:54.566 DEBUG --- [  restartedMain] org.apache.catalina.util.LifecycleBase   : Setting state for [org.springframework.boot.web.embedded.tomcat.LazySessionIdGenerator@17baaa31] to [STARTING_PREP]
2026-01-28 12:39:54.566 DEBUG --- [  restartedMain] org.apache.catalina.util.LifecycleBase   : Setting state for [org.springframework.boot.web.embedded.tomcat.LazySessionIdGenerator@17baaa31] to [STARTING]
2026-01-28 12:39:54.566 DEBUG --- [  restartedMain] org.apache.catalina.util.LifecycleBase   : Setting state for [org.springframework.boot.web.embedded.tomcat.LazySessionIdGenerator@17baaa31] to [STARTED]
2026-01-28 12:39:54.567 DEBUG --- [  restartedMain] o.a.catalina.session.StandardManager     : Persisted data file [C:\Users\acer\AppData\Local\Temp\FD4CCF346C072FA8D401ABE4A49D45B2833CD34E\servlet-sessions\SESSIONS.ser] was not found
2026-01-28 12:39:54.567 DEBUG --- [  restartedMain] org.apache.catalina.util.LifecycleBase   : Setting state for [StandardManager[StandardEngine[Tomcat].StandardHost[localhost].TomcatEmbeddedContext[/account]]] to [STARTING]
2026-01-28 12:39:54.567 DEBUG --- [  restartedMain] org.apache.catalina.util.LifecycleBase   : Setting state for [StandardManager[StandardEngine[Tomcat].StandardHost[localhost].TomcatEmbeddedContext[/account]]] to [STARTED]
2026-01-28 12:39:54.570 DEBUG --- [  restartedMain] o.s.b.w.s.f.OrderedRequestContextFilter  : Filter 'requestContextFilter' configured for use
2026-01-28 12:39:54.571 DEBUG --- [  restartedMain] o.s.web.filter.ForwardedHeaderFilter     : Filter 'forwardedHeaderFilter' configured for use
2026-01-28 12:39:54.571 DEBUG --- [  restartedMain] c.f.accountservice.config.AppConfig$1    : Filter 'loggingFilter' configured for use
2026-01-28 12:39:54.572 DEBUG --- [  restartedMain] s.b.w.s.f.OrderedCharacterEncodingFilter : Filter 'characterEncodingFilter' configured for use
2026-01-28 12:39:54.572 DEBUG --- [  restartedMain] .DelegatingFilterProxyRegistrationBean$1 : Filter 'springSecurityFilterChain' configured for use
2026-01-28 12:39:54.572 DEBUG --- [  restartedMain] o.s.b.w.s.f.OrderedFormContentFilter     : Filter 'formContentFilter' configured for use
2026-01-28 12:39:54.572 DEBUG --- [  restartedMain] org.apache.catalina.util.LifecycleBase   : Setting state for [StandardEngine[Tomcat].StandardHost[localhost].TomcatEmbeddedContext[/account]] to [STARTING]
2026-01-28 12:39:54.573 DEBUG --- [  restartedMain] org.apache.catalina.util.LifecycleBase   : Setting state for [StandardEngine[Tomcat].StandardHost[localhost].TomcatEmbeddedContext[/account]] to [STARTED]
2026-01-28 12:39:54.573 DEBUG --- [  restartedMain] org.apache.catalina.util.LifecycleBase   : Setting state for [StandardPipeline[StandardEngine[Tomcat].StandardHost[localhost]]] to [INITIALIZING]
2026-01-28 12:39:54.573 DEBUG --- [  restartedMain] org.apache.catalina.util.LifecycleBase   : Setting state for [StandardPipeline[StandardEngine[Tomcat].StandardHost[localhost]]] to [INITIALIZED]
2026-01-28 12:39:54.573 DEBUG --- [  restartedMain] org.apache.catalina.util.LifecycleBase   : Setting state for [StandardPipeline[StandardEngine[Tomcat].StandardHost[localhost]]] to [STARTING_PREP]
2026-01-28 12:39:54.573 DEBUG --- [  restartedMain] org.apache.catalina.util.LifecycleBase   : Setting state for [ErrorReportValve[StandardEngine[Tomcat].StandardHost[localhost]]] to [INITIALIZING]
2026-01-28 12:39:54.573 DEBUG --- [  restartedMain] org.apache.catalina.util.LifecycleBase   : Setting state for [ErrorReportValve[StandardEngine[Tomcat].StandardHost[localhost]]] to [INITIALIZED]
2026-01-28 12:39:54.574 DEBUG --- [  restartedMain] org.apache.catalina.util.LifecycleBase   : Setting state for [ErrorReportValve[StandardEngine[Tomcat].StandardHost[localhost]]] to [STARTING_PREP]
2026-01-28 12:39:54.574 DEBUG --- [  restartedMain] org.apache.catalina.util.LifecycleBase   : Setting state for [ErrorReportValve[StandardEngine[Tomcat].StandardHost[localhost]]] to [STARTING]
2026-01-28 12:39:54.574 DEBUG --- [  restartedMain] org.apache.catalina.util.LifecycleBase   : Setting state for [ErrorReportValve[StandardEngine[Tomcat].StandardHost[localhost]]] to [STARTED]
2026-01-28 12:39:54.574 DEBUG --- [  restartedMain] org.apache.catalina.util.LifecycleBase   : Setting state for [StandardHostValve[StandardEngine[Tomcat].StandardHost[localhost]]] to [INITIALIZING]
2026-01-28 12:39:54.574 DEBUG --- [  restartedMain] org.apache.catalina.util.LifecycleBase   : Setting state for [StandardHostValve[StandardEngine[Tomcat].StandardHost[localhost]]] to [INITIALIZED]
2026-01-28 12:39:54.574 DEBUG --- [  restartedMain] org.apache.catalina.util.LifecycleBase   : Setting state for [StandardHostValve[StandardEngine[Tomcat].StandardHost[localhost]]] to [STARTING_PREP]
2026-01-28 12:39:54.575 DEBUG --- [  restartedMain] org.apache.catalina.util.LifecycleBase   : Setting state for [StandardHostValve[StandardEngine[Tomcat].StandardHost[localhost]]] to [STARTING]
2026-01-28 12:39:54.575 DEBUG --- [  restartedMain] org.apache.catalina.util.LifecycleBase   : Setting state for [StandardHostValve[StandardEngine[Tomcat].StandardHost[localhost]]] to [STARTED]
2026-01-28 12:39:54.575 DEBUG --- [  restartedMain] org.apache.catalina.util.LifecycleBase   : Setting state for [StandardPipeline[StandardEngine[Tomcat].StandardHost[localhost]]] to [STARTING]
2026-01-28 12:39:54.575 DEBUG --- [  restartedMain] org.apache.catalina.util.LifecycleBase   : Setting state for [StandardPipeline[StandardEngine[Tomcat].StandardHost[localhost]]] to [STARTED]
2026-01-28 12:39:54.575 DEBUG --- [  restartedMain] org.apache.catalina.util.LifecycleBase   : Setting state for [StandardEngine[Tomcat].StandardHost[localhost]] to [STARTING]
2026-01-28 12:39:54.575 DEBUG --- [  restartedMain] org.apache.catalina.util.LifecycleBase   : Setting state for [StandardEngine[Tomcat].StandardHost[localhost]] to [STARTED]
2026-01-28 12:39:54.575 DEBUG --- [  restartedMain] org.apache.catalina.util.LifecycleBase   : Setting state for [StandardPipeline[StandardEngine[Tomcat]]] to [INITIALIZING]
2026-01-28 12:39:54.575 DEBUG --- [  restartedMain] org.apache.catalina.util.LifecycleBase   : Setting state for [StandardPipeline[StandardEngine[Tomcat]]] to [INITIALIZED]
2026-01-28 12:39:54.575 DEBUG --- [  restartedMain] org.apache.catalina.util.LifecycleBase   : Setting state for [StandardPipeline[StandardEngine[Tomcat]]] to [STARTING_PREP]
2026-01-28 12:39:54.576 DEBUG --- [  restartedMain] org.apache.catalina.util.LifecycleBase   : Setting state for [StandardEngineValve[StandardEngine[Tomcat]]] to [INITIALIZING]
2026-01-28 12:39:54.576 DEBUG --- [  restartedMain] org.apache.catalina.util.LifecycleBase   : Setting state for [StandardEngineValve[StandardEngine[Tomcat]]] to [INITIALIZED]
2026-01-28 12:39:54.576 DEBUG --- [  restartedMain] org.apache.catalina.util.LifecycleBase   : Setting state for [StandardEngineValve[StandardEngine[Tomcat]]] to [STARTING_PREP]
2026-01-28 12:39:54.576 DEBUG --- [  restartedMain] org.apache.catalina.util.LifecycleBase   : Setting state for [StandardEngineValve[StandardEngine[Tomcat]]] to [STARTING]
2026-01-28 12:39:54.576 DEBUG --- [  restartedMain] org.apache.catalina.util.LifecycleBase   : Setting state for [StandardEngineValve[StandardEngine[Tomcat]]] to [STARTED]
2026-01-28 12:39:54.576 DEBUG --- [  restartedMain] org.apache.catalina.util.LifecycleBase   : Setting state for [StandardPipeline[StandardEngine[Tomcat]]] to [STARTING]
2026-01-28 12:39:54.576 DEBUG --- [  restartedMain] org.apache.catalina.util.LifecycleBase   : Setting state for [StandardPipeline[StandardEngine[Tomcat]]] to [STARTED]
2026-01-28 12:39:54.576 DEBUG --- [  restartedMain] org.apache.catalina.util.LifecycleBase   : Setting state for [StandardEngine[Tomcat]] to [STARTING]
2026-01-28 12:39:54.578 DEBUG --- [  restartedMain] org.apache.catalina.util.LifecycleBase   : Setting state for [StandardEngine[Tomcat]] to [STARTED]
2026-01-28 12:39:54.578 DEBUG --- [  restartedMain] org.apache.catalina.util.LifecycleBase   : Setting state for [org.apache.catalina.mapper.MapperListener@1cd494b4] to [STARTING_PREP]
2026-01-28 12:39:54.578 DEBUG --- [  restartedMain] org.apache.catalina.util.LifecycleBase   : Setting state for [org.apache.catalina.mapper.MapperListener@1cd494b4] to [STARTING]
2026-01-28 12:39:54.579 DEBUG --- [  restartedMain] org.apache.catalina.mapper.Mapper        : Registered host [localhost]
2026-01-28 12:39:54.580 DEBUG --- [  restartedMain] o.apache.catalina.mapper.MapperListener  : Register Wrapper [dispatcherServlet] in Context [/account] for service [StandardService[Tomcat]]
2026-01-28 12:39:54.580 DEBUG --- [  restartedMain] o.apache.catalina.mapper.MapperListener  : Register Context [/account] for service [StandardService[Tomcat]]
2026-01-28 12:39:54.580 DEBUG --- [  restartedMain] o.apache.catalina.mapper.MapperListener  : Register host [localhost] at domain [null] for service [StandardService[Tomcat]]
2026-01-28 12:39:54.580 DEBUG --- [  restartedMain] org.apache.catalina.util.LifecycleBase   : Setting state for [org.apache.catalina.mapper.MapperListener@1cd494b4] to [STARTED]
2026-01-28 12:39:54.580 DEBUG --- [  restartedMain] org.apache.catalina.util.LifecycleBase   : Setting state for [StandardService[Tomcat]] to [STARTED]
2026-01-28 12:39:54.581 DEBUG --- [  restartedMain] org.apache.catalina.util.LifecycleBase   : Setting state for [StandardServer[-1]] to [STARTED]
2026-01-28 12:39:54.586 DEBUG --- [  restartedMain] o.s.b.f.s.DefaultListableBeanFactory     : Creating shared instance of singleton bean 'dataSourceScriptDatabaseInitializer'
2026-01-28 12:39:54.586 DEBUG --- [  restartedMain] o.s.b.f.s.DefaultListableBeanFactory     : Creating shared instance of singleton bean 'org.springframework.boot.autoconfigure.sql.init.DataSourceInitializationConfiguration'
2026-01-28 12:39:54.587 DEBUG --- [  restartedMain] o.s.b.f.s.DefaultListableBeanFactory     : Creating shared instance of singleton bean 'dataSource'
2026-01-28 12:39:54.587 DEBUG --- [  restartedMain] o.s.b.f.s.DefaultListableBeanFactory     : Creating shared instance of singleton bean 'org.springframework.boot.autoconfigure.jdbc.DataSourceConfiguration$Hikari'
2026-01-28 12:39:54.589 DEBUG --- [  restartedMain] o.s.b.f.s.DefaultListableBeanFactory     : Creating shared instance of singleton bean 'spring.datasource-org.springframework.boot.autoconfigure.jdbc.DataSourceProperties'
2026-01-28 12:39:54.592 DEBUG --- [  restartedMain] ySourcesPropertyResolver$DefaultResolver : Found key 'MYSQL_PASSWORD' in PropertySource 'Config resource 'file [.env]' via location 'optional:file:.env[.properties]'' with value of type String
2026-01-28 12:39:54.592 DEBUG --- [  restartedMain] ySourcesPropertyResolver$DefaultResolver : Found key 'MYSQL_URL' in PropertySource 'Config resource 'file [.env]' via location 'optional:file:.env[.properties]'' with value of type String
2026-01-28 12:39:54.593 DEBUG --- [  restartedMain] ySourcesPropertyResolver$DefaultResolver : Found key 'MYSQL_USER' in PropertySource 'Config resource 'file [.env]' via location 'optional:file:.env[.properties]'' with value of type String
2026-01-28 12:39:54.600 DEBUG --- [  restartedMain] o.s.b.f.s.DefaultListableBeanFactory     : Creating shared instance of singleton bean 'jdbcConnectionDetails'
2026-01-28 12:39:54.600 DEBUG --- [  restartedMain] o.s.b.f.s.DefaultListableBeanFactory     : Creating shared instance of singleton bean 'org.springframework.boot.autoconfigure.jdbc.DataSourceAutoConfiguration$PooledDataSourceConfiguration'
2026-01-28 12:39:54.601 DEBUG --- [  restartedMain] o.s.b.f.s.DefaultListableBeanFactory     : Autowiring by type from bean name 'jdbcConnectionDetails' via factory method to bean named 'spring.datasource-org.springframework.boot.autoconfigure.jdbc.DataSourceProperties'
2026-01-28 12:39:54.601 DEBUG --- [  restartedMain] o.s.b.f.s.DefaultListableBeanFactory     : Autowiring by type from bean name 'dataSource' via factory method to bean named 'spring.datasource-org.springframework.boot.autoconfigure.jdbc.DataSourceProperties'
2026-01-28 12:39:54.602 DEBUG --- [  restartedMain] o.s.b.f.s.DefaultListableBeanFactory     : Autowiring by type from bean name 'dataSource' via factory method to bean named 'jdbcConnectionDetails'
2026-01-28 12:39:54.608 DEBUG --- [  restartedMain] com.zaxxer.hikari.HikariConfig           : Driver class com.mysql.cj.jdbc.Driver found in Thread context class loader org.springframework.boot.devtools.restart.classloader.RestartClassLoader@5f2333a2
2026-01-28 12:39:54.625 DEBUG --- [  restartedMain] o.s.b.f.s.DefaultListableBeanFactory     : Creating shared instance of singleton bean 'spring.sql.init-org.springframework.boot.autoconfigure.sql.init.SqlInitializationProperties'
2026-01-28 12:39:54.628 DEBUG --- [  restartedMain] o.s.b.f.s.DefaultListableBeanFactory     : Autowiring by type from bean name 'dataSourceScriptDatabaseInitializer' via factory method to bean named 'dataSource'
2026-01-28 12:39:54.628 DEBUG --- [  restartedMain] o.s.b.f.s.DefaultListableBeanFactory     : Autowiring by type from bean name 'dataSourceScriptDatabaseInitializer' via factory method to bean named 'spring.sql.init-org.springframework.boot.autoconfigure.sql.init.SqlInitializationProperties'
2026-01-28 12:39:54.633 DEBUG --- [  restartedMain] o.s.b.f.s.DefaultListableBeanFactory     : Creating shared instance of singleton bean 'inMemoryDatabaseShutdownExecutor'
2026-01-28 12:39:54.634 DEBUG --- [  restartedMain] o.s.b.f.s.DefaultListableBeanFactory     : Creating shared instance of singleton bean 'org.springframework.boot.devtools.autoconfigure.DevToolsDataSourceAutoConfiguration'
2026-01-28 12:39:54.635 DEBUG --- [  restartedMain] o.s.b.f.s.DefaultListableBeanFactory     : Autowiring by type from bean name 'inMemoryDatabaseShutdownExecutor' via factory method to bean named 'dataSource'
2026-01-28 12:39:54.635 DEBUG --- [  restartedMain] o.s.b.f.s.DefaultListableBeanFactory     : Autowiring by type from bean name 'inMemoryDatabaseShutdownExecutor' via factory method to bean named 'spring.datasource-org.springframework.boot.autoconfigure.jdbc.DataSourceProperties'
2026-01-28 12:39:54.636 DEBUG --- [  restartedMain] o.s.b.f.s.DefaultListableBeanFactory     : Creating shared instance of singleton bean 'org.springframework.context.config.internalBeanConfigurerAspect'
2026-01-28 12:39:54.637 DEBUG --- [  restartedMain] o.s.b.f.s.DefaultListableBeanFactory     : Creating shared instance of singleton bean 'entityManagerFactory'
2026-01-28 12:39:54.637 DEBUG --- [  restartedMain] o.s.b.f.s.DefaultListableBeanFactory     : Creating shared instance of singleton bean 'org.springframework.boot.autoconfigure.orm.jpa.HibernateJpaConfiguration'
2026-01-28 12:39:54.639 DEBUG --- [  restartedMain] o.s.b.f.s.DefaultListableBeanFactory     : Creating shared instance of singleton bean 'spring.jpa-org.springframework.boot.autoconfigure.orm.jpa.JpaProperties'
2026-01-28 12:39:54.644 DEBUG --- [  restartedMain] o.s.b.f.s.DefaultListableBeanFactory     : Creating shared instance of singleton bean 'spring.jpa.hibernate-org.springframework.boot.autoconfigure.orm.jpa.HibernateProperties'
2026-01-28 12:39:54.645 DEBUG --- [  restartedMain] o.s.b.f.s.DefaultListableBeanFactory     : Autowiring by type from bean name 'org.springframework.boot.autoconfigure.orm.jpa.HibernateJpaConfiguration' via constructor to bean named 'dataSource'
2026-01-28 12:39:54.645 DEBUG --- [  restartedMain] o.s.b.f.s.DefaultListableBeanFactory     : Autowiring by type from bean name 'org.springframework.boot.autoconfigure.orm.jpa.HibernateJpaConfiguration' via constructor to bean named 'spring.jpa-org.springframework.boot.autoconfigure.orm.jpa.JpaProperties'
2026-01-28 12:39:54.645 DEBUG --- [  restartedMain] o.s.b.f.s.DefaultListableBeanFactory     : Autowiring by type from bean name 'org.springframework.boot.autoconfigure.orm.jpa.HibernateJpaConfiguration' via constructor to bean named 'org.springframework.beans.factory.support.DefaultListableBeanFactory@4b6ceb9d'
2026-01-28 12:39:54.645 DEBUG --- [  restartedMain] o.s.b.f.s.DefaultListableBeanFactory     : Autowiring by type from bean name 'org.springframework.boot.autoconfigure.orm.jpa.HibernateJpaConfiguration' via constructor to bean named 'spring.jpa.hibernate-org.springframework.boot.autoconfigure.orm.jpa.HibernateProperties'
2026-01-28 12:39:54.648 DEBUG --- [  restartedMain] o.s.b.f.s.DefaultListableBeanFactory     : Creating shared instance of singleton bean 'hikariPoolDataSourceMetadataProvider'
2026-01-28 12:39:54.648 DEBUG --- [  restartedMain] o.s.b.f.s.DefaultListableBeanFactory     : Creating shared instance of singleton bean 'org.springframework.boot.autoconfigure.jdbc.metadata.DataSourcePoolMetadataProvidersConfiguration$HikariPoolDataSourceMetadataProviderConfiguration'
2026-01-28 12:39:54.653 DEBUG --- [  restartedMain] o.s.b.f.s.DefaultListableBeanFactory     : Creating shared instance of singleton bean 'entityManagerFactoryBuilder'
2026-01-28 12:39:54.653 DEBUG --- [  restartedMain] o.s.b.f.s.DefaultListableBeanFactory     : Creating shared instance of singleton bean 'jpaVendorAdapter'
2026-01-28 12:39:54.665 DEBUG --- [  restartedMain] o.s.b.f.s.DefaultListableBeanFactory     : Autowiring by type from bean name 'entityManagerFactoryBuilder' via factory method to bean named 'jpaVendorAdapter'
2026-01-28 12:39:54.677 DEBUG --- [  restartedMain] o.s.b.f.s.DefaultListableBeanFactory     : Creating shared instance of singleton bean 'persistenceManagedTypes'
2026-01-28 12:39:54.678 DEBUG --- [  restartedMain] o.s.b.f.s.DefaultListableBeanFactory     : Autowiring by type from bean name 'persistenceManagedTypes' via factory method to bean named 'org.springframework.beans.factory.support.DefaultListableBeanFactory@4b6ceb9d'
2026-01-28 12:39:54.678 DEBUG --- [  restartedMain] o.s.b.f.s.DefaultListableBeanFactory     : Autowiring by type from bean name 'persistenceManagedTypes' via factory method to bean named 'org.springframework.boot.web.servlet.context.AnnotationConfigServletWebServerApplicationContext@7bfc1538'
2026-01-28 12:39:54.688 DEBUG --- [  restartedMain] o.s.b.f.s.DefaultListableBeanFactory     : Autowiring by type from bean name 'entityManagerFactory' via factory method to bean named 'entityManagerFactoryBuilder'
2026-01-28 12:39:54.688 DEBUG --- [  restartedMain] o.s.b.f.s.DefaultListableBeanFactory     : Autowiring by type from bean name 'entityManagerFactory' via factory method to bean named 'persistenceManagedTypes'
2026-01-28 12:39:54.695 DEBUG --- [  restartedMain] j.LocalContainerEntityManagerFactoryBean : Building JPA container EntityManagerFactory for persistence unit 'default'
2026-01-28 12:39:55.063  INFO --- [  restartedMain] o.s.o.j.p.SpringPersistenceUnitInfo      : No LoadTimeWeaver setup: ignoring JPA class transformer
2026-01-28 12:39:55.089 DEBUG --- [  restartedMain] com.zaxxer.hikari.HikariConfig           : HikariPool-1 - configuration:
2026-01-28 12:39:55.093 DEBUG --- [  restartedMain] com.zaxxer.hikari.HikariConfig           : allowPoolSuspension.............false
2026-01-28 12:39:55.093 DEBUG --- [  restartedMain] com.zaxxer.hikari.HikariConfig           : autoCommit......................true
2026-01-28 12:39:55.093 DEBUG --- [  restartedMain] com.zaxxer.hikari.HikariConfig           : catalog.........................none
2026-01-28 12:39:55.093 DEBUG --- [  restartedMain] com.zaxxer.hikari.HikariConfig           : connectionInitSql...............none
2026-01-28 12:39:55.093 DEBUG --- [  restartedMain] com.zaxxer.hikari.HikariConfig           : connectionTestQuery.............none
2026-01-28 12:39:55.094 DEBUG --- [  restartedMain] com.zaxxer.hikari.HikariConfig           : connectionTimeout...............30000
2026-01-28 12:39:55.094 DEBUG --- [  restartedMain] com.zaxxer.hikari.HikariConfig           : dataSource......................none
2026-01-28 12:39:55.094 DEBUG --- [  restartedMain] com.zaxxer.hikari.HikariConfig           : dataSourceClassName.............none
2026-01-28 12:39:55.094 DEBUG --- [  restartedMain] com.zaxxer.hikari.HikariConfig           : dataSourceJNDI..................none
2026-01-28 12:39:55.094 DEBUG --- [  restartedMain] com.zaxxer.hikari.HikariConfig           : dataSourceProperties............{password=<masked>}
2026-01-28 12:39:55.094 DEBUG --- [  restartedMain] com.zaxxer.hikari.HikariConfig           : driverClassName................."com.mysql.cj.jdbc.Driver"
2026-01-28 12:39:55.094 DEBUG --- [  restartedMain] com.zaxxer.hikari.HikariConfig           : exceptionOverrideClassName......none
2026-01-28 12:39:55.094 DEBUG --- [  restartedMain] com.zaxxer.hikari.HikariConfig           : healthCheckProperties...........{}
2026-01-28 12:39:55.095 DEBUG --- [  restartedMain] com.zaxxer.hikari.HikariConfig           : healthCheckRegistry.............none
2026-01-28 12:39:55.095 DEBUG --- [  restartedMain] com.zaxxer.hikari.HikariConfig           : idleTimeout.....................600000
2026-01-28 12:39:55.095 DEBUG --- [  restartedMain] com.zaxxer.hikari.HikariConfig           : initializationFailTimeout.......1
2026-01-28 12:39:55.095 DEBUG --- [  restartedMain] com.zaxxer.hikari.HikariConfig           : isolateInternalQueries..........false
2026-01-28 12:39:55.095 DEBUG --- [  restartedMain] com.zaxxer.hikari.HikariConfig           : jdbcUrl.........................jdbc:mysql://mysql-3db5c258-cangngoo123-1bf2.d.aivencloud.com:28331/defaultdb?useSSL=true&requireSSL=true&verifyServerCertificate=false&useUnicode=true&characterEncoding=utf8&allowPublicKeyRetrieval=true
2026-01-28 12:39:55.095 DEBUG --- [  restartedMain] com.zaxxer.hikari.HikariConfig           : keepaliveTime...................0
2026-01-28 12:39:55.095 DEBUG --- [  restartedMain] com.zaxxer.hikari.HikariConfig           : leakDetectionThreshold..........0
2026-01-28 12:39:55.095 DEBUG --- [  restartedMain] com.zaxxer.hikari.HikariConfig           : maxLifetime.....................1800000
2026-01-28 12:39:55.095 DEBUG --- [  restartedMain] com.zaxxer.hikari.HikariConfig           : maximumPoolSize.................10
2026-01-28 12:39:55.095 DEBUG --- [  restartedMain] com.zaxxer.hikari.HikariConfig           : metricRegistry..................none
2026-01-28 12:39:55.095 DEBUG --- [  restartedMain] com.zaxxer.hikari.HikariConfig           : metricsTrackerFactory...........none
2026-01-28 12:39:55.095 DEBUG --- [  restartedMain] com.zaxxer.hikari.HikariConfig           : minimumIdle.....................10
2026-01-28 12:39:55.095 DEBUG --- [  restartedMain] com.zaxxer.hikari.HikariConfig           : password........................<masked>
2026-01-28 12:39:55.095 DEBUG --- [  restartedMain] com.zaxxer.hikari.HikariConfig           : poolName........................"HikariPool-1"
2026-01-28 12:39:55.096 DEBUG --- [  restartedMain] com.zaxxer.hikari.HikariConfig           : readOnly........................false
2026-01-28 12:39:55.096 DEBUG --- [  restartedMain] com.zaxxer.hikari.HikariConfig           : registerMbeans..................false
2026-01-28 12:39:55.096 DEBUG --- [  restartedMain] com.zaxxer.hikari.HikariConfig           : scheduledExecutor...............none
2026-01-28 12:39:55.096 DEBUG --- [  restartedMain] com.zaxxer.hikari.HikariConfig           : schema..........................none
2026-01-28 12:39:55.096 DEBUG --- [  restartedMain] com.zaxxer.hikari.HikariConfig           : threadFactory...................internal
2026-01-28 12:39:55.096 DEBUG --- [  restartedMain] com.zaxxer.hikari.HikariConfig           : transactionIsolation............default
2026-01-28 12:39:55.096 DEBUG --- [  restartedMain] com.zaxxer.hikari.HikariConfig           : username........................"avnadmin"
2026-01-28 12:39:55.096 DEBUG --- [  restartedMain] com.zaxxer.hikari.HikariConfig           : validationTimeout...............5000
2026-01-28 12:39:55.096  INFO --- [  restartedMain] com.zaxxer.hikari.HikariDataSource       : HikariPool-1 - Starting...
2026-01-28 12:39:55.686 DEBUG --- [  restartedMain] jdk.event.security                       : X509Certificate: Alg:SHA384withRSA, Serial:56539240bca9317c32b76293dd3fb3b339412276, Subject:CN=mysql-3db5c258-2, O=116c39ae-7c56-40ae-a744-324d4e681b1c, ST=service, Issuer:CN=116c39ae-7c56-40ae-a744-324d4e681b1c GEN 1 Project CA, Key type:RSA, Length:3072, Cert Id:598374692, Valid from:1/19/26, 4:34 PM, Valid until:4/18/28, 7:34 PM
2026-01-28 12:39:55.686 DEBUG --- [  restartedMain] jdk.event.security                       : X509Certificate: Alg:SHA384withRSA, Serial:58db7138134fdd23146e018032bdd4666c9fc5bb, Subject:CN=116c39ae-7c56-40ae-a744-324d4e681b1c GEN 1 Project CA, Issuer:CN=116c39ae-7c56-40ae-a744-324d4e681b1c GEN 1 Project CA, Key type:RSA, Length:3072, Cert Id:1211769917, Valid from:5/23/25, 7:30 AM, Valid until:5/21/35, 7:30 AM
2026-01-28 12:39:55.693 DEBUG --- [  restartedMain] jdk.event.security                       :  TLSHandshake: mysql-3db5c258-cangngoo123-1bf2.d.aivencloud.com:28331, TLSv1.3, TLS_AES_256_GCM_SHA384, 598374692
2026-01-28 12:39:56.453  INFO --- [  restartedMain] com.zaxxer.hikari.pool.HikariPool        : HikariPool-1 - Added connection com.mysql.cj.jdbc.ConnectionImpl@37096396
2026-01-28 12:39:56.454  INFO --- [  restartedMain] com.zaxxer.hikari.HikariDataSource       : HikariPool-1 - Start completed.
2026-01-28 12:39:56.565 DEBUG --- [l-1 housekeeper] com.zaxxer.hikari.pool.HikariPool        : HikariPool-1 - Pool stats (total=1, active=1, idle=0, waiting=0)
2026-01-28 12:39:56.805  WARN --- [  restartedMain] org.hibernate.orm.deprecation            : HHH90000025: MySQL8Dialect does not need to be specified explicitly using 'hibernate.dialect' (remove the property setting and it will be selected by default)
2026-01-28 12:39:56.806  WARN --- [  restartedMain] org.hibernate.orm.deprecation            : HHH90000026: MySQL8Dialect has been deprecated; use org.hibernate.dialect.MySQLDialect instead
2026-01-28 12:39:56.859 DEBUG --- [onnection adder] jdk.event.security                       : X509Certificate: Alg:SHA384withRSA, Serial:56539240bca9317c32b76293dd3fb3b339412276, Subject:CN=mysql-3db5c258-2, O=116c39ae-7c56-40ae-a744-324d4e681b1c, ST=service, Issuer:CN=116c39ae-7c56-40ae-a744-324d4e681b1c GEN 1 Project CA, Key type:RSA, Length:3072, Cert Id:598374692, Valid from:1/19/26, 4:34 PM, Valid until:4/18/28, 7:34 PM
2026-01-28 12:39:56.860 DEBUG --- [onnection adder] jdk.event.security                       : X509Certificate: Alg:SHA384withRSA, Serial:58db7138134fdd23146e018032bdd4666c9fc5bb, Subject:CN=116c39ae-7c56-40ae-a744-324d4e681b1c GEN 1 Project CA, Issuer:CN=116c39ae-7c56-40ae-a744-324d4e681b1c GEN 1 Project CA, Key type:RSA, Length:3072, Cert Id:1211769917, Valid from:5/23/25, 7:30 AM, Valid until:5/21/35, 7:30 AM
2026-01-28 12:39:56.861 DEBUG --- [onnection adder] jdk.event.security                       :  TLSHandshake: mysql-3db5c258-cangngoo123-1bf2.d.aivencloud.com:28331, TLSv1.3, TLS_AES_256_GCM_SHA384, 598374692
2026-01-28 12:39:57.346 DEBUG --- [onnection adder] com.zaxxer.hikari.pool.HikariPool        : HikariPool-1 - Added connection com.mysql.cj.jdbc.ConnectionImpl@45350d5e
2026-01-28 12:39:57.379 DEBUG --- [onnection adder] com.zaxxer.hikari.pool.HikariPool        : HikariPool-1 - After adding stats (total=2, active=0, idle=2, waiting=0)
2026-01-28 12:39:57.593 DEBUG --- [onnection adder] jdk.event.security                       : X509Certificate: Alg:SHA384withRSA, Serial:56539240bca9317c32b76293dd3fb3b339412276, Subject:CN=mysql-3db5c258-2, O=116c39ae-7c56-40ae-a744-324d4e681b1c, ST=service, Issuer:CN=116c39ae-7c56-40ae-a744-324d4e681b1c GEN 1 Project CA, Key type:RSA, Length:3072, Cert Id:598374692, Valid from:1/19/26, 4:34 PM, Valid until:4/18/28, 7:34 PM
2026-01-28 12:39:57.593 DEBUG --- [onnection adder] jdk.event.security                       : X509Certificate: Alg:SHA384withRSA, Serial:58db7138134fdd23146e018032bdd4666c9fc5bb, Subject:CN=116c39ae-7c56-40ae-a744-324d4e681b1c GEN 1 Project CA, Issuer:CN=116c39ae-7c56-40ae-a744-324d4e681b1c GEN 1 Project CA, Key type:RSA, Length:3072, Cert Id:1211769917, Valid from:5/23/25, 7:30 AM, Valid until:5/21/35, 7:30 AM
2026-01-28 12:39:57.595 DEBUG --- [onnection adder] jdk.event.security                       :  TLSHandshake: mysql-3db5c258-cangngoo123-1bf2.d.aivencloud.com:28331, TLSv1.3, TLS_AES_256_GCM_SHA384, 598374692
2026-01-28 12:39:57.987 DEBUG --- [onnection adder] com.zaxxer.hikari.pool.HikariPool        : HikariPool-1 - Added connection com.mysql.cj.jdbc.ConnectionImpl@4080765
2026-01-28 12:39:58.021 DEBUG --- [onnection adder] com.zaxxer.hikari.pool.HikariPool        : HikariPool-1 - After adding stats (total=3, active=1, idle=2, waiting=0)
2026-01-28 12:39:58.219 DEBUG --- [onnection adder] jdk.event.security                       : X509Certificate: Alg:SHA384withRSA, Serial:56539240bca9317c32b76293dd3fb3b339412276, Subject:CN=mysql-3db5c258-2, O=116c39ae-7c56-40ae-a744-324d4e681b1c, ST=service, Issuer:CN=116c39ae-7c56-40ae-a744-324d4e681b1c GEN 1 Project CA, Key type:RSA, Length:3072, Cert Id:598374692, Valid from:1/19/26, 4:34 PM, Valid until:4/18/28, 7:34 PM
2026-01-28 12:39:58.219 DEBUG --- [onnection adder] jdk.event.security                       : X509Certificate: Alg:SHA384withRSA, Serial:58db7138134fdd23146e018032bdd4666c9fc5bb, Subject:CN=116c39ae-7c56-40ae-a744-324d4e681b1c GEN 1 Project CA, Issuer:CN=116c39ae-7c56-40ae-a744-324d4e681b1c GEN 1 Project CA, Key type:RSA, Length:3072, Cert Id:1211769917, Valid from:5/23/25, 7:30 AM, Valid until:5/21/35, 7:30 AM
2026-01-28 12:39:58.221 DEBUG --- [onnection adder] jdk.event.security                       :  TLSHandshake: mysql-3db5c258-cangngoo123-1bf2.d.aivencloud.com:28331, TLSv1.3, TLS_AES_256_GCM_SHA384, 598374692
2026-01-28 12:39:58.668 DEBUG --- [onnection adder] com.zaxxer.hikari.pool.HikariPool        : HikariPool-1 - Added connection com.mysql.cj.jdbc.ConnectionImpl@35466463
2026-01-28 12:39:58.708 DEBUG --- [onnection adder] com.zaxxer.hikari.pool.HikariPool        : HikariPool-1 - After adding stats (total=4, active=1, idle=3, waiting=0)
2026-01-28 12:39:58.955 DEBUG --- [onnection adder] jdk.event.security                       : X509Certificate: Alg:SHA384withRSA, Serial:56539240bca9317c32b76293dd3fb3b339412276, Subject:CN=mysql-3db5c258-2, O=116c39ae-7c56-40ae-a744-324d4e681b1c, ST=service, Issuer:CN=116c39ae-7c56-40ae-a744-324d4e681b1c GEN 1 Project CA, Key type:RSA, Length:3072, Cert Id:598374692, Valid from:1/19/26, 4:34 PM, Valid until:4/18/28, 7:34 PM
2026-01-28 12:39:58.956 DEBUG --- [onnection adder] jdk.event.security                       : X509Certificate: Alg:SHA384withRSA, Serial:58db7138134fdd23146e018032bdd4666c9fc5bb, Subject:CN=116c39ae-7c56-40ae-a744-324d4e681b1c GEN 1 Project CA, Issuer:CN=116c39ae-7c56-40ae-a744-324d4e681b1c GEN 1 Project CA, Key type:RSA, Length:3072, Cert Id:1211769917, Valid from:5/23/25, 7:30 AM, Valid until:5/21/35, 7:30 AM
2026-01-28 12:39:58.957 DEBUG --- [onnection adder] jdk.event.security                       :  TLSHandshake: mysql-3db5c258-cangngoo123-1bf2.d.aivencloud.com:28331, TLSv1.3, TLS_AES_256_GCM_SHA384, 598374692
2026-01-28 12:39:59.402 DEBUG --- [onnection adder] com.zaxxer.hikari.pool.HikariPool        : HikariPool-1 - Added connection com.mysql.cj.jdbc.ConnectionImpl@6427f82a
2026-01-28 12:39:59.438 DEBUG --- [onnection adder] com.zaxxer.hikari.pool.HikariPool        : HikariPool-1 - After adding stats (total=5, active=1, idle=4, waiting=0)
2026-01-28 12:39:59.815 DEBUG --- [onnection adder] jdk.event.security                       : X509Certificate: Alg:SHA384withRSA, Serial:56539240bca9317c32b76293dd3fb3b339412276, Subject:CN=mysql-3db5c258-2, O=116c39ae-7c56-40ae-a744-324d4e681b1c, ST=service, Issuer:CN=116c39ae-7c56-40ae-a744-324d4e681b1c GEN 1 Project CA, Key type:RSA, Length:3072, Cert Id:598374692, Valid from:1/19/26, 4:34 PM, Valid until:4/18/28, 7:34 PM
2026-01-28 12:39:59.816 DEBUG --- [onnection adder] jdk.event.security                       : X509Certificate: Alg:SHA384withRSA, Serial:58db7138134fdd23146e018032bdd4666c9fc5bb, Subject:CN=116c39ae-7c56-40ae-a744-324d4e681b1c GEN 1 Project CA, Issuer:CN=116c39ae-7c56-40ae-a744-324d4e681b1c GEN 1 Project CA, Key type:RSA, Length:3072, Cert Id:1211769917, Valid from:5/23/25, 7:30 AM, Valid until:5/21/35, 7:30 AM
2026-01-28 12:39:59.817 DEBUG --- [onnection adder] jdk.event.security                       :  TLSHandshake: mysql-3db5c258-cangngoo123-1bf2.d.aivencloud.com:28331, TLSv1.3, TLS_AES_256_GCM_SHA384, 598374692
2026-01-28 12:40:00.000  INFO --- [  restartedMain] j.LocalContainerEntityManagerFactoryBean : Initialized JPA EntityManagerFactory for persistence unit 'default'
2026-01-28 12:40:00.006 DEBUG --- [  restartedMain] o.s.b.f.s.DefaultListableBeanFactory     : Creating shared instance of singleton bean 'accountServiceApplication'
2026-01-28 12:40:00.007 DEBUG --- [  restartedMain] o.s.b.f.s.DefaultListableBeanFactory     : Creating shared instance of singleton bean 'auditingConfig'
2026-01-28 12:40:00.007 DEBUG --- [  restartedMain] o.s.b.f.s.DefaultListableBeanFactory     : Creating shared instance of singleton bean 'corsConfig'
2026-01-28 12:40:00.007 DEBUG --- [  restartedMain] o.s.b.f.s.DefaultListableBeanFactory     : Creating shared instance of singleton bean 'jacksonConfig'
2026-01-28 12:40:00.008 DEBUG --- [  restartedMain] o.s.b.f.s.DefaultListableBeanFactory     : Creating shared instance of singleton bean 'jwtConfig'
2026-01-28 12:40:00.009 DEBUG --- [  restartedMain] ySourcesPropertyResolver$DefaultResolver : Found key 'JWT_SECRET' in PropertySource 'Config resource 'file [.env]' via location 'optional:file:.env[.properties]'' with value of type String
2026-01-28 12:40:00.009 DEBUG --- [  restartedMain] o.s.b.f.s.DefaultListableBeanFactory     : Creating shared instance of singleton bean 'OAuth2LoginFailureHandler'
2026-01-28 12:40:00.011 DEBUG --- [  restartedMain] ySourcesPropertyResolver$DefaultResolver : Found key 'FRONT_END' in PropertySource 'Config resource 'file [.env]' via location 'optional:file:.env[.properties]'' with value of type String
2026-01-28 12:40:00.011 DEBUG --- [  restartedMain] o.s.c.e.PropertySourcesPropertyResolver  : Found key 'react.frontend' in PropertySource 'environmentProperties' with value of type String
2026-01-28 12:40:00.012 DEBUG --- [  restartedMain] o.s.b.f.s.DefaultListableBeanFactory     : Creating shared instance of singleton bean 'OAuth2LoginSuccessHandler'
2026-01-28 12:40:00.014 DEBUG --- [  restartedMain] o.s.b.f.s.DefaultListableBeanFactory     : Creating shared instance of singleton bean 'jwtServiceImpl'
2026-01-28 12:40:00.022 DEBUG --- [  restartedMain] o.s.b.f.s.DefaultListableBeanFactory     : Creating shared instance of singleton bean 'roleRepository'
2026-01-28 12:40:00.028 DEBUG --- [  restartedMain] o.s.b.f.s.DefaultListableBeanFactory     : Creating shared instance of singleton bean 'jpa.named-queries#0'
2026-01-28 12:40:00.030 DEBUG --- [  restartedMain] o.s.b.f.s.DefaultListableBeanFactory     : Creating shared instance of singleton bean 'jpa.RoleRepository.fragments#0'
2026-01-28 12:40:00.034 DEBUG --- [  restartedMain] o.s.b.f.s.DefaultListableBeanFactory     : Creating shared instance of singleton bean 'jpaSharedEM_entityManagerFactory'
2026-01-28 12:40:00.056 DEBUG --- [  restartedMain] o.s.b.f.s.DefaultListableBeanFactory     : Creating shared instance of singleton bean 'jpaMappingContext'
2026-01-28 12:40:00.057 DEBUG --- [  restartedMain] .c.JpaMetamodelMappingContextFactoryBean : Initializing JpaMetamodelMappingContext…
2026-01-28 12:40:00.066 DEBUG --- [  restartedMain] .c.JpaMetamodelMappingContextFactoryBean : Finished initializing JpaMetamodelMappingContext
2026-01-28 12:40:00.091 DEBUG --- [  restartedMain] tor$SharedEntityManagerInvocationHandler : Creating new EntityManager for shared EntityManager invocation
2026-01-28 12:40:00.126 DEBUG --- [  restartedMain] tor$SharedEntityManagerInvocationHandler : Creating new EntityManager for shared EntityManager invocation
2026-01-28 12:40:00.142 DEBUG --- [  restartedMain] o.s.beans.CachedIntrospectionResults     : Not strongly caching class [com.fsocial.accountservice.entity.Role] because it is not cache-safe
2026-01-28 12:40:00.163 DEBUG --- [  restartedMain] o.s.beans.CachedIntrospectionResults     : Not strongly caching class [com.fsocial.accountservice.entity.Permission] because it is not cache-safe
2026-01-28 12:40:00.167 DEBUG --- [  restartedMain] o.s.beans.CachedIntrospectionResults     : Not strongly caching class [com.fsocial.accountservice.entity.Account] because it is not cache-safe
2026-01-28 12:40:00.169 DEBUG --- [  restartedMain] o.s.beans.CachedIntrospectionResults     : Not strongly caching class [com.fsocial.accountservice.entity.Token] because it is not cache-safe
2026-01-28 12:40:00.171 DEBUG --- [  restartedMain] o.s.beans.CachedIntrospectionResults     : Not strongly caching class [com.fsocial.accountservice.entity.Profile] because it is not cache-safe
2026-01-28 12:40:00.177 DEBUG --- [  restartedMain] o.s.d.r.c.s.RepositoryFactorySupport     : Initializing repository instance for com.fsocial.accountservice.repository.RoleRepository…
2026-01-28 12:40:00.188 DEBUG --- [  restartedMain] tor$SharedEntityManagerInvocationHandler : Creating new EntityManager for shared EntityManager invocation
2026-01-28 12:40:00.188 DEBUG --- [onnection adder] com.zaxxer.hikari.pool.HikariPool        : HikariPool-1 - Added connection com.mysql.cj.jdbc.ConnectionImpl@606960ac
2026-01-28 12:40:00.208 DEBUG --- [  restartedMain] o.s.d.r.c.s.RepositoryFactorySupport     : Finished creation of repository instance for com.fsocial.accountservice.repository.RoleRepository.
2026-01-28 12:40:00.212 DEBUG --- [  restartedMain] o.s.b.f.s.DefaultListableBeanFactory     : Creating shared instance of singleton bean 'accountRepository'
2026-01-28 12:40:00.213 DEBUG --- [  restartedMain] o.s.b.f.s.DefaultListableBeanFactory     : Creating shared instance of singleton bean 'jpa.named-queries#2'
2026-01-28 12:40:00.214 DEBUG --- [  restartedMain] o.s.b.f.s.DefaultListableBeanFactory     : Creating shared instance of singleton bean 'jpa.AccountRepository.fragments#0'
2026-01-28 12:40:00.215 DEBUG --- [  restartedMain] tor$SharedEntityManagerInvocationHandler : Creating new EntityManager for shared EntityManager invocation
2026-01-28 12:40:00.215 DEBUG --- [  restartedMain] o.s.d.r.c.s.RepositoryFactorySupport     : Initializing repository instance for com.fsocial.accountservice.repository.AccountRepository…
2026-01-28 12:40:00.216 DEBUG --- [  restartedMain] tor$SharedEntityManagerInvocationHandler : Creating new EntityManager for shared EntityManager invocation
2026-01-28 12:40:00.222 DEBUG --- [onnection adder] com.zaxxer.hikari.pool.HikariPool        : HikariPool-1 - After adding stats (total=6, active=0, idle=6, waiting=0)
2026-01-28 12:40:00.243 DEBUG --- [  restartedMain] o.s.d.jpa.repository.query.NamedQuery    : Looking up named query 'Account.findByUsername'
2026-01-28 12:40:00.246 DEBUG --- [  restartedMain] o.s.d.jpa.repository.query.NamedQuery    : Did not find named query Account.findByUsername
2026-01-28 12:40:00.249 DEBUG --- [  restartedMain] tor$SharedEntityManagerInvocationHandler : Creating new EntityManager for shared EntityManager invocation
2026-01-28 12:40:00.299 DEBUG --- [  restartedMain] o.s.d.jpa.repository.query.NamedQuery    : Looking up named query 'Account.findByEmail'
2026-01-28 12:40:00.299 DEBUG --- [  restartedMain] o.s.d.jpa.repository.query.NamedQuery    : Did not find named query Account.findByEmail
2026-01-28 12:40:00.299 DEBUG --- [  restartedMain] tor$SharedEntityManagerInvocationHandler : Creating new EntityManager for shared EntityManager invocation
2026-01-28 12:40:00.301 DEBUG --- [  restartedMain] o.s.d.jpa.repository.query.NamedQuery    : Looking up named query 'Account.countByUsername'
2026-01-28 12:40:00.301 DEBUG --- [  restartedMain] o.s.d.jpa.repository.query.NamedQuery    : Did not find named query Account.countByUsername
2026-01-28 12:40:00.301 DEBUG --- [  restartedMain] tor$SharedEntityManagerInvocationHandler : Creating new EntityManager for shared EntityManager invocation
2026-01-28 12:40:00.302 DEBUG --- [  restartedMain] o.s.d.jpa.repository.query.NamedQuery    : Looking up named query 'Account.countByEmail'
2026-01-28 12:40:00.302 DEBUG --- [  restartedMain] o.s.d.jpa.repository.query.NamedQuery    : Did not find named query Account.countByEmail
2026-01-28 12:40:00.302 DEBUG --- [  restartedMain] tor$SharedEntityManagerInvocationHandler : Creating new EntityManager for shared EntityManager invocation
2026-01-28 12:40:00.307 DEBUG --- [  restartedMain] o.s.d.jpa.repository.query.NamedQuery    : Did not find named query Account.checkDuplication.count
2026-01-28 12:40:00.307 DEBUG --- [  restartedMain] tor$SharedEntityManagerInvocationHandler : Creating new EntityManager for shared EntityManager invocation
2026-01-28 12:40:00.319  INFO --- [  restartedMain] o.s.d.j.r.query.QueryEnhancerFactory     : Hibernate is in classpath; If applicable, HQL parser will be used.
2026-01-28 12:40:00.395 DEBUG --- [onnection adder] jdk.event.security                       : X509Certificate: Alg:SHA384withRSA, Serial:56539240bca9317c32b76293dd3fb3b339412276, Subject:CN=mysql-3db5c258-2, O=116c39ae-7c56-40ae-a744-324d4e681b1c, ST=service, Issuer:CN=116c39ae-7c56-40ae-a744-324d4e681b1c GEN 1 Project CA, Key type:RSA, Length:3072, Cert Id:598374692, Valid from:1/19/26, 4:34 PM, Valid until:4/18/28, 7:34 PM
2026-01-28 12:40:00.395 DEBUG --- [onnection adder] jdk.event.security                       : X509Certificate: Alg:SHA384withRSA, Serial:58db7138134fdd23146e018032bdd4666c9fc5bb, Subject:CN=116c39ae-7c56-40ae-a744-324d4e681b1c GEN 1 Project CA, Issuer:CN=116c39ae-7c56-40ae-a744-324d4e681b1c GEN 1 Project CA, Key type:RSA, Length:3072, Cert Id:1211769917, Valid from:5/23/25, 7:30 AM, Valid until:5/21/35, 7:30 AM
2026-01-28 12:40:00.396 DEBUG --- [onnection adder] jdk.event.security                       :  TLSHandshake: mysql-3db5c258-cangngoo123-1bf2.d.aivencloud.com:28331, TLSv1.3, TLS_AES_256_GCM_SHA384, 598374692
2026-01-28 12:40:01.000 DEBUG --- [onnection adder] com.zaxxer.hikari.pool.HikariPool        : HikariPool-1 - Added connection com.mysql.cj.jdbc.ConnectionImpl@7ec6f352
2026-01-28 12:40:01.045 DEBUG --- [onnection adder] com.zaxxer.hikari.pool.HikariPool        : HikariPool-1 - After adding stats (total=7, active=0, idle=7, waiting=0)
2026-01-28 12:40:01.058 DEBUG --- [  restartedMain] o.s.d.jpa.repository.query.NamedQuery    : Looking up named query 'Account.countByUsernameOrEmail'
2026-01-28 12:40:01.058 DEBUG --- [  restartedMain] o.s.d.jpa.repository.query.NamedQuery    : Did not find named query Account.countByUsernameOrEmail
2026-01-28 12:40:01.058 DEBUG --- [  restartedMain] tor$SharedEntityManagerInvocationHandler : Creating new EntityManager for shared EntityManager invocation
2026-01-28 12:40:01.060 DEBUG --- [  restartedMain] o.s.d.jpa.repository.query.NamedQuery    : Did not find named query Account.countByCreatedAtByDate.count
2026-01-28 12:40:01.060 DEBUG --- [  restartedMain] tor$SharedEntityManagerInvocationHandler : Creating new EntityManager for shared EntityManager invocation
2026-01-28 12:40:01.131 DEBUG --- [  restartedMain] o.s.d.jpa.repository.query.NamedQuery    : Did not find named query Account.countByCreatedAtByHours.count
2026-01-28 12:40:01.131 DEBUG --- [  restartedMain] tor$SharedEntityManagerInvocationHandler : Creating new EntityManager for shared EntityManager invocation
2026-01-28 12:40:01.229 DEBUG --- [  restartedMain] o.s.d.jpa.repository.query.NamedQuery    : Looking up named query 'Account.findByUsernameOrEmail'
2026-01-28 12:40:01.230 DEBUG --- [  restartedMain] o.s.d.jpa.repository.query.NamedQuery    : Did not find named query Account.findByUsernameOrEmail
2026-01-28 12:40:01.230 DEBUG --- [  restartedMain] tor$SharedEntityManagerInvocationHandler : Creating new EntityManager for shared EntityManager invocation
2026-01-28 12:40:01.233 DEBUG --- [  restartedMain] o.s.d.r.c.s.RepositoryFactorySupport     : Finished creation of repository instance for com.fsocial.accountservice.repository.AccountRepository.
2026-01-28 12:40:01.235 DEBUG --- [  restartedMain] o.s.b.f.s.DefaultListableBeanFactory     : Creating shared instance of singleton bean 'refreshTokenRepository'
2026-01-28 12:40:01.238 DEBUG --- [  restartedMain] o.s.b.f.s.DefaultListableBeanFactory     : Creating shared instance of singleton bean 'jpa.named-queries#1'
2026-01-28 12:40:01.240 DEBUG --- [  restartedMain] o.s.b.f.s.DefaultListableBeanFactory     : Creating shared instance of singleton bean 'jpa.RefreshTokenRepository.fragments#0'
2026-01-28 12:40:01.241 DEBUG --- [  restartedMain] tor$SharedEntityManagerInvocationHandler : Creating new EntityManager for shared EntityManager invocation
2026-01-28 12:40:01.242 DEBUG --- [  restartedMain] o.s.beans.CachedIntrospectionResults     : Not strongly caching class [com.fsocial.accountservice.entity.RefreshToken] because it is not cache-safe
2026-01-28 12:40:01.245 DEBUG --- [  restartedMain] o.s.d.r.c.s.RepositoryFactorySupport     : Initializing repository instance for com.fsocial.accountservice.repository.RefreshTokenRepository…
2026-01-28 12:40:01.246 DEBUG --- [  restartedMain] tor$SharedEntityManagerInvocationHandler : Creating new EntityManager for shared EntityManager invocation
2026-01-28 12:40:01.249 DEBUG --- [  restartedMain] o.s.d.jpa.repository.query.NamedQuery    : Looking up named query 'RefreshToken.findByUsername'
2026-01-28 12:40:01.249 DEBUG --- [  restartedMain] o.s.d.jpa.repository.query.NamedQuery    : Did not find named query RefreshToken.findByUsername
2026-01-28 12:40:01.250 DEBUG --- [  restartedMain] tor$SharedEntityManagerInvocationHandler : Creating new EntityManager for shared EntityManager invocation
2026-01-28 12:40:01.251 DEBUG --- [  restartedMain] o.s.d.jpa.repository.query.NamedQuery    : Looking up named query 'RefreshToken.findByToken'
2026-01-28 12:40:01.251 DEBUG --- [  restartedMain] o.s.d.jpa.repository.query.NamedQuery    : Did not find named query RefreshToken.findByToken
2026-01-28 12:40:01.251 DEBUG --- [  restartedMain] tor$SharedEntityManagerInvocationHandler : Creating new EntityManager for shared EntityManager invocation
2026-01-28 12:40:01.251 DEBUG --- [  restartedMain] o.s.d.jpa.repository.query.NamedQuery    : Did not find named query RefreshToken.findByUsernameAndExpiryDate_Max.count
2026-01-28 12:40:01.251 DEBUG --- [  restartedMain] tor$SharedEntityManagerInvocationHandler : Creating new EntityManager for shared EntityManager invocation
2026-01-28 12:40:01.259 DEBUG --- [  restartedMain] o.s.d.jpa.repository.query.NamedQuery    : Looking up named query 'RefreshToken.deleteOldestTokenByUsername'
2026-01-28 12:40:01.260 DEBUG --- [  restartedMain] o.s.d.jpa.repository.query.NamedQuery    : Did not find named query RefreshToken.deleteOldestTokenByUsername
2026-01-28 12:40:01.260 DEBUG --- [  restartedMain] tor$SharedEntityManagerInvocationHandler : Creating new EntityManager for shared EntityManager invocation
2026-01-28 12:40:01.260 DEBUG --- [  restartedMain] o.s.d.jpa.repository.query.NamedQuery    : Looking up named query 'RefreshToken.countByUsername'
2026-01-28 12:40:01.260 DEBUG --- [  restartedMain] o.s.d.jpa.repository.query.NamedQuery    : Did not find named query RefreshToken.countByUsername
2026-01-28 12:40:01.261 DEBUG --- [  restartedMain] tor$SharedEntityManagerInvocationHandler : Creating new EntityManager for shared EntityManager invocation
2026-01-28 12:40:01.261 DEBUG --- [  restartedMain] o.s.d.jpa.repository.query.NamedQuery    : Looking up named query 'RefreshToken.deleteByToken'
2026-01-28 12:40:01.261 DEBUG --- [  restartedMain] o.s.d.jpa.repository.query.NamedQuery    : Did not find named query RefreshToken.deleteByToken
2026-01-28 12:40:01.261 DEBUG --- [  restartedMain] tor$SharedEntityManagerInvocationHandler : Creating new EntityManager for shared EntityManager invocation
2026-01-28 12:40:01.264 DEBUG --- [  restartedMain] o.s.d.r.c.s.RepositoryFactorySupport     : Finished creation of repository instance for com.fsocial.accountservice.repository.RefreshTokenRepository.
2026-01-28 12:40:01.266 DEBUG --- [  restartedMain] o.s.b.f.s.DefaultListableBeanFactory     : Autowiring by type from bean name 'jwtServiceImpl' via constructor to bean named 'roleRepository'
2026-01-28 12:40:01.266 DEBUG --- [  restartedMain] o.s.b.f.s.DefaultListableBeanFactory     : Autowiring by type from bean name 'jwtServiceImpl' via constructor to bean named 'accountRepository'
2026-01-28 12:40:01.266 DEBUG --- [  restartedMain] o.s.b.f.s.DefaultListableBeanFactory     : Autowiring by type from bean name 'jwtServiceImpl' via constructor to bean named 'refreshTokenRepository'
2026-01-28 12:40:01.266 DEBUG --- [  restartedMain] ySourcesPropertyResolver$DefaultResolver : Found key 'jwt.signerKey' in PropertySource 'Config resource 'class path resource [application-dev.yml]' via location 'optional:classpath:/'' with value of type String
2026-01-28 12:40:01.266 DEBUG --- [  restartedMain] ySourcesPropertyResolver$DefaultResolver : Found key 'JWT_SECRET' in PropertySource 'Config resource 'file [.env]' via location 'optional:file:.env[.properties]'' with value of type String
2026-01-28 12:40:01.266 DEBUG --- [  restartedMain] o.s.c.e.PropertySourcesPropertyResolver  : Found key 'jwt.signerKey' in PropertySource 'environmentProperties' with value of type String
2026-01-28 12:40:01.267 DEBUG --- [  restartedMain] o.s.c.e.PropertySourcesPropertyResolver  : Found key 'jwt.duration' in PropertySource 'environmentProperties' with value of type String
2026-01-28 12:40:01.271 DEBUG --- [  restartedMain] o.s.b.f.s.DefaultListableBeanFactory     : Creating shared instance of singleton bean 'accountServiceImpl'
2026-01-28 12:40:01.276 DEBUG --- [  restartedMain] o.s.b.f.s.DefaultListableBeanFactory     : Creating shared instance of singleton bean 'accountMapperImpl'
2026-01-28 12:40:01.277 DEBUG --- [  restartedMain] o.s.b.f.s.DefaultListableBeanFactory     : Creating shared instance of singleton bean 'profileMapperImpl'
2026-01-28 12:40:01.278 DEBUG --- [  restartedMain] o.s.b.f.s.DefaultListableBeanFactory     : Creating shared instance of singleton bean 'passwordEncoder'
2026-01-28 12:40:01.280 DEBUG --- [  restartedMain] o.s.b.f.s.DefaultListableBeanFactory     : Creating shared instance of singleton bean 'com.fsocial.accountservice.repository.httpclient.ProfileClient'
2026-01-28 12:40:01.280 DEBUG --- [  restartedMain] o.s.c.openfeign.FeignClientFactoryBean   : Creating a FeignClientFactoryBean.
2026-01-28 12:40:01.283 DEBUG --- [  restartedMain] o.s.b.f.s.DefaultListableBeanFactory     : Creating shared instance of singleton bean 'feignContext'
2026-01-28 12:40:01.283 DEBUG --- [  restartedMain] o.s.b.f.s.DefaultListableBeanFactory     : Creating shared instance of singleton bean 'org.springframework.cloud.openfeign.FeignAutoConfiguration'
2026-01-28 12:40:01.284 DEBUG --- [  restartedMain] o.s.b.f.s.DefaultListableBeanFactory     : Creating shared instance of singleton bean 'default.com.fsocial.accountservice.AccountServiceApplication.FeignClientSpecification'
2026-01-28 12:40:01.286 DEBUG --- [  restartedMain] o.s.b.f.s.DefaultListableBeanFactory     : Creating shared instance of singleton bean 'profile-service.FeignClientSpecification'
2026-01-28 12:40:01.292 DEBUG --- [  restartedMain] s.c.a.AnnotationConfigApplicationContext : Refreshing FeignClientFactory-profile-service
2026-01-28 12:40:01.293 DEBUG --- [  restartedMain] o.s.b.f.s.DefaultListableBeanFactory     : Creating shared instance of singleton bean 'org.springframework.context.annotation.internalConfigurationAnnotationProcessor'
2026-01-28 12:40:01.308 DEBUG --- [  restartedMain] o.s.b.f.s.DefaultListableBeanFactory     : Creating shared instance of singleton bean 'propertySourcesPlaceholderConfigurer'
2026-01-28 12:40:01.309 DEBUG --- [  restartedMain] o.s.b.f.s.DefaultListableBeanFactory     : Creating shared instance of singleton bean 'org.springframework.context.event.internalEventListenerProcessor'
2026-01-28 12:40:01.309 DEBUG --- [  restartedMain] o.s.b.f.s.DefaultListableBeanFactory     : Creating shared instance of singleton bean 'org.springframework.context.event.internalEventListenerFactory'
2026-01-28 12:40:01.309 DEBUG --- [  restartedMain] o.s.b.f.s.DefaultListableBeanFactory     : Creating shared instance of singleton bean 'org.springframework.context.annotation.internalAutowiredAnnotationProcessor'
2026-01-28 12:40:01.309 DEBUG --- [  restartedMain] o.s.b.f.s.DefaultListableBeanFactory     : Creating shared instance of singleton bean 'org.springframework.context.annotation.internalCommonAnnotationProcessor'
2026-01-28 12:40:01.310 DEBUG --- [  restartedMain] o.s.b.f.s.DefaultListableBeanFactory     : Creating shared instance of singleton bean 'org.springframework.context.annotation.internalPersistenceAnnotationProcessor'
2026-01-28 12:40:01.310 DEBUG --- [  restartedMain] o.s.b.f.s.DefaultListableBeanFactory     : Creating shared instance of singleton bean 'authenticationConfig'
2026-01-28 12:40:01.310 DEBUG --- [  restartedMain] o.s.b.f.s.DefaultListableBeanFactory     : Creating shared instance of singleton bean 'propertyPlaceholderAutoConfiguration'
2026-01-28 12:40:01.310 DEBUG --- [  restartedMain] o.s.b.f.s.DefaultListableBeanFactory     : Creating shared instance of singleton bean 'feignClientsConfiguration'
2026-01-28 12:40:01.314 DEBUG --- [  restartedMain] o.s.b.f.s.DefaultListableBeanFactory     : Creating shared instance of singleton bean 'spring.data.web-org.springframework.boot.autoconfigure.data.web.SpringDataWebProperties'
2026-01-28 12:40:01.316 DEBUG --- [  restartedMain] o.s.b.f.s.DefaultListableBeanFactory     : Creating shared instance of singleton bean 'spring.cloud.openfeign.client-org.springframework.cloud.openfeign.FeignClientProperties'
2026-01-28 12:40:01.318 DEBUG --- [  restartedMain] o.s.b.f.s.DefaultListableBeanFactory     : Creating shared instance of singleton bean 'spring.cloud.openfeign.encoder-org.springframework.cloud.openfeign.support.FeignEncoderProperties'
2026-01-28 12:40:01.319 DEBUG --- [  restartedMain] o.s.b.f.s.DefaultListableBeanFactory     : Creating shared instance of singleton bean 'org.springframework.cloud.openfeign.FeignClientsConfiguration$DefaultFeignBuilderConfiguration'
2026-01-28 12:40:01.319 DEBUG --- [  restartedMain] o.s.b.f.s.DefaultListableBeanFactory     : Creating shared instance of singleton bean 'feignDecoder'
2026-01-28 12:40:01.322 DEBUG --- [  restartedMain] o.s.b.f.s.DefaultListableBeanFactory     : Creating shared instance of singleton bean 'feignEncoderPageable'
2026-01-28 12:40:01.329 DEBUG --- [  restartedMain] o.s.b.f.s.DefaultListableBeanFactory     : Creating shared instance of singleton bean 'feignQueryMapEncoderPageable'
2026-01-28 12:40:01.330 DEBUG --- [  restartedMain] o.s.b.f.s.DefaultListableBeanFactory     : Creating shared instance of singleton bean 'feignContract'
2026-01-28 12:40:01.330 DEBUG --- [  restartedMain] o.s.b.f.s.DefaultListableBeanFactory     : Creating shared instance of singleton bean 'feignConversionService'
2026-01-28 12:40:01.331 DEBUG --- [  restartedMain] o.s.b.f.s.DefaultListableBeanFactory     : Autowiring by type from bean name 'feignContract' via factory method to bean named 'feignConversionService'
2026-01-28 12:40:01.338 DEBUG --- [  restartedMain] o.s.b.f.s.DefaultListableBeanFactory     : Creating shared instance of singleton bean 'feignRetryer'
2026-01-28 12:40:01.339 DEBUG --- [  restartedMain] o.s.b.f.s.DefaultListableBeanFactory     : Creating shared instance of singleton bean 'feignLoggerFactory'
2026-01-28 12:40:01.340 DEBUG --- [  restartedMain] o.s.b.f.s.DefaultListableBeanFactory     : Creating shared instance of singleton bean 'feignClientConfigurer'
2026-01-28 12:40:01.348 DEBUG --- [  restartedMain] o.s.b.f.s.DefaultListableBeanFactory     : Creating shared instance of singleton bean 'delegatingApplicationListener'
2026-01-28 12:40:01.350 DEBUG --- [  restartedMain] o.s.b.f.s.DefaultListableBeanFactory     : Creating shared instance of singleton bean 'mvcResourceUrlProvider'
2026-01-28 12:40:01.350 DEBUG --- [  restartedMain] o.s.b.f.s.DefaultListableBeanFactory     : Creating shared instance of singleton bean 'org.springframework.boot.autoconfigure.web.servlet.WebMvcAutoConfiguration$EnableWebMvcConfiguration'
2026-01-28 12:40:01.352 DEBUG --- [  restartedMain] o.s.b.f.s.DefaultListableBeanFactory     : Creating shared instance of singleton bean 'spring.web-org.springframework.boot.autoconfigure.web.WebProperties'
2026-01-28 12:40:01.361 DEBUG --- [  restartedMain] o.s.b.f.s.DefaultListableBeanFactory     : Autowiring by type from bean name 'org.springframework.boot.autoconfigure.web.servlet.WebMvcAutoConfiguration$EnableWebMvcConfiguration' via constructor to bean named 'spring.mvc-org.springframework.boot.autoconfigure.web.servlet.WebMvcProperties'
2026-01-28 12:40:01.361 DEBUG --- [  restartedMain] o.s.b.f.s.DefaultListableBeanFactory     : Autowiring by type from bean name 'org.springframework.boot.autoconfigure.web.servlet.WebMvcAutoConfiguration$EnableWebMvcConfiguration' via constructor to bean named 'spring.web-org.springframework.boot.autoconfigure.web.WebProperties'
2026-01-28 12:40:01.361 DEBUG --- [  restartedMain] o.s.b.f.s.DefaultListableBeanFactory     : Autowiring by type from bean name 'org.springframework.boot.autoconfigure.web.servlet.WebMvcAutoConfiguration$EnableWebMvcConfiguration' via constructor to bean named 'org.springframework.beans.factory.support.DefaultListableBeanFactory@4b6ceb9d'
2026-01-28 12:40:01.367 DEBUG --- [  restartedMain] o.s.b.f.s.DefaultListableBeanFactory     : Creating shared instance of singleton bean 'org.springframework.security.config.annotation.web.configuration.WebMvcSecurityConfiguration'
2026-01-28 12:40:01.369 DEBUG --- [  restartedMain] o.s.b.f.s.DefaultListableBeanFactory     : Creating shared instance of singleton bean 'org.springframework.security.config.annotation.web.configuration.OAuth2ClientConfiguration$OAuth2ClientWebMvcSecurityConfiguration'
2026-01-28 12:40:01.370 DEBUG --- [  restartedMain] o.s.b.f.s.DefaultListableBeanFactory     : Autowiring by type from bean name 'org.springframework.security.config.annotation.web.configuration.OAuth2ClientConfiguration$OAuth2ClientWebMvcSecurityConfiguration' via constructor to bean named 'authorizedClientManagerRegistrar'
2026-01-28 12:40:01.371 DEBUG --- [  restartedMain] o.s.b.f.s.DefaultListableBeanFactory     : Creating shared instance of singleton bean 'OAuth2AuthorizedClientManager'
2026-01-28 12:40:01.372 DEBUG --- [  restartedMain] o.s.b.f.s.DefaultListableBeanFactory     : Creating shared instance of singleton bean 'clientRegistrationRepository'
2026-01-28 12:40:01.372 DEBUG --- [  restartedMain] o.s.b.f.s.DefaultListableBeanFactory     : Creating shared instance of singleton bean 'org.springframework.boot.autoconfigure.security.oauth2.client.servlet.OAuth2ClientRegistrationRepositoryConfiguration'
2026-01-28 12:40:01.373 DEBUG --- [  restartedMain] o.s.b.f.s.DefaultListableBeanFactory     : Creating shared instance of singleton bean 'spring.security.oauth2.client-org.springframework.boot.autoconfigure.security.oauth2.client.OAuth2ClientProperties'
2026-01-28 12:40:01.377 DEBUG --- [  restartedMain] ySourcesPropertyResolver$DefaultResolver : Found key 'GOOGLE_CLIENT_ID' in PropertySource 'Config resource 'file [.env]' via location 'optional:file:.env[.properties]'' with value of type String
2026-01-28 12:40:01.377 DEBUG --- [  restartedMain] ySourcesPropertyResolver$DefaultResolver : Found key 'GOOGLE_CLIENT_SECRET' in PropertySource 'Config resource 'file [.env]' via location 'optional:file:.env[.properties]'' with value of type String
2026-01-28 12:40:01.377 DEBUG --- [  restartedMain] ySourcesPropertyResolver$DefaultResolver : Found key 'GOOGLE_REDIRECT_URI' in PropertySource 'Config resource 'file [.env]' via location 'optional:file:.env[.properties]'' with value of type String
2026-01-28 12:40:01.379 DEBUG --- [  restartedMain] o.s.b.f.s.DefaultListableBeanFactory     : Autowiring by type from bean name 'clientRegistrationRepository' via factory method to bean named 'spring.security.oauth2.client-org.springframework.boot.autoconfigure.security.oauth2.client.OAuth2ClientProperties'
2026-01-28 12:40:01.435 DEBUG --- [  restartedMain] jdk.event.security                       : X509Certificate: Alg:SHA256withRSA, Serial:570a119742c4e3cc, Subject:CN=Actalis Authentication Root CA, O=Actalis S.p.A./03358520967, L=Milan, C=IT, Issuer:CN=Actalis Authentication Root CA, O=Actalis S.p.A./03358520967, L=Milan, C=IT, Key type:RSA, Length:4096, Cert Id:1729119956, Valid from:9/22/11, 6:22 PM, Valid until:9/22/30, 6:22 PM
2026-01-28 12:40:01.436 DEBUG --- [  restartedMain] jdk.event.security                       : X509Certificate: Alg:SHA1withRSA, Serial:1, Subject:CN=AddTrust External CA Root, OU=AddTrust External TTP Network, O=AddTrust AB, C=SE, Issuer:CN=AddTrust External CA Root, OU=AddTrust External TTP Network, O=AddTrust AB, C=SE, Key type:RSA, Length:2048, Cert Id:3968614624, Valid from:5/30/00, 5:48 PM, Valid until:5/30/20, 5:48 PM
2026-01-28 12:40:01.436 DEBUG --- [  restartedMain] jdk.event.security                       : X509Certificate: Alg:SHA1withRSA, Serial:1, Subject:CN=AddTrust Qualified CA Root, OU=AddTrust TTP Network, O=AddTrust AB, C=SE, Issuer:CN=AddTrust Qualified CA Root, OU=AddTrust TTP Network, O=AddTrust AB, C=SE, Key type:RSA, Length:2048, Cert Id:607365522, Valid from:5/30/00, 5:44 PM, Valid until:5/30/20, 5:44 PM
2026-01-28 12:40:01.437 DEBUG --- [  restartedMain] jdk.event.security                       : X509Certificate: Alg:SHA256withRSA, Serial:7777062726a9b17c, Subject:CN=AffirmTrust Commercial, O=AffirmTrust, C=US, Issuer:CN=AffirmTrust Commercial, O=AffirmTrust, C=US, Key type:RSA, Length:2048, Cert Id:630485644, Valid from:1/29/10, 9:06 PM, Valid until:12/31/30, 9:06 PM
2026-01-28 12:40:01.438 DEBUG --- [  restartedMain] jdk.event.security                       : X509Certificate: Alg:SHA1withRSA, Serial:7c4f04391cd4992d, Subject:CN=AffirmTrust Networking, O=AffirmTrust, C=US, Issuer:CN=AffirmTrust Networking, O=AffirmTrust, C=US, Key type:RSA, Length:2048, Cert Id:651670175, Valid from:1/29/10, 9:08 PM, Valid until:12/31/30, 9:08 PM
2026-01-28 12:40:01.438 DEBUG --- [  restartedMain] jdk.event.security                       : X509Certificate: Alg:SHA384withRSA, Serial:6d8c1446b1a60aee, Subject:CN=AffirmTrust Premium, O=AffirmTrust, C=US, Issuer:CN=AffirmTrust Premium, O=AffirmTrust, C=US, Key type:RSA, Length:4096, Cert Id:2164683341, Valid from:1/29/10, 9:10 PM, Valid until:12/31/40, 9:10 PM
2026-01-28 12:40:01.439 DEBUG --- [  restartedMain] jdk.event.security                       : X509Certificate: Alg:SHA384withECDSA, Serial:7497258ac73f7a54, Subject:CN=AffirmTrust Premium ECC, O=AffirmTrust, C=US, Issuer:CN=AffirmTrust Premium ECC, O=AffirmTrust, C=US, Key type:EC, Length:384, Cert Id:2214603510, Valid from:1/29/10, 9:20 PM, Valid until:12/31/40, 9:20 PM
2026-01-28 12:40:01.439 DEBUG --- [  restartedMain] jdk.event.security                       : X509Certificate: Alg:SHA256withRSA, Serial:66c9fcf99bf8c0a39e2f0788a43e696365bca, Subject:CN=Amazon Root CA 1, O=Amazon, C=US, Issuer:CN=Amazon Root CA 1, O=Amazon, C=US, Key type:RSA, Length:2048, Cert Id:2822522334, Valid from:5/26/15, 7:00 AM, Valid until:1/17/38, 7:00 AM
2026-01-28 12:40:01.440 DEBUG --- [  restartedMain] jdk.event.security                       : X509Certificate: Alg:SHA384withRSA, Serial:66c9fd29635869f0a0fe58678f85b26bb8a37, Subject:CN=Amazon Root CA 2, O=Amazon, C=US, Issuer:CN=Amazon Root CA 2, O=Amazon, C=US, Key type:RSA, Length:4096, Cert Id:2528834908, Valid from:5/26/15, 7:00 AM, Valid until:5/26/40, 7:00 AM
2026-01-28 12:40:01.440 DEBUG --- [  restartedMain] jdk.event.security                       : X509Certificate: Alg:SHA256withECDSA, Serial:66c9fd5749736663f3b0b9ad9e89e7603f24a, Subject:CN=Amazon Root CA 3, O=Amazon, C=US, Issuer:CN=Amazon Root CA 3, O=Amazon, C=US, Key type:EC, Length:256, Cert Id:2732679773, Valid from:5/26/15, 7:00 AM, Valid until:5/26/40, 7:00 AM
2026-01-28 12:40:01.441 DEBUG --- [  restartedMain] jdk.event.security                       : X509Certificate: Alg:SHA384withECDSA, Serial:66c9fd7c1bb104c2943e5717b7b2cc81ac10e, Subject:CN=Amazon Root CA 4, O=Amazon, C=US, Issuer:CN=Amazon Root CA 4, O=Amazon, C=US, Key type:EC, Length:384, Cert Id:2640694783, Valid from:5/26/15, 7:00 AM, Valid until:5/26/40, 7:00 AM
2026-01-28 12:40:01.441 DEBUG --- [  restartedMain] jdk.event.security                       : X509Certificate: Alg:SHA1withRSA, Serial:20000b9, Subject:CN=Baltimore CyberTrust Root, OU=CyberTrust, O=Baltimore, C=IE, Issuer:CN=Baltimore CyberTrust Root, OU=CyberTrust, O=Baltimore, C=IE, Key type:RSA, Length:2048, Cert Id:1425294543, Valid from:5/13/00, 1:46 AM, Valid until:5/13/25, 6:59 AM
2026-01-28 12:40:01.442 DEBUG --- [  restartedMain] jdk.event.security                       : X509Certificate: Alg:SHA256withRSA, Serial:2, Subject:CN=Buypass Class 2 Root CA, O=Buypass AS-983163327, C=NO, Issuer:CN=Buypass Class 2 Root CA, O=Buypass AS-983163327, C=NO, Key type:RSA, Length:4096, Cert Id:969960563, Valid from:10/26/10, 3:38 PM, Valid until:10/26/40, 3:38 PM
2026-01-28 12:40:01.442 DEBUG --- [  restartedMain] jdk.event.security                       : X509Certificate: Alg:SHA256withRSA, Serial:2, Subject:CN=Buypass Class 3 Root CA, O=Buypass AS-983163327, C=NO, Issuer:CN=Buypass Class 3 Root CA, O=Buypass AS-983163327, C=NO, Key type:RSA, Length:4096, Cert Id:1264269967, Valid from:10/26/10, 3:28 PM, Valid until:10/26/40, 3:28 PM
2026-01-28 12:40:01.443 DEBUG --- [  restartedMain] jdk.event.security                       : X509Certificate: Alg:SHA1withRSA, Serial:a3da427ea4b1aeda, Subject:CN=Chambers of Commerce Root - 2008, O=AC Camerfirma S.A., SERIALNUMBER=A82743287, L=Madrid (see current address at www.camerfirma.com/address), C=EU, Issuer:CN=Chambers of Commerce Root - 2008, O=AC Camerfirma S.A., SERIALNUMBER=A82743287, L=Madrid (see current address at www.camerfirma.com/address), C=EU, Key type:RSA, Length:4096, Cert Id:4266703372, Valid from:8/1/08, 7:29 PM, Valid until:7/31/38, 7:29 PM
2026-01-28 12:40:01.445 DEBUG --- [  restartedMain] jdk.event.security                       : X509Certificate: Alg:SHA1withRSA, Serial:0, Subject:CN=Chambers of Commerce Root, OU=http://www.chambersign.org, O=AC Camerfirma SA CIF A82743287, C=EU, Issuer:CN=Chambers of Commerce Root, OU=http://www.chambersign.org, O=AC Camerfirma SA CIF A82743287, C=EU, Key type:RSA, Length:2048, Cert Id:1827306452, Valid from:9/30/03, 11:13 PM, Valid until:9/30/37, 11:13 PM
2026-01-28 12:40:01.445 DEBUG --- [  restartedMain] jdk.event.security                       : X509Certificate: Alg:SHA1withRSA, Serial:c9cdd3e9d57d23ce, Subject:CN=Global Chambersign Root - 2008, O=AC Camerfirma S.A., SERIALNUMBER=A82743287, L=Madrid (see current address at www.camerfirma.com/address), C=EU, Issuer:CN=Global Chambersign Root - 2008, O=AC Camerfirma S.A., SERIALNUMBER=A82743287, L=Madrid (see current address at www.camerfirma.com/address), C=EU, Key type:RSA, Length:4096, Cert Id:1271252776, Valid from:8/1/08, 7:31 PM, Valid until:7/31/38, 7:31 PM
2026-01-28 12:40:01.446 DEBUG --- [  restartedMain] jdk.event.security                       : X509Certificate: Alg:SHA384withECDSA, Serial:62533b1470333275cf98d9ab9bfccf8, Subject:CN=Certainly Root E1, O=Certainly, C=US, Issuer:CN=Certainly Root E1, O=Certainly, C=US, Key type:EC, Length:384, Cert Id:792571453, Valid from:4/1/21, 7:00 AM, Valid until:4/1/46, 7:00 AM
2026-01-28 12:40:01.446 DEBUG --- [  restartedMain] jdk.event.security                       : X509Certificate: Alg:SHA256withRSA, Serial:8e0ff94b907168653354f4d44439b7e0, Subject:CN=Certainly Root R1, O=Certainly, C=US, Issuer:CN=Certainly Root R1, O=Certainly, C=US, Key type:RSA, Length:4096, Cert Id:2255958535, Valid from:4/1/21, 7:00 AM, Valid until:4/1/46, 7:00 AM
2026-01-28 12:40:01.447 DEBUG --- [  restartedMain] jdk.event.security                       : X509Certificate: Alg:SHA1withRSA, Serial:fedce3010fc948ff, Subject:CN=Certigna, O=Dhimyotis, C=FR, Issuer:CN=Certigna, O=Dhimyotis, C=FR, Key type:RSA, Length:2048, Cert Id:3506875840, Valid from:6/29/07, 10:13 PM, Valid until:6/29/27, 10:13 PM
2026-01-28 12:40:01.448 DEBUG --- [  restartedMain] jdk.event.security                       : X509Certificate: Alg:SHA256withRSA, Serial:cae91b89f155030da3e6416dc4e3a6e1, Subject:CN=Certigna Root CA, OU=0002 48146308100036, O=Dhimyotis, C=FR, Issuer:CN=Certigna Root CA, OU=0002 48146308100036, O=Dhimyotis, C=FR, Key type:RSA, Length:4096, Cert Id:356684591, Valid from:10/1/13, 3:32 PM, Valid until:10/1/33, 3:32 PM
2026-01-28 12:40:01.448 DEBUG --- [  restartedMain] jdk.event.security                       : X509Certificate: Alg:SHA1withRSA, Serial:10020, Subject:CN=Certum CA, O=Unizeto Sp. z o.o., C=PL, Issuer:CN=Certum CA, O=Unizeto Sp. z o.o., C=PL, Key type:RSA, Length:2048, Cert Id:3550516030, Valid from:6/11/02, 5:46 PM, Valid until:6/11/27, 5:46 PM
2026-01-28 12:40:01.449 DEBUG --- [  restartedMain] jdk.event.security                       : X509Certificate: Alg:SHA1withRSA, Serial:444c0, Subject:CN=Certum Trusted Network CA, OU=Certum Certification Authority, O=Unizeto Technologies S.A., C=PL, Issuer:CN=Certum Trusted Network CA, OU=Certum Certification Authority, O=Unizeto Technologies S.A., C=PL, Key type:RSA, Length:2048, Cert Id:2014002193, Valid from:10/22/08, 7:07 PM, Valid until:12/31/29, 7:07 PM
2026-01-28 12:40:01.449 DEBUG --- [  restartedMain] jdk.event.security                       : X509Certificate: Alg:SHA1withRSA, Serial:15c8bd65475cafb897005ee406d2bc9d, Subject:OU=ePKI Root Certification Authority, O="Chunghwa Telecom Co., Ltd.", C=TW, Issuer:OU=ePKI Root Certification Authority, O="Chunghwa Telecom Co., Ltd.", C=TW, Key type:RSA, Length:4096, Cert Id:3632331159, Valid from:12/20/04, 9:31 AM, Valid until:12/20/34, 9:31 AM
2026-01-28 12:40:01.450 DEBUG --- [  restartedMain] jdk.event.security                       : X509Certificate: Alg:SHA1withRSA, Serial:1, Subject:CN=AAA Certificate Services, O=Comodo CA Limited, L=Salford, ST=Greater Manchester, C=GB, Issuer:CN=AAA Certificate Services, O=Comodo CA Limited, L=Salford, ST=Greater Manchester, C=GB, Key type:RSA, Length:2048, Cert Id:3097386402, Valid from:1/1/04, 7:00 AM, Valid until:1/1/29, 6:59 AM
2026-01-28 12:40:01.450 DEBUG --- [  restartedMain] jdk.event.security                       : X509Certificate: Alg:SHA384withECDSA, Serial:1f47afaa62007050544c019e9b63992a, Subject:CN=COMODO ECC Certification Authority, O=COMODO CA Limited, L=Salford, ST=Greater Manchester, C=GB, Issuer:CN=COMODO ECC Certification Authority, O=COMODO CA Limited, L=Salford, ST=Greater Manchester, C=GB, Key type:EC, Length:384, Cert Id:1146488932, Valid from:3/6/08, 7:00 AM, Valid until:1/19/38, 6:59 AM
2026-01-28 12:40:01.451 DEBUG --- [  restartedMain] jdk.event.security                       : X509Certificate: Alg:SHA384withRSA, Serial:4caaf9cadb636fe01ff74ed85b03869d, Subject:CN=COMODO RSA Certification Authority, O=COMODO CA Limited, L=Salford, ST=Greater Manchester, C=GB, Issuer:CN=COMODO RSA Certification Authority, O=COMODO CA Limited, L=Salford, ST=Greater Manchester, C=GB, Key type:RSA, Length:4096, Cert Id:1769425049, Valid from:1/19/10, 7:00 AM, Valid until:1/19/38, 6:59 AM
2026-01-28 12:40:01.451 DEBUG --- [  restartedMain] jdk.event.security                       : X509Certificate: Alg:SHA256withRSA, Serial:b931c3ad63967ea6723bfc3af9af44b, Subject:CN=DigiCert Assured ID Root G2, OU=www.digicert.com, O=DigiCert Inc, C=US, Issuer:CN=DigiCert Assured ID Root G2, OU=www.digicert.com, O=DigiCert Inc, C=US, Key type:RSA, Length:2048, Cert Id:3909568913, Valid from:8/1/13, 7:00 PM, Valid until:1/15/38, 7:00 PM
2026-01-28 12:40:01.452 DEBUG --- [  restartedMain] jdk.event.security                       : X509Certificate: Alg:SHA384withECDSA, Serial:ba15afa1ddfa0b54944afcd24a06cec, Subject:CN=DigiCert Assured ID Root G3, OU=www.digicert.com, O=DigiCert Inc, C=US, Issuer:CN=DigiCert Assured ID Root G3, OU=www.digicert.com, O=DigiCert Inc, C=US, Key type:EC, Length:384, Cert Id:3649430051, Valid from:8/1/13, 7:00 PM, Valid until:1/15/38, 7:00 PM
2026-01-28 12:40:01.453 DEBUG --- [  restartedMain] jdk.event.security                       : X509Certificate: Alg:SHA1withRSA, Serial:ce7e0e517d846fe8fe560fc1bf03039, Subject:CN=DigiCert Assured ID Root CA, OU=www.digicert.com, O=DigiCert Inc, C=US, Issuer:CN=DigiCert Assured ID Root CA, OU=www.digicert.com, O=DigiCert Inc, C=US, Key type:RSA, Length:2048, Cert Id:3434562768, Valid from:11/10/06, 7:00 AM, Valid until:11/10/31, 7:00 AM
2026-01-28 12:40:01.453 DEBUG --- [  restartedMain] jdk.event.security                       : X509Certificate: Alg:SHA384withECDSA, Serial:3698fe712d519f3ced0fdb7b1643011, Subject:CN=DigiCert CS ECC P384 Root G5, O="DigiCert, Inc.", C=US, Issuer:CN=DigiCert CS ECC P384 Root G5, O="DigiCert, Inc.", C=US, Key type:EC, Length:384, Cert Id:381797637, Valid from:1/15/21, 7:00 AM, Valid until:1/15/46, 6:59 AM
2026-01-28 12:40:01.454 DEBUG --- [  restartedMain] jdk.event.security                       : X509Certificate: Alg:SHA384withRSA, Serial:6cee131be6d55c807f7c0c7fb44e620, Subject:CN=DigiCert CS RSA4096 Root G5, O="DigiCert, Inc.", C=US, Issuer:CN=DigiCert CS RSA4096 Root G5, O="DigiCert, Inc.", C=US, Key type:RSA, Length:4096, Cert Id:1193514382, Valid from:1/15/21, 7:00 AM, Valid until:1/15/46, 6:59 AM
2026-01-28 12:40:01.454 DEBUG --- [  restartedMain] jdk.event.security                       : X509Certificate: Alg:SHA1withRSA, Serial:83be056904246b1a1756ac95991c74a, Subject:CN=DigiCert Global Root CA, OU=www.digicert.com, O=DigiCert Inc, C=US, Issuer:CN=DigiCert Global Root CA, OU=www.digicert.com, O=DigiCert Inc, C=US, Key type:RSA, Length:2048, Cert Id:1341898239, Valid from:11/10/06, 7:00 AM, Valid until:11/10/31, 7:00 AM
2026-01-28 12:40:01.455 DEBUG --- [  restartedMain] jdk.event.security                       : X509Certificate: Alg:SHA256withRSA, Serial:33af1e6a711a9a0bb2864b11d09fae5, Subject:CN=DigiCert Global Root G2, OU=www.digicert.com, O=DigiCert Inc, C=US, Issuer:CN=DigiCert Global Root G2, OU=www.digicert.com, O=DigiCert Inc, C=US, Key type:RSA, Length:2048, Cert Id:1136084297, Valid from:8/1/13, 7:00 PM, Valid until:1/15/38, 7:00 PM
2026-01-28 12:40:01.455 DEBUG --- [  restartedMain] jdk.event.security                       : X509Certificate: Alg:SHA384withECDSA, Serial:55556bcf25ea43535c3a40fd5ab4572, Subject:CN=DigiCert Global Root G3, OU=www.digicert.com, O=DigiCert Inc, C=US, Issuer:CN=DigiCert Global Root G3, OU=www.digicert.com, O=DigiCert Inc, C=US, Key type:EC, Length:384, Cert Id:3498998753, Valid from:8/1/13, 7:00 PM, Valid until:1/15/38, 7:00 PM
2026-01-28 12:40:01.456 DEBUG --- [  restartedMain] jdk.event.security                       : X509Certificate: Alg:SHA1withRSA, Serial:2ac5c266a0b409b8f0b79f2ae462577, Subject:CN=DigiCert High Assurance EV Root CA, OU=www.digicert.com, O=DigiCert Inc, C=US, Issuer:CN=DigiCert High Assurance EV Root CA, OU=www.digicert.com, O=DigiCert Inc, C=US, Key type:RSA, Length:2048, Cert Id:2884286942, Valid from:11/10/06, 7:00 AM, Valid until:11/10/31, 7:00 AM
2026-01-28 12:40:01.456 DEBUG --- [  restartedMain] jdk.event.security                       : X509Certificate: Alg:SHA384withECDSA, Serial:9e09365acf7d9c8b93e1c0b042a2ef3, Subject:CN=DigiCert TLS ECC P384 Root G5, O="DigiCert, Inc.", C=US, Issuer:CN=DigiCert TLS ECC P384 Root G5, O="DigiCert, Inc.", C=US, Key type:EC, Length:384, Cert Id:3940772018, Valid from:1/15/21, 7:00 AM, Valid until:1/15/46, 6:59 AM
2026-01-28 12:40:01.457 DEBUG --- [  restartedMain] jdk.event.security                       : X509Certificate: Alg:SHA384withRSA, Serial:8f9b478a8fa7eda6a333789de7ccf8a, Subject:CN=DigiCert TLS RSA4096 Root G5, O="DigiCert, Inc.", C=US, Issuer:CN=DigiCert TLS RSA4096 Root G5, O="DigiCert, Inc.", C=US, Key type:RSA, Length:4096, Cert Id:165956757, Valid from:1/15/21, 7:00 AM, Valid until:1/15/46, 6:59 AM
2026-01-28 12:40:01.457 DEBUG --- [  restartedMain] jdk.event.security                       : X509Certificate: Alg:SHA384withRSA, Serial:59b1b579e8e2132e23907bda777755c, Subject:CN=DigiCert Trusted Root G4, OU=www.digicert.com, O=DigiCert Inc, C=US, Issuer:CN=DigiCert Trusted Root G4, OU=www.digicert.com, O=DigiCert Inc, C=US, Key type:RSA, Length:4096, Cert Id:1057369358, Valid from:8/1/13, 7:00 PM, Valid until:1/15/38, 7:00 PM
2026-01-28 12:40:01.457 DEBUG --- [  restartedMain] jdk.event.security                       : X509Certificate: Alg:SHA256withRSA, Serial:983f3, Subject:CN=D-TRUST Root Class 3 CA 2 2009, O=D-Trust GmbH, C=DE, Issuer:CN=D-TRUST Root Class 3 CA 2 2009, O=D-Trust GmbH, C=DE, Key type:RSA, Length:2048, Cert Id:1430153102, Valid from:11/5/09, 3:35 PM, Valid until:11/5/29, 3:35 PM
2026-01-28 12:40:01.458 DEBUG --- [  restartedMain] jdk.event.security                       : X509Certificate: Alg:SHA256withRSA, Serial:983f4, Subject:CN=D-TRUST Root Class 3 CA 2 EV 2009, O=D-Trust GmbH, C=DE, Issuer:CN=D-TRUST Root Class 3 CA 2 EV 2009, O=D-Trust GmbH, C=DE, Key type:RSA, Length:2048, Cert Id:971313728, Valid from:11/5/09, 3:50 PM, Valid until:11/5/29, 3:50 PM
2026-01-28 12:40:01.458 DEBUG --- [  restartedMain] jdk.event.security                       : X509Certificate: Alg:SHA384withECDSA, Serial:3cf607a968700eda8b84, Subject:CN=emSign ECC Root CA - G3, O=eMudhra Technologies Limited, OU=emSign PKI, C=IN, Issuer:CN=emSign ECC Root CA - G3, O=eMudhra Technologies Limited, OU=emSign PKI, C=IN, Key type:EC, Length:384, Cert Id:3832035707, Valid from:2/19/18, 1:30 AM, Valid until:2/19/43, 1:30 AM
2026-01-28 12:40:01.459 DEBUG --- [  restartedMain] jdk.event.security                       : X509Certificate: Alg:SHA256withRSA, Serial:31f5e4620c6c58edd6d8, Subject:CN=emSign Root CA - G1, O=eMudhra Technologies Limited, OU=emSign PKI, C=IN, Issuer:CN=emSign Root CA - G1, O=eMudhra Technologies Limited, OU=emSign PKI, C=IN, Key type:RSA, Length:2048, Cert Id:392709196, Valid from:2/19/18, 1:30 AM, Valid until:2/19/43, 1:30 AM
2026-01-28 12:40:01.459 DEBUG --- [  restartedMain] jdk.event.security                       : X509Certificate: Alg:SHA384withRSA, Serial:864dbf0fe35ed77d8ed8, Subject:CN=emSign Root CA - G2, O=eMudhra Technologies Limited, OU=emSign PKI, C=IN, Issuer:CN=emSign Root CA - G2, O=eMudhra Technologies Limited, OU=emSign PKI, C=IN, Key type:RSA, Length:4096, Cert Id:3373940126, Valid from:2/19/18, 1:30 AM, Valid until:2/19/43, 1:30 AM
2026-01-28 12:40:01.459 DEBUG --- [  restartedMain] jdk.event.security                       : X509Certificate: Alg:SHA1withRSA, Serial:3863def8, Subject:CN=Entrust.net Certification Authority (2048), OU=(c) 1999 Entrust.net Limited, OU=www.entrust.net/CPS_2048 incorp. by ref. (limits liab.), O=Entrust.net, Issuer:CN=Entrust.net Certification Authority (2048), OU=(c) 1999 Entrust.net Limited, OU=www.entrust.net/CPS_2048 incorp. by ref. (limits liab.), O=Entrust.net, Key type:RSA, Length:2048, Cert Id:3966431214, Valid from:12/25/99, 12:50 AM, Valid until:7/24/29, 9:15 PM
2026-01-28 12:40:01.460 DEBUG --- [  restartedMain] jdk.event.security                       : X509Certificate: Alg:SHA1withRSA, Serial:456b5054, Subject:CN=Entrust Root Certification Authority, OU="(c) 2006 Entrust, Inc.", OU=www.entrust.net/CPS is incorporated by reference, O="Entrust, Inc.", C=US, Issuer:CN=Entrust Root Certification Authority, OU="(c) 2006 Entrust, Inc.", OU=www.entrust.net/CPS is incorporated by reference, O="Entrust, Inc.", C=US, Key type:RSA, Length:2048, Cert Id:3033563200, Valid from:11/28/06, 3:23 AM, Valid until:11/28/26, 3:53 AM
2026-01-28 12:40:01.461 DEBUG --- [  restartedMain] jdk.event.security                       : X509Certificate: Alg:SHA384withECDSA, Serial:a68b79290000000050d091f9, Subject:CN=Entrust Root Certification Authority - EC1, OU="(c) 2012 Entrust, Inc. - for authorized use only", OU=See www.entrust.net/legal-terms, O="Entrust, Inc.", C=US, Issuer:CN=Entrust Root Certification Authority - EC1, OU="(c) 2012 Entrust, Inc. - for authorized use only", OU=See www.entrust.net/legal-terms, O="Entrust, Inc.", C=US, Key type:EC, Length:384, Cert Id:924514073, Valid from:12/18/12, 10:25 PM, Valid until:12/18/37, 10:55 PM
2026-01-28 12:40:01.461 DEBUG --- [  restartedMain] jdk.event.security                       : X509Certificate: Alg:SHA256withRSA, Serial:4a538c28, Subject:CN=Entrust Root Certification Authority - G2, OU="(c) 2009 Entrust, Inc. - for authorized use only", OU=See www.entrust.net/legal-terms, O="Entrust, Inc.", C=US, Issuer:CN=Entrust Root Certification Authority - G2, OU="(c) 2009 Entrust, Inc. - for authorized use only", OU=See www.entrust.net/legal-terms, O="Entrust, Inc.", C=US, Key type:RSA, Length:2048, Cert Id:1936920337, Valid from:7/8/09, 12:25 AM, Valid until:12/8/30, 12:55 AM
2026-01-28 12:40:01.461 DEBUG --- [  restartedMain] jdk.event.security                       : X509Certificate: Alg:SHA256withRSA, Serial:d9b5437fafa9390f000000005565ad58, Subject:CN=Entrust Root Certification Authority - G4, OU="(c) 2015 Entrust, Inc. - for authorized use only", OU=See www.entrust.net/legal-terms, O="Entrust, Inc.", C=US, Issuer:CN=Entrust Root Certification Authority - G4, OU="(c) 2015 Entrust, Inc. - for authorized use only", OU=See www.entrust.net/legal-terms, O="Entrust, Inc.", C=US, Key type:RSA, Length:4096, Cert Id:1368037548, Valid from:5/27/15, 6:11 PM, Valid until:12/27/37, 6:41 PM
2026-01-28 12:40:01.462 DEBUG --- [  restartedMain] jdk.event.security                       : X509Certificate: Alg:SHA1withRSA, Serial:23456, Subject:CN=GeoTrust Global CA, O=GeoTrust Inc., C=US, Issuer:CN=GeoTrust Global CA, O=GeoTrust Inc., C=US, Key type:RSA, Length:2048, Cert Id:2266349922, Valid from:5/21/02, 11:00 AM, Valid until:5/21/22, 11:00 AM
2026-01-28 12:40:01.462 DEBUG --- [  restartedMain] jdk.event.security                       : X509Certificate: Alg:SHA1withRSA, Serial:18acb56afd69b6153a636cafdafac4a1, Subject:CN=GeoTrust Primary Certification Authority, O=GeoTrust Inc., C=US, Issuer:CN=GeoTrust Primary Certification Authority, O=GeoTrust Inc., C=US, Key type:RSA, Length:2048, Cert Id:3329622139, Valid from:11/27/06, 7:00 AM, Valid until:7/17/36, 6:59 AM
2026-01-28 12:40:01.463 DEBUG --- [  restartedMain] jdk.event.security                       : X509Certificate: Alg:SHA384withECDSA, Serial:3cb2f4480a00e2feeb243b5e603ec36b, Subject:CN=GeoTrust Primary Certification Authority - G2, OU=(c) 2007 GeoTrust Inc. - For authorized use only, O=GeoTrust Inc., C=US, Issuer:CN=GeoTrust Primary Certification Authority - G2, OU=(c) 2007 GeoTrust Inc. - For authorized use only, O=GeoTrust Inc., C=US, Key type:EC, Length:384, Cert Id:3180663474, Valid from:11/5/07, 7:00 AM, Valid until:1/19/38, 6:59 AM
2026-01-28 12:40:01.463 DEBUG --- [  restartedMain] jdk.event.security                       : X509Certificate: Alg:SHA256withRSA, Serial:15ac6e9419b2794b41f627a9c3180f1f, Subject:CN=GeoTrust Primary Certification Authority - G3, OU=(c) 2008 GeoTrust Inc. - For authorized use only, O=GeoTrust Inc., C=US, Issuer:CN=GeoTrust Primary Certification Authority - G3, OU=(c) 2008 GeoTrust Inc. - For authorized use only, O=GeoTrust Inc., C=US, Key type:RSA, Length:2048, Cert Id:2964813538, Valid from:4/2/08, 7:00 AM, Valid until:12/2/37, 6:59 AM
2026-01-28 12:40:01.464 DEBUG --- [  restartedMain] jdk.event.security                       : X509Certificate: Alg:SHA1withRSA, Serial:1, Subject:CN=GeoTrust Universal CA, O=GeoTrust Inc., C=US, Issuer:CN=GeoTrust Universal CA, O=GeoTrust Inc., C=US, Key type:RSA, Length:4096, Cert Id:313566089, Valid from:3/4/04, 12:00 PM, Valid until:3/4/29, 12:00 PM
2026-01-28 12:40:01.464 DEBUG --- [  restartedMain] jdk.event.security                       : X509Certificate: Alg:SHA1withRSA, Serial:40000000001154b5ac394, Subject:CN=GlobalSign Root CA, OU=Root CA, O=GlobalSign nv-sa, C=BE, Issuer:CN=GlobalSign Root CA, OU=Root CA, O=GlobalSign nv-sa, C=BE, Key type:RSA, Length:2048, Cert Id:536948034, Valid from:9/1/98, 7:00 PM, Valid until:1/28/28, 7:00 PM
2026-01-28 12:40:01.465 DEBUG --- [  restartedMain] jdk.event.security                       : X509Certificate: Alg:SHA384withECDSA, Serial:11d2bbba336ed4bce62468c50d841d98e843, Subject:CN=GlobalSign Root E46, O=GlobalSign nv-sa, C=BE, Issuer:CN=GlobalSign Root E46, O=GlobalSign nv-sa, C=BE, Key type:EC, Length:384, Cert Id:3405603905, Valid from:3/20/19, 7:00 AM, Valid until:3/20/46, 7:00 AM
2026-01-28 12:40:01.466 DEBUG --- [  restartedMain] jdk.event.security                       : X509Certificate: Alg:SHA256withECDSA, Serial:2a38a41c960a04de42b228a50be8349802, Subject:CN=GlobalSign, O=GlobalSign, OU=GlobalSign ECC Root CA - R4, Issuer:CN=GlobalSign, O=GlobalSign, OU=GlobalSign ECC Root CA - R4, Key type:EC, Length:256, Cert Id:2371693751, Valid from:11/13/12, 7:00 AM, Valid until:1/19/38, 10:14 AM
2026-01-28 12:40:01.466 DEBUG --- [  restartedMain] jdk.event.security                       : X509Certificate: Alg:SHA384withECDSA, Serial:605949e0262ebb55f90a778a71f94ad86c, Subject:CN=GlobalSign, O=GlobalSign, OU=GlobalSign ECC Root CA - R5, Issuer:CN=GlobalSign, O=GlobalSign, OU=GlobalSign ECC Root CA - R5, Key type:EC, Length:384, Cert Id:1997048439, Valid from:11/13/12, 7:00 AM, Valid until:1/19/38, 10:14 AM
2026-01-28 12:40:01.467 DEBUG --- [  restartedMain] jdk.event.security                       : X509Certificate: Alg:SHA256withRSA, Serial:4000000000121585308a2, Subject:CN=GlobalSign, O=GlobalSign, OU=GlobalSign Root CA - R3, Issuer:CN=GlobalSign, O=GlobalSign, OU=GlobalSign Root CA - R3, Key type:RSA, Length:2048, Cert Id:733875591, Valid from:3/18/09, 5:00 PM, Valid until:3/18/29, 5:00 PM
2026-01-28 12:40:01.467 DEBUG --- [  restartedMain] jdk.event.security                       : X509Certificate: Alg:SHA384withRSA, Serial:11d2bbb9d723189e405f0a9d2dd0df2567d1, Subject:CN=GlobalSign Root R46, O=GlobalSign nv-sa, C=BE, Issuer:CN=GlobalSign Root R46, O=GlobalSign nv-sa, C=BE, Key type:RSA, Length:4096, Cert Id:1275948927, Valid from:3/20/19, 7:00 AM, Valid until:3/20/46, 7:00 AM
2026-01-28 12:40:01.467 DEBUG --- [  restartedMain] jdk.event.security                       : X509Certificate: Alg:SHA384withRSA, Serial:45e6bb038333c3856548e6ff4551, Subject:CN=GlobalSign, O=GlobalSign, OU=GlobalSign Root CA - R6, Issuer:CN=GlobalSign, O=GlobalSign, OU=GlobalSign Root CA - R6, Key type:RSA, Length:4096, Cert Id:3788339543, Valid from:12/10/14, 7:00 AM, Valid until:12/10/34, 7:00 AM
2026-01-28 12:40:01.468 DEBUG --- [  restartedMain] jdk.event.security                       : X509Certificate: Alg:SHA1withRSA, Serial:0, Subject:OU=Go Daddy Class 2 Certification Authority, O="The Go Daddy Group, Inc.", C=US, Issuer:OU=Go Daddy Class 2 Certification Authority, O="The Go Daddy Group, Inc.", C=US, Key type:RSA, Length:2048, Cert Id:4023522997, Valid from:6/30/04, 12:06 AM, Valid until:6/30/34, 12:06 AM
2026-01-28 12:40:01.468 DEBUG --- [  restartedMain] jdk.event.security                       : X509Certificate: Alg:SHA256withRSA, Serial:0, Subject:CN=Go Daddy Root Certificate Authority - G2, O="GoDaddy.com, Inc.", L=Scottsdale, ST=Arizona, C=US, Issuer:CN=Go Daddy Root Certificate Authority - G2, O="GoDaddy.com, Inc.", L=Scottsdale, ST=Arizona, C=US, Key type:RSA, Length:2048, Cert Id:439600313, Valid from:9/1/09, 7:00 AM, Valid until:1/1/38, 6:59 AM
2026-01-28 12:40:01.469 DEBUG --- [  restartedMain] jdk.event.security                       : X509Certificate: Alg:SHA384withRSA, Serial:203e5936f31b01349886ba217, Subject:CN=GTS Root R1, O=Google Trust Services LLC, C=US, Issuer:CN=GTS Root R1, O=Google Trust Services LLC, C=US, Key type:RSA, Length:4096, Cert Id:657172038, Valid from:6/22/16, 7:00 AM, Valid until:6/22/36, 7:00 AM
2026-01-28 12:40:01.469 DEBUG --- [  restartedMain] jdk.event.security                       : X509Certificate: Alg:SHA384withRSA, Serial:203e5aec58d04251aab1125aa, Subject:CN=GTS Root R2, O=Google Trust Services LLC, C=US, Issuer:CN=GTS Root R2, O=Google Trust Services LLC, C=US, Key type:RSA, Length:4096, Cert Id:948387669, Valid from:6/22/16, 7:00 AM, Valid until:6/22/36, 7:00 AM
2026-01-28 12:40:01.470 DEBUG --- [  restartedMain] jdk.event.security                       : X509Certificate: Alg:SHA384withECDSA, Serial:203e5b882eb20f825276d3d66, Subject:CN=GTS Root R3, O=Google Trust Services LLC, C=US, Issuer:CN=GTS Root R3, O=Google Trust Services LLC, C=US, Key type:EC, Length:384, Cert Id:1163081155, Valid from:6/22/16, 7:00 AM, Valid until:6/22/36, 7:00 AM
2026-01-28 12:40:01.470 DEBUG --- [  restartedMain] jdk.event.security                       : X509Certificate: Alg:SHA384withECDSA, Serial:203e5c068ef631a9c72905052, Subject:CN=GTS Root R4, O=Google Trust Services LLC, C=US, Issuer:CN=GTS Root R4, O=Google Trust Services LLC, C=US, Key type:EC, Length:384, Cert Id:1326433111, Valid from:6/22/16, 7:00 AM, Valid until:6/22/36, 7:00 AM
2026-01-28 12:40:01.471 DEBUG --- [  restartedMain] jdk.event.security                       : X509Certificate: Alg:SHA256withECDSA, Serial:0, Subject:CN=Hellenic Academic and Research Institutions ECC RootCA 2015, O=Hellenic Academic and Research Institutions Cert. Authority, L=Athens, C=GR, Issuer:CN=Hellenic Academic and Research Institutions ECC RootCA 2015, O=Hellenic Academic and Research Institutions Cert. Authority, L=Athens, C=GR, Key type:EC, Length:384, Cert Id:513613456, Valid from:7/7/15, 5:37 PM, Valid until:6/30/40, 5:37 PM
2026-01-28 12:40:01.471 DEBUG --- [  restartedMain] jdk.event.security                       : X509Certificate: Alg:SHA256withRSA, Serial:0, Subject:CN=Hellenic Academic and Research Institutions RootCA 2015, O=Hellenic Academic and Research Institutions Cert. Authority, L=Athens, C=GR, Issuer:CN=Hellenic Academic and Research Institutions RootCA 2015, O=Hellenic Academic and Research Institutions Cert. Authority, L=Athens, C=GR, Key type:RSA, Length:4096, Cert Id:3491990565, Valid from:7/7/15, 5:11 PM, Valid until:6/30/40, 5:11 PM
2026-01-28 12:40:01.471 DEBUG --- [  restartedMain] jdk.event.security                       : X509Certificate: Alg:SHA256withRSA, Serial:a0142800000014523c844b500000002, Subject:CN=IdenTrust Commercial Root CA 1, O=IdenTrust, C=US, Issuer:CN=IdenTrust Commercial Root CA 1, O=IdenTrust, C=US, Key type:RSA, Length:4096, Cert Id:1232565210, Valid from:1/17/14, 1:12 AM, Valid until:1/17/34, 1:12 AM
2026-01-28 12:40:01.472 DEBUG --- [  restartedMain] jdk.event.security                       : X509Certificate: Alg:SHA256withRSA, Serial:a0142800000014523cf467c00000002, Subject:CN=IdenTrust Public Sector Root CA 1, O=IdenTrust, C=US, Issuer:CN=IdenTrust Public Sector Root CA 1, O=IdenTrust, C=US, Key type:RSA, Length:4096, Cert Id:2123370772, Valid from:1/17/14, 12:53 AM, Valid until:1/17/34, 12:53 AM
2026-01-28 12:40:01.472 DEBUG --- [  restartedMain] jdk.event.security                       : X509Certificate: Alg:SHA256withRSA, Serial:8210cfb0d240e3594463e0bb63828b00, Subject:CN=ISRG Root X1, O=Internet Security Research Group, C=US, Issuer:CN=ISRG Root X1, O=Internet Security Research Group, C=US, Key type:RSA, Length:4096, Cert Id:1521974916, Valid from:6/4/15, 6:04 PM, Valid until:6/4/35, 6:04 PM
2026-01-28 12:40:01.473 DEBUG --- [  restartedMain] jdk.event.security                       : X509Certificate: Alg:SHA384withECDSA, Serial:41d29dd172eaeea780c12c6ce92f8752, Subject:CN=ISRG Root X2, O=Internet Security Research Group, C=US, Issuer:CN=ISRG Root X2, O=Internet Security Research Group, C=US, Key type:EC, Length:384, Cert Id:3398642244, Valid from:9/4/20, 7:00 AM, Valid until:9/17/40, 11:00 PM
2026-01-28 12:40:01.473 DEBUG --- [  restartedMain] jdk.event.security                       : X509Certificate: Alg:SHA256withRSA, Serial:a7ea6df4b449eda6a24859ee6b815d3167fbbb1, Subject:CN=LuxTrust Global Root 2, O=LuxTrust S.A., C=LU, Issuer:CN=LuxTrust Global Root 2, O=LuxTrust S.A., C=LU, Key type:RSA, Length:4096, Cert Id:3055636602, Valid from:3/5/15, 8:21 PM, Valid until:3/5/35, 8:21 PM
2026-01-28 12:40:01.474 DEBUG --- [  restartedMain] jdk.event.security                       : X509Certificate: Alg:SHA256withRSA, Serial:bb8, Subject:CN=LuxTrust Global Root, O=LuxTrust s.a., C=LU, Issuer:CN=LuxTrust Global Root, O=LuxTrust s.a., C=LU, Key type:RSA, Length:2048, Cert Id:1714819687, Valid from:3/17/11, 4:51 PM, Valid until:3/17/21, 4:51 PM
2026-01-28 12:40:01.474 DEBUG --- [  restartedMain] jdk.event.security                       : X509Certificate: Alg:SHA384withECDSA, Serial:66f23daf87de8bb14aea0c573101c2ec, Subject:CN=Microsoft ECC Root Certificate Authority 2017, O=Microsoft Corporation, C=US, Issuer:CN=Microsoft ECC Root Certificate Authority 2017, O=Microsoft Corporation, C=US, Key type:EC, Length:384, Cert Id:3240761285, Valid from:12/19/19, 6:06 AM, Valid until:7/19/42, 6:16 AM
2026-01-28 12:40:01.474 DEBUG --- [  restartedMain] jdk.event.security                       : X509Certificate: Alg:SHA384withRSA, Serial:1ed397095fd8b4b347701eaabe7f45b3, Subject:CN=Microsoft RSA Root Certificate Authority 2017, O=Microsoft Corporation, C=US, Issuer:CN=Microsoft RSA Root Certificate Authority 2017, O=Microsoft Corporation, C=US, Key type:RSA, Length:4096, Cert Id:2848349048, Valid from:12/19/19, 5:51 AM, Valid until:7/19/42, 6:00 AM
2026-01-28 12:40:01.475 DEBUG --- [  restartedMain] jdk.event.security                       : X509Certificate: Alg:SHA1withRSA, Serial:3ab6508b, Subject:CN=QuoVadis Root Certification Authority, OU=Root Certification Authority, O=QuoVadis Limited, C=BM, Issuer:CN=QuoVadis Root Certification Authority, OU=Root Certification Authority, O=QuoVadis Limited, C=BM, Key type:RSA, Length:2048, Cert Id:2412561694, Valid from:3/20/01, 1:33 AM, Valid until:3/18/21, 1:33 AM
2026-01-28 12:40:01.475 DEBUG --- [  restartedMain] jdk.event.security                       : X509Certificate: Alg:SHA256withRSA, Serial:78585f2ead2c194be3370735341328b596d46593, Subject:CN=QuoVadis Root CA 1 G3, O=QuoVadis Limited, C=BM, Issuer:CN=QuoVadis Root CA 1 G3, O=QuoVadis Limited, C=BM, Key type:RSA, Length:4096, Cert Id:3532531262, Valid from:1/13/12, 12:27 AM, Valid until:1/13/42, 12:27 AM
2026-01-28 12:40:01.475 DEBUG --- [  restartedMain] jdk.event.security                       : X509Certificate: Alg:SHA1withRSA, Serial:509, Subject:CN=QuoVadis Root CA 2, O=QuoVadis Limited, C=BM, Issuer:CN=QuoVadis Root CA 2, O=QuoVadis Limited, C=BM, Key type:RSA, Length:4096, Cert Id:338250116, Valid from:11/25/06, 1:27 AM, Valid until:11/25/31, 1:23 AM
2026-01-28 12:40:01.476 DEBUG --- [  restartedMain] jdk.event.security                       : X509Certificate: Alg:SHA256withRSA, Serial:445734245b81899b35f2ceb82b3b5ba726f07528, Subject:CN=QuoVadis Root CA 2 G3, O=QuoVadis Limited, C=BM, Issuer:CN=QuoVadis Root CA 2 G3, O=QuoVadis Limited, C=BM, Key type:RSA, Length:4096, Cert Id:696763521, Valid from:1/13/12, 1:59 AM, Valid until:1/13/42, 1:59 AM
2026-01-28 12:40:01.476 DEBUG --- [  restartedMain] jdk.event.security                       : X509Certificate: Alg:SHA1withRSA, Serial:5c6, Subject:CN=QuoVadis Root CA 3, O=QuoVadis Limited, C=BM, Issuer:CN=QuoVadis Root CA 3, O=QuoVadis Limited, C=BM, Key type:RSA, Length:4096, Cert Id:1470392860, Valid from:11/25/06, 2:11 AM, Valid until:11/25/31, 2:06 AM
2026-01-28 12:40:01.476 DEBUG --- [  restartedMain] jdk.event.security                       : X509Certificate: Alg:SHA256withRSA, Serial:2ef59b0228a7db7affd5a3a9eebd03a0cf126a1d, Subject:CN=QuoVadis Root CA 3 G3, O=QuoVadis Limited, C=BM, Issuer:CN=QuoVadis Root CA 3 G3, O=QuoVadis Limited, C=BM, Key type:RSA, Length:4096, Cert Id:3589344305, Valid from:1/13/12, 3:26 AM, Valid until:1/13/42, 3:26 AM
2026-01-28 12:40:01.477 DEBUG --- [  restartedMain] jdk.event.security                       : X509Certificate: Alg:SHA256withRSA, Serial:0, Subject:OU=Security Communication RootCA2, O="SECOM Trust Systems CO.,LTD.", C=JP, Issuer:OU=Security Communication RootCA2, O="SECOM Trust Systems CO.,LTD.", C=JP, Key type:RSA, Length:2048, Cert Id:1521072570, Valid from:5/29/09, 12:00 PM, Valid until:5/29/29, 12:00 PM
2026-01-28 12:40:01.477 DEBUG --- [  restartedMain] jdk.event.security                       : X509Certificate: Alg:SHA1withRSA, Serial:cf08e5c0816a5ad427ff0eb271859d0, Subject:CN=SecureTrust CA, O=SecureTrust Corporation, C=US, Issuer:CN=SecureTrust CA, O=SecureTrust Corporation, C=US, Key type:RSA, Length:2048, Cert Id:2034155325, Valid from:11/8/06, 2:31 AM, Valid until:1/1/30, 2:40 AM
2026-01-28 12:40:01.477 DEBUG --- [  restartedMain] jdk.event.security                       : X509Certificate: Alg:SHA256withECDSA, Serial:75e6dfcbc1685ba8, Subject:CN=SSL.com Root Certification Authority ECC, O=SSL Corporation, L=Houston, ST=Texas, C=US, Issuer:CN=SSL.com Root Certification Authority ECC, O=SSL Corporation, L=Houston, ST=Texas, C=US, Key type:EC, Length:384, Cert Id:2926673683, Valid from:2/13/16, 1:14 AM, Valid until:2/13/41, 1:14 AM
2026-01-28 12:40:01.477 DEBUG --- [  restartedMain] jdk.event.security                       : X509Certificate: Alg:SHA256withRSA, Serial:56b629cd34bc78f6, Subject:CN=SSL.com EV Root Certification Authority RSA R2, O=SSL Corporation, L=Houston, ST=Texas, C=US, Issuer:CN=SSL.com EV Root Certification Authority RSA R2, O=SSL Corporation, L=Houston, ST=Texas, C=US, Key type:RSA, Length:4096, Cert Id:1381862403, Valid from:6/1/17, 1:14 AM, Valid until:5/31/42, 1:14 AM
2026-01-28 12:40:01.478 DEBUG --- [  restartedMain] jdk.event.security                       : X509Certificate: Alg:SHA256withRSA, Serial:7b2c9bd316803299, Subject:CN=SSL.com Root Certification Authority RSA, O=SSL Corporation, L=Houston, ST=Texas, C=US, Issuer:CN=SSL.com Root Certification Authority RSA, O=SSL Corporation, L=Houston, ST=Texas, C=US, Key type:RSA, Length:4096, Cert Id:156725711, Valid from:2/13/16, 12:39 AM, Valid until:2/13/41, 12:39 AM
2026-01-28 12:40:01.478 DEBUG --- [  restartedMain] jdk.event.security                       : X509Certificate: Alg:SHA384withECDSA, Serial:1403f5abfb378b17405be243b2a5d1c4, Subject:CN=SSL.com TLS ECC Root CA 2022, O=SSL Corporation, C=US, Issuer:CN=SSL.com TLS ECC Root CA 2022, O=SSL Corporation, C=US, Key type:EC, Length:384, Cert Id:683561703, Valid from:8/25/22, 11:33 PM, Valid until:8/19/46, 11:33 PM
2026-01-28 12:40:01.478 DEBUG --- [  restartedMain] jdk.event.security                       : X509Certificate: Alg:SHA256withRSA, Serial:6fbedaad73bd0840e28b4dbed4f75b91, Subject:CN=SSL.com TLS RSA Root CA 2022, O=SSL Corporation, C=US, Issuer:CN=SSL.com TLS RSA Root CA 2022, O=SSL Corporation, C=US, Key type:RSA, Length:4096, Cert Id:556880013, Valid from:8/25/22, 11:34 PM, Valid until:8/19/46, 11:34 PM
2026-01-28 12:40:01.479 DEBUG --- [  restartedMain] jdk.event.security                       : X509Certificate: Alg:SHA1withRSA, Serial:0, Subject:OU=Starfield Class 2 Certification Authority, O="Starfield Technologies, Inc.", C=US, Issuer:OU=Starfield Class 2 Certification Authority, O="Starfield Technologies, Inc.", C=US, Key type:RSA, Length:2048, Cert Id:1825617644, Valid from:6/30/04, 12:39 AM, Valid until:6/30/34, 12:39 AM
2026-01-28 12:40:01.479 DEBUG --- [  restartedMain] jdk.event.security                       : X509Certificate: Alg:SHA256withRSA, Serial:0, Subject:CN=Starfield Root Certificate Authority - G2, O="Starfield Technologies, Inc.", L=Scottsdale, ST=Arizona, C=US, Issuer:CN=Starfield Root Certificate Authority - G2, O="Starfield Technologies, Inc.", L=Scottsdale, ST=Arizona, C=US, Key type:RSA, Length:2048, Cert Id:3268325709, Valid from:9/1/09, 7:00 AM, Valid until:1/1/38, 6:59 AM
2026-01-28 12:40:01.479 DEBUG --- [  restartedMain] jdk.event.security                       : X509Certificate: Alg:SHA256withRSA, Serial:0, Subject:CN=Starfield Services Root Certificate Authority - G2, O="Starfield Technologies, Inc.", L=Scottsdale, ST=Arizona, C=US, Issuer:CN=Starfield Services Root Certificate Authority - G2, O="Starfield Technologies, Inc.", L=Scottsdale, ST=Arizona, C=US, Key type:RSA, Length:2048, Cert Id:1964785574, Valid from:9/1/09, 7:00 AM, Valid until:1/1/38, 6:59 AM
2026-01-28 12:40:01.480 DEBUG --- [  restartedMain] jdk.event.security                       : X509Certificate: Alg:SHA1withRSA, Serial:bb401c43f55e4fb0, Subject:CN=SwissSign Gold CA - G2, O=SwissSign AG, C=CH, Issuer:CN=SwissSign Gold CA - G2, O=SwissSign AG, C=CH, Key type:RSA, Length:4096, Cert Id:1516221943, Valid from:10/25/06, 3:30 PM, Valid until:10/25/36, 3:30 PM
2026-01-28 12:40:01.480 DEBUG --- [  restartedMain] jdk.event.security                       : X509Certificate: Alg:SHA1withRSA, Serial:4eb200670c035d4f, Subject:CN=SwissSign Platinum CA - G2, O=SwissSign AG, C=CH, Issuer:CN=SwissSign Platinum CA - G2, O=SwissSign AG, C=CH, Key type:RSA, Length:4096, Cert Id:771312514, Valid from:10/25/06, 3:36 PM, Valid until:10/25/36, 3:36 PM
2026-01-28 12:40:01.480 DEBUG --- [  restartedMain] jdk.event.security                       : X509Certificate: Alg:SHA1withRSA, Serial:4f1bd42f54bb2f4b, Subject:CN=SwissSign Silver CA - G2, O=SwissSign AG, C=CH, Issuer:CN=SwissSign Silver CA - G2, O=SwissSign AG, C=CH, Key type:RSA, Length:4096, Cert Id:126726124, Valid from:10/25/06, 3:32 PM, Valid until:10/25/36, 3:32 PM
2026-01-28 12:40:01.481 DEBUG --- [  restartedMain] jdk.event.security                       : X509Certificate: Alg:SHA256withRSA, Serial:1675f27d6fe7ae3e4acbe095b059e, Subject:CN=Telia Root CA v2, O=Telia Finland Oyj, C=FI, Issuer:CN=Telia Root CA v2, O=Telia Finland Oyj, C=FI, Key type:RSA, Length:4096, Cert Id:3473063976, Valid from:11/29/18, 6:55 PM, Valid until:11/29/43, 6:55 PM
2026-01-28 12:40:01.481 DEBUG --- [  restartedMain] jdk.event.security                       : X509Certificate: Alg:SHA1withRSA, Serial:95be16a0f72e46f17b398272fa8bcd96, Subject:CN=TeliaSonera Root CA v1, O=TeliaSonera, Issuer:CN=TeliaSonera Root CA v1, O=TeliaSonera, Key type:RSA, Length:4096, Cert Id:1495358374, Valid from:10/18/07, 7:00 PM, Valid until:10/18/32, 7:00 PM
2026-01-28 12:40:01.482 DEBUG --- [  restartedMain] jdk.event.security                       : X509Certificate: Alg:SHA1withRSA, Serial:344ed55720d5edec49f42fce37db2b6d, Subject:CN=thawte Primary Root CA, OU="(c) 2006 thawte, Inc. - For authorized use only", OU=Certification Services Division, O="thawte, Inc.", C=US, Issuer:CN=thawte Primary Root CA, OU="(c) 2006 thawte, Inc. - For authorized use only", OU=Certification Services Division, O="thawte, Inc.", C=US, Key type:RSA, Length:2048, Cert Id:643000026, Valid from:11/17/06, 7:00 AM, Valid until:7/17/36, 6:59 AM
2026-01-28 12:40:01.482 DEBUG --- [  restartedMain] jdk.event.security                       : X509Certificate: Alg:SHA384withECDSA, Serial:35fc265cd9844fc93d263d579baed756, Subject:CN=thawte Primary Root CA - G2, OU="(c) 2007 thawte, Inc. - For authorized use only", O="thawte, Inc.", C=US, Issuer:CN=thawte Primary Root CA - G2, OU="(c) 2007 thawte, Inc. - For authorized use only", O="thawte, Inc.", C=US, Key type:EC, Length:384, Cert Id:2068083090, Valid from:11/5/07, 7:00 AM, Valid until:1/19/38, 6:59 AM
2026-01-28 12:40:01.482 DEBUG --- [  restartedMain] jdk.event.security                       : X509Certificate: Alg:SHA256withRSA, Serial:600197b746a7eab4b49ad64b2ff790fb, Subject:CN=thawte Primary Root CA - G3, OU="(c) 2008 thawte, Inc. - For authorized use only", OU=Certification Services Division, O="thawte, Inc.", C=US, Issuer:CN=thawte Primary Root CA - G3, OU="(c) 2008 thawte, Inc. - For authorized use only", OU=Certification Services Division, O="thawte, Inc.", C=US, Key type:RSA, Length:2048, Cert Id:1032730720, Valid from:4/2/08, 7:00 AM, Valid until:12/2/37, 6:59 AM
2026-01-28 12:40:01.483 DEBUG --- [  restartedMain] jdk.event.security                       : X509Certificate: Alg:SHA256withRSA, Serial:1, Subject:CN=T-TeleSec GlobalRoot Class 2, OU=T-Systems Trust Center, O=T-Systems Enterprise Services GmbH, C=DE, Issuer:CN=T-TeleSec GlobalRoot Class 2, OU=T-Systems Trust Center, O=T-Systems Enterprise Services GmbH, C=DE, Key type:RSA, Length:2048, Cert Id:3056503257, Valid from:10/1/08, 5:40 PM, Valid until:10/2/33, 6:59 AM
2026-01-28 12:40:01.483 DEBUG --- [  restartedMain] jdk.event.security                       : X509Certificate: Alg:SHA256withRSA, Serial:1, Subject:CN=T-TeleSec GlobalRoot Class 3, OU=T-Systems Trust Center, O=T-Systems Enterprise Services GmbH, C=DE, Issuer:CN=T-TeleSec GlobalRoot Class 3, OU=T-Systems Trust Center, O=T-Systems Enterprise Services GmbH, C=DE, Key type:RSA, Length:2048, Cert Id:1894096264, Valid from:10/1/08, 5:29 PM, Valid until:10/2/33, 6:59 AM
2026-01-28 12:40:01.483 DEBUG --- [  restartedMain] jdk.event.security                       : X509Certificate: Alg:SHA256withRSA, Serial:cbe, Subject:CN=TWCA Global Root CA, OU=Root CA, O=TAIWAN-CA, C=TW, Issuer:CN=TWCA Global Root CA, OU=Root CA, O=TAIWAN-CA, C=TW, Key type:RSA, Length:4096, Cert Id:861175838, Valid from:6/27/12, 1:28 PM, Valid until:12/31/30, 10:59 PM
2026-01-28 12:40:01.484 DEBUG --- [  restartedMain] jdk.event.security                       : X509Certificate: Alg:SHA384withECDSA, Serial:5c8b99c55a94c5d27156decd8980cc26, Subject:CN=USERTrust ECC Certification Authority, O=The USERTRUST Network, L=Jersey City, ST=New Jersey, C=US, Issuer:CN=USERTrust ECC Certification Authority, O=The USERTRUST Network, L=Jersey City, ST=New Jersey, C=US, Key type:EC, Length:384, Cert Id:3329287386, Valid from:2/1/10, 7:00 AM, Valid until:1/19/38, 6:59 AM
2026-01-28 12:40:01.484 DEBUG --- [  restartedMain] jdk.event.security                       : X509Certificate: Alg:SHA384withRSA, Serial:1fd6d30fca3ca51a81bbc640e35032d, Subject:CN=USERTrust RSA Certification Authority, O=The USERTRUST Network, L=Jersey City, ST=New Jersey, C=US, Issuer:CN=USERTrust RSA Certification Authority, O=The USERTRUST Network, L=Jersey City, ST=New Jersey, C=US, Key type:RSA, Length:4096, Cert Id:3947601401, Valid from:2/1/10, 7:00 AM, Valid until:1/19/38, 6:59 AM
2026-01-28 12:40:01.485 DEBUG --- [  restartedMain] jdk.event.security                       : X509Certificate: Alg:SHA1withRSA, Serial:44be0c8b500024b411d3362de0b35f1b, Subject:CN=UTN-USERFirst-Object, OU=http://www.usertrust.com, O=The USERTRUST Network, L=Salt Lake City, ST=UT, C=US, Issuer:CN=UTN-USERFirst-Object, OU=http://www.usertrust.com, O=The USERTRUST Network, L=Salt Lake City, ST=UT, C=US, Key type:RSA, Length:2048, Cert Id:3997913868, Valid from:7/10/99, 1:31 AM, Valid until:7/10/19, 1:40 AM
2026-01-28 12:40:01.485 DEBUG --- [  restartedMain] jdk.event.security                       : X509Certificate: Alg:SHA1withRSA, Serial:9b7e0649a33e62b9d5ee90487129ef57, Subject:CN=VeriSign Class 3 Public Primary Certification Authority - G3, OU="(c) 1999 VeriSign, Inc. - For authorized use only", OU=VeriSign Trust Network, O="VeriSign, Inc.", C=US, Issuer:CN=VeriSign Class 3 Public Primary Certification Authority - G3, OU="(c) 1999 VeriSign, Inc. - For authorized use only", OU=VeriSign Trust Network, O="VeriSign, Inc.", C=US, Key type:RSA, Length:2048, Cert Id:2057300190, Valid from:10/1/99, 7:00 AM, Valid until:7/17/36, 6:59 AM
2026-01-28 12:40:01.485 DEBUG --- [  restartedMain] jdk.event.security                       : X509Certificate: Alg:SHA384withECDSA, Serial:2f80fe238c0e220f486712289187acb3, Subject:CN=VeriSign Class 3 Public Primary Certification Authority - G4, OU="(c) 2007 VeriSign, Inc. - For authorized use only", OU=VeriSign Trust Network, O="VeriSign, Inc.", C=US, Issuer:CN=VeriSign Class 3 Public Primary Certification Authority - G4, OU="(c) 2007 VeriSign, Inc. - For authorized use only", OU=VeriSign Trust Network, O="VeriSign, Inc.", C=US, Key type:EC, Length:384, Cert Id:4163473319, Valid from:11/5/07, 7:00 AM, Valid until:1/19/38, 6:59 AM
2026-01-28 12:40:01.486 DEBUG --- [  restartedMain] jdk.event.security                       : X509Certificate: Alg:SHA1withRSA, Serial:18dad19e267de8bb4a2158cdcc6b3b4a, Subject:CN=VeriSign Class 3 Public Primary Certification Authority - G5, OU="(c) 2006 VeriSign, Inc. - For authorized use only", OU=VeriSign Trust Network, O="VeriSign, Inc.", C=US, Issuer:CN=VeriSign Class 3 Public Primary Certification Authority - G5, OU="(c) 2006 VeriSign, Inc. - For authorized use only", OU=VeriSign Trust Network, O="VeriSign, Inc.", C=US, Key type:RSA, Length:2048, Cert Id:303010488, Valid from:11/8/06, 7:00 AM, Valid until:7/17/36, 6:59 AM
2026-01-28 12:40:01.486 DEBUG --- [  restartedMain] jdk.event.security                       : X509Certificate: Alg:SHA256withRSA, Serial:401ac46421b31321030ebbe4121ac51d, Subject:CN=VeriSign Universal Root Certification Authority, OU="(c) 2008 VeriSign, Inc. - For authorized use only", OU=VeriSign Trust Network, O="VeriSign, Inc.", C=US, Issuer:CN=VeriSign Universal Root Certification Authority, OU="(c) 2008 VeriSign, Inc. - For authorized use only", OU=VeriSign Trust Network, O="VeriSign, Inc.", C=US, Key type:RSA, Length:2048, Cert Id:2318285810, Valid from:4/2/08, 7:00 AM, Valid until:12/2/37, 6:59 AM
2026-01-28 12:40:01.487 DEBUG --- [  restartedMain] jdk.event.security                       : X509Certificate: Alg:SHA1withRSA, Serial:50946cec18ead59c4dd597ef758fa0ad, Subject:CN=XRamp Global Certification Authority, O=XRamp Security Services Inc, OU=www.xrampsecurity.com, C=US, Issuer:CN=XRamp Global Certification Authority, O=XRamp Security Services Inc, OU=www.xrampsecurity.com, C=US, Key type:RSA, Length:2048, Cert Id:3342493210, Valid from:11/2/04, 12:14 AM, Valid until:1/1/35, 12:37 PM
2026-01-28 12:40:01.487 DEBUG --- [  restartedMain] jdk.event.security                       : X509Certificate: Alg:SHA256withRSA, Serial:5f70e86da49f346352ebab2, Subject:CN=Trustwave Global Certification Authority, O="Trustwave Holdings, Inc.", L=Chicago, ST=Illinois, C=US, Issuer:CN=Trustwave Global Certification Authority, O="Trustwave Holdings, Inc.", L=Chicago, ST=Illinois, C=US, Key type:RSA, Length:4096, Cert Id:416366836, Valid from:8/24/17, 2:34 AM, Valid until:8/24/42, 2:34 AM
2026-01-28 12:40:01.487 DEBUG --- [  restartedMain] jdk.event.security                       : X509Certificate: Alg:SHA256withRSA, Serial:cbe, Subject:CN=TWCA Global Root CA, OU=Root CA, O=TAIWAN-CA, C=TW, Issuer:CN=TWCA Global Root CA, OU=Root CA, O=TAIWAN-CA, C=TW, Key type:RSA, Length:4096, Cert Id:861175838, Valid from:6/27/12, 1:28 PM, Valid until:12/31/30, 10:59 PM
2026-01-28 12:40:01.488 DEBUG --- [  restartedMain] jdk.event.security                       : X509Certificate: Alg:SHA256withRSA, Serial:5ddfb1da5aa3ed5dbe5a6520650390ef, Subject:CN=UCA Global G2 Root, O=UniTrust, C=CN, Issuer:CN=UCA Global G2 Root, O=UniTrust, C=CN, Key type:RSA, Length:4096, Cert Id:1844967193, Valid from:3/11/16, 7:00 AM, Valid until:12/31/40, 7:00 AM
2026-01-28 12:40:01.488 DEBUG --- [  restartedMain] jdk.event.security                       : X509Certificate: Alg:SHA256withRSA, Serial:31f5e4620c6c58edd6d8, Subject:CN=emSign Root CA - G1, O=eMudhra Technologies Limited, OU=emSign PKI, C=IN, Issuer:CN=emSign Root CA - G1, O=eMudhra Technologies Limited, OU=emSign PKI, C=IN, Key type:RSA, Length:2048, Cert Id:392709196, Valid from:2/19/18, 1:30 AM, Valid until:2/19/43, 1:30 AM
2026-01-28 12:40:01.488 DEBUG --- [  restartedMain] jdk.event.security                       : X509Certificate: Alg:SHA384withECDSA, Serial:203e5c068ef631a9c72905052, Subject:CN=GTS Root R4, O=Google Trust Services LLC, C=US, Issuer:CN=GTS Root R4, O=Google Trust Services LLC, C=US, Key type:EC, Length:384, Cert Id:1326433111, Valid from:6/22/16, 7:00 AM, Valid until:6/22/36, 7:00 AM
2026-01-28 12:40:01.489 DEBUG --- [  restartedMain] jdk.event.security                       : X509Certificate: Alg:SHA384withECDSA, Serial:3cf607a968700eda8b84, Subject:CN=emSign ECC Root CA - G3, O=eMudhra Technologies Limited, OU=emSign PKI, C=IN, Issuer:CN=emSign ECC Root CA - G3, O=eMudhra Technologies Limited, OU=emSign PKI, C=IN, Key type:EC, Length:384, Cert Id:3832035707, Valid from:2/19/18, 1:30 AM, Valid until:2/19/43, 1:30 AM
2026-01-28 12:40:01.489 DEBUG --- [  restartedMain] jdk.event.security                       : X509Certificate: Alg:SHA384withECDSA, Serial:203e5b882eb20f825276d3d66, Subject:CN=GTS Root R3, O=Google Trust Services LLC, C=US, Issuer:CN=GTS Root R3, O=Google Trust Services LLC, C=US, Key type:EC, Length:384, Cert Id:1163081155, Valid from:6/22/16, 7:00 AM, Valid until:6/22/36, 7:00 AM
2026-01-28 12:40:01.489 DEBUG --- [  restartedMain] jdk.event.security                       : X509Certificate: Alg:SHA384withRSA, Serial:203e5aec58d04251aab1125aa, Subject:CN=GTS Root R2, O=Google Trust Services LLC, C=US, Issuer:CN=GTS Root R2, O=Google Trust Services LLC, C=US, Key type:RSA, Length:4096, Cert Id:948387669, Valid from:6/22/16, 7:00 AM, Valid until:6/22/36, 7:00 AM
2026-01-28 12:40:01.489 DEBUG --- [  restartedMain] jdk.event.security                       : X509Certificate: Alg:SHA384withRSA, Serial:11d2bbb9d723189e405f0a9d2dd0df2567d1, Subject:CN=GlobalSign Root R46, O=GlobalSign nv-sa, C=BE, Issuer:CN=GlobalSign Root R46, O=GlobalSign nv-sa, C=BE, Key type:RSA, Length:4096, Cert Id:1275948927, Valid from:3/20/19, 7:00 AM, Valid until:3/20/46, 7:00 AM
2026-01-28 12:40:01.490 DEBUG --- [  restartedMain] jdk.event.security                       : X509Certificate: Alg:SHA384withRSA, Serial:203e5936f31b01349886ba217, Subject:CN=GTS Root R1, O=Google Trust Services LLC, C=US, Issuer:CN=GTS Root R1, O=Google Trust Services LLC, C=US, Key type:RSA, Length:4096, Cert Id:657172038, Valid from:6/22/16, 7:00 AM, Valid until:6/22/36, 7:00 AM
2026-01-28 12:40:01.490 DEBUG --- [  restartedMain] jdk.event.security                       : X509Certificate: Alg:SHA256withRSA, Serial:dd3e3bc6cf96bb1, Subject:CN=ANF Secure Server Root CA, OU=ANF CA Raiz, O=ANF Autoridad de Certificacion, C=ES, SERIALNUMBER=G63287510, Issuer:CN=ANF Secure Server Root CA, OU=ANF CA Raiz, O=ANF Autoridad de Certificacion, C=ES, SERIALNUMBER=G63287510, Key type:RSA, Length:4096, Cert Id:3453317601, Valid from:9/4/19, 5:00 PM, Valid until:8/30/39, 5:00 PM
2026-01-28 12:40:01.491 DEBUG --- [  restartedMain] jdk.event.security                       : X509Certificate: Alg:SHA384withECDSA, Serial:212a560caeda0cab4045bf2ba22d3aea, Subject:CN=OISTE WISeKey Global Root GC CA, OU=OISTE Foundation Endorsed, O=WISeKey, C=CH, Issuer:CN=OISTE WISeKey Global Root GC CA, OU=OISTE Foundation Endorsed, O=WISeKey, C=CH, Key type:EC, Length:384, Cert Id:2781801839, Valid from:5/9/17, 4:48 PM, Valid until:5/9/42, 4:58 PM
2026-01-28 12:40:01.491 DEBUG --- [  restartedMain] jdk.event.security                       : X509Certificate: Alg:SHA256withRSA, Serial:b0b75a16485fbfe1cbf58bd719e67d, Subject:CN=Izenpe.com, O=IZENPE S.A., C=ES, Issuer:CN=Izenpe.com, O=IZENPE S.A., C=ES, Key type:RSA, Length:4096, Cert Id:2449386312, Valid from:12/13/07, 8:08 PM, Valid until:12/13/37, 3:27 PM
2026-01-28 12:40:01.492 DEBUG --- [  restartedMain] jdk.event.security                       : X509Certificate: Alg:SHA256withECDSA, Serial:15448ef21fd97590df5040a, Subject:CN=e-Szigno Root CA 2017, OID.2.5.4.97=VATHU-23584497, O=Microsec Ltd., L=Budapest, C=HU, Issuer:CN=e-Szigno Root CA 2017, OID.2.5.4.97=VATHU-23584497, O=Microsec Ltd., L=Budapest, C=HU, Key type:EC, Length:256, Cert Id:3303793581, Valid from:8/22/17, 7:07 PM, Valid until:8/22/42, 7:07 PM
2026-01-28 12:40:01.492 DEBUG --- [  restartedMain] jdk.event.security                       : X509Certificate: Alg:SHA256withRSA, Serial:1, Subject:CN=TUBITAK Kamu SM SSL Kok Sertifikasi - Surum 1, OU=Kamu Sertifikasyon Merkezi - Kamu SM, O=Turkiye Bilimsel ve Teknolojik Arastirma Kurumu - TUBITAK, L=Gebze - Kocaeli, C=TR, Issuer:CN=TUBITAK Kamu SM SSL Kok Sertifikasi - Surum 1, OU=Kamu Sertifikasyon Merkezi - Kamu SM, O=Turkiye Bilimsel ve Teknolojik Arastirma Kurumu - TUBITAK, L=Gebze - Kocaeli, C=TR, Key type:RSA, Length:2048, Cert Id:1093603654, Valid from:11/25/13, 3:25 PM, Valid until:10/25/43, 3:25 PM
2026-01-28 12:40:01.493 DEBUG --- [  restartedMain] jdk.event.security                       : X509Certificate: Alg:SHA256withRSA, Serial:5d938d306736c8061d1ac754846907, Subject:OU=AC RAIZ FNMT-RCM, O=FNMT-RCM, C=ES, Issuer:OU=AC RAIZ FNMT-RCM, O=FNMT-RCM, C=ES, Key type:RSA, Length:4096, Cert Id:1555523573, Valid from:10/29/08, 10:59 PM, Valid until:1/1/30, 7:00 AM
2026-01-28 12:40:01.493 DEBUG --- [  restartedMain] jdk.event.security                       : X509Certificate: Alg:SHA256withRSA, Serial:76b1205274f0858746b3f8231af6c2c0, Subject:CN=OISTE WISeKey Global Root GB CA, OU=OISTE Foundation Endorsed, O=WISeKey, C=CH, Issuer:CN=OISTE WISeKey Global Root GB CA, OU=OISTE Foundation Endorsed, O=WISeKey, C=CH, Key type:RSA, Length:2048, Cert Id:3681485780, Valid from:12/1/14, 10:00 PM, Valid until:12/1/39, 10:10 PM
2026-01-28 12:40:01.494 DEBUG --- [  restartedMain] jdk.event.security                       : X509Certificate: Alg:SHA256withRSA, Serial:5c33cb622c5fb332, Subject:C=DE, O=Atos, CN=Atos TrustedRoot 2011, Issuer:C=DE, O=Atos, CN=Atos TrustedRoot 2011, Key type:RSA, Length:2048, Cert Id:4266438672, Valid from:7/7/11, 9:58 PM, Valid until:1/1/31, 6:59 AM
2026-01-28 12:40:01.495 DEBUG --- [  restartedMain] jdk.event.security                       : X509Certificate: Alg:SHA512withRSA, Serial:1ebf5950b8c980374c06f7eb554fb5ed, Subject:CN=Certum Trusted Root CA, OU=Certum Certification Authority, O=Asseco Data Systems S.A., C=PL, Issuer:CN=Certum Trusted Root CA, OU=Certum Certification Authority, O=Asseco Data Systems S.A., C=PL, Key type:RSA, Length:4096, Cert Id:3520640245, Valid from:3/16/18, 7:10 PM, Valid until:3/16/43, 7:10 PM
2026-01-28 12:40:01.495 DEBUG --- [  restartedMain] jdk.event.security                       : X509Certificate: Alg:SHA1withRSA, Serial:200605167002, Subject:OU=certSIGN ROOT CA, O=certSIGN, C=RO, Issuer:OU=certSIGN ROOT CA, O=certSIGN, C=RO, Key type:RSA, Length:2048, Cert Id:4005006620, Valid from:7/5/06, 12:20 AM, Valid until:7/5/31, 12:20 AM
2026-01-28 12:40:01.496 DEBUG --- [  restartedMain] jdk.event.security                       : X509Certificate: Alg:SHA384withRSA, Serial:194301ea20bddf5c5332ab1434471f8d6504d0d, Subject:CN=NAVER Global Root Certification Authority, O=NAVER BUSINESS PLATFORM Corp., C=KR, Issuer:CN=NAVER Global Root Certification Authority, O=NAVER BUSINESS PLATFORM Corp., C=KR, Key type:RSA, Length:4096, Cert Id:1777546867, Valid from:8/18/17, 3:58 PM, Valid until:8/19/37, 6:59 AM
2026-01-28 12:40:01.496 DEBUG --- [  restartedMain] jdk.event.security                       : X509Certificate: Alg:SHA256withRSA, Serial:184accd6, Subject:CN=CFCA EV ROOT, O=China Financial Certification Authority, C=CN, Issuer:CN=CFCA EV ROOT, O=China Financial Certification Authority, C=CN, Key type:RSA, Length:4096, Cert Id:551407782, Valid from:8/8/12, 10:07 AM, Valid until:12/31/29, 10:07 AM
2026-01-28 12:40:01.497 DEBUG --- [  restartedMain] jdk.event.security                       : X509Certificate: Alg:SHA1withRSA, Serial:1, Subject:CN=SecureSign RootCA11, O="Japan Certification Services, Inc.", C=JP, Issuer:CN=SecureSign RootCA11, O="Japan Certification Services, Inc.", C=JP, Key type:RSA, Length:2048, Cert Id:2079057034, Valid from:4/8/09, 11:56 AM, Valid until:4/8/29, 11:56 AM
2026-01-28 12:40:01.497 DEBUG --- [  restartedMain] jdk.event.security                       : X509Certificate: Alg:SHA1withRSA, Serial:5ec3b7a6437fa4e0, Subject:C=ES, O=ACCV, OU=PKIACCV, CN=ACCVRAIZ1, Issuer:C=ES, O=ACCV, OU=PKIACCV, CN=ACCVRAIZ1, Key type:RSA, Length:4096, Cert Id:3702856060, Valid from:5/5/11, 4:37 PM, Valid until:12/31/30, 4:37 PM
2026-01-28 12:40:01.498 DEBUG --- [  restartedMain] jdk.event.security                       : X509Certificate: Alg:SHA384withRSA, Serial:1ed397095fd8b4b347701eaabe7f45b3, Subject:CN=Microsoft RSA Root Certificate Authority 2017, O=Microsoft Corporation, C=US, Issuer:CN=Microsoft RSA Root Certificate Authority 2017, O=Microsoft Corporation, C=US, Key type:RSA, Length:4096, Cert Id:2848349048, Valid from:12/19/19, 5:51 AM, Valid until:7/19/42, 6:00 AM
2026-01-28 12:40:01.498 DEBUG --- [  restartedMain] jdk.event.security                       : X509Certificate: Alg:SHA256withRSA, Serial:aecf00bac4cf32f843b2, Subject:CN=emSign Root CA - C1, O=eMudhra Inc, OU=emSign PKI, C=US, Issuer:CN=emSign Root CA - C1, O=eMudhra Inc, OU=emSign PKI, C=US, Key type:RSA, Length:2048, Cert Id:3026103940, Valid from:2/19/18, 1:30 AM, Valid until:2/19/43, 1:30 AM
2026-01-28 12:40:01.499 DEBUG --- [  restartedMain] jdk.event.security                       : X509Certificate: Alg:SHA256withRSA, Serial:7d0997fef047ea7a, Subject:CN=GDCA TrustAUTH R5 ROOT, O="GUANG DONG CERTIFICATE AUTHORITY CO.,LTD.", C=CN, Issuer:CN=GDCA TrustAUTH R5 ROOT, O="GUANG DONG CERTIFICATE AUTHORITY CO.,LTD.", C=CN, Key type:RSA, Length:4096, Cert Id:494136981, Valid from:11/26/14, 12:13 PM, Valid until:12/31/40, 10:59 PM
2026-01-28 12:40:01.499 DEBUG --- [  restartedMain] jdk.event.security                       : X509Certificate: Alg:SHA384withECDSA, Serial:7b71b68256b8127c9ca8, Subject:CN=emSign ECC Root CA - C3, O=eMudhra Inc, OU=emSign PKI, C=US, Issuer:CN=emSign ECC Root CA - C3, O=eMudhra Inc, OU=emSign PKI, C=US, Key type:EC, Length:384, Cert Id:3346510540, Valid from:2/19/18, 1:30 AM, Valid until:2/19/43, 1:30 AM
2026-01-28 12:40:01.500 DEBUG --- [  restartedMain] jdk.event.security                       : X509Certificate: Alg:SHA256withRSA, Serial:110034b64ec6362d36, Subject:OU=certSIGN ROOT CA G2, O=CERTSIGN SA, C=RO, Issuer:OU=certSIGN ROOT CA G2, O=CERTSIGN SA, C=RO, Key type:RSA, Length:4096, Cert Id:2181086866, Valid from:2/6/17, 4:27 PM, Valid until:2/6/42, 4:27 PM
2026-01-28 12:40:01.500 DEBUG --- [  restartedMain] jdk.event.security                       : X509Certificate: Alg:SHA256withRSA, Serial:92b888dbb08ac163, Subject:CN=CA Disig Root R2, O=Disig a.s., L=Bratislava, C=SK, Issuer:CN=CA Disig Root R2, O=Disig a.s., L=Bratislava, C=SK, Key type:RSA, Length:4096, Cert Id:747175721, Valid from:7/19/12, 4:15 PM, Valid until:7/19/42, 4:15 PM
2026-01-28 12:40:01.501 DEBUG --- [  restartedMain] jdk.event.security                       : X509Certificate: Alg:SHA256withRSA, Serial:8165f8a4ca5ec00c99340dfc4c6ae23b81c5aa4, Subject:CN=Hongkong Post Root CA 3, O=Hongkong Post, L=Hong Kong, ST=Hong Kong, C=HK, Issuer:CN=Hongkong Post Root CA 3, O=Hongkong Post, L=Hong Kong, ST=Hong Kong, C=HK, Key type:RSA, Length:4096, Cert Id:3393016216, Valid from:6/3/17, 9:29 AM, Valid until:6/3/42, 9:29 AM
2026-01-28 12:40:01.501 DEBUG --- [  restartedMain] jdk.event.security                       : X509Certificate: Alg:SHA256withRSA, Serial:5a4bbd5afb4f8a5bfa65e5, Subject:CN=GLOBALTRUST 2020, O=e-commerce monitoring GmbH, C=AT, Issuer:CN=GLOBALTRUST 2020, O=e-commerce monitoring GmbH, C=AT, Key type:RSA, Length:4096, Cert Id:3772720413, Valid from:2/10/20, 7:00 AM, Valid until:6/10/40, 7:00 AM
2026-01-28 12:40:01.501 DEBUG --- [  restartedMain] jdk.event.security                       : X509Certificate: Alg:SHA384withECDSA, Serial:66f23daf87de8bb14aea0c573101c2ec, Subject:CN=Microsoft ECC Root Certificate Authority 2017, O=Microsoft Corporation, C=US, Issuer:CN=Microsoft ECC Root Certificate Authority 2017, O=Microsoft Corporation, C=US, Key type:EC, Length:384, Cert Id:3240761285, Valid from:12/19/19, 6:06 AM, Valid until:7/19/42, 6:16 AM
2026-01-28 12:40:01.502 DEBUG --- [  restartedMain] jdk.event.security                       : X509Certificate: Alg:SHA1withRSA, Serial:75622a4e8d48a894df413c8f0f8eaa5, Subject:CN=Secure Global CA, O=SecureTrust Corporation, C=US, Issuer:CN=Secure Global CA, O=SecureTrust Corporation, C=US, Key type:RSA, Length:2048, Cert Id:2818194321, Valid from:11/8/06, 2:42 AM, Valid until:1/1/30, 2:52 AM
2026-01-28 12:40:01.502 DEBUG --- [  restartedMain] jdk.event.security                       : X509Certificate: Alg:SHA256withRSA, Serial:4fd22b8ff564c8339e4f345866237060, Subject:CN=UCA Extended Validation Root, O=UniTrust, C=CN, Issuer:CN=UCA Extended Validation Root, O=UniTrust, C=CN, Key type:RSA, Length:4096, Cert Id:649181271, Valid from:3/13/15, 7:00 AM, Valid until:12/31/38, 7:00 AM
2026-01-28 12:40:01.502 DEBUG --- [  restartedMain] jdk.event.security                       : X509Certificate: Alg:SHA256withECDSA, Serial:d6a5f083f285c3e5195df5d, Subject:CN=Trustwave Global ECC P256 Certification Authority, O="Trustwave Holdings, Inc.", L=Chicago, ST=Illinois, C=US, Issuer:CN=Trustwave Global ECC P256 Certification Authority, O="Trustwave Holdings, Inc.", L=Chicago, ST=Illinois, C=US, Key type:EC, Length:256, Cert Id:948272517, Valid from:8/24/17, 2:35 AM, Valid until:8/24/42, 2:35 AM
2026-01-28 12:40:01.503 DEBUG --- [  restartedMain] jdk.event.security                       : X509Certificate: Alg:SHA384withECDSA, Serial:11d2bbba336ed4bce62468c50d841d98e843, Subject:CN=GlobalSign Root E46, O=GlobalSign nv-sa, C=BE, Issuer:CN=GlobalSign Root E46, O=GlobalSign nv-sa, C=BE, Key type:EC, Length:384, Cert Id:3405603905, Valid from:3/20/19, 7:00 AM, Valid until:3/20/46, 7:00 AM
2026-01-28 12:40:01.503 DEBUG --- [  restartedMain] jdk.event.security                       : X509Certificate: Alg:SHA256withRSA, Serial:c27e43044e473f19, Subject:EMAILADDRESS=info@e-szigno.hu, CN=Microsec e-Szigno Root CA 2009, O=Microsec Ltd., L=Budapest, C=HU, Issuer:EMAILADDRESS=info@e-szigno.hu, CN=Microsec e-Szigno Root CA 2009, O=Microsec Ltd., L=Budapest, C=HU, Key type:RSA, Length:2048, Cert Id:2391017284, Valid from:6/16/09, 6:30 PM, Valid until:12/30/29, 6:30 PM
2026-01-28 12:40:01.503 DEBUG --- [  restartedMain] jdk.event.security                       : X509Certificate: Alg:SHA256withRSA, Serial:3e8a5d07ec55d232d5b7e3b65f01eb2ddce4d6e4, Subject:CN=SZAFIR ROOT CA2, O=Krajowa Izba Rozliczeniowa S.A., C=PL, Issuer:CN=SZAFIR ROOT CA2, O=Krajowa Izba Rozliczeniowa S.A., C=PL, Key type:RSA, Length:2048, Cert Id:381279303, Valid from:10/19/15, 2:43 PM, Valid until:10/19/35, 2:43 PM
2026-01-28 12:40:01.504 DEBUG --- [  restartedMain] jdk.event.security                       : X509Certificate: Alg:SHA1withRSA, Serial:53ec3beefbb2485f, Subject:CN=Autoridad de Certificacion Firmaprofesional CIF A62634068, C=ES, Issuer:CN=Autoridad de Certificacion Firmaprofesional CIF A62634068, C=ES, Key type:RSA, Length:4096, Cert Id:692250759, Valid from:5/20/09, 3:38 PM, Valid until:12/31/30, 3:38 PM
2026-01-28 12:40:01.504 DEBUG --- [  restartedMain] jdk.event.security                       : X509Certificate: Alg:SHA1withRSA, Serial:1, Subject:CN=TWCA Root Certification Authority, OU=Root CA, O=TAIWAN-CA, C=TW, Issuer:CN=TWCA Root Certification Authority, OU=Root CA, O=TAIWAN-CA, C=TW, Key type:RSA, Length:2048, Cert Id:2652873033, Valid from:8/28/08, 2:24 PM, Valid until:12/31/30, 10:59 PM
2026-01-28 12:40:01.505 DEBUG --- [  restartedMain] jdk.event.security                       : X509Certificate: Alg:SHA256withRSA, Serial:49412ce40010, Subject:CN=NetLock Arany (Class Gold) Főtanúsítvány, OU=Tanúsítványkiadók (Certification Services), O=NetLock Kft., L=Budapest, C=HU, Issuer:CN=NetLock Arany (Class Gold) Főtanúsítvány, OU=Tanúsítványkiadók (Certification Services), O=NetLock Kft., L=Budapest, C=HU, Key type:RSA, Length:2048, Cert Id:58541246, Valid from:12/11/08, 10:08 PM, Valid until:12/6/28, 10:08 PM
2026-01-28 12:40:01.505 DEBUG --- [  restartedMain] jdk.event.security                       : X509Certificate: Alg:SHA384withECDSA, Serial:8bd85976c9927a48068473b, Subject:CN=Trustwave Global ECC P384 Certification Authority, O="Trustwave Holdings, Inc.", L=Chicago, ST=Illinois, C=US, Issuer:CN=Trustwave Global ECC P384 Certification Authority, O="Trustwave Holdings, Inc.", L=Chicago, ST=Illinois, C=US, Key type:EC, Length:384, Cert Id:2301042373, Valid from:8/24/17, 2:36 AM, Valid until:8/24/42, 2:36 AM
2026-01-28 12:40:01.506 DEBUG --- [  restartedMain] jdk.event.security                       : X509Certificate: Alg:SHA512withRSA, Serial:21d6d04a4f250fc93237fcaa5e128de9, Subject:CN=Certum Trusted Network CA 2, OU=Certum Certification Authority, O=Unizeto Technologies S.A., C=PL, Issuer:CN=Certum Trusted Network CA 2, OU=Certum Certification Authority, O=Unizeto Technologies S.A., C=PL, Key type:RSA, Length:4096, Cert Id:1983350452, Valid from:10/6/11, 3:39 PM, Valid until:10/6/46, 3:39 PM
2026-01-28 12:40:01.506 DEBUG --- [  restartedMain] jdk.event.security                       : X509Certificate: Alg:SHA384withECDSA, Serial:788f275c81125220a504d02dddba73f4, Subject:CN=Certum EC-384 CA, OU=Certum Certification Authority, O=Asseco Data Systems S.A., C=PL, Issuer:CN=Certum EC-384 CA, OU=Certum Certification Authority, O=Asseco Data Systems S.A., C=PL, Key type:EC, Length:384, Cert Id:994586241, Valid from:3/26/18, 2:24 PM, Valid until:3/26/43, 2:24 PM
2026-01-28 12:40:01.507 DEBUG --- [  restartedMain] jdk.event.security                       : X509Certificate: Alg:SHA1withRSA, Serial:4e812d8a8265e00b02ee3e350246e53d, Subject:CN=COMODO Certification Authority, O=COMODO CA Limited, L=Salford, ST=Greater Manchester, C=GB, Issuer:CN=COMODO Certification Authority, O=COMODO CA Limited, L=Salford, ST=Greater Manchester, C=GB, Key type:RSA, Length:2048, Cert Id:904304908, Valid from:12/1/06, 7:00 AM, Valid until:1/1/30, 6:59 AM
2026-01-28 12:40:01.507 DEBUG --- [  restartedMain] jdk.event.security                       : X509Certificate: Alg:SHA256withRSA, Serial:cae91b89f155030da3e6416dc4e3a6e1, Subject:CN=Certigna Root CA, OU=0002 48146308100036, O=Dhimyotis, C=FR, Issuer:CN=Certigna Root CA, OU=0002 48146308100036, O=Dhimyotis, C=FR, Key type:RSA, Length:4096, Cert Id:356684591, Valid from:10/1/13, 3:32 PM, Valid until:10/1/33, 3:32 PM
2026-01-28 12:40:01.507 DEBUG --- [  restartedMain] jdk.event.security                       : X509Certificate: Alg:SHA256withECDSA, Serial:2c299c5b16ed0595, Subject:CN=SSL.com EV Root Certification Authority ECC, O=SSL Corporation, L=Houston, ST=Texas, C=US, Issuer:CN=SSL.com EV Root Certification Authority ECC, O=SSL Corporation, L=Houston, ST=Texas, C=US, Key type:EC, Length:384, Cert Id:1789254518, Valid from:2/13/16, 1:15 AM, Valid until:2/13/41, 1:15 AM
2026-01-28 12:40:01.508 DEBUG --- [  restartedMain] jdk.event.security                       : X509Certificate: Alg:SHA384withECDSA, Serial:62f6326ce5c4e3685c1b62dd9c2e9d95, Subject:CN=AC RAIZ FNMT-RCM SERVIDORES SEGUROS, OID.2.5.4.97=VATES-Q2826004J, OU=Ceres, O=FNMT-RCM, C=ES, Issuer:CN=AC RAIZ FNMT-RCM SERVIDORES SEGUROS, OID.2.5.4.97=VATES-Q2826004J, OU=Ceres, O=FNMT-RCM, C=ES, Key type:EC, Length:384, Cert Id:246315697, Valid from:12/20/18, 4:37 PM, Valid until:12/20/43, 4:37 PM
2026-01-28 12:40:01.520 DEBUG --- [  restartedMain] o.s.web.client.RestTemplate              : HTTP GET https://accounts.google.com/.well-known/openid-configuration
2026-01-28 12:40:01.526 DEBUG --- [  restartedMain] i.m.c.u.i.logging.InternalLoggerFactory  : Using SLF4J as the default logging framework
2026-01-28 12:40:01.538 DEBUG --- [  restartedMain] o.s.web.client.RestTemplate              : Accept=[application/json, application/yaml, application/*+json]
2026-01-28 12:40:01.545 DEBUG --- [onnection adder] jdk.event.security                       : X509Certificate: Alg:SHA384withRSA, Serial:56539240bca9317c32b76293dd3fb3b339412276, Subject:CN=mysql-3db5c258-2, O=116c39ae-7c56-40ae-a744-324d4e681b1c, ST=service, Issuer:CN=116c39ae-7c56-40ae-a744-324d4e681b1c GEN 1 Project CA, Key type:RSA, Length:3072, Cert Id:598374692, Valid from:1/19/26, 4:34 PM, Valid until:4/18/28, 7:34 PM
2026-01-28 12:40:01.545 DEBUG --- [onnection adder] jdk.event.security                       : X509Certificate: Alg:SHA384withRSA, Serial:58db7138134fdd23146e018032bdd4666c9fc5bb, Subject:CN=116c39ae-7c56-40ae-a744-324d4e681b1c GEN 1 Project CA, Issuer:CN=116c39ae-7c56-40ae-a744-324d4e681b1c GEN 1 Project CA, Key type:RSA, Length:3072, Cert Id:1211769917, Valid from:5/23/25, 7:30 AM, Valid until:5/21/35, 7:30 AM
2026-01-28 12:40:01.547 DEBUG --- [onnection adder] jdk.event.security                       :  TLSHandshake: mysql-3db5c258-cangngoo123-1bf2.d.aivencloud.com:28331, TLSv1.3, TLS_AES_256_GCM_SHA384, 598374692
2026-01-28 12:40:01.851 DEBUG --- [  restartedMain] jdk.event.security                       : X509Certificate: Alg:SHA256withRSA, Serial:fba4944ee9396fb120ae09696368b47, Subject:CN=accounts.google.com, Issuer:CN=WR2, O=Google Trust Services, C=US, Key type:EC, Length:256, Cert Id:1114598268, Valid from:12/30/25, 2:53 AM, Valid until:3/24/26, 2:53 AM
2026-01-28 12:40:01.851 DEBUG --- [  restartedMain] jdk.event.security                       : X509Certificate: Alg:SHA256withRSA, Serial:7ff005a07c4cded100ad9d66a5107b98, Subject:CN=WR2, O=Google Trust Services, C=US, Issuer:CN=GTS Root R1, O=Google Trust Services LLC, C=US, Key type:RSA, Length:2048, Cert Id:3808790686, Valid from:12/13/23, 4:00 PM, Valid until:2/20/29, 9:00 PM
2026-01-28 12:40:01.851 DEBUG --- [  restartedMain] jdk.event.security                       : X509Certificate: Alg:SHA256withRSA, Serial:77bd0d6cdb36f91aea210fc4f058d30d, Subject:CN=GTS Root R1, O=Google Trust Services LLC, C=US, Issuer:CN=GlobalSign Root CA, OU=Root CA, O=GlobalSign nv-sa, C=BE, Key type:RSA, Length:4096, Cert Id:1081005260, Valid from:6/19/20, 7:00 AM, Valid until:1/28/28, 7:00 AM
2026-01-28 12:40:01.864 DEBUG --- [  restartedMain] jdk.event.security                       : ValidationChain: 657172038, 3808790686, 1114598268
2026-01-28 12:40:01.866 DEBUG --- [  restartedMain] jdk.event.security                       : X509Certificate: Alg:SHA256withRSA, Serial:570a119742c4e3cc, Subject:CN=Actalis Authentication Root CA, O=Actalis S.p.A./03358520967, L=Milan, C=IT, Issuer:CN=Actalis Authentication Root CA, O=Actalis S.p.A./03358520967, L=Milan, C=IT, Key type:RSA, Length:4096, Cert Id:1729119956, Valid from:9/22/11, 6:22 PM, Valid until:9/22/30, 6:22 PM
2026-01-28 12:40:01.867 DEBUG --- [  restartedMain] jdk.event.security                       : X509Certificate: Alg:SHA1withRSA, Serial:1, Subject:CN=AddTrust External CA Root, OU=AddTrust External TTP Network, O=AddTrust AB, C=SE, Issuer:CN=AddTrust External CA Root, OU=AddTrust External TTP Network, O=AddTrust AB, C=SE, Key type:RSA, Length:2048, Cert Id:3968614624, Valid from:5/30/00, 5:48 PM, Valid until:5/30/20, 5:48 PM
2026-01-28 12:40:01.867 DEBUG --- [  restartedMain] jdk.event.security                       : X509Certificate: Alg:SHA1withRSA, Serial:1, Subject:CN=AddTrust Qualified CA Root, OU=AddTrust TTP Network, O=AddTrust AB, C=SE, Issuer:CN=AddTrust Qualified CA Root, OU=AddTrust TTP Network, O=AddTrust AB, C=SE, Key type:RSA, Length:2048, Cert Id:607365522, Valid from:5/30/00, 5:44 PM, Valid until:5/30/20, 5:44 PM
2026-01-28 12:40:01.867 DEBUG --- [  restartedMain] jdk.event.security                       : X509Certificate: Alg:SHA256withRSA, Serial:7777062726a9b17c, Subject:CN=AffirmTrust Commercial, O=AffirmTrust, C=US, Issuer:CN=AffirmTrust Commercial, O=AffirmTrust, C=US, Key type:RSA, Length:2048, Cert Id:630485644, Valid from:1/29/10, 9:06 PM, Valid until:12/31/30, 9:06 PM
2026-01-28 12:40:01.867 DEBUG --- [  restartedMain] jdk.event.security                       : X509Certificate: Alg:SHA1withRSA, Serial:7c4f04391cd4992d, Subject:CN=AffirmTrust Networking, O=AffirmTrust, C=US, Issuer:CN=AffirmTrust Networking, O=AffirmTrust, C=US, Key type:RSA, Length:2048, Cert Id:651670175, Valid from:1/29/10, 9:08 PM, Valid until:12/31/30, 9:08 PM
2026-01-28 12:40:01.867 DEBUG --- [  restartedMain] jdk.event.security                       : X509Certificate: Alg:SHA384withRSA, Serial:6d8c1446b1a60aee, Subject:CN=AffirmTrust Premium, O=AffirmTrust, C=US, Issuer:CN=AffirmTrust Premium, O=AffirmTrust, C=US, Key type:RSA, Length:4096, Cert Id:2164683341, Valid from:1/29/10, 9:10 PM, Valid until:12/31/40, 9:10 PM
2026-01-28 12:40:01.868 DEBUG --- [  restartedMain] jdk.event.security                       : X509Certificate: Alg:SHA384withECDSA, Serial:7497258ac73f7a54, Subject:CN=AffirmTrust Premium ECC, O=AffirmTrust, C=US, Issuer:CN=AffirmTrust Premium ECC, O=AffirmTrust, C=US, Key type:EC, Length:384, Cert Id:2214603510, Valid from:1/29/10, 9:20 PM, Valid until:12/31/40, 9:20 PM
2026-01-28 12:40:01.868 DEBUG --- [  restartedMain] jdk.event.security                       : X509Certificate: Alg:SHA256withRSA, Serial:66c9fcf99bf8c0a39e2f0788a43e696365bca, Subject:CN=Amazon Root CA 1, O=Amazon, C=US, Issuer:CN=Amazon Root CA 1, O=Amazon, C=US, Key type:RSA, Length:2048, Cert Id:2822522334, Valid from:5/26/15, 7:00 AM, Valid until:1/17/38, 7:00 AM
2026-01-28 12:40:01.868 DEBUG --- [  restartedMain] jdk.event.security                       : X509Certificate: Alg:SHA384withRSA, Serial:66c9fd29635869f0a0fe58678f85b26bb8a37, Subject:CN=Amazon Root CA 2, O=Amazon, C=US, Issuer:CN=Amazon Root CA 2, O=Amazon, C=US, Key type:RSA, Length:4096, Cert Id:2528834908, Valid from:5/26/15, 7:00 AM, Valid until:5/26/40, 7:00 AM
2026-01-28 12:40:01.868 DEBUG --- [  restartedMain] jdk.event.security                       : X509Certificate: Alg:SHA256withECDSA, Serial:66c9fd5749736663f3b0b9ad9e89e7603f24a, Subject:CN=Amazon Root CA 3, O=Amazon, C=US, Issuer:CN=Amazon Root CA 3, O=Amazon, C=US, Key type:EC, Length:256, Cert Id:2732679773, Valid from:5/26/15, 7:00 AM, Valid until:5/26/40, 7:00 AM
2026-01-28 12:40:01.868 DEBUG --- [  restartedMain] jdk.event.security                       : X509Certificate: Alg:SHA384withECDSA, Serial:66c9fd7c1bb104c2943e5717b7b2cc81ac10e, Subject:CN=Amazon Root CA 4, O=Amazon, C=US, Issuer:CN=Amazon Root CA 4, O=Amazon, C=US, Key type:EC, Length:384, Cert Id:2640694783, Valid from:5/26/15, 7:00 AM, Valid until:5/26/40, 7:00 AM
2026-01-28 12:40:01.868 DEBUG --- [  restartedMain] jdk.event.security                       : X509Certificate: Alg:SHA1withRSA, Serial:20000b9, Subject:CN=Baltimore CyberTrust Root, OU=CyberTrust, O=Baltimore, C=IE, Issuer:CN=Baltimore CyberTrust Root, OU=CyberTrust, O=Baltimore, C=IE, Key type:RSA, Length:2048, Cert Id:1425294543, Valid from:5/13/00, 1:46 AM, Valid until:5/13/25, 6:59 AM
2026-01-28 12:40:01.868 DEBUG --- [  restartedMain] jdk.event.security                       : X509Certificate: Alg:SHA256withRSA, Serial:2, Subject:CN=Buypass Class 2 Root CA, O=Buypass AS-983163327, C=NO, Issuer:CN=Buypass Class 2 Root CA, O=Buypass AS-983163327, C=NO, Key type:RSA, Length:4096, Cert Id:969960563, Valid from:10/26/10, 3:38 PM, Valid until:10/26/40, 3:38 PM
2026-01-28 12:40:01.869 DEBUG --- [  restartedMain] jdk.event.security                       : X509Certificate: Alg:SHA256withRSA, Serial:2, Subject:CN=Buypass Class 3 Root CA, O=Buypass AS-983163327, C=NO, Issuer:CN=Buypass Class 3 Root CA, O=Buypass AS-983163327, C=NO, Key type:RSA, Length:4096, Cert Id:1264269967, Valid from:10/26/10, 3:28 PM, Valid until:10/26/40, 3:28 PM
2026-01-28 12:40:01.869 DEBUG --- [  restartedMain] jdk.event.security                       : X509Certificate: Alg:SHA1withRSA, Serial:a3da427ea4b1aeda, Subject:CN=Chambers of Commerce Root - 2008, O=AC Camerfirma S.A., SERIALNUMBER=A82743287, L=Madrid (see current address at www.camerfirma.com/address), C=EU, Issuer:CN=Chambers of Commerce Root - 2008, O=AC Camerfirma S.A., SERIALNUMBER=A82743287, L=Madrid (see current address at www.camerfirma.com/address), C=EU, Key type:RSA, Length:4096, Cert Id:4266703372, Valid from:8/1/08, 7:29 PM, Valid until:7/31/38, 7:29 PM
2026-01-28 12:40:01.869 DEBUG --- [  restartedMain] jdk.event.security                       : X509Certificate: Alg:SHA1withRSA, Serial:0, Subject:CN=Chambers of Commerce Root, OU=http://www.chambersign.org, O=AC Camerfirma SA CIF A82743287, C=EU, Issuer:CN=Chambers of Commerce Root, OU=http://www.chambersign.org, O=AC Camerfirma SA CIF A82743287, C=EU, Key type:RSA, Length:2048, Cert Id:1827306452, Valid from:9/30/03, 11:13 PM, Valid until:9/30/37, 11:13 PM
2026-01-28 12:40:01.869 DEBUG --- [  restartedMain] jdk.event.security                       : X509Certificate: Alg:SHA1withRSA, Serial:c9cdd3e9d57d23ce, Subject:CN=Global Chambersign Root - 2008, O=AC Camerfirma S.A., SERIALNUMBER=A82743287, L=Madrid (see current address at www.camerfirma.com/address), C=EU, Issuer:CN=Global Chambersign Root - 2008, O=AC Camerfirma S.A., SERIALNUMBER=A82743287, L=Madrid (see current address at www.camerfirma.com/address), C=EU, Key type:RSA, Length:4096, Cert Id:1271252776, Valid from:8/1/08, 7:31 PM, Valid until:7/31/38, 7:31 PM
2026-01-28 12:40:01.869 DEBUG --- [  restartedMain] jdk.event.security                       : X509Certificate: Alg:SHA384withECDSA, Serial:62533b1470333275cf98d9ab9bfccf8, Subject:CN=Certainly Root E1, O=Certainly, C=US, Issuer:CN=Certainly Root E1, O=Certainly, C=US, Key type:EC, Length:384, Cert Id:792571453, Valid from:4/1/21, 7:00 AM, Valid until:4/1/46, 7:00 AM
2026-01-28 12:40:01.869 DEBUG --- [  restartedMain] jdk.event.security                       : X509Certificate: Alg:SHA256withRSA, Serial:8e0ff94b907168653354f4d44439b7e0, Subject:CN=Certainly Root R1, O=Certainly, C=US, Issuer:CN=Certainly Root R1, O=Certainly, C=US, Key type:RSA, Length:4096, Cert Id:2255958535, Valid from:4/1/21, 7:00 AM, Valid until:4/1/46, 7:00 AM
2026-01-28 12:40:01.870 DEBUG --- [  restartedMain] jdk.event.security                       : X509Certificate: Alg:SHA1withRSA, Serial:fedce3010fc948ff, Subject:CN=Certigna, O=Dhimyotis, C=FR, Issuer:CN=Certigna, O=Dhimyotis, C=FR, Key type:RSA, Length:2048, Cert Id:3506875840, Valid from:6/29/07, 10:13 PM, Valid until:6/29/27, 10:13 PM
2026-01-28 12:40:01.870 DEBUG --- [  restartedMain] jdk.event.security                       : X509Certificate: Alg:SHA256withRSA, Serial:cae91b89f155030da3e6416dc4e3a6e1, Subject:CN=Certigna Root CA, OU=0002 48146308100036, O=Dhimyotis, C=FR, Issuer:CN=Certigna Root CA, OU=0002 48146308100036, O=Dhimyotis, C=FR, Key type:RSA, Length:4096, Cert Id:356684591, Valid from:10/1/13, 3:32 PM, Valid until:10/1/33, 3:32 PM
2026-01-28 12:40:01.870 DEBUG --- [  restartedMain] jdk.event.security                       : X509Certificate: Alg:SHA1withRSA, Serial:10020, Subject:CN=Certum CA, O=Unizeto Sp. z o.o., C=PL, Issuer:CN=Certum CA, O=Unizeto Sp. z o.o., C=PL, Key type:RSA, Length:2048, Cert Id:3550516030, Valid from:6/11/02, 5:46 PM, Valid until:6/11/27, 5:46 PM
2026-01-28 12:40:01.870 DEBUG --- [  restartedMain] jdk.event.security                       : X509Certificate: Alg:SHA1withRSA, Serial:444c0, Subject:CN=Certum Trusted Network CA, OU=Certum Certification Authority, O=Unizeto Technologies S.A., C=PL, Issuer:CN=Certum Trusted Network CA, OU=Certum Certification Authority, O=Unizeto Technologies S.A., C=PL, Key type:RSA, Length:2048, Cert Id:2014002193, Valid from:10/22/08, 7:07 PM, Valid until:12/31/29, 7:07 PM
2026-01-28 12:40:01.870 DEBUG --- [  restartedMain] jdk.event.security                       : X509Certificate: Alg:SHA1withRSA, Serial:15c8bd65475cafb897005ee406d2bc9d, Subject:OU=ePKI Root Certification Authority, O="Chunghwa Telecom Co., Ltd.", C=TW, Issuer:OU=ePKI Root Certification Authority, O="Chunghwa Telecom Co., Ltd.", C=TW, Key type:RSA, Length:4096, Cert Id:3632331159, Valid from:12/20/04, 9:31 AM, Valid until:12/20/34, 9:31 AM
2026-01-28 12:40:01.870 DEBUG --- [  restartedMain] jdk.event.security                       : X509Certificate: Alg:SHA1withRSA, Serial:1, Subject:CN=AAA Certificate Services, O=Comodo CA Limited, L=Salford, ST=Greater Manchester, C=GB, Issuer:CN=AAA Certificate Services, O=Comodo CA Limited, L=Salford, ST=Greater Manchester, C=GB, Key type:RSA, Length:2048, Cert Id:3097386402, Valid from:1/1/04, 7:00 AM, Valid until:1/1/29, 6:59 AM
2026-01-28 12:40:01.870 DEBUG --- [  restartedMain] jdk.event.security                       : X509Certificate: Alg:SHA384withECDSA, Serial:1f47afaa62007050544c019e9b63992a, Subject:CN=COMODO ECC Certification Authority, O=COMODO CA Limited, L=Salford, ST=Greater Manchester, C=GB, Issuer:CN=COMODO ECC Certification Authority, O=COMODO CA Limited, L=Salford, ST=Greater Manchester, C=GB, Key type:EC, Length:384, Cert Id:1146488932, Valid from:3/6/08, 7:00 AM, Valid until:1/19/38, 6:59 AM
2026-01-28 12:40:01.871 DEBUG --- [  restartedMain] jdk.event.security                       : X509Certificate: Alg:SHA384withRSA, Serial:4caaf9cadb636fe01ff74ed85b03869d, Subject:CN=COMODO RSA Certification Authority, O=COMODO CA Limited, L=Salford, ST=Greater Manchester, C=GB, Issuer:CN=COMODO RSA Certification Authority, O=COMODO CA Limited, L=Salford, ST=Greater Manchester, C=GB, Key type:RSA, Length:4096, Cert Id:1769425049, Valid from:1/19/10, 7:00 AM, Valid until:1/19/38, 6:59 AM
2026-01-28 12:40:01.871 DEBUG --- [  restartedMain] jdk.event.security                       : X509Certificate: Alg:SHA256withRSA, Serial:b931c3ad63967ea6723bfc3af9af44b, Subject:CN=DigiCert Assured ID Root G2, OU=www.digicert.com, O=DigiCert Inc, C=US, Issuer:CN=DigiCert Assured ID Root G2, OU=www.digicert.com, O=DigiCert Inc, C=US, Key type:RSA, Length:2048, Cert Id:3909568913, Valid from:8/1/13, 7:00 PM, Valid until:1/15/38, 7:00 PM
2026-01-28 12:40:01.871 DEBUG --- [  restartedMain] jdk.event.security                       : X509Certificate: Alg:SHA384withECDSA, Serial:ba15afa1ddfa0b54944afcd24a06cec, Subject:CN=DigiCert Assured ID Root G3, OU=www.digicert.com, O=DigiCert Inc, C=US, Issuer:CN=DigiCert Assured ID Root G3, OU=www.digicert.com, O=DigiCert Inc, C=US, Key type:EC, Length:384, Cert Id:3649430051, Valid from:8/1/13, 7:00 PM, Valid until:1/15/38, 7:00 PM
2026-01-28 12:40:01.871 DEBUG --- [  restartedMain] jdk.event.security                       : X509Certificate: Alg:SHA1withRSA, Serial:ce7e0e517d846fe8fe560fc1bf03039, Subject:CN=DigiCert Assured ID Root CA, OU=www.digicert.com, O=DigiCert Inc, C=US, Issuer:CN=DigiCert Assured ID Root CA, OU=www.digicert.com, O=DigiCert Inc, C=US, Key type:RSA, Length:2048, Cert Id:3434562768, Valid from:11/10/06, 7:00 AM, Valid until:11/10/31, 7:00 AM
2026-01-28 12:40:01.871 DEBUG --- [  restartedMain] jdk.event.security                       : X509Certificate: Alg:SHA384withECDSA, Serial:3698fe712d519f3ced0fdb7b1643011, Subject:CN=DigiCert CS ECC P384 Root G5, O="DigiCert, Inc.", C=US, Issuer:CN=DigiCert CS ECC P384 Root G5, O="DigiCert, Inc.", C=US, Key type:EC, Length:384, Cert Id:381797637, Valid from:1/15/21, 7:00 AM, Valid until:1/15/46, 6:59 AM
2026-01-28 12:40:01.871 DEBUG --- [  restartedMain] jdk.event.security                       : X509Certificate: Alg:SHA384withRSA, Serial:6cee131be6d55c807f7c0c7fb44e620, Subject:CN=DigiCert CS RSA4096 Root G5, O="DigiCert, Inc.", C=US, Issuer:CN=DigiCert CS RSA4096 Root G5, O="DigiCert, Inc.", C=US, Key type:RSA, Length:4096, Cert Id:1193514382, Valid from:1/15/21, 7:00 AM, Valid until:1/15/46, 6:59 AM
2026-01-28 12:40:01.872 DEBUG --- [  restartedMain] jdk.event.security                       : X509Certificate: Alg:SHA1withRSA, Serial:83be056904246b1a1756ac95991c74a, Subject:CN=DigiCert Global Root CA, OU=www.digicert.com, O=DigiCert Inc, C=US, Issuer:CN=DigiCert Global Root CA, OU=www.digicert.com, O=DigiCert Inc, C=US, Key type:RSA, Length:2048, Cert Id:1341898239, Valid from:11/10/06, 7:00 AM, Valid until:11/10/31, 7:00 AM
2026-01-28 12:40:01.872 DEBUG --- [  restartedMain] jdk.event.security                       : X509Certificate: Alg:SHA256withRSA, Serial:33af1e6a711a9a0bb2864b11d09fae5, Subject:CN=DigiCert Global Root G2, OU=www.digicert.com, O=DigiCert Inc, C=US, Issuer:CN=DigiCert Global Root G2, OU=www.digicert.com, O=DigiCert Inc, C=US, Key type:RSA, Length:2048, Cert Id:1136084297, Valid from:8/1/13, 7:00 PM, Valid until:1/15/38, 7:00 PM
2026-01-28 12:40:01.872 DEBUG --- [  restartedMain] jdk.event.security                       : X509Certificate: Alg:SHA384withECDSA, Serial:55556bcf25ea43535c3a40fd5ab4572, Subject:CN=DigiCert Global Root G3, OU=www.digicert.com, O=DigiCert Inc, C=US, Issuer:CN=DigiCert Global Root G3, OU=www.digicert.com, O=DigiCert Inc, C=US, Key type:EC, Length:384, Cert Id:3498998753, Valid from:8/1/13, 7:00 PM, Valid until:1/15/38, 7:00 PM
2026-01-28 12:40:01.872 DEBUG --- [  restartedMain] jdk.event.security                       : X509Certificate: Alg:SHA1withRSA, Serial:2ac5c266a0b409b8f0b79f2ae462577, Subject:CN=DigiCert High Assurance EV Root CA, OU=www.digicert.com, O=DigiCert Inc, C=US, Issuer:CN=DigiCert High Assurance EV Root CA, OU=www.digicert.com, O=DigiCert Inc, C=US, Key type:RSA, Length:2048, Cert Id:2884286942, Valid from:11/10/06, 7:00 AM, Valid until:11/10/31, 7:00 AM
2026-01-28 12:40:01.872 DEBUG --- [  restartedMain] jdk.event.security                       : X509Certificate: Alg:SHA384withECDSA, Serial:9e09365acf7d9c8b93e1c0b042a2ef3, Subject:CN=DigiCert TLS ECC P384 Root G5, O="DigiCert, Inc.", C=US, Issuer:CN=DigiCert TLS ECC P384 Root G5, O="DigiCert, Inc.", C=US, Key type:EC, Length:384, Cert Id:3940772018, Valid from:1/15/21, 7:00 AM, Valid until:1/15/46, 6:59 AM
2026-01-28 12:40:01.872 DEBUG --- [  restartedMain] jdk.event.security                       : X509Certificate: Alg:SHA384withRSA, Serial:8f9b478a8fa7eda6a333789de7ccf8a, Subject:CN=DigiCert TLS RSA4096 Root G5, O="DigiCert, Inc.", C=US, Issuer:CN=DigiCert TLS RSA4096 Root G5, O="DigiCert, Inc.", C=US, Key type:RSA, Length:4096, Cert Id:165956757, Valid from:1/15/21, 7:00 AM, Valid until:1/15/46, 6:59 AM
2026-01-28 12:40:01.872 DEBUG --- [  restartedMain] jdk.event.security                       : X509Certificate: Alg:SHA384withRSA, Serial:59b1b579e8e2132e23907bda777755c, Subject:CN=DigiCert Trusted Root G4, OU=www.digicert.com, O=DigiCert Inc, C=US, Issuer:CN=DigiCert Trusted Root G4, OU=www.digicert.com, O=DigiCert Inc, C=US, Key type:RSA, Length:4096, Cert Id:1057369358, Valid from:8/1/13, 7:00 PM, Valid until:1/15/38, 7:00 PM
2026-01-28 12:40:01.872 DEBUG --- [  restartedMain] jdk.event.security                       : X509Certificate: Alg:SHA256withRSA, Serial:983f3, Subject:CN=D-TRUST Root Class 3 CA 2 2009, O=D-Trust GmbH, C=DE, Issuer:CN=D-TRUST Root Class 3 CA 2 2009, O=D-Trust GmbH, C=DE, Key type:RSA, Length:2048, Cert Id:1430153102, Valid from:11/5/09, 3:35 PM, Valid until:11/5/29, 3:35 PM
2026-01-28 12:40:01.873 DEBUG --- [  restartedMain] jdk.event.security                       : X509Certificate: Alg:SHA256withRSA, Serial:983f4, Subject:CN=D-TRUST Root Class 3 CA 2 EV 2009, O=D-Trust GmbH, C=DE, Issuer:CN=D-TRUST Root Class 3 CA 2 EV 2009, O=D-Trust GmbH, C=DE, Key type:RSA, Length:2048, Cert Id:971313728, Valid from:11/5/09, 3:50 PM, Valid until:11/5/29, 3:50 PM
2026-01-28 12:40:01.873 DEBUG --- [  restartedMain] jdk.event.security                       : X509Certificate: Alg:SHA384withECDSA, Serial:3cf607a968700eda8b84, Subject:CN=emSign ECC Root CA - G3, O=eMudhra Technologies Limited, OU=emSign PKI, C=IN, Issuer:CN=emSign ECC Root CA - G3, O=eMudhra Technologies Limited, OU=emSign PKI, C=IN, Key type:EC, Length:384, Cert Id:3832035707, Valid from:2/19/18, 1:30 AM, Valid until:2/19/43, 1:30 AM
2026-01-28 12:40:01.873 DEBUG --- [  restartedMain] jdk.event.security                       : X509Certificate: Alg:SHA256withRSA, Serial:31f5e4620c6c58edd6d8, Subject:CN=emSign Root CA - G1, O=eMudhra Technologies Limited, OU=emSign PKI, C=IN, Issuer:CN=emSign Root CA - G1, O=eMudhra Technologies Limited, OU=emSign PKI, C=IN, Key type:RSA, Length:2048, Cert Id:392709196, Valid from:2/19/18, 1:30 AM, Valid until:2/19/43, 1:30 AM
2026-01-28 12:40:01.873 DEBUG --- [  restartedMain] jdk.event.security                       : X509Certificate: Alg:SHA384withRSA, Serial:864dbf0fe35ed77d8ed8, Subject:CN=emSign Root CA - G2, O=eMudhra Technologies Limited, OU=emSign PKI, C=IN, Issuer:CN=emSign Root CA - G2, O=eMudhra Technologies Limited, OU=emSign PKI, C=IN, Key type:RSA, Length:4096, Cert Id:3373940126, Valid from:2/19/18, 1:30 AM, Valid until:2/19/43, 1:30 AM
2026-01-28 12:40:01.873 DEBUG --- [  restartedMain] jdk.event.security                       : X509Certificate: Alg:SHA1withRSA, Serial:3863def8, Subject:CN=Entrust.net Certification Authority (2048), OU=(c) 1999 Entrust.net Limited, OU=www.entrust.net/CPS_2048 incorp. by ref. (limits liab.), O=Entrust.net, Issuer:CN=Entrust.net Certification Authority (2048), OU=(c) 1999 Entrust.net Limited, OU=www.entrust.net/CPS_2048 incorp. by ref. (limits liab.), O=Entrust.net, Key type:RSA, Length:2048, Cert Id:3966431214, Valid from:12/25/99, 12:50 AM, Valid until:7/24/29, 9:15 PM
2026-01-28 12:40:01.873 DEBUG --- [  restartedMain] jdk.event.security                       : X509Certificate: Alg:SHA1withRSA, Serial:456b5054, Subject:CN=Entrust Root Certification Authority, OU="(c) 2006 Entrust, Inc.", OU=www.entrust.net/CPS is incorporated by reference, O="Entrust, Inc.", C=US, Issuer:CN=Entrust Root Certification Authority, OU="(c) 2006 Entrust, Inc.", OU=www.entrust.net/CPS is incorporated by reference, O="Entrust, Inc.", C=US, Key type:RSA, Length:2048, Cert Id:3033563200, Valid from:11/28/06, 3:23 AM, Valid until:11/28/26, 3:53 AM
2026-01-28 12:40:01.873 DEBUG --- [  restartedMain] jdk.event.security                       : X509Certificate: Alg:SHA384withECDSA, Serial:a68b79290000000050d091f9, Subject:CN=Entrust Root Certification Authority - EC1, OU="(c) 2012 Entrust, Inc. - for authorized use only", OU=See www.entrust.net/legal-terms, O="Entrust, Inc.", C=US, Issuer:CN=Entrust Root Certification Authority - EC1, OU="(c) 2012 Entrust, Inc. - for authorized use only", OU=See www.entrust.net/legal-terms, O="Entrust, Inc.", C=US, Key type:EC, Length:384, Cert Id:924514073, Valid from:12/18/12, 10:25 PM, Valid until:12/18/37, 10:55 PM
2026-01-28 12:40:01.873 DEBUG --- [  restartedMain] jdk.event.security                       : X509Certificate: Alg:SHA256withRSA, Serial:4a538c28, Subject:CN=Entrust Root Certification Authority - G2, OU="(c) 2009 Entrust, Inc. - for authorized use only", OU=See www.entrust.net/legal-terms, O="Entrust, Inc.", C=US, Issuer:CN=Entrust Root Certification Authority - G2, OU="(c) 2009 Entrust, Inc. - for authorized use only", OU=See www.entrust.net/legal-terms, O="Entrust, Inc.", C=US, Key type:RSA, Length:2048, Cert Id:1936920337, Valid from:7/8/09, 12:25 AM, Valid until:12/8/30, 12:55 AM
2026-01-28 12:40:01.874 DEBUG --- [  restartedMain] jdk.event.security                       : X509Certificate: Alg:SHA256withRSA, Serial:d9b5437fafa9390f000000005565ad58, Subject:CN=Entrust Root Certification Authority - G4, OU="(c) 2015 Entrust, Inc. - for authorized use only", OU=See www.entrust.net/legal-terms, O="Entrust, Inc.", C=US, Issuer:CN=Entrust Root Certification Authority - G4, OU="(c) 2015 Entrust, Inc. - for authorized use only", OU=See www.entrust.net/legal-terms, O="Entrust, Inc.", C=US, Key type:RSA, Length:4096, Cert Id:1368037548, Valid from:5/27/15, 6:11 PM, Valid until:12/27/37, 6:41 PM
2026-01-28 12:40:01.874 DEBUG --- [  restartedMain] jdk.event.security                       : X509Certificate: Alg:SHA1withRSA, Serial:23456, Subject:CN=GeoTrust Global CA, O=GeoTrust Inc., C=US, Issuer:CN=GeoTrust Global CA, O=GeoTrust Inc., C=US, Key type:RSA, Length:2048, Cert Id:2266349922, Valid from:5/21/02, 11:00 AM, Valid until:5/21/22, 11:00 AM
2026-01-28 12:40:01.874 DEBUG --- [  restartedMain] jdk.event.security                       : X509Certificate: Alg:SHA1withRSA, Serial:18acb56afd69b6153a636cafdafac4a1, Subject:CN=GeoTrust Primary Certification Authority, O=GeoTrust Inc., C=US, Issuer:CN=GeoTrust Primary Certification Authority, O=GeoTrust Inc., C=US, Key type:RSA, Length:2048, Cert Id:3329622139, Valid from:11/27/06, 7:00 AM, Valid until:7/17/36, 6:59 AM
2026-01-28 12:40:01.874 DEBUG --- [  restartedMain] jdk.event.security                       : X509Certificate: Alg:SHA384withECDSA, Serial:3cb2f4480a00e2feeb243b5e603ec36b, Subject:CN=GeoTrust Primary Certification Authority - G2, OU=(c) 2007 GeoTrust Inc. - For authorized use only, O=GeoTrust Inc., C=US, Issuer:CN=GeoTrust Primary Certification Authority - G2, OU=(c) 2007 GeoTrust Inc. - For authorized use only, O=GeoTrust Inc., C=US, Key type:EC, Length:384, Cert Id:3180663474, Valid from:11/5/07, 7:00 AM, Valid until:1/19/38, 6:59 AM
2026-01-28 12:40:01.874 DEBUG --- [  restartedMain] jdk.event.security                       : X509Certificate: Alg:SHA256withRSA, Serial:15ac6e9419b2794b41f627a9c3180f1f, Subject:CN=GeoTrust Primary Certification Authority - G3, OU=(c) 2008 GeoTrust Inc. - For authorized use only, O=GeoTrust Inc., C=US, Issuer:CN=GeoTrust Primary Certification Authority - G3, OU=(c) 2008 GeoTrust Inc. - For authorized use only, O=GeoTrust Inc., C=US, Key type:RSA, Length:2048, Cert Id:2964813538, Valid from:4/2/08, 7:00 AM, Valid until:12/2/37, 6:59 AM
2026-01-28 12:40:01.874 DEBUG --- [  restartedMain] jdk.event.security                       : X509Certificate: Alg:SHA1withRSA, Serial:1, Subject:CN=GeoTrust Universal CA, O=GeoTrust Inc., C=US, Issuer:CN=GeoTrust Universal CA, O=GeoTrust Inc., C=US, Key type:RSA, Length:4096, Cert Id:313566089, Valid from:3/4/04, 12:00 PM, Valid until:3/4/29, 12:00 PM
2026-01-28 12:40:01.874 DEBUG --- [  restartedMain] jdk.event.security                       : X509Certificate: Alg:SHA1withRSA, Serial:40000000001154b5ac394, Subject:CN=GlobalSign Root CA, OU=Root CA, O=GlobalSign nv-sa, C=BE, Issuer:CN=GlobalSign Root CA, OU=Root CA, O=GlobalSign nv-sa, C=BE, Key type:RSA, Length:2048, Cert Id:536948034, Valid from:9/1/98, 7:00 PM, Valid until:1/28/28, 7:00 PM
2026-01-28 12:40:01.874 DEBUG --- [  restartedMain] jdk.event.security                       : X509Certificate: Alg:SHA384withECDSA, Serial:11d2bbba336ed4bce62468c50d841d98e843, Subject:CN=GlobalSign Root E46, O=GlobalSign nv-sa, C=BE, Issuer:CN=GlobalSign Root E46, O=GlobalSign nv-sa, C=BE, Key type:EC, Length:384, Cert Id:3405603905, Valid from:3/20/19, 7:00 AM, Valid until:3/20/46, 7:00 AM
2026-01-28 12:40:01.875 DEBUG --- [  restartedMain] jdk.event.security                       : X509Certificate: Alg:SHA256withECDSA, Serial:2a38a41c960a04de42b228a50be8349802, Subject:CN=GlobalSign, O=GlobalSign, OU=GlobalSign ECC Root CA - R4, Issuer:CN=GlobalSign, O=GlobalSign, OU=GlobalSign ECC Root CA - R4, Key type:EC, Length:256, Cert Id:2371693751, Valid from:11/13/12, 7:00 AM, Valid until:1/19/38, 10:14 AM
2026-01-28 12:40:01.875 DEBUG --- [  restartedMain] jdk.event.security                       : X509Certificate: Alg:SHA384withECDSA, Serial:605949e0262ebb55f90a778a71f94ad86c, Subject:CN=GlobalSign, O=GlobalSign, OU=GlobalSign ECC Root CA - R5, Issuer:CN=GlobalSign, O=GlobalSign, OU=GlobalSign ECC Root CA - R5, Key type:EC, Length:384, Cert Id:1997048439, Valid from:11/13/12, 7:00 AM, Valid until:1/19/38, 10:14 AM
2026-01-28 12:40:01.875 DEBUG --- [  restartedMain] jdk.event.security                       : X509Certificate: Alg:SHA256withRSA, Serial:4000000000121585308a2, Subject:CN=GlobalSign, O=GlobalSign, OU=GlobalSign Root CA - R3, Issuer:CN=GlobalSign, O=GlobalSign, OU=GlobalSign Root CA - R3, Key type:RSA, Length:2048, Cert Id:733875591, Valid from:3/18/09, 5:00 PM, Valid until:3/18/29, 5:00 PM
2026-01-28 12:40:01.875 DEBUG --- [  restartedMain] jdk.event.security                       : X509Certificate: Alg:SHA384withRSA, Serial:11d2bbb9d723189e405f0a9d2dd0df2567d1, Subject:CN=GlobalSign Root R46, O=GlobalSign nv-sa, C=BE, Issuer:CN=GlobalSign Root R46, O=GlobalSign nv-sa, C=BE, Key type:RSA, Length:4096, Cert Id:1275948927, Valid from:3/20/19, 7:00 AM, Valid until:3/20/46, 7:00 AM
2026-01-28 12:40:01.875 DEBUG --- [  restartedMain] jdk.event.security                       : X509Certificate: Alg:SHA384withRSA, Serial:45e6bb038333c3856548e6ff4551, Subject:CN=GlobalSign, O=GlobalSign, OU=GlobalSign Root CA - R6, Issuer:CN=GlobalSign, O=GlobalSign, OU=GlobalSign Root CA - R6, Key type:RSA, Length:4096, Cert Id:3788339543, Valid from:12/10/14, 7:00 AM, Valid until:12/10/34, 7:00 AM
2026-01-28 12:40:01.875 DEBUG --- [  restartedMain] jdk.event.security                       : X509Certificate: Alg:SHA1withRSA, Serial:0, Subject:OU=Go Daddy Class 2 Certification Authority, O="The Go Daddy Group, Inc.", C=US, Issuer:OU=Go Daddy Class 2 Certification Authority, O="The Go Daddy Group, Inc.", C=US, Key type:RSA, Length:2048, Cert Id:4023522997, Valid from:6/30/04, 12:06 AM, Valid until:6/30/34, 12:06 AM
2026-01-28 12:40:01.875 DEBUG --- [  restartedMain] jdk.event.security                       : X509Certificate: Alg:SHA256withRSA, Serial:0, Subject:CN=Go Daddy Root Certificate Authority - G2, O="GoDaddy.com, Inc.", L=Scottsdale, ST=Arizona, C=US, Issuer:CN=Go Daddy Root Certificate Authority - G2, O="GoDaddy.com, Inc.", L=Scottsdale, ST=Arizona, C=US, Key type:RSA, Length:2048, Cert Id:439600313, Valid from:9/1/09, 7:00 AM, Valid until:1/1/38, 6:59 AM
2026-01-28 12:40:01.876 DEBUG --- [  restartedMain] jdk.event.security                       : X509Certificate: Alg:SHA384withRSA, Serial:203e5936f31b01349886ba217, Subject:CN=GTS Root R1, O=Google Trust Services LLC, C=US, Issuer:CN=GTS Root R1, O=Google Trust Services LLC, C=US, Key type:RSA, Length:4096, Cert Id:657172038, Valid from:6/22/16, 7:00 AM, Valid until:6/22/36, 7:00 AM
2026-01-28 12:40:01.876 DEBUG --- [  restartedMain] jdk.event.security                       : X509Certificate: Alg:SHA384withRSA, Serial:203e5aec58d04251aab1125aa, Subject:CN=GTS Root R2, O=Google Trust Services LLC, C=US, Issuer:CN=GTS Root R2, O=Google Trust Services LLC, C=US, Key type:RSA, Length:4096, Cert Id:948387669, Valid from:6/22/16, 7:00 AM, Valid until:6/22/36, 7:00 AM
2026-01-28 12:40:01.876 DEBUG --- [  restartedMain] jdk.event.security                       : X509Certificate: Alg:SHA384withECDSA, Serial:203e5b882eb20f825276d3d66, Subject:CN=GTS Root R3, O=Google Trust Services LLC, C=US, Issuer:CN=GTS Root R3, O=Google Trust Services LLC, C=US, Key type:EC, Length:384, Cert Id:1163081155, Valid from:6/22/16, 7:00 AM, Valid until:6/22/36, 7:00 AM
2026-01-28 12:40:01.876 DEBUG --- [  restartedMain] jdk.event.security                       : X509Certificate: Alg:SHA384withECDSA, Serial:203e5c068ef631a9c72905052, Subject:CN=GTS Root R4, O=Google Trust Services LLC, C=US, Issuer:CN=GTS Root R4, O=Google Trust Services LLC, C=US, Key type:EC, Length:384, Cert Id:1326433111, Valid from:6/22/16, 7:00 AM, Valid until:6/22/36, 7:00 AM
2026-01-28 12:40:01.876 DEBUG --- [  restartedMain] jdk.event.security                       : X509Certificate: Alg:SHA256withECDSA, Serial:0, Subject:CN=Hellenic Academic and Research Institutions ECC RootCA 2015, O=Hellenic Academic and Research Institutions Cert. Authority, L=Athens, C=GR, Issuer:CN=Hellenic Academic and Research Institutions ECC RootCA 2015, O=Hellenic Academic and Research Institutions Cert. Authority, L=Athens, C=GR, Key type:EC, Length:384, Cert Id:513613456, Valid from:7/7/15, 5:37 PM, Valid until:6/30/40, 5:37 PM
2026-01-28 12:40:01.876 DEBUG --- [  restartedMain] jdk.event.security                       : X509Certificate: Alg:SHA256withRSA, Serial:0, Subject:CN=Hellenic Academic and Research Institutions RootCA 2015, O=Hellenic Academic and Research Institutions Cert. Authority, L=Athens, C=GR, Issuer:CN=Hellenic Academic and Research Institutions RootCA 2015, O=Hellenic Academic and Research Institutions Cert. Authority, L=Athens, C=GR, Key type:RSA, Length:4096, Cert Id:3491990565, Valid from:7/7/15, 5:11 PM, Valid until:6/30/40, 5:11 PM
2026-01-28 12:40:01.876 DEBUG --- [  restartedMain] jdk.event.security                       : X509Certificate: Alg:SHA256withRSA, Serial:a0142800000014523c844b500000002, Subject:CN=IdenTrust Commercial Root CA 1, O=IdenTrust, C=US, Issuer:CN=IdenTrust Commercial Root CA 1, O=IdenTrust, C=US, Key type:RSA, Length:4096, Cert Id:1232565210, Valid from:1/17/14, 1:12 AM, Valid until:1/17/34, 1:12 AM
2026-01-28 12:40:01.876 DEBUG --- [  restartedMain] jdk.event.security                       : X509Certificate: Alg:SHA256withRSA, Serial:a0142800000014523cf467c00000002, Subject:CN=IdenTrust Public Sector Root CA 1, O=IdenTrust, C=US, Issuer:CN=IdenTrust Public Sector Root CA 1, O=IdenTrust, C=US, Key type:RSA, Length:4096, Cert Id:2123370772, Valid from:1/17/14, 12:53 AM, Valid until:1/17/34, 12:53 AM
2026-01-28 12:40:01.877 DEBUG --- [  restartedMain] jdk.event.security                       : X509Certificate: Alg:SHA256withRSA, Serial:8210cfb0d240e3594463e0bb63828b00, Subject:CN=ISRG Root X1, O=Internet Security Research Group, C=US, Issuer:CN=ISRG Root X1, O=Internet Security Research Group, C=US, Key type:RSA, Length:4096, Cert Id:1521974916, Valid from:6/4/15, 6:04 PM, Valid until:6/4/35, 6:04 PM
2026-01-28 12:40:01.877 DEBUG --- [  restartedMain] jdk.event.security                       : X509Certificate: Alg:SHA384withECDSA, Serial:41d29dd172eaeea780c12c6ce92f8752, Subject:CN=ISRG Root X2, O=Internet Security Research Group, C=US, Issuer:CN=ISRG Root X2, O=Internet Security Research Group, C=US, Key type:EC, Length:384, Cert Id:3398642244, Valid from:9/4/20, 7:00 AM, Valid until:9/17/40, 11:00 PM
2026-01-28 12:40:01.877 DEBUG --- [  restartedMain] jdk.event.security                       : X509Certificate: Alg:SHA256withRSA, Serial:a7ea6df4b449eda6a24859ee6b815d3167fbbb1, Subject:CN=LuxTrust Global Root 2, O=LuxTrust S.A., C=LU, Issuer:CN=LuxTrust Global Root 2, O=LuxTrust S.A., C=LU, Key type:RSA, Length:4096, Cert Id:3055636602, Valid from:3/5/15, 8:21 PM, Valid until:3/5/35, 8:21 PM
2026-01-28 12:40:01.877 DEBUG --- [  restartedMain] jdk.event.security                       : X509Certificate: Alg:SHA256withRSA, Serial:bb8, Subject:CN=LuxTrust Global Root, O=LuxTrust s.a., C=LU, Issuer:CN=LuxTrust Global Root, O=LuxTrust s.a., C=LU, Key type:RSA, Length:2048, Cert Id:1714819687, Valid from:3/17/11, 4:51 PM, Valid until:3/17/21, 4:51 PM
2026-01-28 12:40:01.877 DEBUG --- [  restartedMain] jdk.event.security                       : X509Certificate: Alg:SHA384withECDSA, Serial:66f23daf87de8bb14aea0c573101c2ec, Subject:CN=Microsoft ECC Root Certificate Authority 2017, O=Microsoft Corporation, C=US, Issuer:CN=Microsoft ECC Root Certificate Authority 2017, O=Microsoft Corporation, C=US, Key type:EC, Length:384, Cert Id:3240761285, Valid from:12/19/19, 6:06 AM, Valid until:7/19/42, 6:16 AM
2026-01-28 12:40:01.877 DEBUG --- [  restartedMain] jdk.event.security                       : X509Certificate: Alg:SHA384withRSA, Serial:1ed397095fd8b4b347701eaabe7f45b3, Subject:CN=Microsoft RSA Root Certificate Authority 2017, O=Microsoft Corporation, C=US, Issuer:CN=Microsoft RSA Root Certificate Authority 2017, O=Microsoft Corporation, C=US, Key type:RSA, Length:4096, Cert Id:2848349048, Valid from:12/19/19, 5:51 AM, Valid until:7/19/42, 6:00 AM
2026-01-28 12:40:01.877 DEBUG --- [  restartedMain] jdk.event.security                       : X509Certificate: Alg:SHA1withRSA, Serial:3ab6508b, Subject:CN=QuoVadis Root Certification Authority, OU=Root Certification Authority, O=QuoVadis Limited, C=BM, Issuer:CN=QuoVadis Root Certification Authority, OU=Root Certification Authority, O=QuoVadis Limited, C=BM, Key type:RSA, Length:2048, Cert Id:2412561694, Valid from:3/20/01, 1:33 AM, Valid until:3/18/21, 1:33 AM
2026-01-28 12:40:01.877 DEBUG --- [  restartedMain] jdk.event.security                       : X509Certificate: Alg:SHA256withRSA, Serial:78585f2ead2c194be3370735341328b596d46593, Subject:CN=QuoVadis Root CA 1 G3, O=QuoVadis Limited, C=BM, Issuer:CN=QuoVadis Root CA 1 G3, O=QuoVadis Limited, C=BM, Key type:RSA, Length:4096, Cert Id:3532531262, Valid from:1/13/12, 12:27 AM, Valid until:1/13/42, 12:27 AM
2026-01-28 12:40:01.878 DEBUG --- [  restartedMain] jdk.event.security                       : X509Certificate: Alg:SHA1withRSA, Serial:509, Subject:CN=QuoVadis Root CA 2, O=QuoVadis Limited, C=BM, Issuer:CN=QuoVadis Root CA 2, O=QuoVadis Limited, C=BM, Key type:RSA, Length:4096, Cert Id:338250116, Valid from:11/25/06, 1:27 AM, Valid until:11/25/31, 1:23 AM
2026-01-28 12:40:01.878 DEBUG --- [  restartedMain] jdk.event.security                       : X509Certificate: Alg:SHA256withRSA, Serial:445734245b81899b35f2ceb82b3b5ba726f07528, Subject:CN=QuoVadis Root CA 2 G3, O=QuoVadis Limited, C=BM, Issuer:CN=QuoVadis Root CA 2 G3, O=QuoVadis Limited, C=BM, Key type:RSA, Length:4096, Cert Id:696763521, Valid from:1/13/12, 1:59 AM, Valid until:1/13/42, 1:59 AM
2026-01-28 12:40:01.878 DEBUG --- [  restartedMain] jdk.event.security                       : X509Certificate: Alg:SHA1withRSA, Serial:5c6, Subject:CN=QuoVadis Root CA 3, O=QuoVadis Limited, C=BM, Issuer:CN=QuoVadis Root CA 3, O=QuoVadis Limited, C=BM, Key type:RSA, Length:4096, Cert Id:1470392860, Valid from:11/25/06, 2:11 AM, Valid until:11/25/31, 2:06 AM
2026-01-28 12:40:01.878 DEBUG --- [  restartedMain] jdk.event.security                       : X509Certificate: Alg:SHA256withRSA, Serial:2ef59b0228a7db7affd5a3a9eebd03a0cf126a1d, Subject:CN=QuoVadis Root CA 3 G3, O=QuoVadis Limited, C=BM, Issuer:CN=QuoVadis Root CA 3 G3, O=QuoVadis Limited, C=BM, Key type:RSA, Length:4096, Cert Id:3589344305, Valid from:1/13/12, 3:26 AM, Valid until:1/13/42, 3:26 AM
2026-01-28 12:40:01.878 DEBUG --- [  restartedMain] jdk.event.security                       : X509Certificate: Alg:SHA256withRSA, Serial:0, Subject:OU=Security Communication RootCA2, O="SECOM Trust Systems CO.,LTD.", C=JP, Issuer:OU=Security Communication RootCA2, O="SECOM Trust Systems CO.,LTD.", C=JP, Key type:RSA, Length:2048, Cert Id:1521072570, Valid from:5/29/09, 12:00 PM, Valid until:5/29/29, 12:00 PM
2026-01-28 12:40:01.878 DEBUG --- [  restartedMain] jdk.event.security                       : X509Certificate: Alg:SHA1withRSA, Serial:cf08e5c0816a5ad427ff0eb271859d0, Subject:CN=SecureTrust CA, O=SecureTrust Corporation, C=US, Issuer:CN=SecureTrust CA, O=SecureTrust Corporation, C=US, Key type:RSA, Length:2048, Cert Id:2034155325, Valid from:11/8/06, 2:31 AM, Valid until:1/1/30, 2:40 AM
2026-01-28 12:40:01.878 DEBUG --- [  restartedMain] jdk.event.security                       : X509Certificate: Alg:SHA256withECDSA, Serial:75e6dfcbc1685ba8, Subject:CN=SSL.com Root Certification Authority ECC, O=SSL Corporation, L=Houston, ST=Texas, C=US, Issuer:CN=SSL.com Root Certification Authority ECC, O=SSL Corporation, L=Houston, ST=Texas, C=US, Key type:EC, Length:384, Cert Id:2926673683, Valid from:2/13/16, 1:14 AM, Valid until:2/13/41, 1:14 AM
2026-01-28 12:40:01.878 DEBUG --- [  restartedMain] jdk.event.security                       : X509Certificate: Alg:SHA256withRSA, Serial:56b629cd34bc78f6, Subject:CN=SSL.com EV Root Certification Authority RSA R2, O=SSL Corporation, L=Houston, ST=Texas, C=US, Issuer:CN=SSL.com EV Root Certification Authority RSA R2, O=SSL Corporation, L=Houston, ST=Texas, C=US, Key type:RSA, Length:4096, Cert Id:1381862403, Valid from:6/1/17, 1:14 AM, Valid until:5/31/42, 1:14 AM
2026-01-28 12:40:01.879 DEBUG --- [  restartedMain] jdk.event.security                       : X509Certificate: Alg:SHA256withRSA, Serial:7b2c9bd316803299, Subject:CN=SSL.com Root Certification Authority RSA, O=SSL Corporation, L=Houston, ST=Texas, C=US, Issuer:CN=SSL.com Root Certification Authority RSA, O=SSL Corporation, L=Houston, ST=Texas, C=US, Key type:RSA, Length:4096, Cert Id:156725711, Valid from:2/13/16, 12:39 AM, Valid until:2/13/41, 12:39 AM
2026-01-28 12:40:01.879 DEBUG --- [  restartedMain] jdk.event.security                       : X509Certificate: Alg:SHA384withECDSA, Serial:1403f5abfb378b17405be243b2a5d1c4, Subject:CN=SSL.com TLS ECC Root CA 2022, O=SSL Corporation, C=US, Issuer:CN=SSL.com TLS ECC Root CA 2022, O=SSL Corporation, C=US, Key type:EC, Length:384, Cert Id:683561703, Valid from:8/25/22, 11:33 PM, Valid until:8/19/46, 11:33 PM
2026-01-28 12:40:01.879 DEBUG --- [  restartedMain] jdk.event.security                       : X509Certificate: Alg:SHA256withRSA, Serial:6fbedaad73bd0840e28b4dbed4f75b91, Subject:CN=SSL.com TLS RSA Root CA 2022, O=SSL Corporation, C=US, Issuer:CN=SSL.com TLS RSA Root CA 2022, O=SSL Corporation, C=US, Key type:RSA, Length:4096, Cert Id:556880013, Valid from:8/25/22, 11:34 PM, Valid until:8/19/46, 11:34 PM
2026-01-28 12:40:01.879 DEBUG --- [  restartedMain] jdk.event.security                       : X509Certificate: Alg:SHA1withRSA, Serial:0, Subject:OU=Starfield Class 2 Certification Authority, O="Starfield Technologies, Inc.", C=US, Issuer:OU=Starfield Class 2 Certification Authority, O="Starfield Technologies, Inc.", C=US, Key type:RSA, Length:2048, Cert Id:1825617644, Valid from:6/30/04, 12:39 AM, Valid until:6/30/34, 12:39 AM
2026-01-28 12:40:01.879 DEBUG --- [  restartedMain] jdk.event.security                       : X509Certificate: Alg:SHA256withRSA, Serial:0, Subject:CN=Starfield Root Certificate Authority - G2, O="Starfield Technologies, Inc.", L=Scottsdale, ST=Arizona, C=US, Issuer:CN=Starfield Root Certificate Authority - G2, O="Starfield Technologies, Inc.", L=Scottsdale, ST=Arizona, C=US, Key type:RSA, Length:2048, Cert Id:3268325709, Valid from:9/1/09, 7:00 AM, Valid until:1/1/38, 6:59 AM
2026-01-28 12:40:01.879 DEBUG --- [  restartedMain] jdk.event.security                       : X509Certificate: Alg:SHA256withRSA, Serial:0, Subject:CN=Starfield Services Root Certificate Authority - G2, O="Starfield Technologies, Inc.", L=Scottsdale, ST=Arizona, C=US, Issuer:CN=Starfield Services Root Certificate Authority - G2, O="Starfield Technologies, Inc.", L=Scottsdale, ST=Arizona, C=US, Key type:RSA, Length:2048, Cert Id:1964785574, Valid from:9/1/09, 7:00 AM, Valid until:1/1/38, 6:59 AM
2026-01-28 12:40:01.879 DEBUG --- [  restartedMain] jdk.event.security                       : X509Certificate: Alg:SHA1withRSA, Serial:bb401c43f55e4fb0, Subject:CN=SwissSign Gold CA - G2, O=SwissSign AG, C=CH, Issuer:CN=SwissSign Gold CA - G2, O=SwissSign AG, C=CH, Key type:RSA, Length:4096, Cert Id:1516221943, Valid from:10/25/06, 3:30 PM, Valid until:10/25/36, 3:30 PM
2026-01-28 12:40:01.879 DEBUG --- [  restartedMain] jdk.event.security                       : X509Certificate: Alg:SHA1withRSA, Serial:4eb200670c035d4f, Subject:CN=SwissSign Platinum CA - G2, O=SwissSign AG, C=CH, Issuer:CN=SwissSign Platinum CA - G2, O=SwissSign AG, C=CH, Key type:RSA, Length:4096, Cert Id:771312514, Valid from:10/25/06, 3:36 PM, Valid until:10/25/36, 3:36 PM
2026-01-28 12:40:01.880 DEBUG --- [  restartedMain] jdk.event.security                       : X509Certificate: Alg:SHA1withRSA, Serial:4f1bd42f54bb2f4b, Subject:CN=SwissSign Silver CA - G2, O=SwissSign AG, C=CH, Issuer:CN=SwissSign Silver CA - G2, O=SwissSign AG, C=CH, Key type:RSA, Length:4096, Cert Id:126726124, Valid from:10/25/06, 3:32 PM, Valid until:10/25/36, 3:32 PM
2026-01-28 12:40:01.880 DEBUG --- [  restartedMain] jdk.event.security                       : X509Certificate: Alg:SHA256withRSA, Serial:1675f27d6fe7ae3e4acbe095b059e, Subject:CN=Telia Root CA v2, O=Telia Finland Oyj, C=FI, Issuer:CN=Telia Root CA v2, O=Telia Finland Oyj, C=FI, Key type:RSA, Length:4096, Cert Id:3473063976, Valid from:11/29/18, 6:55 PM, Valid until:11/29/43, 6:55 PM
2026-01-28 12:40:01.880 DEBUG --- [  restartedMain] jdk.event.security                       : X509Certificate: Alg:SHA1withRSA, Serial:95be16a0f72e46f17b398272fa8bcd96, Subject:CN=TeliaSonera Root CA v1, O=TeliaSonera, Issuer:CN=TeliaSonera Root CA v1, O=TeliaSonera, Key type:RSA, Length:4096, Cert Id:1495358374, Valid from:10/18/07, 7:00 PM, Valid until:10/18/32, 7:00 PM
2026-01-28 12:40:01.880 DEBUG --- [  restartedMain] jdk.event.security                       : X509Certificate: Alg:SHA1withRSA, Serial:344ed55720d5edec49f42fce37db2b6d, Subject:CN=thawte Primary Root CA, OU="(c) 2006 thawte, Inc. - For authorized use only", OU=Certification Services Division, O="thawte, Inc.", C=US, Issuer:CN=thawte Primary Root CA, OU="(c) 2006 thawte, Inc. - For authorized use only", OU=Certification Services Division, O="thawte, Inc.", C=US, Key type:RSA, Length:2048, Cert Id:643000026, Valid from:11/17/06, 7:00 AM, Valid until:7/17/36, 6:59 AM
2026-01-28 12:40:01.880 DEBUG --- [  restartedMain] jdk.event.security                       : X509Certificate: Alg:SHA384withECDSA, Serial:35fc265cd9844fc93d263d579baed756, Subject:CN=thawte Primary Root CA - G2, OU="(c) 2007 thawte, Inc. - For authorized use only", O="thawte, Inc.", C=US, Issuer:CN=thawte Primary Root CA - G2, OU="(c) 2007 thawte, Inc. - For authorized use only", O="thawte, Inc.", C=US, Key type:EC, Length:384, Cert Id:2068083090, Valid from:11/5/07, 7:00 AM, Valid until:1/19/38, 6:59 AM
2026-01-28 12:40:01.880 DEBUG --- [  restartedMain] jdk.event.security                       : X509Certificate: Alg:SHA256withRSA, Serial:600197b746a7eab4b49ad64b2ff790fb, Subject:CN=thawte Primary Root CA - G3, OU="(c) 2008 thawte, Inc. - For authorized use only", OU=Certification Services Division, O="thawte, Inc.", C=US, Issuer:CN=thawte Primary Root CA - G3, OU="(c) 2008 thawte, Inc. - For authorized use only", OU=Certification Services Division, O="thawte, Inc.", C=US, Key type:RSA, Length:2048, Cert Id:1032730720, Valid from:4/2/08, 7:00 AM, Valid until:12/2/37, 6:59 AM
2026-01-28 12:40:01.880 DEBUG --- [  restartedMain] jdk.event.security                       : X509Certificate: Alg:SHA256withRSA, Serial:1, Subject:CN=T-TeleSec GlobalRoot Class 2, OU=T-Systems Trust Center, O=T-Systems Enterprise Services GmbH, C=DE, Issuer:CN=T-TeleSec GlobalRoot Class 2, OU=T-Systems Trust Center, O=T-Systems Enterprise Services GmbH, C=DE, Key type:RSA, Length:2048, Cert Id:3056503257, Valid from:10/1/08, 5:40 PM, Valid until:10/2/33, 6:59 AM
2026-01-28 12:40:01.881 DEBUG --- [  restartedMain] jdk.event.security                       : X509Certificate: Alg:SHA256withRSA, Serial:1, Subject:CN=T-TeleSec GlobalRoot Class 3, OU=T-Systems Trust Center, O=T-Systems Enterprise Services GmbH, C=DE, Issuer:CN=T-TeleSec GlobalRoot Class 3, OU=T-Systems Trust Center, O=T-Systems Enterprise Services GmbH, C=DE, Key type:RSA, Length:2048, Cert Id:1894096264, Valid from:10/1/08, 5:29 PM, Valid until:10/2/33, 6:59 AM
2026-01-28 12:40:01.881 DEBUG --- [  restartedMain] jdk.event.security                       : X509Certificate: Alg:SHA256withRSA, Serial:cbe, Subject:CN=TWCA Global Root CA, OU=Root CA, O=TAIWAN-CA, C=TW, Issuer:CN=TWCA Global Root CA, OU=Root CA, O=TAIWAN-CA, C=TW, Key type:RSA, Length:4096, Cert Id:861175838, Valid from:6/27/12, 1:28 PM, Valid until:12/31/30, 10:59 PM
2026-01-28 12:40:01.881 DEBUG --- [  restartedMain] jdk.event.security                       : X509Certificate: Alg:SHA384withECDSA, Serial:5c8b99c55a94c5d27156decd8980cc26, Subject:CN=USERTrust ECC Certification Authority, O=The USERTRUST Network, L=Jersey City, ST=New Jersey, C=US, Issuer:CN=USERTrust ECC Certification Authority, O=The USERTRUST Network, L=Jersey City, ST=New Jersey, C=US, Key type:EC, Length:384, Cert Id:3329287386, Valid from:2/1/10, 7:00 AM, Valid until:1/19/38, 6:59 AM
2026-01-28 12:40:01.881 DEBUG --- [  restartedMain] jdk.event.security                       : X509Certificate: Alg:SHA384withRSA, Serial:1fd6d30fca3ca51a81bbc640e35032d, Subject:CN=USERTrust RSA Certification Authority, O=The USERTRUST Network, L=Jersey City, ST=New Jersey, C=US, Issuer:CN=USERTrust RSA Certification Authority, O=The USERTRUST Network, L=Jersey City, ST=New Jersey, C=US, Key type:RSA, Length:4096, Cert Id:3947601401, Valid from:2/1/10, 7:00 AM, Valid until:1/19/38, 6:59 AM
2026-01-28 12:40:01.881 DEBUG --- [  restartedMain] jdk.event.security                       : X509Certificate: Alg:SHA1withRSA, Serial:44be0c8b500024b411d3362de0b35f1b, Subject:CN=UTN-USERFirst-Object, OU=http://www.usertrust.com, O=The USERTRUST Network, L=Salt Lake City, ST=UT, C=US, Issuer:CN=UTN-USERFirst-Object, OU=http://www.usertrust.com, O=The USERTRUST Network, L=Salt Lake City, ST=UT, C=US, Key type:RSA, Length:2048, Cert Id:3997913868, Valid from:7/10/99, 1:31 AM, Valid until:7/10/19, 1:40 AM
2026-01-28 12:40:01.881 DEBUG --- [  restartedMain] jdk.event.security                       : X509Certificate: Alg:SHA1withRSA, Serial:9b7e0649a33e62b9d5ee90487129ef57, Subject:CN=VeriSign Class 3 Public Primary Certification Authority - G3, OU="(c) 1999 VeriSign, Inc. - For authorized use only", OU=VeriSign Trust Network, O="VeriSign, Inc.", C=US, Issuer:CN=VeriSign Class 3 Public Primary Certification Authority - G3, OU="(c) 1999 VeriSign, Inc. - For authorized use only", OU=VeriSign Trust Network, O="VeriSign, Inc.", C=US, Key type:RSA, Length:2048, Cert Id:2057300190, Valid from:10/1/99, 7:00 AM, Valid until:7/17/36, 6:59 AM
2026-01-28 12:40:01.881 DEBUG --- [  restartedMain] jdk.event.security                       : X509Certificate: Alg:SHA384withECDSA, Serial:2f80fe238c0e220f486712289187acb3, Subject:CN=VeriSign Class 3 Public Primary Certification Authority - G4, OU="(c) 2007 VeriSign, Inc. - For authorized use only", OU=VeriSign Trust Network, O="VeriSign, Inc.", C=US, Issuer:CN=VeriSign Class 3 Public Primary Certification Authority - G4, OU="(c) 2007 VeriSign, Inc. - For authorized use only", OU=VeriSign Trust Network, O="VeriSign, Inc.", C=US, Key type:EC, Length:384, Cert Id:4163473319, Valid from:11/5/07, 7:00 AM, Valid until:1/19/38, 6:59 AM
2026-01-28 12:40:01.881 DEBUG --- [  restartedMain] jdk.event.security                       : X509Certificate: Alg:SHA1withRSA, Serial:18dad19e267de8bb4a2158cdcc6b3b4a, Subject:CN=VeriSign Class 3 Public Primary Certification Authority - G5, OU="(c) 2006 VeriSign, Inc. - For authorized use only", OU=VeriSign Trust Network, O="VeriSign, Inc.", C=US, Issuer:CN=VeriSign Class 3 Public Primary Certification Authority - G5, OU="(c) 2006 VeriSign, Inc. - For authorized use only", OU=VeriSign Trust Network, O="VeriSign, Inc.", C=US, Key type:RSA, Length:2048, Cert Id:303010488, Valid from:11/8/06, 7:00 AM, Valid until:7/17/36, 6:59 AM
2026-01-28 12:40:01.882 DEBUG --- [  restartedMain] jdk.event.security                       : X509Certificate: Alg:SHA256withRSA, Serial:401ac46421b31321030ebbe4121ac51d, Subject:CN=VeriSign Universal Root Certification Authority, OU="(c) 2008 VeriSign, Inc. - For authorized use only", OU=VeriSign Trust Network, O="VeriSign, Inc.", C=US, Issuer:CN=VeriSign Universal Root Certification Authority, OU="(c) 2008 VeriSign, Inc. - For authorized use only", OU=VeriSign Trust Network, O="VeriSign, Inc.", C=US, Key type:RSA, Length:2048, Cert Id:2318285810, Valid from:4/2/08, 7:00 AM, Valid until:12/2/37, 6:59 AM
2026-01-28 12:40:01.882 DEBUG --- [  restartedMain] jdk.event.security                       : X509Certificate: Alg:SHA1withRSA, Serial:50946cec18ead59c4dd597ef758fa0ad, Subject:CN=XRamp Global Certification Authority, O=XRamp Security Services Inc, OU=www.xrampsecurity.com, C=US, Issuer:CN=XRamp Global Certification Authority, O=XRamp Security Services Inc, OU=www.xrampsecurity.com, C=US, Key type:RSA, Length:2048, Cert Id:3342493210, Valid from:11/2/04, 12:14 AM, Valid until:1/1/35, 12:37 PM
2026-01-28 12:40:01.882 DEBUG --- [  restartedMain] jdk.event.security                       : X509Certificate: Alg:SHA256withRSA, Serial:5f70e86da49f346352ebab2, Subject:CN=Trustwave Global Certification Authority, O="Trustwave Holdings, Inc.", L=Chicago, ST=Illinois, C=US, Issuer:CN=Trustwave Global Certification Authority, O="Trustwave Holdings, Inc.", L=Chicago, ST=Illinois, C=US, Key type:RSA, Length:4096, Cert Id:416366836, Valid from:8/24/17, 2:34 AM, Valid until:8/24/42, 2:34 AM
2026-01-28 12:40:01.882 DEBUG --- [  restartedMain] jdk.event.security                       : X509Certificate: Alg:SHA256withRSA, Serial:cbe, Subject:CN=TWCA Global Root CA, OU=Root CA, O=TAIWAN-CA, C=TW, Issuer:CN=TWCA Global Root CA, OU=Root CA, O=TAIWAN-CA, C=TW, Key type:RSA, Length:4096, Cert Id:861175838, Valid from:6/27/12, 1:28 PM, Valid until:12/31/30, 10:59 PM
2026-01-28 12:40:01.882 DEBUG --- [  restartedMain] jdk.event.security                       : X509Certificate: Alg:SHA256withRSA, Serial:5ddfb1da5aa3ed5dbe5a6520650390ef, Subject:CN=UCA Global G2 Root, O=UniTrust, C=CN, Issuer:CN=UCA Global G2 Root, O=UniTrust, C=CN, Key type:RSA, Length:4096, Cert Id:1844967193, Valid from:3/11/16, 7:00 AM, Valid until:12/31/40, 7:00 AM
2026-01-28 12:40:01.882 DEBUG --- [  restartedMain] jdk.event.security                       : X509Certificate: Alg:SHA256withRSA, Serial:31f5e4620c6c58edd6d8, Subject:CN=emSign Root CA - G1, O=eMudhra Technologies Limited, OU=emSign PKI, C=IN, Issuer:CN=emSign Root CA - G1, O=eMudhra Technologies Limited, OU=emSign PKI, C=IN, Key type:RSA, Length:2048, Cert Id:392709196, Valid from:2/19/18, 1:30 AM, Valid until:2/19/43, 1:30 AM
2026-01-28 12:40:01.882 DEBUG --- [  restartedMain] jdk.event.security                       : X509Certificate: Alg:SHA384withECDSA, Serial:203e5c068ef631a9c72905052, Subject:CN=GTS Root R4, O=Google Trust Services LLC, C=US, Issuer:CN=GTS Root R4, O=Google Trust Services LLC, C=US, Key type:EC, Length:384, Cert Id:1326433111, Valid from:6/22/16, 7:00 AM, Valid until:6/22/36, 7:00 AM
2026-01-28 12:40:01.882 DEBUG --- [  restartedMain] jdk.event.security                       : X509Certificate: Alg:SHA384withECDSA, Serial:3cf607a968700eda8b84, Subject:CN=emSign ECC Root CA - G3, O=eMudhra Technologies Limited, OU=emSign PKI, C=IN, Issuer:CN=emSign ECC Root CA - G3, O=eMudhra Technologies Limited, OU=emSign PKI, C=IN, Key type:EC, Length:384, Cert Id:3832035707, Valid from:2/19/18, 1:30 AM, Valid until:2/19/43, 1:30 AM
2026-01-28 12:40:01.883 DEBUG --- [  restartedMain] jdk.event.security                       : X509Certificate: Alg:SHA384withECDSA, Serial:203e5b882eb20f825276d3d66, Subject:CN=GTS Root R3, O=Google Trust Services LLC, C=US, Issuer:CN=GTS Root R3, O=Google Trust Services LLC, C=US, Key type:EC, Length:384, Cert Id:1163081155, Valid from:6/22/16, 7:00 AM, Valid until:6/22/36, 7:00 AM
2026-01-28 12:40:01.883 DEBUG --- [  restartedMain] jdk.event.security                       : X509Certificate: Alg:SHA384withRSA, Serial:203e5aec58d04251aab1125aa, Subject:CN=GTS Root R2, O=Google Trust Services LLC, C=US, Issuer:CN=GTS Root R2, O=Google Trust Services LLC, C=US, Key type:RSA, Length:4096, Cert Id:948387669, Valid from:6/22/16, 7:00 AM, Valid until:6/22/36, 7:00 AM
2026-01-28 12:40:01.883 DEBUG --- [  restartedMain] jdk.event.security                       : X509Certificate: Alg:SHA384withRSA, Serial:11d2bbb9d723189e405f0a9d2dd0df2567d1, Subject:CN=GlobalSign Root R46, O=GlobalSign nv-sa, C=BE, Issuer:CN=GlobalSign Root R46, O=GlobalSign nv-sa, C=BE, Key type:RSA, Length:4096, Cert Id:1275948927, Valid from:3/20/19, 7:00 AM, Valid until:3/20/46, 7:00 AM
2026-01-28 12:40:01.883 DEBUG --- [  restartedMain] jdk.event.security                       : X509Certificate: Alg:SHA384withRSA, Serial:203e5936f31b01349886ba217, Subject:CN=GTS Root R1, O=Google Trust Services LLC, C=US, Issuer:CN=GTS Root R1, O=Google Trust Services LLC, C=US, Key type:RSA, Length:4096, Cert Id:657172038, Valid from:6/22/16, 7:00 AM, Valid until:6/22/36, 7:00 AM
2026-01-28 12:40:01.883 DEBUG --- [  restartedMain] jdk.event.security                       : X509Certificate: Alg:SHA256withRSA, Serial:dd3e3bc6cf96bb1, Subject:CN=ANF Secure Server Root CA, OU=ANF CA Raiz, O=ANF Autoridad de Certificacion, C=ES, SERIALNUMBER=G63287510, Issuer:CN=ANF Secure Server Root CA, OU=ANF CA Raiz, O=ANF Autoridad de Certificacion, C=ES, SERIALNUMBER=G63287510, Key type:RSA, Length:4096, Cert Id:3453317601, Valid from:9/4/19, 5:00 PM, Valid until:8/30/39, 5:00 PM
2026-01-28 12:40:01.883 DEBUG --- [  restartedMain] jdk.event.security                       : X509Certificate: Alg:SHA384withECDSA, Serial:212a560caeda0cab4045bf2ba22d3aea, Subject:CN=OISTE WISeKey Global Root GC CA, OU=OISTE Foundation Endorsed, O=WISeKey, C=CH, Issuer:CN=OISTE WISeKey Global Root GC CA, OU=OISTE Foundation Endorsed, O=WISeKey, C=CH, Key type:EC, Length:384, Cert Id:2781801839, Valid from:5/9/17, 4:48 PM, Valid until:5/9/42, 4:58 PM
2026-01-28 12:40:01.883 DEBUG --- [  restartedMain] jdk.event.security                       : X509Certificate: Alg:SHA256withRSA, Serial:b0b75a16485fbfe1cbf58bd719e67d, Subject:CN=Izenpe.com, O=IZENPE S.A., C=ES, Issuer:CN=Izenpe.com, O=IZENPE S.A., C=ES, Key type:RSA, Length:4096, Cert Id:2449386312, Valid from:12/13/07, 8:08 PM, Valid until:12/13/37, 3:27 PM
2026-01-28 12:40:01.883 DEBUG --- [  restartedMain] jdk.event.security                       : X509Certificate: Alg:SHA256withECDSA, Serial:15448ef21fd97590df5040a, Subject:CN=e-Szigno Root CA 2017, OID.2.5.4.97=VATHU-23584497, O=Microsec Ltd., L=Budapest, C=HU, Issuer:CN=e-Szigno Root CA 2017, OID.2.5.4.97=VATHU-23584497, O=Microsec Ltd., L=Budapest, C=HU, Key type:EC, Length:256, Cert Id:3303793581, Valid from:8/22/17, 7:07 PM, Valid until:8/22/42, 7:07 PM
2026-01-28 12:40:01.883 DEBUG --- [  restartedMain] jdk.event.security                       : X509Certificate: Alg:SHA256withRSA, Serial:1, Subject:CN=TUBITAK Kamu SM SSL Kok Sertifikasi - Surum 1, OU=Kamu Sertifikasyon Merkezi - Kamu SM, O=Turkiye Bilimsel ve Teknolojik Arastirma Kurumu - TUBITAK, L=Gebze - Kocaeli, C=TR, Issuer:CN=TUBITAK Kamu SM SSL Kok Sertifikasi - Surum 1, OU=Kamu Sertifikasyon Merkezi - Kamu SM, O=Turkiye Bilimsel ve Teknolojik Arastirma Kurumu - TUBITAK, L=Gebze - Kocaeli, C=TR, Key type:RSA, Length:2048, Cert Id:1093603654, Valid from:11/25/13, 3:25 PM, Valid until:10/25/43, 3:25 PM
2026-01-28 12:40:01.884 DEBUG --- [  restartedMain] jdk.event.security                       : X509Certificate: Alg:SHA256withRSA, Serial:5d938d306736c8061d1ac754846907, Subject:OU=AC RAIZ FNMT-RCM, O=FNMT-RCM, C=ES, Issuer:OU=AC RAIZ FNMT-RCM, O=FNMT-RCM, C=ES, Key type:RSA, Length:4096, Cert Id:1555523573, Valid from:10/29/08, 10:59 PM, Valid until:1/1/30, 7:00 AM
2026-01-28 12:40:01.884 DEBUG --- [  restartedMain] jdk.event.security                       : X509Certificate: Alg:SHA256withRSA, Serial:76b1205274f0858746b3f8231af6c2c0, Subject:CN=OISTE WISeKey Global Root GB CA, OU=OISTE Foundation Endorsed, O=WISeKey, C=CH, Issuer:CN=OISTE WISeKey Global Root GB CA, OU=OISTE Foundation Endorsed, O=WISeKey, C=CH, Key type:RSA, Length:2048, Cert Id:3681485780, Valid from:12/1/14, 10:00 PM, Valid until:12/1/39, 10:10 PM
2026-01-28 12:40:01.884 DEBUG --- [  restartedMain] jdk.event.security                       : X509Certificate: Alg:SHA256withRSA, Serial:5c33cb622c5fb332, Subject:C=DE, O=Atos, CN=Atos TrustedRoot 2011, Issuer:C=DE, O=Atos, CN=Atos TrustedRoot 2011, Key type:RSA, Length:2048, Cert Id:4266438672, Valid from:7/7/11, 9:58 PM, Valid until:1/1/31, 6:59 AM
2026-01-28 12:40:01.884 DEBUG --- [  restartedMain] jdk.event.security                       : X509Certificate: Alg:SHA512withRSA, Serial:1ebf5950b8c980374c06f7eb554fb5ed, Subject:CN=Certum Trusted Root CA, OU=Certum Certification Authority, O=Asseco Data Systems S.A., C=PL, Issuer:CN=Certum Trusted Root CA, OU=Certum Certification Authority, O=Asseco Data Systems S.A., C=PL, Key type:RSA, Length:4096, Cert Id:3520640245, Valid from:3/16/18, 7:10 PM, Valid until:3/16/43, 7:10 PM
2026-01-28 12:40:01.884 DEBUG --- [  restartedMain] jdk.event.security                       : X509Certificate: Alg:SHA1withRSA, Serial:200605167002, Subject:OU=certSIGN ROOT CA, O=certSIGN, C=RO, Issuer:OU=certSIGN ROOT CA, O=certSIGN, C=RO, Key type:RSA, Length:2048, Cert Id:4005006620, Valid from:7/5/06, 12:20 AM, Valid until:7/5/31, 12:20 AM
2026-01-28 12:40:01.884 DEBUG --- [  restartedMain] jdk.event.security                       : X509Certificate: Alg:SHA384withRSA, Serial:194301ea20bddf5c5332ab1434471f8d6504d0d, Subject:CN=NAVER Global Root Certification Authority, O=NAVER BUSINESS PLATFORM Corp., C=KR, Issuer:CN=NAVER Global Root Certification Authority, O=NAVER BUSINESS PLATFORM Corp., C=KR, Key type:RSA, Length:4096, Cert Id:1777546867, Valid from:8/18/17, 3:58 PM, Valid until:8/19/37, 6:59 AM
2026-01-28 12:40:01.884 DEBUG --- [  restartedMain] jdk.event.security                       : X509Certificate: Alg:SHA256withRSA, Serial:184accd6, Subject:CN=CFCA EV ROOT, O=China Financial Certification Authority, C=CN, Issuer:CN=CFCA EV ROOT, O=China Financial Certification Authority, C=CN, Key type:RSA, Length:4096, Cert Id:551407782, Valid from:8/8/12, 10:07 AM, Valid until:12/31/29, 10:07 AM
2026-01-28 12:40:01.885 DEBUG --- [  restartedMain] jdk.event.security                       : X509Certificate: Alg:SHA1withRSA, Serial:1, Subject:CN=SecureSign RootCA11, O="Japan Certification Services, Inc.", C=JP, Issuer:CN=SecureSign RootCA11, O="Japan Certification Services, Inc.", C=JP, Key type:RSA, Length:2048, Cert Id:2079057034, Valid from:4/8/09, 11:56 AM, Valid until:4/8/29, 11:56 AM
2026-01-28 12:40:01.885 DEBUG --- [  restartedMain] jdk.event.security                       : X509Certificate: Alg:SHA1withRSA, Serial:5ec3b7a6437fa4e0, Subject:C=ES, O=ACCV, OU=PKIACCV, CN=ACCVRAIZ1, Issuer:C=ES, O=ACCV, OU=PKIACCV, CN=ACCVRAIZ1, Key type:RSA, Length:4096, Cert Id:3702856060, Valid from:5/5/11, 4:37 PM, Valid until:12/31/30, 4:37 PM
2026-01-28 12:40:01.885 DEBUG --- [  restartedMain] jdk.event.security                       : X509Certificate: Alg:SHA384withRSA, Serial:1ed397095fd8b4b347701eaabe7f45b3, Subject:CN=Microsoft RSA Root Certificate Authority 2017, O=Microsoft Corporation, C=US, Issuer:CN=Microsoft RSA Root Certificate Authority 2017, O=Microsoft Corporation, C=US, Key type:RSA, Length:4096, Cert Id:2848349048, Valid from:12/19/19, 5:51 AM, Valid until:7/19/42, 6:00 AM
2026-01-28 12:40:01.885 DEBUG --- [  restartedMain] jdk.event.security                       : X509Certificate: Alg:SHA256withRSA, Serial:aecf00bac4cf32f843b2, Subject:CN=emSign Root CA - C1, O=eMudhra Inc, OU=emSign PKI, C=US, Issuer:CN=emSign Root CA - C1, O=eMudhra Inc, OU=emSign PKI, C=US, Key type:RSA, Length:2048, Cert Id:3026103940, Valid from:2/19/18, 1:30 AM, Valid until:2/19/43, 1:30 AM
2026-01-28 12:40:01.885 DEBUG --- [  restartedMain] jdk.event.security                       : X509Certificate: Alg:SHA256withRSA, Serial:7d0997fef047ea7a, Subject:CN=GDCA TrustAUTH R5 ROOT, O="GUANG DONG CERTIFICATE AUTHORITY CO.,LTD.", C=CN, Issuer:CN=GDCA TrustAUTH R5 ROOT, O="GUANG DONG CERTIFICATE AUTHORITY CO.,LTD.", C=CN, Key type:RSA, Length:4096, Cert Id:494136981, Valid from:11/26/14, 12:13 PM, Valid until:12/31/40, 10:59 PM
2026-01-28 12:40:01.885 DEBUG --- [  restartedMain] jdk.event.security                       : X509Certificate: Alg:SHA384withECDSA, Serial:7b71b68256b8127c9ca8, Subject:CN=emSign ECC Root CA - C3, O=eMudhra Inc, OU=emSign PKI, C=US, Issuer:CN=emSign ECC Root CA - C3, O=eMudhra Inc, OU=emSign PKI, C=US, Key type:EC, Length:384, Cert Id:3346510540, Valid from:2/19/18, 1:30 AM, Valid until:2/19/43, 1:30 AM
2026-01-28 12:40:01.885 DEBUG --- [  restartedMain] jdk.event.security                       : X509Certificate: Alg:SHA256withRSA, Serial:110034b64ec6362d36, Subject:OU=certSIGN ROOT CA G2, O=CERTSIGN SA, C=RO, Issuer:OU=certSIGN ROOT CA G2, O=CERTSIGN SA, C=RO, Key type:RSA, Length:4096, Cert Id:2181086866, Valid from:2/6/17, 4:27 PM, Valid until:2/6/42, 4:27 PM
2026-01-28 12:40:01.885 DEBUG --- [  restartedMain] jdk.event.security                       : X509Certificate: Alg:SHA256withRSA, Serial:92b888dbb08ac163, Subject:CN=CA Disig Root R2, O=Disig a.s., L=Bratislava, C=SK, Issuer:CN=CA Disig Root R2, O=Disig a.s., L=Bratislava, C=SK, Key type:RSA, Length:4096, Cert Id:747175721, Valid from:7/19/12, 4:15 PM, Valid until:7/19/42, 4:15 PM
2026-01-28 12:40:01.886 DEBUG --- [  restartedMain] jdk.event.security                       : X509Certificate: Alg:SHA256withRSA, Serial:8165f8a4ca5ec00c99340dfc4c6ae23b81c5aa4, Subject:CN=Hongkong Post Root CA 3, O=Hongkong Post, L=Hong Kong, ST=Hong Kong, C=HK, Issuer:CN=Hongkong Post Root CA 3, O=Hongkong Post, L=Hong Kong, ST=Hong Kong, C=HK, Key type:RSA, Length:4096, Cert Id:3393016216, Valid from:6/3/17, 9:29 AM, Valid until:6/3/42, 9:29 AM
2026-01-28 12:40:01.886 DEBUG --- [  restartedMain] jdk.event.security                       : X509Certificate: Alg:SHA256withRSA, Serial:5a4bbd5afb4f8a5bfa65e5, Subject:CN=GLOBALTRUST 2020, O=e-commerce monitoring GmbH, C=AT, Issuer:CN=GLOBALTRUST 2020, O=e-commerce monitoring GmbH, C=AT, Key type:RSA, Length:4096, Cert Id:3772720413, Valid from:2/10/20, 7:00 AM, Valid until:6/10/40, 7:00 AM
2026-01-28 12:40:01.886 DEBUG --- [  restartedMain] jdk.event.security                       : X509Certificate: Alg:SHA384withECDSA, Serial:66f23daf87de8bb14aea0c573101c2ec, Subject:CN=Microsoft ECC Root Certificate Authority 2017, O=Microsoft Corporation, C=US, Issuer:CN=Microsoft ECC Root Certificate Authority 2017, O=Microsoft Corporation, C=US, Key type:EC, Length:384, Cert Id:3240761285, Valid from:12/19/19, 6:06 AM, Valid until:7/19/42, 6:16 AM
2026-01-28 12:40:01.886 DEBUG --- [  restartedMain] jdk.event.security                       : X509Certificate: Alg:SHA1withRSA, Serial:75622a4e8d48a894df413c8f0f8eaa5, Subject:CN=Secure Global CA, O=SecureTrust Corporation, C=US, Issuer:CN=Secure Global CA, O=SecureTrust Corporation, C=US, Key type:RSA, Length:2048, Cert Id:2818194321, Valid from:11/8/06, 2:42 AM, Valid until:1/1/30, 2:52 AM
2026-01-28 12:40:01.886 DEBUG --- [  restartedMain] jdk.event.security                       : X509Certificate: Alg:SHA256withRSA, Serial:4fd22b8ff564c8339e4f345866237060, Subject:CN=UCA Extended Validation Root, O=UniTrust, C=CN, Issuer:CN=UCA Extended Validation Root, O=UniTrust, C=CN, Key type:RSA, Length:4096, Cert Id:649181271, Valid from:3/13/15, 7:00 AM, Valid until:12/31/38, 7:00 AM
2026-01-28 12:40:01.886 DEBUG --- [  restartedMain] jdk.event.security                       : X509Certificate: Alg:SHA256withECDSA, Serial:d6a5f083f285c3e5195df5d, Subject:CN=Trustwave Global ECC P256 Certification Authority, O="Trustwave Holdings, Inc.", L=Chicago, ST=Illinois, C=US, Issuer:CN=Trustwave Global ECC P256 Certification Authority, O="Trustwave Holdings, Inc.", L=Chicago, ST=Illinois, C=US, Key type:EC, Length:256, Cert Id:948272517, Valid from:8/24/17, 2:35 AM, Valid until:8/24/42, 2:35 AM
2026-01-28 12:40:01.886 DEBUG --- [  restartedMain] jdk.event.security                       : X509Certificate: Alg:SHA384withECDSA, Serial:11d2bbba336ed4bce62468c50d841d98e843, Subject:CN=GlobalSign Root E46, O=GlobalSign nv-sa, C=BE, Issuer:CN=GlobalSign Root E46, O=GlobalSign nv-sa, C=BE, Key type:EC, Length:384, Cert Id:3405603905, Valid from:3/20/19, 7:00 AM, Valid until:3/20/46, 7:00 AM
2026-01-28 12:40:01.887 DEBUG --- [  restartedMain] jdk.event.security                       : X509Certificate: Alg:SHA256withRSA, Serial:c27e43044e473f19, Subject:EMAILADDRESS=info@e-szigno.hu, CN=Microsec e-Szigno Root CA 2009, O=Microsec Ltd., L=Budapest, C=HU, Issuer:EMAILADDRESS=info@e-szigno.hu, CN=Microsec e-Szigno Root CA 2009, O=Microsec Ltd., L=Budapest, C=HU, Key type:RSA, Length:2048, Cert Id:2391017284, Valid from:6/16/09, 6:30 PM, Valid until:12/30/29, 6:30 PM
2026-01-28 12:40:01.887 DEBUG --- [  restartedMain] jdk.event.security                       : X509Certificate: Alg:SHA256withRSA, Serial:3e8a5d07ec55d232d5b7e3b65f01eb2ddce4d6e4, Subject:CN=SZAFIR ROOT CA2, O=Krajowa Izba Rozliczeniowa S.A., C=PL, Issuer:CN=SZAFIR ROOT CA2, O=Krajowa Izba Rozliczeniowa S.A., C=PL, Key type:RSA, Length:2048, Cert Id:381279303, Valid from:10/19/15, 2:43 PM, Valid until:10/19/35, 2:43 PM
2026-01-28 12:40:01.887 DEBUG --- [  restartedMain] jdk.event.security                       : X509Certificate: Alg:SHA1withRSA, Serial:53ec3beefbb2485f, Subject:CN=Autoridad de Certificacion Firmaprofesional CIF A62634068, C=ES, Issuer:CN=Autoridad de Certificacion Firmaprofesional CIF A62634068, C=ES, Key type:RSA, Length:4096, Cert Id:692250759, Valid from:5/20/09, 3:38 PM, Valid until:12/31/30, 3:38 PM
2026-01-28 12:40:01.887 DEBUG --- [  restartedMain] jdk.event.security                       : X509Certificate: Alg:SHA1withRSA, Serial:1, Subject:CN=TWCA Root Certification Authority, OU=Root CA, O=TAIWAN-CA, C=TW, Issuer:CN=TWCA Root Certification Authority, OU=Root CA, O=TAIWAN-CA, C=TW, Key type:RSA, Length:2048, Cert Id:2652873033, Valid from:8/28/08, 2:24 PM, Valid until:12/31/30, 10:59 PM
2026-01-28 12:40:01.887 DEBUG --- [  restartedMain] jdk.event.security                       : X509Certificate: Alg:SHA256withRSA, Serial:49412ce40010, Subject:CN=NetLock Arany (Class Gold) Főtanúsítvány, OU=Tanúsítványkiadók (Certification Services), O=NetLock Kft., L=Budapest, C=HU, Issuer:CN=NetLock Arany (Class Gold) Főtanúsítvány, OU=Tanúsítványkiadók (Certification Services), O=NetLock Kft., L=Budapest, C=HU, Key type:RSA, Length:2048, Cert Id:58541246, Valid from:12/11/08, 10:08 PM, Valid until:12/6/28, 10:08 PM
2026-01-28 12:40:01.887 DEBUG --- [  restartedMain] jdk.event.security                       : X509Certificate: Alg:SHA384withECDSA, Serial:8bd85976c9927a48068473b, Subject:CN=Trustwave Global ECC P384 Certification Authority, O="Trustwave Holdings, Inc.", L=Chicago, ST=Illinois, C=US, Issuer:CN=Trustwave Global ECC P384 Certification Authority, O="Trustwave Holdings, Inc.", L=Chicago, ST=Illinois, C=US, Key type:EC, Length:384, Cert Id:2301042373, Valid from:8/24/17, 2:36 AM, Valid until:8/24/42, 2:36 AM
2026-01-28 12:40:01.888 DEBUG --- [  restartedMain] jdk.event.security                       : X509Certificate: Alg:SHA512withRSA, Serial:21d6d04a4f250fc93237fcaa5e128de9, Subject:CN=Certum Trusted Network CA 2, OU=Certum Certification Authority, O=Unizeto Technologies S.A., C=PL, Issuer:CN=Certum Trusted Network CA 2, OU=Certum Certification Authority, O=Unizeto Technologies S.A., C=PL, Key type:RSA, Length:4096, Cert Id:1983350452, Valid from:10/6/11, 3:39 PM, Valid until:10/6/46, 3:39 PM
2026-01-28 12:40:01.888 DEBUG --- [  restartedMain] jdk.event.security                       : X509Certificate: Alg:SHA384withECDSA, Serial:788f275c81125220a504d02dddba73f4, Subject:CN=Certum EC-384 CA, OU=Certum Certification Authority, O=Asseco Data Systems S.A., C=PL, Issuer:CN=Certum EC-384 CA, OU=Certum Certification Authority, O=Asseco Data Systems S.A., C=PL, Key type:EC, Length:384, Cert Id:994586241, Valid from:3/26/18, 2:24 PM, Valid until:3/26/43, 2:24 PM
2026-01-28 12:40:01.888 DEBUG --- [  restartedMain] jdk.event.security                       : X509Certificate: Alg:SHA1withRSA, Serial:4e812d8a8265e00b02ee3e350246e53d, Subject:CN=COMODO Certification Authority, O=COMODO CA Limited, L=Salford, ST=Greater Manchester, C=GB, Issuer:CN=COMODO Certification Authority, O=COMODO CA Limited, L=Salford, ST=Greater Manchester, C=GB, Key type:RSA, Length:2048, Cert Id:904304908, Valid from:12/1/06, 7:00 AM, Valid until:1/1/30, 6:59 AM
2026-01-28 12:40:01.888 DEBUG --- [  restartedMain] jdk.event.security                       : X509Certificate: Alg:SHA256withRSA, Serial:cae91b89f155030da3e6416dc4e3a6e1, Subject:CN=Certigna Root CA, OU=0002 48146308100036, O=Dhimyotis, C=FR, Issuer:CN=Certigna Root CA, OU=0002 48146308100036, O=Dhimyotis, C=FR, Key type:RSA, Length:4096, Cert Id:356684591, Valid from:10/1/13, 3:32 PM, Valid until:10/1/33, 3:32 PM
2026-01-28 12:40:01.888 DEBUG --- [  restartedMain] jdk.event.security                       : X509Certificate: Alg:SHA256withECDSA, Serial:2c299c5b16ed0595, Subject:CN=SSL.com EV Root Certification Authority ECC, O=SSL Corporation, L=Houston, ST=Texas, C=US, Issuer:CN=SSL.com EV Root Certification Authority ECC, O=SSL Corporation, L=Houston, ST=Texas, C=US, Key type:EC, Length:384, Cert Id:1789254518, Valid from:2/13/16, 1:15 AM, Valid until:2/13/41, 1:15 AM
2026-01-28 12:40:01.888 DEBUG --- [  restartedMain] jdk.event.security                       : X509Certificate: Alg:SHA384withECDSA, Serial:62f6326ce5c4e3685c1b62dd9c2e9d95, Subject:CN=AC RAIZ FNMT-RCM SERVIDORES SEGUROS, OID.2.5.4.97=VATES-Q2826004J, OU=Ceres, O=FNMT-RCM, C=ES, Issuer:CN=AC RAIZ FNMT-RCM SERVIDORES SEGUROS, OID.2.5.4.97=VATES-Q2826004J, OU=Ceres, O=FNMT-RCM, C=ES, Key type:EC, Length:384, Cert Id:246315697, Valid from:12/20/18, 4:37 PM, Valid until:12/20/43, 4:37 PM
2026-01-28 12:40:01.897 DEBUG --- [  restartedMain] jdk.event.security                       :  TLSHandshake: accounts.google.com:443, TLSv1.3, TLS_AES_256_GCM_SHA384, 1114598268
2026-01-28 12:40:01.898 DEBUG --- [  restartedMain] s.n.www.protocol.http.HttpURLConnection  : sun.net.www.MessageHeader@6f7e2005 pairs: {GET /.well-known/openid-configuration HTTP/1.1: null}{Accept: application/json, application/yaml, application/*+json}{User-Agent: Java/21.0.5}{Host: accounts.google.com}{Connection: keep-alive}
2026-01-28 12:40:02.053 DEBUG --- [  restartedMain] s.n.www.protocol.http.HttpURLConnection  : sun.net.www.MessageHeader@170c156218 pairs: {null: HTTP/1.1 200 OK}{Accept-Ranges: bytes}{Access-Control-Allow-Origin: *}{Content-Security-Policy-Report-Only: require-trusted-types-for 'script'; report-uri https://csp.withgoogle.com/csp/federated-signon-mpm-access}{Cross-Origin-Opener-Policy: same-origin; report-to="federated-signon-mpm-access"}{Report-To: {"group":"federated-signon-mpm-access","max_age":2592000,"endpoints":[{"url":"https://csp.withgoogle.com/csp/report-to/federated-signon-mpm-access"}]}}{Content-Length: 1342}{X-Content-Type-Options: nosniff}{Server: sffe}{X-XSS-Protection: 0}{Date: Wed, 28 Jan 2026 05:27:24 GMT}{Expires: Wed, 28 Jan 2026 06:27:24 GMT}{Cache-Control: public, max-age=3600}{Age: 758}{Last-Modified: Wed, 27 Aug 2025 21:57:55 GMT}{Content-Type: application/json}{Vary: Accept-Encoding}{Alt-Svc: h3=":443"; ma=2592000,h3-29=":443"; ma=2592000}
2026-01-28 12:40:02.055 DEBUG --- [  restartedMain] o.s.web.client.RestTemplate              : Response 200 OK
2026-01-28 12:40:02.056 DEBUG --- [  restartedMain] o.s.web.client.RestTemplate              : Reading to [java.util.Map<java.lang.String, java.lang.Object>]
2026-01-28 12:40:02.077 DEBUG --- [onnection adder] com.zaxxer.hikari.pool.HikariPool        : HikariPool-1 - Added connection com.mysql.cj.jdbc.ConnectionImpl@4f051bf3
2026-01-28 12:40:02.101 DEBUG --- [  restartedMain] o.s.b.f.s.DefaultListableBeanFactory     : Creating shared instance of singleton bean 'authorizedClientRepository'
2026-01-28 12:40:02.101 DEBUG --- [  restartedMain] o.s.b.f.s.DefaultListableBeanFactory     : Creating shared instance of singleton bean 'org.springframework.boot.autoconfigure.security.oauth2.client.servlet.OAuth2WebSecurityConfiguration'
2026-01-28 12:40:02.102 DEBUG --- [  restartedMain] o.s.b.f.s.DefaultListableBeanFactory     : Creating shared instance of singleton bean 'authorizedClientService'
2026-01-28 12:40:02.102 DEBUG --- [  restartedMain] o.s.b.f.s.DefaultListableBeanFactory     : Autowiring by type from bean name 'authorizedClientService' via factory method to bean named 'clientRegistrationRepository'
2026-01-28 12:40:02.104 DEBUG --- [  restartedMain] o.s.b.f.s.DefaultListableBeanFactory     : Autowiring by type from bean name 'authorizedClientRepository' via factory method to bean named 'authorizedClientService'
2026-01-28 12:40:02.115 DEBUG --- [onnection adder] com.zaxxer.hikari.pool.HikariPool        : HikariPool-1 - After adding stats (total=8, active=0, idle=8, waiting=0)
2026-01-28 12:40:02.136 DEBUG --- [  restartedMain] o.s.b.f.s.DefaultListableBeanFactory     : Creating shared instance of singleton bean 'org.springframework.boot.autoconfigure.web.servlet.WebMvcAutoConfiguration$WebMvcAutoConfigurationAdapter'
2026-01-28 12:40:02.137 DEBUG --- [  restartedMain] o.s.b.f.s.DefaultListableBeanFactory     : Autowiring by type from bean name 'org.springframework.boot.autoconfigure.web.servlet.WebMvcAutoConfiguration$WebMvcAutoConfigurationAdapter' via constructor to bean named 'spring.web-org.springframework.boot.autoconfigure.web.WebProperties'
2026-01-28 12:40:02.137 DEBUG --- [  restartedMain] o.s.b.f.s.DefaultListableBeanFactory     : Autowiring by type from bean name 'org.springframework.boot.autoconfigure.web.servlet.WebMvcAutoConfiguration$WebMvcAutoConfigurationAdapter' via constructor to bean named 'spring.mvc-org.springframework.boot.autoconfigure.web.servlet.WebMvcProperties'
2026-01-28 12:40:02.137 DEBUG --- [  restartedMain] o.s.b.f.s.DefaultListableBeanFactory     : Autowiring by type from bean name 'org.springframework.boot.autoconfigure.web.servlet.WebMvcAutoConfiguration$WebMvcAutoConfigurationAdapter' via constructor to bean named 'org.springframework.beans.factory.support.DefaultListableBeanFactory@4b6ceb9d'
2026-01-28 12:40:02.139 DEBUG --- [  restartedMain] o.s.b.f.s.DefaultListableBeanFactory     : Creating shared instance of singleton bean 'resourceHandlerRegistrationCustomizer'
2026-01-28 12:40:02.139 DEBUG --- [  restartedMain] o.s.b.f.s.DefaultListableBeanFactory     : Creating shared instance of singleton bean 'org.springframework.boot.autoconfigure.web.servlet.WebMvcAutoConfiguration$ResourceChainCustomizerConfiguration'
2026-01-28 12:40:02.140 DEBUG --- [  restartedMain] o.s.b.f.s.DefaultListableBeanFactory     : Autowiring by type from bean name 'resourceHandlerRegistrationCustomizer' via factory method to bean named 'spring.web-org.springframework.boot.autoconfigure.web.WebProperties'
2026-01-28 12:40:02.142 DEBUG --- [  restartedMain] o.s.b.f.s.DefaultListableBeanFactory     : Creating shared instance of singleton bean 'swaggerWebMvcConfigurer'
2026-01-28 12:40:02.142 DEBUG --- [  restartedMain] o.s.b.f.s.DefaultListableBeanFactory     : Creating shared instance of singleton bean 'org.springdoc.webmvc.ui.SwaggerConfig'
2026-01-28 12:40:02.144 DEBUG --- [  restartedMain] o.s.b.f.s.DefaultListableBeanFactory     : Creating shared instance of singleton bean 'org.springdoc.core.properties.SwaggerUiConfigProperties'
2026-01-28 12:40:02.157 DEBUG --- [  restartedMain] o.s.b.f.s.DefaultListableBeanFactory     : Creating shared instance of singleton bean 'indexPageTransformer'
2026-01-28 12:40:02.157 DEBUG --- [  restartedMain] o.s.b.f.s.DefaultListableBeanFactory     : Creating shared instance of singleton bean 'org.springdoc.core.properties.SwaggerUiOAuthProperties'
2026-01-28 12:40:02.160 DEBUG --- [  restartedMain] o.s.b.f.s.DefaultListableBeanFactory     : Creating shared instance of singleton bean 'swaggerWelcome'
2026-01-28 12:40:02.160 DEBUG --- [  restartedMain] o.s.b.f.s.DefaultListableBeanFactory     : Creating shared instance of singleton bean 'org.springdoc.core.properties.SpringDocConfigProperties'
2026-01-28 12:40:02.166 DEBUG --- [  restartedMain] o.s.b.f.s.DefaultListableBeanFactory     : Creating shared instance of singleton bean 'springWebProvider'
2026-01-28 12:40:02.166 DEBUG --- [  restartedMain] o.s.b.f.s.DefaultListableBeanFactory     : Creating shared instance of singleton bean 'org.springdoc.webmvc.core.configuration.SpringDocWebMvcConfiguration'
2026-01-28 12:40:02.178 DEBUG --- [  restartedMain] o.s.b.f.s.DefaultListableBeanFactory     : Autowiring by type from bean name 'swaggerWelcome' via factory method to bean named 'org.springdoc.core.properties.SwaggerUiConfigProperties'
2026-01-28 12:40:02.178 DEBUG --- [  restartedMain] o.s.b.f.s.DefaultListableBeanFactory     : Autowiring by type from bean name 'swaggerWelcome' via factory method to bean named 'org.springdoc.core.properties.SpringDocConfigProperties'
2026-01-28 12:40:02.178 DEBUG --- [  restartedMain] o.s.b.f.s.DefaultListableBeanFactory     : Autowiring by type from bean name 'swaggerWelcome' via factory method to bean named 'springWebProvider'
2026-01-28 12:40:02.201 DEBUG --- [  restartedMain] o.s.b.f.s.DefaultListableBeanFactory     : Creating shared instance of singleton bean 'springdocObjectMapperProvider'
2026-01-28 12:40:02.201 DEBUG --- [  restartedMain] o.s.b.f.s.DefaultListableBeanFactory     : Creating shared instance of singleton bean 'org.springdoc.core.configuration.SpringDocConfiguration'
2026-01-28 12:40:02.205 DEBUG --- [  restartedMain] o.s.b.f.s.DefaultListableBeanFactory     : Autowiring by type from bean name 'springdocObjectMapperProvider' via factory method to bean named 'org.springdoc.core.properties.SpringDocConfigProperties'
2026-01-28 12:40:02.222 DEBUG --- [  restartedMain] o.s.b.f.s.DefaultListableBeanFactory     : Autowiring by type from bean name 'indexPageTransformer' via factory method to bean named 'org.springdoc.core.properties.SwaggerUiConfigProperties'
2026-01-28 12:40:02.222 DEBUG --- [  restartedMain] o.s.b.f.s.DefaultListableBeanFactory     : Autowiring by type from bean name 'indexPageTransformer' via factory method to bean named 'org.springdoc.core.properties.SwaggerUiOAuthProperties'
2026-01-28 12:40:02.222 DEBUG --- [  restartedMain] o.s.b.f.s.DefaultListableBeanFactory     : Autowiring by type from bean name 'indexPageTransformer' via factory method to bean named 'swaggerWelcome'
2026-01-28 12:40:02.222 DEBUG --- [  restartedMain] o.s.b.f.s.DefaultListableBeanFactory     : Autowiring by type from bean name 'indexPageTransformer' via factory method to bean named 'springdocObjectMapperProvider'
2026-01-28 12:40:02.225 DEBUG --- [  restartedMain] o.s.b.f.s.DefaultListableBeanFactory     : Creating shared instance of singleton bean 'swaggerResourceResolver'
2026-01-28 12:40:02.226 DEBUG --- [  restartedMain] o.s.b.f.s.DefaultListableBeanFactory     : Autowiring by type from bean name 'swaggerResourceResolver' via factory method to bean named 'org.springdoc.core.properties.SwaggerUiConfigProperties'
2026-01-28 12:40:02.228 DEBUG --- [  restartedMain] o.s.b.f.s.DefaultListableBeanFactory     : Autowiring by type from bean name 'swaggerWebMvcConfigurer' via factory method to bean named 'org.springdoc.core.properties.SwaggerUiConfigProperties'
2026-01-28 12:40:02.228 DEBUG --- [  restartedMain] o.s.b.f.s.DefaultListableBeanFactory     : Autowiring by type from bean name 'swaggerWebMvcConfigurer' via factory method to bean named 'indexPageTransformer'
2026-01-28 12:40:02.228 DEBUG --- [  restartedMain] o.s.b.f.s.DefaultListableBeanFactory     : Autowiring by type from bean name 'swaggerWebMvcConfigurer' via factory method to bean named 'swaggerResourceResolver'
2026-01-28 12:40:02.229 DEBUG --- [  restartedMain] o.s.b.f.s.DefaultListableBeanFactory     : Creating shared instance of singleton bean 'openEntityManagerInViewInterceptorConfigurer'
2026-01-28 12:40:02.230 DEBUG --- [  restartedMain] o.s.b.f.s.DefaultListableBeanFactory     : Creating shared instance of singleton bean 'org.springframework.boot.autoconfigure.orm.jpa.JpaBaseConfiguration$JpaWebConfiguration'
2026-01-28 12:40:02.230 DEBUG --- [  restartedMain] o.s.b.f.s.DefaultListableBeanFactory     : Autowiring by type from bean name 'org.springframework.boot.autoconfigure.orm.jpa.JpaBaseConfiguration$JpaWebConfiguration' via constructor to bean named 'spring.jpa-org.springframework.boot.autoconfigure.orm.jpa.JpaProperties'
2026-01-28 12:40:02.231 DEBUG --- [  restartedMain] o.s.b.f.s.DefaultListableBeanFactory     : Creating shared instance of singleton bean 'openEntityManagerInViewInterceptor'
2026-01-28 12:40:02.231  WARN --- [  restartedMain] JpaBaseConfiguration$JpaWebConfiguration : spring.jpa.open-in-view is enabled by default. Therefore, database queries may be performed during view rendering. Explicitly configure spring.jpa.open-in-view to disable this warning
2026-01-28 12:40:02.234 DEBUG --- [  restartedMain] o.s.b.f.s.DefaultListableBeanFactory     : Autowiring by type from bean name 'openEntityManagerInViewInterceptorConfigurer' via factory method to bean named 'openEntityManagerInViewInterceptor'
2026-01-28 12:40:02.236 DEBUG --- [  restartedMain] o.s.b.f.s.DefaultListableBeanFactory     : Creating shared instance of singleton bean 'org.springframework.data.web.config.SpringDataWebConfiguration'
2026-01-28 12:40:02.237 DEBUG --- [  restartedMain] o.s.b.f.s.DefaultListableBeanFactory     : Autowiring by type from bean name 'org.springframework.data.web.config.SpringDataWebConfiguration' via constructor to bean named 'org.springframework.boot.web.servlet.context.AnnotationConfigServletWebServerApplicationContext@7bfc1538'
2026-01-28 12:40:02.240 DEBUG --- [  restartedMain] o.s.b.f.s.DefaultListableBeanFactory     : Creating shared instance of singleton bean 'org.springframework.cloud.commons.security.ResourceServerTokenRelayAutoConfiguration$ResourceServerTokenRelayRegistrationAutoConfiguration'
2026-01-28 12:40:02.245 DEBUG --- [  restartedMain] o.s.b.f.s.DefaultListableBeanFactory     : Creating shared instance of singleton bean 'org.springframework.amqp.rabbit.config.internalRabbitListenerEndpointRegistry'
2026-01-28 12:40:02.246 DEBUG --- [  restartedMain] o.s.b.f.s.DefaultListableBeanFactory     : Creating shared instance of singleton bean 'refreshEventListener'
2026-01-28 12:40:02.246 DEBUG --- [  restartedMain] o.s.b.f.s.DefaultListableBeanFactory     : Creating shared instance of singleton bean 'org.springframework.cloud.autoconfigure.RefreshAutoConfiguration'
2026-01-28 12:40:02.248 DEBUG --- [  restartedMain] o.s.b.f.s.DefaultListableBeanFactory     : Creating shared instance of singleton bean 'configDataContextRefresher'
2026-01-28 12:40:02.248 DEBUG --- [  restartedMain] o.s.b.f.s.DefaultListableBeanFactory     : Creating shared instance of singleton bean 'spring.cloud.refresh-org.springframework.cloud.autoconfigure.RefreshAutoConfiguration$RefreshProperties'
2026-01-28 12:40:02.250 DEBUG --- [  restartedMain] o.s.b.f.s.DefaultListableBeanFactory     : Autowiring by type from bean name 'configDataContextRefresher' via factory method to bean named 'org.springframework.boot.web.servlet.context.AnnotationConfigServletWebServerApplicationContext@7bfc1538'
2026-01-28 12:40:02.250 DEBUG --- [  restartedMain] o.s.b.f.s.DefaultListableBeanFactory     : Autowiring by type from bean name 'configDataContextRefresher' via factory method to bean named 'refreshScope'
2026-01-28 12:40:02.250 DEBUG --- [  restartedMain] o.s.b.f.s.DefaultListableBeanFactory     : Autowiring by type from bean name 'configDataContextRefresher' via factory method to bean named 'spring.cloud.refresh-org.springframework.cloud.autoconfigure.RefreshAutoConfiguration$RefreshProperties'
2026-01-28 12:40:02.252 DEBUG --- [  restartedMain] o.s.b.f.s.DefaultListableBeanFactory     : Autowiring by type from bean name 'refreshEventListener' via factory method to bean named 'configDataContextRefresher'
2026-01-28 12:40:02.253 DEBUG --- [  restartedMain] o.s.b.f.s.DefaultListableBeanFactory     : Creating shared instance of singleton bean 'liveReloadServerEventListener'
2026-01-28 12:40:02.253 DEBUG --- [  restartedMain] o.s.b.f.s.DefaultListableBeanFactory     : Creating shared instance of singleton bean 'org.springframework.boot.devtools.autoconfigure.LocalDevToolsAutoConfiguration$LiveReloadConfiguration'
2026-01-28 12:40:02.254 DEBUG --- [  restartedMain] o.s.b.f.s.DefaultListableBeanFactory     : Creating shared instance of singleton bean 'optionalLiveReloadServer'
2026-01-28 12:40:02.254 DEBUG --- [  restartedMain] o.s.b.f.s.DefaultListableBeanFactory     : Creating shared instance of singleton bean 'spring.devtools-org.springframework.boot.devtools.autoconfigure.DevToolsProperties'
2026-01-28 12:40:02.256 DEBUG --- [  restartedMain] o.s.b.f.s.DefaultListableBeanFactory     : Autowiring by type from bean name 'liveReloadServer' via factory method to bean named 'spring.devtools-org.springframework.boot.devtools.autoconfigure.DevToolsProperties'
2026-01-28 12:40:02.258 DEBUG --- [  restartedMain] o.s.b.f.s.DefaultListableBeanFactory     : Autowiring by type from bean name 'optionalLiveReloadServer' via factory method to bean named 'liveReloadServer'
2026-01-28 12:40:02.259 DEBUG --- [  restartedMain] o.s.b.d.livereload.LiveReloadServer      : Starting live reload server on port 35729
2026-01-28 12:40:02.259  WARN --- [  restartedMain] o.s.b.d.a.OptionalLiveReloadServer       : Unable to start LiveReload server
2026-01-28 12:40:02.259 DEBUG --- [  restartedMain] o.s.b.d.a.OptionalLiveReloadServer       : Live reload start error
java.net.BindException: Address already in use: bind
	at java.base/sun.nio.ch.Net.bind0(Native Method)
	at java.base/sun.nio.ch.Net.bind(Net.java:565)
	at java.base/sun.nio.ch.Net.bind(Net.java:554)
	at java.base/sun.nio.ch.NioSocketImpl.bind(NioSocketImpl.java:636)
	at java.base/java.net.ServerSocket.bind(ServerSocket.java:391)
	at java.base/java.net.ServerSocket.<init>(ServerSocket.java:278)
	at java.base/java.net.ServerSocket.<init>(ServerSocket.java:171)
	at org.springframework.boot.devtools.livereload.LiveReloadServer.start(LiveReloadServer.java:114)
	at org.springframework.boot.devtools.autoconfigure.OptionalLiveReloadServer.startServer(OptionalLiveReloadServer.java:57)
	at org.springframework.boot.devtools.autoconfigure.OptionalLiveReloadServer.afterPropertiesSet(OptionalLiveReloadServer.java:49)
	at org.springframework.beans.factory.support.AbstractAutowireCapableBeanFactory.invokeInitMethods(AbstractAutowireCapableBeanFactory.java:1855)
	at org.springframework.beans.factory.support.AbstractAutowireCapableBeanFactory.initializeBean(AbstractAutowireCapableBeanFactory.java:1804)
	at org.springframework.beans.factory.support.AbstractAutowireCapableBeanFactory.doCreateBean(AbstractAutowireCapableBeanFactory.java:601)
	at org.springframework.beans.factory.support.AbstractAutowireCapableBeanFactory.createBean(AbstractAutowireCapableBeanFactory.java:523)
	at org.springframework.beans.factory.support.AbstractBeanFactory.lambda$doGetBean$0(AbstractBeanFactory.java:336)
	at org.springframework.beans.factory.support.DefaultSingletonBeanRegistry.getSingleton(DefaultSingletonBeanRegistry.java:289)
	at org.springframework.beans.factory.support.AbstractBeanFactory.doGetBean(AbstractBeanFactory.java:334)
	at org.springframework.beans.factory.support.AbstractBeanFactory.getBean(AbstractBeanFactory.java:199)
	at org.springframework.beans.factory.config.DependencyDescriptor.resolveCandidate(DependencyDescriptor.java:254)
	at org.springframework.beans.factory.support.DefaultListableBeanFactory.doResolveDependency(DefaultListableBeanFactory.java:1631)
	at org.springframework.beans.factory.support.DefaultListableBeanFactory.resolveDependency(DefaultListableBeanFactory.java:1519)
	at org.springframework.beans.factory.support.ConstructorResolver.resolveAutowiredArgument(ConstructorResolver.java:913)
	at org.springframework.beans.factory.support.ConstructorResolver.createArgumentArray(ConstructorResolver.java:791)
	at org.springframework.beans.factory.support.ConstructorResolver.instantiateUsingFactoryMethod(ConstructorResolver.java:546)
	at org.springframework.beans.factory.support.AbstractAutowireCapableBeanFactory.instantiateUsingFactoryMethod(AbstractAutowireCapableBeanFactory.java:1357)
	at org.springframework.beans.factory.support.AbstractAutowireCapableBeanFactory.createBeanInstance(AbstractAutowireCapableBeanFactory.java:1187)
	at org.springframework.beans.factory.support.AbstractAutowireCapableBeanFactory.doCreateBean(AbstractAutowireCapableBeanFactory.java:563)
	at org.springframework.beans.factory.support.AbstractAutowireCapableBeanFactory.createBean(AbstractAutowireCapableBeanFactory.java:523)
	at org.springframework.beans.factory.support.AbstractBeanFactory.lambda$doGetBean$0(AbstractBeanFactory.java:336)
	at org.springframework.beans.factory.support.DefaultSingletonBeanRegistry.getSingleton(DefaultSingletonBeanRegistry.java:289)
	at org.springframework.beans.factory.support.AbstractBeanFactory.doGetBean(AbstractBeanFactory.java:334)
	at org.springframework.beans.factory.support.AbstractBeanFactory.getBean(AbstractBeanFactory.java:204)
	at org.springframework.context.event.AbstractApplicationEventMulticaster.retrieveApplicationListeners(AbstractApplicationEventMulticaster.java:267)
	at org.springframework.context.event.AbstractApplicationEventMulticaster.getApplicationListeners(AbstractApplicationEventMulticaster.java:223)
	at org.springframework.context.event.SimpleApplicationEventMulticaster.multicastEvent(SimpleApplicationEventMulticaster.java:145)
	at org.springframework.context.support.AbstractApplicationContext.publishEvent(AbstractApplicationContext.java:454)
	at org.springframework.context.support.AbstractApplicationContext.publishEvent(AbstractApplicationContext.java:460)
	at org.springframework.context.support.AbstractApplicationContext.publishEvent(AbstractApplicationContext.java:387)
	at org.springframework.context.support.AbstractApplicationContext.finishRefresh(AbstractApplicationContext.java:1009)
	at org.springframework.context.support.AbstractApplicationContext.refresh(AbstractApplicationContext.java:630)
	at org.springframework.cloud.context.named.NamedContextFactory.createContext(NamedContextFactory.java:139)
	at org.springframework.cloud.context.named.NamedContextFactory.getContext(NamedContextFactory.java:123)
	at org.springframework.cloud.context.named.NamedContextFactory.getInstance(NamedContextFactory.java:200)
	at org.springframework.cloud.openfeign.FeignClientFactoryBean.get(FeignClientFactoryBean.java:398)
	at org.springframework.cloud.openfeign.FeignClientFactoryBean.feign(FeignClientFactoryBean.java:136)
	at org.springframework.cloud.openfeign.FeignClientFactoryBean.getTarget(FeignClientFactoryBean.java:468)
	at org.springframework.cloud.openfeign.FeignClientFactoryBean.getObject(FeignClientFactoryBean.java:456)
	at org.springframework.beans.factory.support.FactoryBeanRegistrySupport.doGetObjectFromFactoryBean(FactoryBeanRegistrySupport.java:186)
	at org.springframework.beans.factory.support.FactoryBeanRegistrySupport.getObjectFromFactoryBean(FactoryBeanRegistrySupport.java:125)
	at org.springframework.beans.factory.support.AbstractBeanFactory.getObjectForBeanInstance(AbstractBeanFactory.java:1863)
	at org.springframework.beans.factory.support.AbstractAutowireCapableBeanFactory.getObjectForBeanInstance(AbstractAutowireCapableBeanFactory.java:1298)
	at org.springframework.beans.factory.support.AbstractBeanFactory.doGetBean(AbstractBeanFactory.java:346)
	at org.springframework.beans.factory.support.AbstractBeanFactory.getBean(AbstractBeanFactory.java:199)
	at org.springframework.beans.factory.config.DependencyDescriptor.resolveCandidate(DependencyDescriptor.java:254)
	at org.springframework.beans.factory.support.DefaultListableBeanFactory.doResolveDependency(DefaultListableBeanFactory.java:1631)
	at org.springframework.beans.factory.support.DefaultListableBeanFactory.resolveDependency(DefaultListableBeanFactory.java:1519)
	at org.springframework.beans.factory.support.ConstructorResolver.resolveAutowiredArgument(ConstructorResolver.java:913)
	at org.springframework.beans.factory.support.ConstructorResolver.createArgumentArray(ConstructorResolver.java:791)
	at org.springframework.beans.factory.support.ConstructorResolver.autowireConstructor(ConstructorResolver.java:240)
	at org.springframework.beans.factory.support.AbstractAutowireCapableBeanFactory.autowireConstructor(AbstractAutowireCapableBeanFactory.java:1377)
	at org.springframework.beans.factory.support.AbstractAutowireCapableBeanFactory.createBeanInstance(AbstractAutowireCapableBeanFactory.java:1214)
	at org.springframework.beans.factory.support.AbstractAutowireCapableBeanFactory.doCreateBean(AbstractAutowireCapableBeanFactory.java:563)
	at org.springframework.beans.factory.support.AbstractAutowireCapableBeanFactory.createBean(AbstractAutowireCapableBeanFactory.java:523)
	at org.springframework.beans.factory.support.AbstractBeanFactory.lambda$doGetBean$0(AbstractBeanFactory.java:336)
	at org.springframework.beans.factory.support.DefaultSingletonBeanRegistry.getSingleton(DefaultSingletonBeanRegistry.java:289)
	at org.springframework.beans.factory.support.AbstractBeanFactory.doGetBean(AbstractBeanFactory.java:334)
	at org.springframework.beans.factory.support.AbstractBeanFactory.getBean(AbstractBeanFactory.java:199)
	at org.springframework.beans.factory.config.DependencyDescriptor.resolveCandidate(DependencyDescriptor.java:254)
	at org.springframework.beans.factory.support.DefaultListableBeanFactory.doResolveDependency(DefaultListableBeanFactory.java:1631)
	at org.springframework.beans.factory.support.DefaultListableBeanFactory.resolveDependency(DefaultListableBeanFactory.java:1519)
	at org.springframework.beans.factory.support.ConstructorResolver.resolveAutowiredArgument(ConstructorResolver.java:913)
	at org.springframework.beans.factory.support.ConstructorResolver.createArgumentArray(ConstructorResolver.java:791)
	at org.springframework.beans.factory.support.ConstructorResolver.autowireConstructor(ConstructorResolver.java:240)
	at org.springframework.beans.factory.support.AbstractAutowireCapableBeanFactory.autowireConstructor(AbstractAutowireCapableBeanFactory.java:1377)
	at org.springframework.beans.factory.support.AbstractAutowireCapableBeanFactory.createBeanInstance(AbstractAutowireCapableBeanFactory.java:1214)
	at org.springframework.beans.factory.support.AbstractAutowireCapableBeanFactory.doCreateBean(AbstractAutowireCapableBeanFactory.java:563)
	at org.springframework.beans.factory.support.AbstractAutowireCapableBeanFactory.createBean(AbstractAutowireCapableBeanFactory.java:523)
	at org.springframework.beans.factory.support.AbstractBeanFactory.lambda$doGetBean$0(AbstractBeanFactory.java:336)
	at org.springframework.beans.factory.support.DefaultSingletonBeanRegistry.getSingleton(DefaultSingletonBeanRegistry.java:289)
	at org.springframework.beans.factory.support.AbstractBeanFactory.doGetBean(AbstractBeanFactory.java:334)
	at org.springframework.beans.factory.support.AbstractBeanFactory.getBean(AbstractBeanFactory.java:199)
	at org.springframework.beans.factory.support.DefaultListableBeanFactory.instantiateSingleton(DefaultListableBeanFactory.java:1122)
	at org.springframework.beans.factory.support.DefaultListableBeanFactory.preInstantiateSingleton(DefaultListableBeanFactory.java:1093)
	at org.springframework.beans.factory.support.DefaultListableBeanFactory.preInstantiateSingletons(DefaultListableBeanFactory.java:1030)
	at org.springframework.context.support.AbstractApplicationContext.finishBeanFactoryInitialization(AbstractApplicationContext.java:987)
	at org.springframework.context.support.AbstractApplicationContext.refresh(AbstractApplicationContext.java:627)
	at org.springframework.boot.web.servlet.context.ServletWebServerApplicationContext.refresh(ServletWebServerApplicationContext.java:146)
	at org.springframework.boot.SpringApplication.refresh(SpringApplication.java:752)
	at org.springframework.boot.SpringApplication.refreshContext(SpringApplication.java:439)
	at org.springframework.boot.SpringApplication.run(SpringApplication.java:318)
	at org.springframework.boot.SpringApplication.run(SpringApplication.java:1361)
	at org.springframework.boot.SpringApplication.run(SpringApplication.java:1350)
	at com.fsocial.accountservice.AccountServiceApplication.main(AccountServiceApplication.java:13)
	at java.base/jdk.internal.reflect.DirectMethodHandleAccessor.invoke(DirectMethodHandleAccessor.java:103)
	at java.base/java.lang.reflect.Method.invoke(Method.java:580)
	at org.springframework.boot.devtools.restart.RestartLauncher.run(RestartLauncher.java:50)
2026-01-28 12:40:02.261 DEBUG --- [  restartedMain] o.s.b.f.s.DefaultListableBeanFactory     : Autowiring by type from bean name 'liveReloadServerEventListener' via factory method to bean named 'optionalLiveReloadServer'
2026-01-28 12:40:02.264 DEBUG --- [  restartedMain] o.s.b.f.s.DefaultListableBeanFactory     : Autowiring by type from bean name 'feignBuilder' via factory method to bean named 'feignRetryer'
2026-01-28 12:40:02.285 DEBUG --- [  restartedMain] o.s.b.f.s.DefaultListableBeanFactory     : Creating shared instance of singleton bean 'feignTargeter'
2026-01-28 12:40:02.285 DEBUG --- [  restartedMain] o.s.b.f.s.DefaultListableBeanFactory     : Creating shared instance of singleton bean 'org.springframework.cloud.openfeign.FeignAutoConfiguration$DefaultFeignTargeterConfiguration'
2026-01-28 12:40:02.291 DEBUG --- [onnection adder] jdk.event.security                       : X509Certificate: Alg:SHA384withRSA, Serial:56539240bca9317c32b76293dd3fb3b339412276, Subject:CN=mysql-3db5c258-2, O=116c39ae-7c56-40ae-a744-324d4e681b1c, ST=service, Issuer:CN=116c39ae-7c56-40ae-a744-324d4e681b1c GEN 1 Project CA, Key type:RSA, Length:3072, Cert Id:598374692, Valid from:1/19/26, 4:34 PM, Valid until:4/18/28, 7:34 PM
2026-01-28 12:40:02.292 DEBUG --- [onnection adder] jdk.event.security                       : X509Certificate: Alg:SHA384withRSA, Serial:58db7138134fdd23146e018032bdd4666c9fc5bb, Subject:CN=116c39ae-7c56-40ae-a744-324d4e681b1c GEN 1 Project CA, Issuer:CN=116c39ae-7c56-40ae-a744-324d4e681b1c GEN 1 Project CA, Key type:RSA, Length:3072, Cert Id:1211769917, Valid from:5/23/25, 7:30 AM, Valid until:5/21/35, 7:30 AM
2026-01-28 12:40:02.293 DEBUG --- [onnection adder] jdk.event.security                       :  TLSHandshake: mysql-3db5c258-cangngoo123-1bf2.d.aivencloud.com:28331, TLSv1.3, TLS_AES_256_GCM_SHA384, 598374692
2026-01-28 12:40:02.306 DEBUG --- [  restartedMain] o.s.b.f.s.DefaultListableBeanFactory     : Creating shared instance of singleton bean 'otpServiceImpl'
2026-01-28 12:40:02.308 DEBUG --- [  restartedMain] o.s.b.f.s.DefaultListableBeanFactory     : Creating shared instance of singleton bean 'stringRedisTemplate'
2026-01-28 12:40:02.308 DEBUG --- [  restartedMain] o.s.b.f.s.DefaultListableBeanFactory     : Creating shared instance of singleton bean 'org.springframework.boot.autoconfigure.data.redis.RedisAutoConfiguration'
2026-01-28 12:40:02.309 DEBUG --- [  restartedMain] o.s.b.f.s.DefaultListableBeanFactory     : Creating shared instance of singleton bean 'redisConnectionFactory'
2026-01-28 12:40:02.309 DEBUG --- [  restartedMain] o.s.b.f.s.DefaultListableBeanFactory     : Creating shared instance of singleton bean 'redisConfig'
2026-01-28 12:40:02.310 DEBUG --- [  restartedMain] ySourcesPropertyResolver$DefaultResolver : Found key 'REDIS_CONTAINER' in PropertySource 'Config resource 'file [.env]' via location 'optional:file:.env[.properties]'' with value of type String
2026-01-28 12:40:02.310 DEBUG --- [  restartedMain] o.s.c.e.PropertySourcesPropertyResolver  : Found key 'spring.data.redis.host' in PropertySource 'environmentProperties' with value of type String
2026-01-28 12:40:02.311 DEBUG --- [  restartedMain] ySourcesPropertyResolver$DefaultResolver : Found key 'REDIS_PORT' in PropertySource 'Config resource 'file [.env]' via location 'optional:file:.env[.properties]'' with value of type String
2026-01-28 12:40:02.311 DEBUG --- [  restartedMain] o.s.c.e.PropertySourcesPropertyResolver  : Found key 'spring.data.redis.port' in PropertySource 'environmentProperties' with value of type String
2026-01-28 12:40:02.311 DEBUG --- [  restartedMain] ySourcesPropertyResolver$DefaultResolver : Found key 'REDIS_PASSWORD' in PropertySource 'Config resource 'file [.env]' via location 'optional:file:.env[.properties]'' with value of type String
2026-01-28 12:40:02.312 DEBUG --- [  restartedMain] o.s.c.e.PropertySourcesPropertyResolver  : Found key 'spring.data.redis.password' in PropertySource 'environmentProperties' with value of type String
2026-01-28 12:40:02.353 DEBUG --- [  restartedMain] i.n.u.i.logging.InternalLoggerFactory    : Using SLF4J as the default logging framework
2026-01-28 12:40:02.372 DEBUG --- [  restartedMain] i.l.c.r.AddressResolverGroupProvider     : Starting without optional netty's non-blocking DNS resolver library
2026-01-28 12:40:02.373 DEBUG --- [  restartedMain] i.l.c.resource.DefaultClientResources    : -Dio.netty.eventLoopThreads: 12
2026-01-28 12:40:02.378 DEBUG --- [  restartedMain] i.l.c.r.DefaultEventLoopGroupProvider    : Creating executor io.netty.util.concurrent.DefaultEventExecutorGroup
2026-01-28 12:40:02.387 DEBUG --- [  restartedMain] i.n.util.concurrent.GlobalEventExecutor  : -Dio.netty.globalEventExecutor.quietPeriodSeconds: 1
2026-01-28 12:40:02.392 DEBUG --- [  restartedMain] i.n.u.internal.InternalThreadLocalMap    : -Dio.netty.threadLocalMap.stringBuilder.initialSize: 1024
2026-01-28 12:40:02.392 DEBUG --- [  restartedMain] i.n.u.internal.InternalThreadLocalMap    : -Dio.netty.threadLocalMap.stringBuilder.maxSize: 4096
2026-01-28 12:40:02.395 DEBUG --- [  restartedMain] io.netty.util.ResourceLeakDetector       : -Dio.netty.leakDetection.level: simple
2026-01-28 12:40:02.395 DEBUG --- [  restartedMain] io.netty.util.ResourceLeakDetector       : -Dio.netty.leakDetection.targetRecords: 4
2026-01-28 12:40:02.397 DEBUG --- [  restartedMain] i.n.util.ResourceLeakDetectorFactory     : Loaded default ResourceLeakDetector: io.netty.util.ResourceLeakDetector@111c8e14
2026-01-28 12:40:02.413 DEBUG --- [  restartedMain] i.n.util.internal.PlatformDependent0     : -Dio.netty.noUnsafe: false
2026-01-28 12:40:02.413 DEBUG --- [  restartedMain] i.n.util.internal.PlatformDependent0     : Java version: 21
2026-01-28 12:40:02.413 DEBUG --- [  restartedMain] i.n.util.internal.PlatformDependent0     : sun.misc.Unsafe.theUnsafe: available
2026-01-28 12:40:02.414 DEBUG --- [  restartedMain] i.n.util.internal.PlatformDependent0     : sun.misc.Unsafe base methods: all available
2026-01-28 12:40:02.414 DEBUG --- [  restartedMain] i.n.util.internal.PlatformDependent0     : sun.misc.Unsafe.storeFence: available
2026-01-28 12:40:02.414 DEBUG --- [  restartedMain] i.n.util.internal.PlatformDependent0     : java.nio.Buffer.address: available
2026-01-28 12:40:02.415 DEBUG --- [  restartedMain] i.n.util.internal.PlatformDependent0     : direct buffer constructor: unavailable: Reflective setAccessible(true) disabled
2026-01-28 12:40:02.415 DEBUG --- [  restartedMain] i.n.util.internal.PlatformDependent0     : java.nio.Bits.unaligned: available, true
2026-01-28 12:40:02.416 DEBUG --- [  restartedMain] i.n.util.internal.PlatformDependent0     : jdk.internal.misc.Unsafe.allocateUninitializedArray(int): unavailable: class io.netty.util.internal.PlatformDependent0$7 cannot access class jdk.internal.misc.Unsafe (in module java.base) because module java.base does not export jdk.internal.misc to unnamed module @2562ed5
2026-01-28 12:40:02.416 DEBUG --- [  restartedMain] i.n.util.internal.PlatformDependent0     : java.nio.DirectByteBuffer.<init>(long, {int,long}): unavailable
2026-01-28 12:40:02.416 DEBUG --- [  restartedMain] i.netty.util.internal.PlatformDependent  : sun.misc.Unsafe: available
2026-01-28 12:40:02.417 DEBUG --- [  restartedMain] i.netty.util.internal.PlatformDependent  : -Dio.netty.tmpdir: C:\Users\acer\AppData\Local\Temp (java.io.tmpdir)
2026-01-28 12:40:02.417 DEBUG --- [  restartedMain] i.netty.util.internal.PlatformDependent  : -Dio.netty.bitMode: 64 (sun.arch.data.model)
2026-01-28 12:40:02.417 DEBUG --- [  restartedMain] i.netty.util.internal.PlatformDependent  : Platform: Windows
2026-01-28 12:40:02.417 DEBUG --- [  restartedMain] i.netty.util.internal.PlatformDependent  : -Dio.netty.maxDirectMemory: -1 bytes
2026-01-28 12:40:02.418 DEBUG --- [  restartedMain] i.netty.util.internal.PlatformDependent  : -Dio.netty.uninitializedArrayAllocationThreshold: -1
2026-01-28 12:40:02.418 DEBUG --- [  restartedMain] io.netty.util.internal.CleanerJava9      : java.nio.ByteBuffer.cleaner(): available
2026-01-28 12:40:02.418 DEBUG --- [  restartedMain] i.netty.util.internal.PlatformDependent  : -Dio.netty.noPreferDirect: false
2026-01-28 12:40:02.424 DEBUG --- [  restartedMain] i.netty.util.internal.PlatformDependent  : org.jctools-core.MpscChunkedArrayQueue: available
2026-01-28 12:40:02.436 DEBUG --- [  restartedMain] reactor.util.Loggers                     : Using Slf4j logging framework
2026-01-28 12:40:02.440 DEBUG --- [  restartedMain] i.l.core.event.jfr.EventRecorderHolder   : Starting with JFR support
2026-01-28 12:40:02.448 DEBUG --- [  restartedMain] i.l.c.resource.DefaultClientResources    : LatencyUtils/HdrUtils are not available, metrics are disabled
2026-01-28 12:40:02.475 DEBUG --- [  restartedMain] o.s.b.f.s.DefaultListableBeanFactory     : Autowiring by type from bean name 'stringRedisTemplate' via factory method to bean named 'redisConnectionFactory'
2026-01-28 12:40:02.509 DEBUG --- [  restartedMain] o.s.data.convert.CustomConversions       : Adding converter from class java.lang.String to class [B as writing converter
2026-01-28 12:40:02.509 DEBUG --- [  restartedMain] o.s.data.convert.CustomConversions       : Adding converter from class [B to class java.lang.String as reading converter
2026-01-28 12:40:02.509 DEBUG --- [  restartedMain] o.s.data.convert.CustomConversions       : Adding converter from class java.lang.Number to class [B as writing converter
2026-01-28 12:40:02.510 DEBUG --- [  restartedMain] o.s.data.convert.CustomConversions       : Adding converter from class [B to class java.lang.Number as reading converter
2026-01-28 12:40:02.510 DEBUG --- [  restartedMain] o.s.data.convert.CustomConversions       : Adding converter from class java.lang.Enum to class [B as writing converter
2026-01-28 12:40:02.510 DEBUG --- [  restartedMain] o.s.data.convert.CustomConversions       : Adding converter from class [B to class java.lang.Enum as reading converter
2026-01-28 12:40:02.510 DEBUG --- [  restartedMain] o.s.data.convert.CustomConversions       : Adding converter from class java.lang.Boolean to class [B as writing converter
2026-01-28 12:40:02.510 DEBUG --- [  restartedMain] o.s.data.convert.CustomConversions       : Adding converter from class [B to class java.lang.Boolean as reading converter
2026-01-28 12:40:02.510 DEBUG --- [  restartedMain] o.s.data.convert.CustomConversions       : Adding converter from class java.util.Date to class [B as writing converter
2026-01-28 12:40:02.510 DEBUG --- [  restartedMain] o.s.data.convert.CustomConversions       : Adding converter from class [B to class java.util.Date as reading converter
2026-01-28 12:40:02.510 DEBUG --- [  restartedMain] o.s.data.convert.CustomConversions       : Adding converter from class java.util.UUID to class [B as writing converter
2026-01-28 12:40:02.510 DEBUG --- [  restartedMain] o.s.data.convert.CustomConversions       : Adding converter from class [B to class java.util.UUID as reading converter
2026-01-28 12:40:02.510 DEBUG --- [  restartedMain] o.s.data.convert.CustomConversions       : Adding converter from class java.time.LocalDateTime to class [B as reading converter
2026-01-28 12:40:02.510 DEBUG --- [  restartedMain] o.s.data.convert.CustomConversions       : Adding converter from class [B to class java.time.LocalDateTime as reading converter
2026-01-28 12:40:02.510 DEBUG --- [  restartedMain] o.s.data.convert.CustomConversions       : Adding converter from class java.time.LocalDate to class [B as reading converter
2026-01-28 12:40:02.510 DEBUG --- [  restartedMain] o.s.data.convert.CustomConversions       : Adding converter from class [B to class java.time.LocalDate as reading converter
2026-01-28 12:40:02.510 DEBUG --- [  restartedMain] o.s.data.convert.CustomConversions       : Adding converter from class java.time.LocalTime to class [B as reading converter
2026-01-28 12:40:02.510 DEBUG --- [  restartedMain] o.s.data.convert.CustomConversions       : Adding converter from class [B to class java.time.LocalTime as reading converter
2026-01-28 12:40:02.510 DEBUG --- [  restartedMain] o.s.data.convert.CustomConversions       : Adding converter from class java.time.ZonedDateTime to class [B as reading converter
2026-01-28 12:40:02.510 DEBUG --- [  restartedMain] o.s.data.convert.CustomConversions       : Adding converter from class [B to class java.time.ZonedDateTime as reading converter
2026-01-28 12:40:02.510 DEBUG --- [  restartedMain] o.s.data.convert.CustomConversions       : Adding converter from class java.time.Instant to class [B as reading converter
2026-01-28 12:40:02.510 DEBUG --- [  restartedMain] o.s.data.convert.CustomConversions       : Adding converter from class [B to class java.time.Instant as reading converter
2026-01-28 12:40:02.510 DEBUG --- [  restartedMain] o.s.data.convert.CustomConversions       : Adding converter from class java.time.ZoneId to class [B as reading converter
2026-01-28 12:40:02.511 DEBUG --- [  restartedMain] o.s.data.convert.CustomConversions       : Adding converter from class [B to class java.time.ZoneId as reading converter
2026-01-28 12:40:02.511 DEBUG --- [  restartedMain] o.s.data.convert.CustomConversions       : Adding converter from class java.time.Period to class [B as reading converter
2026-01-28 12:40:02.511 DEBUG --- [  restartedMain] o.s.data.convert.CustomConversions       : Adding converter from class [B to class java.time.Period as reading converter
2026-01-28 12:40:02.511 DEBUG --- [  restartedMain] o.s.data.convert.CustomConversions       : Adding converter from class java.time.Duration to class [B as reading converter
2026-01-28 12:40:02.511 DEBUG --- [  restartedMain] o.s.data.convert.CustomConversions       : Adding converter from class [B to class java.time.Duration as reading converter
2026-01-28 12:40:02.511 DEBUG --- [  restartedMain] o.s.data.convert.CustomConversions       : Adding converter from class java.time.OffsetDateTime to class [B as reading converter
2026-01-28 12:40:02.511 DEBUG --- [  restartedMain] o.s.data.convert.CustomConversions       : Adding converter from class [B to class java.time.OffsetDateTime as reading converter
2026-01-28 12:40:02.511 DEBUG --- [  restartedMain] o.s.data.convert.CustomConversions       : Adding converter from class java.time.OffsetTime to class [B as reading converter
2026-01-28 12:40:02.511 DEBUG --- [  restartedMain] o.s.data.convert.CustomConversions       : Adding converter from class [B to class java.time.OffsetTime as reading converter
2026-01-28 12:40:02.511 DEBUG --- [  restartedMain] o.s.data.convert.CustomConversions       : Adding converter from class java.util.Date to class java.time.LocalDateTime as reading converter
2026-01-28 12:40:02.511 DEBUG --- [  restartedMain] o.s.data.convert.CustomConversions       : Adding converter from class java.time.LocalDateTime to class java.util.Date as writing converter
2026-01-28 12:40:02.511 DEBUG --- [  restartedMain] o.s.data.convert.CustomConversions       : Adding converter from class java.util.Date to class java.time.LocalDate as reading converter
2026-01-28 12:40:02.511 DEBUG --- [  restartedMain] o.s.data.convert.CustomConversions       : Adding converter from class java.time.LocalDate to class java.util.Date as writing converter
2026-01-28 12:40:02.511 DEBUG --- [  restartedMain] o.s.data.convert.CustomConversions       : Adding converter from class java.util.Date to class java.time.LocalTime as reading converter
2026-01-28 12:40:02.511 DEBUG --- [  restartedMain] o.s.data.convert.CustomConversions       : Adding converter from class java.time.LocalTime to class java.util.Date as writing converter
2026-01-28 12:40:02.511 DEBUG --- [  restartedMain] o.s.data.convert.CustomConversions       : Adding converter from class java.util.Date to class java.time.Instant as reading converter
2026-01-28 12:40:02.511 DEBUG --- [  restartedMain] o.s.data.convert.CustomConversions       : Adding converter from class java.time.Instant to class java.util.Date as writing converter
2026-01-28 12:40:02.511 DEBUG --- [  restartedMain] o.s.data.convert.CustomConversions       : Adding converter from class java.time.LocalDateTime to class java.time.Instant as reading converter
2026-01-28 12:40:02.512 DEBUG --- [  restartedMain] o.s.data.convert.CustomConversions       : Adding converter from class java.time.Instant to class java.time.LocalDateTime as reading converter
2026-01-28 12:40:02.512 DEBUG --- [  restartedMain] o.s.data.convert.CustomConversions       : Adding converter from class java.time.ZoneId to class java.lang.String as writing converter
2026-01-28 12:40:02.512 DEBUG --- [  restartedMain] o.s.data.convert.CustomConversions       : Adding converter from class java.lang.String to class java.time.ZoneId as reading converter
2026-01-28 12:40:02.512 DEBUG --- [  restartedMain] o.s.data.convert.CustomConversions       : Adding converter from class java.time.Duration to class java.lang.String as writing converter
2026-01-28 12:40:02.512 DEBUG --- [  restartedMain] o.s.data.convert.CustomConversions       : Adding converter from class java.lang.String to class java.time.Duration as reading converter
2026-01-28 12:40:02.512 DEBUG --- [  restartedMain] o.s.data.convert.CustomConversions       : Adding converter from class java.time.Period to class java.lang.String as writing converter
2026-01-28 12:40:02.512 DEBUG --- [  restartedMain] o.s.data.convert.CustomConversions       : Adding converter from class java.lang.String to class java.time.Period as reading converter
2026-01-28 12:40:02.512 DEBUG --- [  restartedMain] o.s.data.convert.CustomConversions       : Adding converter from class java.lang.String to class java.time.LocalDate as reading converter
2026-01-28 12:40:02.512 DEBUG --- [  restartedMain] o.s.data.convert.CustomConversions       : Adding converter from class java.lang.String to class java.time.LocalDateTime as reading converter
2026-01-28 12:40:02.512 DEBUG --- [  restartedMain] o.s.data.convert.CustomConversions       : Adding converter from class java.lang.String to class java.time.Instant as reading converter
2026-01-28 12:40:02.513 DEBUG --- [  restartedMain] o.s.data.convert.CustomConversions       : Adding converter from class java.lang.String to class [B as writing converter
2026-01-28 12:40:02.513 DEBUG --- [  restartedMain] o.s.data.convert.CustomConversions       : Adding converter from class [B to class java.lang.String as reading converter
2026-01-28 12:40:02.514 DEBUG --- [  restartedMain] o.s.data.convert.CustomConversions       : Adding converter from class java.lang.Number to class [B as writing converter
2026-01-28 12:40:02.514 DEBUG --- [  restartedMain] o.s.data.convert.CustomConversions       : Adding converter from class [B to class java.lang.Number as reading converter
2026-01-28 12:40:02.514 DEBUG --- [  restartedMain] o.s.data.convert.CustomConversions       : Adding converter from class java.lang.Enum to class [B as writing converter
2026-01-28 12:40:02.514 DEBUG --- [  restartedMain] o.s.data.convert.CustomConversions       : Adding converter from class [B to class java.lang.Enum as reading converter
2026-01-28 12:40:02.514 DEBUG --- [  restartedMain] o.s.data.convert.CustomConversions       : Adding converter from class java.lang.Boolean to class [B as writing converter
2026-01-28 12:40:02.514 DEBUG --- [  restartedMain] o.s.data.convert.CustomConversions       : Adding converter from class [B to class java.lang.Boolean as reading converter
2026-01-28 12:40:02.514 DEBUG --- [  restartedMain] o.s.data.convert.CustomConversions       : Adding converter from class java.util.Date to class [B as writing converter
2026-01-28 12:40:02.514 DEBUG --- [  restartedMain] o.s.data.convert.CustomConversions       : Adding converter from class [B to class java.util.Date as reading converter
2026-01-28 12:40:02.514 DEBUG --- [  restartedMain] o.s.data.convert.CustomConversions       : Adding converter from class java.util.UUID to class [B as writing converter
2026-01-28 12:40:02.514 DEBUG --- [  restartedMain] o.s.data.convert.CustomConversions       : Adding converter from class [B to class java.util.UUID as reading converter
2026-01-28 12:40:02.514 DEBUG --- [  restartedMain] o.s.data.convert.CustomConversions       : Adding converter from class java.time.LocalDateTime to class [B as reading converter
2026-01-28 12:40:02.514 DEBUG --- [  restartedMain] o.s.data.convert.CustomConversions       : Adding converter from class [B to class java.time.LocalDateTime as reading converter
2026-01-28 12:40:02.514 DEBUG --- [  restartedMain] o.s.data.convert.CustomConversions       : Adding converter from class java.time.LocalDate to class [B as reading converter
2026-01-28 12:40:02.514 DEBUG --- [  restartedMain] o.s.data.convert.CustomConversions       : Adding converter from class [B to class java.time.LocalDate as reading converter
2026-01-28 12:40:02.514 DEBUG --- [  restartedMain] o.s.data.convert.CustomConversions       : Adding converter from class java.time.LocalTime to class [B as reading converter
2026-01-28 12:40:02.514 DEBUG --- [  restartedMain] o.s.data.convert.CustomConversions       : Adding converter from class [B to class java.time.LocalTime as reading converter
2026-01-28 12:40:02.514 DEBUG --- [  restartedMain] o.s.data.convert.CustomConversions       : Adding converter from class java.time.ZonedDateTime to class [B as reading converter
2026-01-28 12:40:02.514 DEBUG --- [  restartedMain] o.s.data.convert.CustomConversions       : Adding converter from class [B to class java.time.ZonedDateTime as reading converter
2026-01-28 12:40:02.514 DEBUG --- [  restartedMain] o.s.data.convert.CustomConversions       : Adding converter from class java.time.Instant to class [B as reading converter
2026-01-28 12:40:02.514 DEBUG --- [  restartedMain] o.s.data.convert.CustomConversions       : Adding converter from class [B to class java.time.Instant as reading converter
2026-01-28 12:40:02.514 DEBUG --- [  restartedMain] o.s.data.convert.CustomConversions       : Adding converter from class java.time.ZoneId to class [B as reading converter
2026-01-28 12:40:02.514 DEBUG --- [  restartedMain] o.s.data.convert.CustomConversions       : Adding converter from class [B to class java.time.ZoneId as reading converter
2026-01-28 12:40:02.514 DEBUG --- [  restartedMain] o.s.data.convert.CustomConversions       : Adding converter from class java.time.Period to class [B as reading converter
2026-01-28 12:40:02.514 DEBUG --- [  restartedMain] o.s.data.convert.CustomConversions       : Adding converter from class [B to class java.time.Period as reading converter
2026-01-28 12:40:02.514 DEBUG --- [  restartedMain] o.s.data.convert.CustomConversions       : Adding converter from class java.time.Duration to class [B as reading converter
2026-01-28 12:40:02.514 DEBUG --- [  restartedMain] o.s.data.convert.CustomConversions       : Adding converter from class [B to class java.time.Duration as reading converter
2026-01-28 12:40:02.514 DEBUG --- [  restartedMain] o.s.data.convert.CustomConversions       : Adding converter from class java.time.OffsetDateTime to class [B as reading converter
2026-01-28 12:40:02.515 DEBUG --- [  restartedMain] o.s.data.convert.CustomConversions       : Adding converter from class [B to class java.time.OffsetDateTime as reading converter
2026-01-28 12:40:02.515 DEBUG --- [  restartedMain] o.s.data.convert.CustomConversions       : Adding converter from class java.time.OffsetTime to class [B as reading converter
2026-01-28 12:40:02.515 DEBUG --- [  restartedMain] o.s.data.convert.CustomConversions       : Adding converter from class [B to class java.time.OffsetTime as reading converter
2026-01-28 12:40:02.515 DEBUG --- [  restartedMain] o.s.data.convert.CustomConversions       : Adding converter from class java.util.Date to class java.time.LocalDateTime as reading converter
2026-01-28 12:40:02.515 DEBUG --- [  restartedMain] o.s.data.convert.CustomConversions       : Adding converter from class java.time.LocalDateTime to class java.util.Date as writing converter
2026-01-28 12:40:02.515 DEBUG --- [  restartedMain] o.s.data.convert.CustomConversions       : Adding converter from class java.util.Date to class java.time.LocalDate as reading converter
2026-01-28 12:40:02.515 DEBUG --- [  restartedMain] o.s.data.convert.CustomConversions       : Adding converter from class java.time.LocalDate to class java.util.Date as writing converter
2026-01-28 12:40:02.515 DEBUG --- [  restartedMain] o.s.data.convert.CustomConversions       : Adding converter from class java.util.Date to class java.time.LocalTime as reading converter
2026-01-28 12:40:02.515 DEBUG --- [  restartedMain] o.s.data.convert.CustomConversions       : Adding converter from class java.time.LocalTime to class java.util.Date as writing converter
2026-01-28 12:40:02.515 DEBUG --- [  restartedMain] o.s.data.convert.CustomConversions       : Adding converter from class java.util.Date to class java.time.Instant as reading converter
2026-01-28 12:40:02.515 DEBUG --- [  restartedMain] o.s.data.convert.CustomConversions       : Adding converter from class java.time.Instant to class java.util.Date as writing converter
2026-01-28 12:40:02.515 DEBUG --- [  restartedMain] o.s.data.convert.CustomConversions       : Adding converter from class java.time.LocalDateTime to class java.time.Instant as reading converter
2026-01-28 12:40:02.515 DEBUG --- [  restartedMain] o.s.data.convert.CustomConversions       : Adding converter from class java.time.Instant to class java.time.LocalDateTime as reading converter
2026-01-28 12:40:02.515 DEBUG --- [  restartedMain] o.s.data.convert.CustomConversions       : Adding converter from class java.time.ZoneId to class java.lang.String as writing converter
2026-01-28 12:40:02.515 DEBUG --- [  restartedMain] o.s.data.convert.CustomConversions       : Adding converter from class java.lang.String to class java.time.ZoneId as reading converter
2026-01-28 12:40:02.515 DEBUG --- [  restartedMain] o.s.data.convert.CustomConversions       : Adding converter from class java.time.Duration to class java.lang.String as writing converter
2026-01-28 12:40:02.515 DEBUG --- [  restartedMain] o.s.data.convert.CustomConversions       : Adding converter from class java.lang.String to class java.time.Duration as reading converter
2026-01-28 12:40:02.515 DEBUG --- [  restartedMain] o.s.data.convert.CustomConversions       : Adding converter from class java.time.Period to class java.lang.String as writing converter
2026-01-28 12:40:02.515 DEBUG --- [  restartedMain] o.s.data.convert.CustomConversions       : Adding converter from class java.lang.String to class java.time.Period as reading converter
2026-01-28 12:40:02.515 DEBUG --- [  restartedMain] o.s.data.convert.CustomConversions       : Adding converter from class java.lang.String to class java.time.LocalDate as reading converter
2026-01-28 12:40:02.515 DEBUG --- [  restartedMain] o.s.data.convert.CustomConversions       : Adding converter from class java.lang.String to class java.time.LocalDateTime as reading converter
2026-01-28 12:40:02.515 DEBUG --- [  restartedMain] o.s.data.convert.CustomConversions       : Adding converter from class java.lang.String to class java.time.Instant as reading converter
2026-01-28 12:40:02.523 DEBUG --- [  restartedMain] o.s.data.convert.CustomConversions       : Adding converter from class java.lang.String to class [B as writing converter
2026-01-28 12:40:02.523 DEBUG --- [  restartedMain] o.s.data.convert.CustomConversions       : Adding converter from class [B to class java.lang.String as reading converter
2026-01-28 12:40:02.523 DEBUG --- [  restartedMain] o.s.data.convert.CustomConversions       : Adding converter from class java.lang.Number to class [B as writing converter
2026-01-28 12:40:02.523 DEBUG --- [  restartedMain] o.s.data.convert.CustomConversions       : Adding converter from class [B to class java.lang.Number as reading converter
2026-01-28 12:40:02.523 DEBUG --- [  restartedMain] o.s.data.convert.CustomConversions       : Adding converter from class java.lang.Enum to class [B as writing converter
2026-01-28 12:40:02.523 DEBUG --- [  restartedMain] o.s.data.convert.CustomConversions       : Adding converter from class [B to class java.lang.Enum as reading converter
2026-01-28 12:40:02.523 DEBUG --- [  restartedMain] o.s.data.convert.CustomConversions       : Adding converter from class java.lang.Boolean to class [B as writing converter
2026-01-28 12:40:02.523 DEBUG --- [  restartedMain] o.s.data.convert.CustomConversions       : Adding converter from class [B to class java.lang.Boolean as reading converter
2026-01-28 12:40:02.523 DEBUG --- [  restartedMain] o.s.data.convert.CustomConversions       : Adding converter from class java.util.Date to class [B as writing converter
2026-01-28 12:40:02.523 DEBUG --- [  restartedMain] o.s.data.convert.CustomConversions       : Adding converter from class [B to class java.util.Date as reading converter
2026-01-28 12:40:02.523 DEBUG --- [  restartedMain] o.s.data.convert.CustomConversions       : Adding converter from class java.util.UUID to class [B as writing converter
2026-01-28 12:40:02.523 DEBUG --- [  restartedMain] o.s.data.convert.CustomConversions       : Adding converter from class [B to class java.util.UUID as reading converter
2026-01-28 12:40:02.523 DEBUG --- [  restartedMain] o.s.data.convert.CustomConversions       : Adding converter from class java.time.LocalDateTime to class [B as reading converter
2026-01-28 12:40:02.523 DEBUG --- [  restartedMain] o.s.data.convert.CustomConversions       : Adding converter from class [B to class java.time.LocalDateTime as reading converter
2026-01-28 12:40:02.523 DEBUG --- [  restartedMain] o.s.data.convert.CustomConversions       : Adding converter from class java.time.LocalDate to class [B as reading converter
2026-01-28 12:40:02.523 DEBUG --- [  restartedMain] o.s.data.convert.CustomConversions       : Adding converter from class [B to class java.time.LocalDate as reading converter
2026-01-28 12:40:02.523 DEBUG --- [  restartedMain] o.s.data.convert.CustomConversions       : Adding converter from class java.time.LocalTime to class [B as reading converter
2026-01-28 12:40:02.523 DEBUG --- [  restartedMain] o.s.data.convert.CustomConversions       : Adding converter from class [B to class java.time.LocalTime as reading converter
2026-01-28 12:40:02.523 DEBUG --- [  restartedMain] o.s.data.convert.CustomConversions       : Adding converter from class java.time.ZonedDateTime to class [B as reading converter
2026-01-28 12:40:02.523 DEBUG --- [  restartedMain] o.s.data.convert.CustomConversions       : Adding converter from class [B to class java.time.ZonedDateTime as reading converter
2026-01-28 12:40:02.523 DEBUG --- [  restartedMain] o.s.data.convert.CustomConversions       : Adding converter from class java.time.Instant to class [B as reading converter
2026-01-28 12:40:02.523 DEBUG --- [  restartedMain] o.s.data.convert.CustomConversions       : Adding converter from class [B to class java.time.Instant as reading converter
2026-01-28 12:40:02.523 DEBUG --- [  restartedMain] o.s.data.convert.CustomConversions       : Adding converter from class java.time.ZoneId to class [B as reading converter
2026-01-28 12:40:02.523 DEBUG --- [  restartedMain] o.s.data.convert.CustomConversions       : Adding converter from class [B to class java.time.ZoneId as reading converter
2026-01-28 12:40:02.523 DEBUG --- [  restartedMain] o.s.data.convert.CustomConversions       : Adding converter from class java.time.Period to class [B as reading converter
2026-01-28 12:40:02.523 DEBUG --- [  restartedMain] o.s.data.convert.CustomConversions       : Adding converter from class [B to class java.time.Period as reading converter
2026-01-28 12:40:02.523 DEBUG --- [  restartedMain] o.s.data.convert.CustomConversions       : Adding converter from class java.time.Duration to class [B as reading converter
2026-01-28 12:40:02.523 DEBUG --- [  restartedMain] o.s.data.convert.CustomConversions       : Adding converter from class [B to class java.time.Duration as reading converter
2026-01-28 12:40:02.523 DEBUG --- [  restartedMain] o.s.data.convert.CustomConversions       : Adding converter from class java.time.OffsetDateTime to class [B as reading converter
2026-01-28 12:40:02.523 DEBUG --- [  restartedMain] o.s.data.convert.CustomConversions       : Adding converter from class [B to class java.time.OffsetDateTime as reading converter
2026-01-28 12:40:02.523 DEBUG --- [  restartedMain] o.s.data.convert.CustomConversions       : Adding converter from class java.time.OffsetTime to class [B as reading converter
2026-01-28 12:40:02.523 DEBUG --- [  restartedMain] o.s.data.convert.CustomConversions       : Adding converter from class [B to class java.time.OffsetTime as reading converter
2026-01-28 12:40:02.523 DEBUG --- [  restartedMain] o.s.data.convert.CustomConversions       : Adding converter from class java.util.Date to class java.time.LocalDateTime as reading converter
2026-01-28 12:40:02.523 DEBUG --- [  restartedMain] o.s.data.convert.CustomConversions       : Adding converter from class java.time.LocalDateTime to class java.util.Date as writing converter
2026-01-28 12:40:02.523 DEBUG --- [  restartedMain] o.s.data.convert.CustomConversions       : Adding converter from class java.util.Date to class java.time.LocalDate as reading converter
2026-01-28 12:40:02.523 DEBUG --- [  restartedMain] o.s.data.convert.CustomConversions       : Adding converter from class java.time.LocalDate to class java.util.Date as writing converter
2026-01-28 12:40:02.524 DEBUG --- [  restartedMain] o.s.data.convert.CustomConversions       : Adding converter from class java.util.Date to class java.time.LocalTime as reading converter
2026-01-28 12:40:02.524 DEBUG --- [  restartedMain] o.s.data.convert.CustomConversions       : Adding converter from class java.time.LocalTime to class java.util.Date as writing converter
2026-01-28 12:40:02.524 DEBUG --- [  restartedMain] o.s.data.convert.CustomConversions       : Adding converter from class java.util.Date to class java.time.Instant as reading converter
2026-01-28 12:40:02.524 DEBUG --- [  restartedMain] o.s.data.convert.CustomConversions       : Adding converter from class java.time.Instant to class java.util.Date as writing converter
2026-01-28 12:40:02.524 DEBUG --- [  restartedMain] o.s.data.convert.CustomConversions       : Adding converter from class java.time.LocalDateTime to class java.time.Instant as reading converter
2026-01-28 12:40:02.524 DEBUG --- [  restartedMain] o.s.data.convert.CustomConversions       : Adding converter from class java.time.Instant to class java.time.LocalDateTime as reading converter
2026-01-28 12:40:02.524 DEBUG --- [  restartedMain] o.s.data.convert.CustomConversions       : Adding converter from class java.time.ZoneId to class java.lang.String as writing converter
2026-01-28 12:40:02.524 DEBUG --- [  restartedMain] o.s.data.convert.CustomConversions       : Adding converter from class java.lang.String to class java.time.ZoneId as reading converter
2026-01-28 12:40:02.524 DEBUG --- [  restartedMain] o.s.data.convert.CustomConversions       : Adding converter from class java.time.Duration to class java.lang.String as writing converter
2026-01-28 12:40:02.524 DEBUG --- [  restartedMain] o.s.data.convert.CustomConversions       : Adding converter from class java.lang.String to class java.time.Duration as reading converter
2026-01-28 12:40:02.524 DEBUG --- [  restartedMain] o.s.data.convert.CustomConversions       : Adding converter from class java.time.Period to class java.lang.String as writing converter
2026-01-28 12:40:02.524 DEBUG --- [  restartedMain] o.s.data.convert.CustomConversions       : Adding converter from class java.lang.String to class java.time.Period as reading converter
2026-01-28 12:40:02.524 DEBUG --- [  restartedMain] o.s.data.convert.CustomConversions       : Adding converter from class java.lang.String to class java.time.LocalDate as reading converter
2026-01-28 12:40:02.524 DEBUG --- [  restartedMain] o.s.data.convert.CustomConversions       : Adding converter from class java.lang.String to class java.time.LocalDateTime as reading converter
2026-01-28 12:40:02.524 DEBUG --- [  restartedMain] o.s.data.convert.CustomConversions       : Adding converter from class java.lang.String to class java.time.Instant as reading converter
2026-01-28 12:40:02.527 DEBUG --- [  restartedMain] o.s.data.convert.CustomConversions       : Adding converter from class java.lang.String to class [B as writing converter
2026-01-28 12:40:02.527 DEBUG --- [  restartedMain] o.s.data.convert.CustomConversions       : Adding converter from class [B to class java.lang.String as reading converter
2026-01-28 12:40:02.528 DEBUG --- [  restartedMain] o.s.data.convert.CustomConversions       : Adding converter from class java.lang.Number to class [B as writing converter
2026-01-28 12:40:02.528 DEBUG --- [  restartedMain] o.s.data.convert.CustomConversions       : Adding converter from class [B to class java.lang.Number as reading converter
2026-01-28 12:40:02.528 DEBUG --- [  restartedMain] o.s.data.convert.CustomConversions       : Adding converter from class java.lang.Enum to class [B as writing converter
2026-01-28 12:40:02.528 DEBUG --- [  restartedMain] o.s.data.convert.CustomConversions       : Adding converter from class [B to class java.lang.Enum as reading converter
2026-01-28 12:40:02.528 DEBUG --- [  restartedMain] o.s.data.convert.CustomConversions       : Adding converter from class java.lang.Boolean to class [B as writing converter
2026-01-28 12:40:02.528 DEBUG --- [  restartedMain] o.s.data.convert.CustomConversions       : Adding converter from class [B to class java.lang.Boolean as reading converter
2026-01-28 12:40:02.528 DEBUG --- [  restartedMain] o.s.data.convert.CustomConversions       : Adding converter from class java.util.Date to class [B as writing converter
2026-01-28 12:40:02.528 DEBUG --- [  restartedMain] o.s.data.convert.CustomConversions       : Adding converter from class [B to class java.util.Date as reading converter
2026-01-28 12:40:02.528 DEBUG --- [  restartedMain] o.s.data.convert.CustomConversions       : Adding converter from class java.util.UUID to class [B as writing converter
2026-01-28 12:40:02.528 DEBUG --- [  restartedMain] o.s.data.convert.CustomConversions       : Adding converter from class [B to class java.util.UUID as reading converter
2026-01-28 12:40:02.528 DEBUG --- [  restartedMain] o.s.data.convert.CustomConversions       : Adding converter from class java.time.LocalDateTime to class [B as reading converter
2026-01-28 12:40:02.528 DEBUG --- [  restartedMain] o.s.data.convert.CustomConversions       : Adding converter from class [B to class java.time.LocalDateTime as reading converter
2026-01-28 12:40:02.528 DEBUG --- [  restartedMain] o.s.data.convert.CustomConversions       : Adding converter from class java.time.LocalDate to class [B as reading converter
2026-01-28 12:40:02.528 DEBUG --- [  restartedMain] o.s.data.convert.CustomConversions       : Adding converter from class [B to class java.time.LocalDate as reading converter
2026-01-28 12:40:02.528 DEBUG --- [  restartedMain] o.s.data.convert.CustomConversions       : Adding converter from class java.time.LocalTime to class [B as reading converter
2026-01-28 12:40:02.528 DEBUG --- [  restartedMain] o.s.data.convert.CustomConversions       : Adding converter from class [B to class java.time.LocalTime as reading converter
2026-01-28 12:40:02.528 DEBUG --- [  restartedMain] o.s.data.convert.CustomConversions       : Adding converter from class java.time.ZonedDateTime to class [B as reading converter
2026-01-28 12:40:02.528 DEBUG --- [  restartedMain] o.s.data.convert.CustomConversions       : Adding converter from class [B to class java.time.ZonedDateTime as reading converter
2026-01-28 12:40:02.528 DEBUG --- [  restartedMain] o.s.data.convert.CustomConversions       : Adding converter from class java.time.Instant to class [B as reading converter
2026-01-28 12:40:02.528 DEBUG --- [  restartedMain] o.s.data.convert.CustomConversions       : Adding converter from class [B to class java.time.Instant as reading converter
2026-01-28 12:40:02.528 DEBUG --- [  restartedMain] o.s.data.convert.CustomConversions       : Adding converter from class java.time.ZoneId to class [B as reading converter
2026-01-28 12:40:02.528 DEBUG --- [  restartedMain] o.s.data.convert.CustomConversions       : Adding converter from class [B to class java.time.ZoneId as reading converter
2026-01-28 12:40:02.528 DEBUG --- [  restartedMain] o.s.data.convert.CustomConversions       : Adding converter from class java.time.Period to class [B as reading converter
2026-01-28 12:40:02.529 DEBUG --- [  restartedMain] o.s.data.convert.CustomConversions       : Adding converter from class [B to class java.time.Period as reading converter
2026-01-28 12:40:02.529 DEBUG --- [  restartedMain] o.s.data.convert.CustomConversions       : Adding converter from class java.time.Duration to class [B as reading converter
2026-01-28 12:40:02.529 DEBUG --- [  restartedMain] o.s.data.convert.CustomConversions       : Adding converter from class [B to class java.time.Duration as reading converter
2026-01-28 12:40:02.529 DEBUG --- [  restartedMain] o.s.data.convert.CustomConversions       : Adding converter from class java.time.OffsetDateTime to class [B as reading converter
2026-01-28 12:40:02.529 DEBUG --- [  restartedMain] o.s.data.convert.CustomConversions       : Adding converter from class [B to class java.time.OffsetDateTime as reading converter
2026-01-28 12:40:02.529 DEBUG --- [  restartedMain] o.s.data.convert.CustomConversions       : Adding converter from class java.time.OffsetTime to class [B as reading converter
2026-01-28 12:40:02.529 DEBUG --- [  restartedMain] o.s.data.convert.CustomConversions       : Adding converter from class [B to class java.time.OffsetTime as reading converter
2026-01-28 12:40:02.529 DEBUG --- [  restartedMain] o.s.data.convert.CustomConversions       : Adding converter from class java.util.Date to class java.time.LocalDateTime as reading converter
2026-01-28 12:40:02.529 DEBUG --- [  restartedMain] o.s.data.convert.CustomConversions       : Adding converter from class java.time.LocalDateTime to class java.util.Date as writing converter
2026-01-28 12:40:02.529 DEBUG --- [  restartedMain] o.s.data.convert.CustomConversions       : Adding converter from class java.util.Date to class java.time.LocalDate as reading converter
2026-01-28 12:40:02.529 DEBUG --- [  restartedMain] o.s.data.convert.CustomConversions       : Adding converter from class java.time.LocalDate to class java.util.Date as writing converter
2026-01-28 12:40:02.529 DEBUG --- [  restartedMain] o.s.data.convert.CustomConversions       : Adding converter from class java.util.Date to class java.time.LocalTime as reading converter
2026-01-28 12:40:02.529 DEBUG --- [  restartedMain] o.s.data.convert.CustomConversions       : Adding converter from class java.time.LocalTime to class java.util.Date as writing converter
2026-01-28 12:40:02.529 DEBUG --- [  restartedMain] o.s.data.convert.CustomConversions       : Adding converter from class java.util.Date to class java.time.Instant as reading converter
2026-01-28 12:40:02.529 DEBUG --- [  restartedMain] o.s.data.convert.CustomConversions       : Adding converter from class java.time.Instant to class java.util.Date as writing converter
2026-01-28 12:40:02.529 DEBUG --- [  restartedMain] o.s.data.convert.CustomConversions       : Adding converter from class java.time.LocalDateTime to class java.time.Instant as reading converter
2026-01-28 12:40:02.529 DEBUG --- [  restartedMain] o.s.data.convert.CustomConversions       : Adding converter from class java.time.Instant to class java.time.LocalDateTime as reading converter
2026-01-28 12:40:02.529 DEBUG --- [  restartedMain] o.s.data.convert.CustomConversions       : Adding converter from class java.time.ZoneId to class java.lang.String as writing converter
2026-01-28 12:40:02.529 DEBUG --- [  restartedMain] o.s.data.convert.CustomConversions       : Adding converter from class java.lang.String to class java.time.ZoneId as reading converter
2026-01-28 12:40:02.529 DEBUG --- [  restartedMain] o.s.data.convert.CustomConversions       : Adding converter from class java.time.Duration to class java.lang.String as writing converter
2026-01-28 12:40:02.529 DEBUG --- [  restartedMain] o.s.data.convert.CustomConversions       : Adding converter from class java.lang.String to class java.time.Duration as reading converter
2026-01-28 12:40:02.529 DEBUG --- [  restartedMain] o.s.data.convert.CustomConversions       : Adding converter from class java.time.Period to class java.lang.String as writing converter
2026-01-28 12:40:02.529 DEBUG --- [  restartedMain] o.s.data.convert.CustomConversions       : Adding converter from class java.lang.String to class java.time.Period as reading converter
2026-01-28 12:40:02.529 DEBUG --- [  restartedMain] o.s.data.convert.CustomConversions       : Adding converter from class java.lang.String to class java.time.LocalDate as reading converter
2026-01-28 12:40:02.529 DEBUG --- [  restartedMain] o.s.data.convert.CustomConversions       : Adding converter from class java.lang.String to class java.time.LocalDateTime as reading converter
2026-01-28 12:40:02.529 DEBUG --- [  restartedMain] o.s.data.convert.CustomConversions       : Adding converter from class java.lang.String to class java.time.Instant as reading converter
2026-01-28 12:40:02.533 DEBUG --- [  restartedMain] o.s.data.convert.CustomConversions       : Adding converter from class java.lang.String to class [B as writing converter
2026-01-28 12:40:02.533 DEBUG --- [  restartedMain] o.s.data.convert.CustomConversions       : Adding converter from class [B to class java.lang.String as reading converter
2026-01-28 12:40:02.533 DEBUG --- [  restartedMain] o.s.data.convert.CustomConversions       : Adding converter from class java.lang.Number to class [B as writing converter
2026-01-28 12:40:02.533 DEBUG --- [  restartedMain] o.s.data.convert.CustomConversions       : Adding converter from class [B to class java.lang.Number as reading converter
2026-01-28 12:40:02.533 DEBUG --- [  restartedMain] o.s.data.convert.CustomConversions       : Adding converter from class java.lang.Enum to class [B as writing converter
2026-01-28 12:40:02.533 DEBUG --- [  restartedMain] o.s.data.convert.CustomConversions       : Adding converter from class [B to class java.lang.Enum as reading converter
2026-01-28 12:40:02.533 DEBUG --- [  restartedMain] o.s.data.convert.CustomConversions       : Adding converter from class java.lang.Boolean to class [B as writing converter
2026-01-28 12:40:02.533 DEBUG --- [  restartedMain] o.s.data.convert.CustomConversions       : Adding converter from class [B to class java.lang.Boolean as reading converter
2026-01-28 12:40:02.533 DEBUG --- [  restartedMain] o.s.data.convert.CustomConversions       : Adding converter from class java.util.Date to class [B as writing converter
2026-01-28 12:40:02.533 DEBUG --- [  restartedMain] o.s.data.convert.CustomConversions       : Adding converter from class [B to class java.util.Date as reading converter
2026-01-28 12:40:02.534 DEBUG --- [  restartedMain] o.s.data.convert.CustomConversions       : Adding converter from class java.util.UUID to class [B as writing converter
2026-01-28 12:40:02.534 DEBUG --- [  restartedMain] o.s.data.convert.CustomConversions       : Adding converter from class [B to class java.util.UUID as reading converter
2026-01-28 12:40:02.534 DEBUG --- [  restartedMain] o.s.data.convert.CustomConversions       : Adding converter from class java.time.LocalDateTime to class [B as reading converter
2026-01-28 12:40:02.534 DEBUG --- [  restartedMain] o.s.data.convert.CustomConversions       : Adding converter from class [B to class java.time.LocalDateTime as reading converter
2026-01-28 12:40:02.534 DEBUG --- [  restartedMain] o.s.data.convert.CustomConversions       : Adding converter from class java.time.LocalDate to class [B as reading converter
2026-01-28 12:40:02.534 DEBUG --- [  restartedMain] o.s.data.convert.CustomConversions       : Adding converter from class [B to class java.time.LocalDate as reading converter
2026-01-28 12:40:02.534 DEBUG --- [  restartedMain] o.s.data.convert.CustomConversions       : Adding converter from class java.time.LocalTime to class [B as reading converter
2026-01-28 12:40:02.534 DEBUG --- [  restartedMain] o.s.data.convert.CustomConversions       : Adding converter from class [B to class java.time.LocalTime as reading converter
2026-01-28 12:40:02.534 DEBUG --- [  restartedMain] o.s.data.convert.CustomConversions       : Adding converter from class java.time.ZonedDateTime to class [B as reading converter
2026-01-28 12:40:02.534 DEBUG --- [  restartedMain] o.s.data.convert.CustomConversions       : Adding converter from class [B to class java.time.ZonedDateTime as reading converter
2026-01-28 12:40:02.534 DEBUG --- [  restartedMain] o.s.data.convert.CustomConversions       : Adding converter from class java.time.Instant to class [B as reading converter
2026-01-28 12:40:02.534 DEBUG --- [  restartedMain] o.s.data.convert.CustomConversions       : Adding converter from class [B to class java.time.Instant as reading converter
2026-01-28 12:40:02.534 DEBUG --- [  restartedMain] o.s.data.convert.CustomConversions       : Adding converter from class java.time.ZoneId to class [B as reading converter
2026-01-28 12:40:02.534 DEBUG --- [  restartedMain] o.s.data.convert.CustomConversions       : Adding converter from class [B to class java.time.ZoneId as reading converter
2026-01-28 12:40:02.534 DEBUG --- [  restartedMain] o.s.data.convert.CustomConversions       : Adding converter from class java.time.Period to class [B as reading converter
2026-01-28 12:40:02.534 DEBUG --- [  restartedMain] o.s.data.convert.CustomConversions       : Adding converter from class [B to class java.time.Period as reading converter
2026-01-28 12:40:02.534 DEBUG --- [  restartedMain] o.s.data.convert.CustomConversions       : Adding converter from class java.time.Duration to class [B as reading converter
2026-01-28 12:40:02.534 DEBUG --- [  restartedMain] o.s.data.convert.CustomConversions       : Adding converter from class [B to class java.time.Duration as reading converter
2026-01-28 12:40:02.534 DEBUG --- [  restartedMain] o.s.data.convert.CustomConversions       : Adding converter from class java.time.OffsetDateTime to class [B as reading converter
2026-01-28 12:40:02.534 DEBUG --- [  restartedMain] o.s.data.convert.CustomConversions       : Adding converter from class [B to class java.time.OffsetDateTime as reading converter
2026-01-28 12:40:02.534 DEBUG --- [  restartedMain] o.s.data.convert.CustomConversions       : Adding converter from class java.time.OffsetTime to class [B as reading converter
2026-01-28 12:40:02.534 DEBUG --- [  restartedMain] o.s.data.convert.CustomConversions       : Adding converter from class [B to class java.time.OffsetTime as reading converter
2026-01-28 12:40:02.534 DEBUG --- [  restartedMain] o.s.data.convert.CustomConversions       : Adding converter from class java.util.Date to class java.time.LocalDateTime as reading converter
2026-01-28 12:40:02.534 DEBUG --- [  restartedMain] o.s.data.convert.CustomConversions       : Adding converter from class java.time.LocalDateTime to class java.util.Date as writing converter
2026-01-28 12:40:02.534 DEBUG --- [  restartedMain] o.s.data.convert.CustomConversions       : Adding converter from class java.util.Date to class java.time.LocalDate as reading converter
2026-01-28 12:40:02.534 DEBUG --- [  restartedMain] o.s.data.convert.CustomConversions       : Adding converter from class java.time.LocalDate to class java.util.Date as writing converter
2026-01-28 12:40:02.534 DEBUG --- [  restartedMain] o.s.data.convert.CustomConversions       : Adding converter from class java.util.Date to class java.time.LocalTime as reading converter
2026-01-28 12:40:02.534 DEBUG --- [  restartedMain] o.s.data.convert.CustomConversions       : Adding converter from class java.time.LocalTime to class java.util.Date as writing converter
2026-01-28 12:40:02.534 DEBUG --- [  restartedMain] o.s.data.convert.CustomConversions       : Adding converter from class java.util.Date to class java.time.Instant as reading converter
2026-01-28 12:40:02.534 DEBUG --- [  restartedMain] o.s.data.convert.CustomConversions       : Adding converter from class java.time.Instant to class java.util.Date as writing converter
2026-01-28 12:40:02.534 DEBUG --- [  restartedMain] o.s.data.convert.CustomConversions       : Adding converter from class java.time.LocalDateTime to class java.time.Instant as reading converter
2026-01-28 12:40:02.534 DEBUG --- [  restartedMain] o.s.data.convert.CustomConversions       : Adding converter from class java.time.Instant to class java.time.LocalDateTime as reading converter
2026-01-28 12:40:02.534 DEBUG --- [  restartedMain] o.s.data.convert.CustomConversions       : Adding converter from class java.time.ZoneId to class java.lang.String as writing converter
2026-01-28 12:40:02.534 DEBUG --- [  restartedMain] o.s.data.convert.CustomConversions       : Adding converter from class java.lang.String to class java.time.ZoneId as reading converter
2026-01-28 12:40:02.534 DEBUG --- [  restartedMain] o.s.data.convert.CustomConversions       : Adding converter from class java.time.Duration to class java.lang.String as writing converter
2026-01-28 12:40:02.534 DEBUG --- [  restartedMain] o.s.data.convert.CustomConversions       : Adding converter from class java.lang.String to class java.time.Duration as reading converter
2026-01-28 12:40:02.534 DEBUG --- [  restartedMain] o.s.data.convert.CustomConversions       : Adding converter from class java.time.Period to class java.lang.String as writing converter
2026-01-28 12:40:02.534 DEBUG --- [  restartedMain] o.s.data.convert.CustomConversions       : Adding converter from class java.lang.String to class java.time.Period as reading converter
2026-01-28 12:40:02.534 DEBUG --- [  restartedMain] o.s.data.convert.CustomConversions       : Adding converter from class java.lang.String to class java.time.LocalDate as reading converter
2026-01-28 12:40:02.534 DEBUG --- [  restartedMain] o.s.data.convert.CustomConversions       : Adding converter from class java.lang.String to class java.time.LocalDateTime as reading converter
2026-01-28 12:40:02.534 DEBUG --- [  restartedMain] o.s.data.convert.CustomConversions       : Adding converter from class java.lang.String to class java.time.Instant as reading converter
2026-01-28 12:40:02.560 DEBUG --- [  restartedMain] o.s.b.f.s.DefaultListableBeanFactory     : Creating shared instance of singleton bean 'mailUtils'
2026-01-28 12:40:02.563 DEBUG --- [  restartedMain] o.s.b.f.s.DefaultListableBeanFactory     : Creating shared instance of singleton bean 'mailSender'
2026-01-28 12:40:02.563 DEBUG --- [  restartedMain] o.s.b.f.s.DefaultListableBeanFactory     : Creating shared instance of singleton bean 'org.springframework.boot.autoconfigure.mail.MailSenderPropertiesConfiguration'
2026-01-28 12:40:02.565 DEBUG --- [  restartedMain] o.s.b.f.s.DefaultListableBeanFactory     : Creating shared instance of singleton bean 'spring.mail-org.springframework.boot.autoconfigure.mail.MailProperties'
2026-01-28 12:40:02.566 DEBUG --- [  restartedMain] ySourcesPropertyResolver$DefaultResolver : Found key 'RESEND_HOST' in PropertySource 'Config resource 'file [.env]' via location 'optional:file:.env[.properties]'' with value of type String
2026-01-28 12:40:02.567 DEBUG --- [  restartedMain] ySourcesPropertyResolver$DefaultResolver : Found key 'RESEND_API_KEY' in PropertySource 'Config resource 'file [.env]' via location 'optional:file:.env[.properties]'' with value of type String
2026-01-28 12:40:02.567 DEBUG --- [  restartedMain] ySourcesPropertyResolver$DefaultResolver : Found key 'RESEND_PORT' in PropertySource 'Config resource 'file [.env]' via location 'optional:file:.env[.properties]'' with value of type String
2026-01-28 12:40:02.568 DEBUG --- [  restartedMain] ySourcesPropertyResolver$DefaultResolver : Found key 'RESEND_NAME' in PropertySource 'Config resource 'file [.env]' via location 'optional:file:.env[.properties]'' with value of type String
2026-01-28 12:40:02.568 DEBUG --- [  restartedMain] o.s.b.f.s.DefaultListableBeanFactory     : Autowiring by type from bean name 'mailSender' via factory method to bean named 'spring.mail-org.springframework.boot.autoconfigure.mail.MailProperties'
2026-01-28 12:40:02.576 DEBUG --- [  restartedMain] jakarta.activation                       : MimetypesFileTypeMap: load HOME
2026-01-28 12:40:02.578 DEBUG --- [  restartedMain] jakarta.activation                       : Checking system property jakarta.activation.spi.MimeTypeRegistryProvider
2026-01-28 12:40:02.578 DEBUG --- [  restartedMain] jakarta.activation                       :   not found
2026-01-28 12:40:02.579 DEBUG --- [  restartedMain] jakarta.activation                       : Using java.util.ServiceLoader to find jakarta.activation.spi.MimeTypeRegistryProvider
2026-01-28 12:40:02.581 DEBUG --- [  restartedMain] jakarta.activation                       : ServiceProvider loading Facility used; returning object [org.eclipse.angus.activation.MimeTypeRegistryProviderImpl]
2026-01-28 12:40:02.582 DEBUG --- [  restartedMain] jakarta.activation                       : MimeTypeRegistry: can't load from file - C:\Users\acer\.mime.types
java.io.FileNotFoundException: C:\Users\acer\.mime.types (The system cannot find the file specified)
	at java.base/java.io.FileInputStream.open0(Native Method)
	at java.base/java.io.FileInputStream.open(FileInputStream.java:213)
	at java.base/java.io.FileInputStream.<init>(FileInputStream.java:152)
	at java.base/java.io.FileReader.<init>(FileReader.java:75)
	at org.eclipse.angus.activation.MimeTypeFile.<init>(MimeTypeFile.java:47)
	at org.eclipse.angus.activation.MimeTypeRegistryProviderImpl.getByFileName(MimeTypeRegistryProviderImpl.java:28)
	at jakarta.activation.MimetypesFileTypeMap.loadFile(MimetypesFileTypeMap.java:263)
	at jakarta.activation.MimetypesFileTypeMap.<init>(MimetypesFileTypeMap.java:107)
	at jakarta.activation.MimetypesFileTypeMap.<init>(MimetypesFileTypeMap.java:305)
	at org.springframework.mail.javamail.ConfigurableMimeFileTypeMap.createFileTypeMap(ConfigurableMimeFileTypeMap.java:150)
	at org.springframework.mail.javamail.ConfigurableMimeFileTypeMap.getFileTypeMap(ConfigurableMimeFileTypeMap.java:123)
	at org.springframework.mail.javamail.ConfigurableMimeFileTypeMap.afterPropertiesSet(ConfigurableMimeFileTypeMap.java:110)
	at org.springframework.mail.javamail.JavaMailSenderImpl.<init>(JavaMailSenderImpl.java:114)
	at org.springframework.boot.autoconfigure.mail.MailSenderPropertiesConfiguration.mailSender(MailSenderPropertiesConfiguration.java:49)
	at java.base/jdk.internal.reflect.DirectMethodHandleAccessor.invoke(DirectMethodHandleAccessor.java:103)
	at java.base/java.lang.reflect.Method.invoke(Method.java:580)
	at org.springframework.beans.factory.support.SimpleInstantiationStrategy.lambda$instantiate$0(SimpleInstantiationStrategy.java:171)
	at org.springframework.beans.factory.support.SimpleInstantiationStrategy.instantiateWithFactoryMethod(SimpleInstantiationStrategy.java:88)
	at org.springframework.beans.factory.support.SimpleInstantiationStrategy.instantiate(SimpleInstantiationStrategy.java:168)
	at org.springframework.beans.factory.support.ConstructorResolver.instantiate(ConstructorResolver.java:653)
	at org.springframework.beans.factory.support.ConstructorResolver.instantiateUsingFactoryMethod(ConstructorResolver.java:645)
	at org.springframework.beans.factory.support.AbstractAutowireCapableBeanFactory.instantiateUsingFactoryMethod(AbstractAutowireCapableBeanFactory.java:1357)
	at org.springframework.beans.factory.support.AbstractAutowireCapableBeanFactory.createBeanInstance(AbstractAutowireCapableBeanFactory.java:1187)
	at org.springframework.beans.factory.support.AbstractAutowireCapableBeanFactory.doCreateBean(AbstractAutowireCapableBeanFactory.java:563)
	at org.springframework.beans.factory.support.AbstractAutowireCapableBeanFactory.createBean(AbstractAutowireCapableBeanFactory.java:523)
	at org.springframework.beans.factory.support.AbstractBeanFactory.lambda$doGetBean$0(AbstractBeanFactory.java:336)
	at org.springframework.beans.factory.support.DefaultSingletonBeanRegistry.getSingleton(DefaultSingletonBeanRegistry.java:289)
	at org.springframework.beans.factory.support.AbstractBeanFactory.doGetBean(AbstractBeanFactory.java:334)
	at org.springframework.beans.factory.support.AbstractBeanFactory.getBean(AbstractBeanFactory.java:199)
	at org.springframework.beans.factory.config.DependencyDescriptor.resolveCandidate(DependencyDescriptor.java:254)
	at org.springframework.beans.factory.support.DefaultListableBeanFactory.doResolveDependency(DefaultListableBeanFactory.java:1631)
	at org.springframework.beans.factory.support.DefaultListableBeanFactory.resolveDependency(DefaultListableBeanFactory.java:1519)
	at org.springframework.beans.factory.support.ConstructorResolver.resolveAutowiredArgument(ConstructorResolver.java:913)
	at org.springframework.beans.factory.support.ConstructorResolver.createArgumentArray(ConstructorResolver.java:791)
	at org.springframework.beans.factory.support.ConstructorResolver.autowireConstructor(ConstructorResolver.java:240)
	at org.springframework.beans.factory.support.AbstractAutowireCapableBeanFactory.autowireConstructor(AbstractAutowireCapableBeanFactory.java:1377)
	at org.springframework.beans.factory.support.AbstractAutowireCapableBeanFactory.createBeanInstance(AbstractAutowireCapableBeanFactory.java:1214)
	at org.springframework.beans.factory.support.AbstractAutowireCapableBeanFactory.doCreateBean(AbstractAutowireCapableBeanFactory.java:563)
	at org.springframework.beans.factory.support.AbstractAutowireCapableBeanFactory.createBean(AbstractAutowireCapableBeanFactory.java:523)
	at org.springframework.beans.factory.support.AbstractBeanFactory.lambda$doGetBean$0(AbstractBeanFactory.java:336)
	at org.springframework.beans.factory.support.DefaultSingletonBeanRegistry.getSingleton(DefaultSingletonBeanRegistry.java:289)
	at org.springframework.beans.factory.support.AbstractBeanFactory.doGetBean(AbstractBeanFactory.java:334)
	at org.springframework.beans.factory.support.AbstractBeanFactory.getBean(AbstractBeanFactory.java:199)
	at org.springframework.beans.factory.support.DefaultListableBeanFactory.doResolveDependency(DefaultListableBeanFactory.java:1573)
	at org.springframework.beans.factory.support.DefaultListableBeanFactory.resolveDependency(DefaultListableBeanFactory.java:1519)
	at org.springframework.beans.factory.support.ConstructorResolver.resolveAutowiredArgument(ConstructorResolver.java:913)
	at org.springframework.beans.factory.support.ConstructorResolver.createArgumentArray(ConstructorResolver.java:791)
	at org.springframework.beans.factory.support.ConstructorResolver.autowireConstructor(ConstructorResolver.java:240)
	at org.springframework.beans.factory.support.AbstractAutowireCapableBeanFactory.autowireConstructor(AbstractAutowireCapableBeanFactory.java:1377)
	at org.springframework.beans.factory.support.AbstractAutowireCapableBeanFactory.createBeanInstance(AbstractAutowireCapableBeanFactory.java:1214)
	at org.springframework.beans.factory.support.AbstractAutowireCapableBeanFactory.doCreateBean(AbstractAutowireCapableBeanFactory.java:563)
	at org.springframework.beans.factory.support.AbstractAutowireCapableBeanFactory.createBean(AbstractAutowireCapableBeanFactory.java:523)
	at org.springframework.beans.factory.support.AbstractBeanFactory.lambda$doGetBean$0(AbstractBeanFactory.java:336)
	at org.springframework.beans.factory.support.DefaultSingletonBeanRegistry.getSingleton(DefaultSingletonBeanRegistry.java:289)
	at org.springframework.beans.factory.support.AbstractBeanFactory.doGetBean(AbstractBeanFactory.java:334)
	at org.springframework.beans.factory.support.AbstractBeanFactory.getBean(AbstractBeanFactory.java:199)
	at org.springframework.beans.factory.config.DependencyDescriptor.resolveCandidate(DependencyDescriptor.java:254)
	at org.springframework.beans.factory.support.DefaultListableBeanFactory.doResolveDependency(DefaultListableBeanFactory.java:1631)
	at org.springframework.beans.factory.support.DefaultListableBeanFactory.resolveDependency(DefaultListableBeanFactory.java:1519)
	at org.springframework.beans.factory.support.ConstructorResolver.resolveAutowiredArgument(ConstructorResolver.java:913)
	at org.springframework.beans.factory.support.ConstructorResolver.createArgumentArray(ConstructorResolver.java:791)
	at org.springframework.beans.factory.support.ConstructorResolver.autowireConstructor(ConstructorResolver.java:240)
	at org.springframework.beans.factory.support.AbstractAutowireCapableBeanFactory.autowireConstructor(AbstractAutowireCapableBeanFactory.java:1377)
	at org.springframework.beans.factory.support.AbstractAutowireCapableBeanFactory.createBeanInstance(AbstractAutowireCapableBeanFactory.java:1214)
	at org.springframework.beans.factory.support.AbstractAutowireCapableBeanFactory.doCreateBean(AbstractAutowireCapableBeanFactory.java:563)
	at org.springframework.beans.factory.support.AbstractAutowireCapableBeanFactory.createBean(AbstractAutowireCapableBeanFactory.java:523)
	at org.springframework.beans.factory.support.AbstractBeanFactory.lambda$doGetBean$0(AbstractBeanFactory.java:336)
	at org.springframework.beans.factory.support.DefaultSingletonBeanRegistry.getSingleton(DefaultSingletonBeanRegistry.java:289)
	at org.springframework.beans.factory.support.AbstractBeanFactory.doGetBean(AbstractBeanFactory.java:334)
	at org.springframework.beans.factory.support.AbstractBeanFactory.getBean(AbstractBeanFactory.java:199)
	at org.springframework.beans.factory.config.DependencyDescriptor.resolveCandidate(DependencyDescriptor.java:254)
	at org.springframework.beans.factory.support.DefaultListableBeanFactory.doResolveDependency(DefaultListableBeanFactory.java:1631)
	at org.springframework.beans.factory.support.DefaultListableBeanFactory.resolveDependency(DefaultListableBeanFactory.java:1519)
	at org.springframework.beans.factory.support.ConstructorResolver.resolveAutowiredArgument(ConstructorResolver.java:913)
	at org.springframework.beans.factory.support.ConstructorResolver.createArgumentArray(ConstructorResolver.java:791)
	at org.springframework.beans.factory.support.ConstructorResolver.autowireConstructor(ConstructorResolver.java:240)
	at org.springframework.beans.factory.support.AbstractAutowireCapableBeanFactory.autowireConstructor(AbstractAutowireCapableBeanFactory.java:1377)
	at org.springframework.beans.factory.support.AbstractAutowireCapableBeanFactory.createBeanInstance(AbstractAutowireCapableBeanFactory.java:1214)
	at org.springframework.beans.factory.support.AbstractAutowireCapableBeanFactory.doCreateBean(AbstractAutowireCapableBeanFactory.java:563)
	at org.springframework.beans.factory.support.AbstractAutowireCapableBeanFactory.createBean(AbstractAutowireCapableBeanFactory.java:523)
	at org.springframework.beans.factory.support.AbstractBeanFactory.lambda$doGetBean$0(AbstractBeanFactory.java:336)
	at org.springframework.beans.factory.support.DefaultSingletonBeanRegistry.getSingleton(DefaultSingletonBeanRegistry.java:289)
	at org.springframework.beans.factory.support.AbstractBeanFactory.doGetBean(AbstractBeanFactory.java:334)
	at org.springframework.beans.factory.support.AbstractBeanFactory.getBean(AbstractBeanFactory.java:199)
	at org.springframework.beans.factory.support.DefaultListableBeanFactory.instantiateSingleton(DefaultListableBeanFactory.java:1122)
	at org.springframework.beans.factory.support.DefaultListableBeanFactory.preInstantiateSingleton(DefaultListableBeanFactory.java:1093)
	at org.springframework.beans.factory.support.DefaultListableBeanFactory.preInstantiateSingletons(DefaultListableBeanFactory.java:1030)
	at org.springframework.context.support.AbstractApplicationContext.finishBeanFactoryInitialization(AbstractApplicationContext.java:987)
	at org.springframework.context.support.AbstractApplicationContext.refresh(AbstractApplicationContext.java:627)
	at org.springframework.boot.web.servlet.context.ServletWebServerApplicationContext.refresh(ServletWebServerApplicationContext.java:146)
	at org.springframework.boot.SpringApplication.refresh(SpringApplication.java:752)
	at org.springframework.boot.SpringApplication.refreshContext(SpringApplication.java:439)
	at org.springframework.boot.SpringApplication.run(SpringApplication.java:318)
	at org.springframework.boot.SpringApplication.run(SpringApplication.java:1361)
	at org.springframework.boot.SpringApplication.run(SpringApplication.java:1350)
	at com.fsocial.accountservice.AccountServiceApplication.main(AccountServiceApplication.java:13)
	at java.base/jdk.internal.reflect.DirectMethodHandleAccessor.invoke(DirectMethodHandleAccessor.java:103)
	at java.base/java.lang.reflect.Method.invoke(Method.java:580)
	at org.springframework.boot.devtools.restart.RestartLauncher.run(RestartLauncher.java:50)
2026-01-28 12:40:02.582 DEBUG --- [  restartedMain] jakarta.activation                       : MimetypesFileTypeMap: load SYS
2026-01-28 12:40:02.582 DEBUG --- [  restartedMain] jakarta.activation                       : Checking system property jakarta.activation.spi.MimeTypeRegistryProvider
2026-01-28 12:40:02.582 DEBUG --- [  restartedMain] jakarta.activation                       :   not found
2026-01-28 12:40:02.582 DEBUG --- [  restartedMain] jakarta.activation                       : Using java.util.ServiceLoader to find jakarta.activation.spi.MimeTypeRegistryProvider
2026-01-28 12:40:02.583 DEBUG --- [  restartedMain] jakarta.activation                       : ServiceProvider loading Facility used; returning object [org.eclipse.angus.activation.MimeTypeRegistryProviderImpl]
2026-01-28 12:40:02.583 DEBUG --- [  restartedMain] jakarta.activation                       : MimeTypeRegistry: can't load from file - C:\Users\acer\.jdks\corretto-21.0.5\conf\mime.types
java.io.FileNotFoundException: C:\Users\acer\.jdks\corretto-21.0.5\conf\mime.types (The system cannot find the file specified)
	at java.base/java.io.FileInputStream.open0(Native Method)
	at java.base/java.io.FileInputStream.open(FileInputStream.java:213)
	at java.base/java.io.FileInputStream.<init>(FileInputStream.java:152)
	at java.base/java.io.FileReader.<init>(FileReader.java:75)
	at org.eclipse.angus.activation.MimeTypeFile.<init>(MimeTypeFile.java:47)
	at org.eclipse.angus.activation.MimeTypeRegistryProviderImpl.getByFileName(MimeTypeRegistryProviderImpl.java:28)
	at jakarta.activation.MimetypesFileTypeMap.loadFile(MimetypesFileTypeMap.java:263)
	at jakarta.activation.MimetypesFileTypeMap.<init>(MimetypesFileTypeMap.java:120)
	at jakarta.activation.MimetypesFileTypeMap.<init>(MimetypesFileTypeMap.java:305)
	at org.springframework.mail.javamail.ConfigurableMimeFileTypeMap.createFileTypeMap(ConfigurableMimeFileTypeMap.java:150)
	at org.springframework.mail.javamail.ConfigurableMimeFileTypeMap.getFileTypeMap(ConfigurableMimeFileTypeMap.java:123)
	at org.springframework.mail.javamail.ConfigurableMimeFileTypeMap.afterPropertiesSet(ConfigurableMimeFileTypeMap.java:110)
	at org.springframework.mail.javamail.JavaMailSenderImpl.<init>(JavaMailSenderImpl.java:114)
	at org.springframework.boot.autoconfigure.mail.MailSenderPropertiesConfiguration.mailSender(MailSenderPropertiesConfiguration.java:49)
	at java.base/jdk.internal.reflect.DirectMethodHandleAccessor.invoke(DirectMethodHandleAccessor.java:103)
	at java.base/java.lang.reflect.Method.invoke(Method.java:580)
	at org.springframework.beans.factory.support.SimpleInstantiationStrategy.lambda$instantiate$0(SimpleInstantiationStrategy.java:171)
	at org.springframework.beans.factory.support.SimpleInstantiationStrategy.instantiateWithFactoryMethod(SimpleInstantiationStrategy.java:88)
	at org.springframework.beans.factory.support.SimpleInstantiationStrategy.instantiate(SimpleInstantiationStrategy.java:168)
	at org.springframework.beans.factory.support.ConstructorResolver.instantiate(ConstructorResolver.java:653)
	at org.springframework.beans.factory.support.ConstructorResolver.instantiateUsingFactoryMethod(ConstructorResolver.java:645)
	at org.springframework.beans.factory.support.AbstractAutowireCapableBeanFactory.instantiateUsingFactoryMethod(AbstractAutowireCapableBeanFactory.java:1357)
	at org.springframework.beans.factory.support.AbstractAutowireCapableBeanFactory.createBeanInstance(AbstractAutowireCapableBeanFactory.java:1187)
	at org.springframework.beans.factory.support.AbstractAutowireCapableBeanFactory.doCreateBean(AbstractAutowireCapableBeanFactory.java:563)
	at org.springframework.beans.factory.support.AbstractAutowireCapableBeanFactory.createBean(AbstractAutowireCapableBeanFactory.java:523)
	at org.springframework.beans.factory.support.AbstractBeanFactory.lambda$doGetBean$0(AbstractBeanFactory.java:336)
	at org.springframework.beans.factory.support.DefaultSingletonBeanRegistry.getSingleton(DefaultSingletonBeanRegistry.java:289)
	at org.springframework.beans.factory.support.AbstractBeanFactory.doGetBean(AbstractBeanFactory.java:334)
	at org.springframework.beans.factory.support.AbstractBeanFactory.getBean(AbstractBeanFactory.java:199)
	at org.springframework.beans.factory.config.DependencyDescriptor.resolveCandidate(DependencyDescriptor.java:254)
	at org.springframework.beans.factory.support.DefaultListableBeanFactory.doResolveDependency(DefaultListableBeanFactory.java:1631)
	at org.springframework.beans.factory.support.DefaultListableBeanFactory.resolveDependency(DefaultListableBeanFactory.java:1519)
	at org.springframework.beans.factory.support.ConstructorResolver.resolveAutowiredArgument(ConstructorResolver.java:913)
	at org.springframework.beans.factory.support.ConstructorResolver.createArgumentArray(ConstructorResolver.java:791)
	at org.springframework.beans.factory.support.ConstructorResolver.autowireConstructor(ConstructorResolver.java:240)
	at org.springframework.beans.factory.support.AbstractAutowireCapableBeanFactory.autowireConstructor(AbstractAutowireCapableBeanFactory.java:1377)
	at org.springframework.beans.factory.support.AbstractAutowireCapableBeanFactory.createBeanInstance(AbstractAutowireCapableBeanFactory.java:1214)
	at org.springframework.beans.factory.support.AbstractAutowireCapableBeanFactory.doCreateBean(AbstractAutowireCapableBeanFactory.java:563)
	at org.springframework.beans.factory.support.AbstractAutowireCapableBeanFactory.createBean(AbstractAutowireCapableBeanFactory.java:523)
	at org.springframework.beans.factory.support.AbstractBeanFactory.lambda$doGetBean$0(AbstractBeanFactory.java:336)
	at org.springframework.beans.factory.support.DefaultSingletonBeanRegistry.getSingleton(DefaultSingletonBeanRegistry.java:289)
	at org.springframework.beans.factory.support.AbstractBeanFactory.doGetBean(AbstractBeanFactory.java:334)
	at org.springframework.beans.factory.support.AbstractBeanFactory.getBean(AbstractBeanFactory.java:199)
	at org.springframework.beans.factory.support.DefaultListableBeanFactory.doResolveDependency(DefaultListableBeanFactory.java:1573)
	at org.springframework.beans.factory.support.DefaultListableBeanFactory.resolveDependency(DefaultListableBeanFactory.java:1519)
	at org.springframework.beans.factory.support.ConstructorResolver.resolveAutowiredArgument(ConstructorResolver.java:913)
	at org.springframework.beans.factory.support.ConstructorResolver.createArgumentArray(ConstructorResolver.java:791)
	at org.springframework.beans.factory.support.ConstructorResolver.autowireConstructor(ConstructorResolver.java:240)
	at org.springframework.beans.factory.support.AbstractAutowireCapableBeanFactory.autowireConstructor(AbstractAutowireCapableBeanFactory.java:1377)
	at org.springframework.beans.factory.support.AbstractAutowireCapableBeanFactory.createBeanInstance(AbstractAutowireCapableBeanFactory.java:1214)
	at org.springframework.beans.factory.support.AbstractAutowireCapableBeanFactory.doCreateBean(AbstractAutowireCapableBeanFactory.java:563)
	at org.springframework.beans.factory.support.AbstractAutowireCapableBeanFactory.createBean(AbstractAutowireCapableBeanFactory.java:523)
	at org.springframework.beans.factory.support.AbstractBeanFactory.lambda$doGetBean$0(AbstractBeanFactory.java:336)
	at org.springframework.beans.factory.support.DefaultSingletonBeanRegistry.getSingleton(DefaultSingletonBeanRegistry.java:289)
	at org.springframework.beans.factory.support.AbstractBeanFactory.doGetBean(AbstractBeanFactory.java:334)
	at org.springframework.beans.factory.support.AbstractBeanFactory.getBean(AbstractBeanFactory.java:199)
	at org.springframework.beans.factory.config.DependencyDescriptor.resolveCandidate(DependencyDescriptor.java:254)
	at org.springframework.beans.factory.support.DefaultListableBeanFactory.doResolveDependency(DefaultListableBeanFactory.java:1631)
	at org.springframework.beans.factory.support.DefaultListableBeanFactory.resolveDependency(DefaultListableBeanFactory.java:1519)
	at org.springframework.beans.factory.support.ConstructorResolver.resolveAutowiredArgument(ConstructorResolver.java:913)
	at org.springframework.beans.factory.support.ConstructorResolver.createArgumentArray(ConstructorResolver.java:791)
	at org.springframework.beans.factory.support.ConstructorResolver.autowireConstructor(ConstructorResolver.java:240)
	at org.springframework.beans.factory.support.AbstractAutowireCapableBeanFactory.autowireConstructor(AbstractAutowireCapableBeanFactory.java:1377)
	at org.springframework.beans.factory.support.AbstractAutowireCapableBeanFactory.createBeanInstance(AbstractAutowireCapableBeanFactory.java:1214)
	at org.springframework.beans.factory.support.AbstractAutowireCapableBeanFactory.doCreateBean(AbstractAutowireCapableBeanFactory.java:563)
	at org.springframework.beans.factory.support.AbstractAutowireCapableBeanFactory.createBean(AbstractAutowireCapableBeanFactory.java:523)
	at org.springframework.beans.factory.support.AbstractBeanFactory.lambda$doGetBean$0(AbstractBeanFactory.java:336)
	at org.springframework.beans.factory.support.DefaultSingletonBeanRegistry.getSingleton(DefaultSingletonBeanRegistry.java:289)
	at org.springframework.beans.factory.support.AbstractBeanFactory.doGetBean(AbstractBeanFactory.java:334)
	at org.springframework.beans.factory.support.AbstractBeanFactory.getBean(AbstractBeanFactory.java:199)
	at org.springframework.beans.factory.config.DependencyDescriptor.resolveCandidate(DependencyDescriptor.java:254)
	at org.springframework.beans.factory.support.DefaultListableBeanFactory.doResolveDependency(DefaultListableBeanFactory.java:1631)
	at org.springframework.beans.factory.support.DefaultListableBeanFactory.resolveDependency(DefaultListableBeanFactory.java:1519)
	at org.springframework.beans.factory.support.ConstructorResolver.resolveAutowiredArgument(ConstructorResolver.java:913)
	at org.springframework.beans.factory.support.ConstructorResolver.createArgumentArray(ConstructorResolver.java:791)
	at org.springframework.beans.factory.support.ConstructorResolver.autowireConstructor(ConstructorResolver.java:240)
	at org.springframework.beans.factory.support.AbstractAutowireCapableBeanFactory.autowireConstructor(AbstractAutowireCapableBeanFactory.java:1377)
	at org.springframework.beans.factory.support.AbstractAutowireCapableBeanFactory.createBeanInstance(AbstractAutowireCapableBeanFactory.java:1214)
	at org.springframework.beans.factory.support.AbstractAutowireCapableBeanFactory.doCreateBean(AbstractAutowireCapableBeanFactory.java:563)
	at org.springframework.beans.factory.support.AbstractAutowireCapableBeanFactory.createBean(AbstractAutowireCapableBeanFactory.java:523)
	at org.springframework.beans.factory.support.AbstractBeanFactory.lambda$doGetBean$0(AbstractBeanFactory.java:336)
	at org.springframework.beans.factory.support.DefaultSingletonBeanRegistry.getSingleton(DefaultSingletonBeanRegistry.java:289)
	at org.springframework.beans.factory.support.AbstractBeanFactory.doGetBean(AbstractBeanFactory.java:334)
	at org.springframework.beans.factory.support.AbstractBeanFactory.getBean(AbstractBeanFactory.java:199)
	at org.springframework.beans.factory.support.DefaultListableBeanFactory.instantiateSingleton(DefaultListableBeanFactory.java:1122)
	at org.springframework.beans.factory.support.DefaultListableBeanFactory.preInstantiateSingleton(DefaultListableBeanFactory.java:1093)
	at org.springframework.beans.factory.support.DefaultListableBeanFactory.preInstantiateSingletons(DefaultListableBeanFactory.java:1030)
	at org.springframework.context.support.AbstractApplicationContext.finishBeanFactoryInitialization(AbstractApplicationContext.java:987)
	at org.springframework.context.support.AbstractApplicationContext.refresh(AbstractApplicationContext.java:627)
	at org.springframework.boot.web.servlet.context.ServletWebServerApplicationContext.refresh(ServletWebServerApplicationContext.java:146)
	at org.springframework.boot.SpringApplication.refresh(SpringApplication.java:752)
	at org.springframework.boot.SpringApplication.refreshContext(SpringApplication.java:439)
	at org.springframework.boot.SpringApplication.run(SpringApplication.java:318)
	at org.springframework.boot.SpringApplication.run(SpringApplication.java:1361)
	at org.springframework.boot.SpringApplication.run(SpringApplication.java:1350)
	at com.fsocial.accountservice.AccountServiceApplication.main(AccountServiceApplication.java:13)
	at java.base/jdk.internal.reflect.DirectMethodHandleAccessor.invoke(DirectMethodHandleAccessor.java:103)
	at java.base/java.lang.reflect.Method.invoke(Method.java:580)
	at org.springframework.boot.devtools.restart.RestartLauncher.run(RestartLauncher.java:50)
2026-01-28 12:40:02.583 DEBUG --- [  restartedMain] jakarta.activation                       : MimetypesFileTypeMap: load JAR
2026-01-28 12:40:02.584 DEBUG --- [  restartedMain] jakarta.activation                       : MimetypesFileTypeMap: !anyLoaded
2026-01-28 12:40:02.585 DEBUG --- [  restartedMain] jakarta.activation                       : MimetypesFileTypeMap: not loading mime types file: /META-INF/mime.types
2026-01-28 12:40:02.585 DEBUG --- [  restartedMain] jakarta.activation                       : MimetypesFileTypeMap: load DEF
2026-01-28 12:40:02.585 DEBUG --- [  restartedMain] jakarta.activation                       : Checking system property jakarta.activation.spi.MimeTypeRegistryProvider
2026-01-28 12:40:02.585 DEBUG --- [  restartedMain] jakarta.activation                       :   not found
2026-01-28 12:40:02.585 DEBUG --- [  restartedMain] jakarta.activation                       : Using java.util.ServiceLoader to find jakarta.activation.spi.MimeTypeRegistryProvider
2026-01-28 12:40:02.585 DEBUG --- [  restartedMain] jakarta.activation                       : ServiceProvider loading Facility used; returning object [org.eclipse.angus.activation.MimeTypeRegistryProviderImpl]
2026-01-28 12:40:02.586 DEBUG --- [  restartedMain] angus.activation                         : Added: MIMETypeEntry: text/html, html
2026-01-28 12:40:02.586 DEBUG --- [  restartedMain] angus.activation                         : Added: MIMETypeEntry: text/html, htm
2026-01-28 12:40:02.586 DEBUG --- [  restartedMain] angus.activation                         : Added: MIMETypeEntry: text/html, HTML
2026-01-28 12:40:02.586 DEBUG --- [  restartedMain] angus.activation                         : Added: MIMETypeEntry: text/html, HTM
2026-01-28 12:40:02.586 DEBUG --- [  restartedMain] angus.activation                         : Added: MIMETypeEntry: text/plain, txt
2026-01-28 12:40:02.586 DEBUG --- [  restartedMain] angus.activation                         : Added: MIMETypeEntry: text/plain, text
2026-01-28 12:40:02.586 DEBUG --- [  restartedMain] angus.activation                         : Added: MIMETypeEntry: text/plain, TXT
2026-01-28 12:40:02.586 DEBUG --- [  restartedMain] angus.activation                         : Added: MIMETypeEntry: text/plain, TEXT
2026-01-28 12:40:02.586 DEBUG --- [  restartedMain] angus.activation                         : Added: MIMETypeEntry: image/gif, gif
2026-01-28 12:40:02.586 DEBUG --- [  restartedMain] angus.activation                         : Added: MIMETypeEntry: image/gif, GIF
2026-01-28 12:40:02.586 DEBUG --- [  restartedMain] angus.activation                         : Added: MIMETypeEntry: image/ief, ief
2026-01-28 12:40:02.586 DEBUG --- [  restartedMain] angus.activation                         : Added: MIMETypeEntry: image/jpeg, jpeg
2026-01-28 12:40:02.586 DEBUG --- [  restartedMain] angus.activation                         : Added: MIMETypeEntry: image/jpeg, jpg
2026-01-28 12:40:02.586 DEBUG --- [  restartedMain] angus.activation                         : Added: MIMETypeEntry: image/jpeg, jpe
2026-01-28 12:40:02.586 DEBUG --- [  restartedMain] angus.activation                         : Added: MIMETypeEntry: image/jpeg, JPG
2026-01-28 12:40:02.586 DEBUG --- [  restartedMain] angus.activation                         : Added: MIMETypeEntry: image/tiff, tiff
2026-01-28 12:40:02.586 DEBUG --- [  restartedMain] angus.activation                         : Added: MIMETypeEntry: image/tiff, tif
2026-01-28 12:40:02.586 DEBUG --- [  restartedMain] angus.activation                         : Added: MIMETypeEntry: image/png, png
2026-01-28 12:40:02.586 DEBUG --- [  restartedMain] angus.activation                         : Added: MIMETypeEntry: image/png, PNG
2026-01-28 12:40:02.586 DEBUG --- [  restartedMain] angus.activation                         : Added: MIMETypeEntry: image/x-xwindowdump, xwd
2026-01-28 12:40:02.586 DEBUG --- [  restartedMain] angus.activation                         : Added: MIMETypeEntry: application/postscript, ai
2026-01-28 12:40:02.586 DEBUG --- [  restartedMain] angus.activation                         : Added: MIMETypeEntry: application/postscript, eps
2026-01-28 12:40:02.586 DEBUG --- [  restartedMain] angus.activation                         : Added: MIMETypeEntry: application/postscript, ps
2026-01-28 12:40:02.586 DEBUG --- [  restartedMain] angus.activation                         : Added: MIMETypeEntry: application/rtf, rtf
2026-01-28 12:40:02.586 DEBUG --- [  restartedMain] angus.activation                         : Added: MIMETypeEntry: application/x-tex, tex
2026-01-28 12:40:02.586 DEBUG --- [  restartedMain] angus.activation                         : Added: MIMETypeEntry: application/x-texinfo, texinfo
2026-01-28 12:40:02.586 DEBUG --- [  restartedMain] angus.activation                         : Added: MIMETypeEntry: application/x-texinfo, texi
2026-01-28 12:40:02.586 DEBUG --- [  restartedMain] angus.activation                         : Added: MIMETypeEntry: application/x-troff, t
2026-01-28 12:40:02.586 DEBUG --- [  restartedMain] angus.activation                         : Added: MIMETypeEntry: application/x-troff, tr
2026-01-28 12:40:02.586 DEBUG --- [  restartedMain] angus.activation                         : Added: MIMETypeEntry: application/x-troff, roff
2026-01-28 12:40:02.586 DEBUG --- [  restartedMain] angus.activation                         : Added: MIMETypeEntry: audio/basic, au
2026-01-28 12:40:02.586 DEBUG --- [  restartedMain] angus.activation                         : Added: MIMETypeEntry: audio/midi, midi
2026-01-28 12:40:02.586 DEBUG --- [  restartedMain] angus.activation                         : Added: MIMETypeEntry: audio/midi, mid
2026-01-28 12:40:02.586 DEBUG --- [  restartedMain] angus.activation                         : Added: MIMETypeEntry: audio/x-aifc, aifc
2026-01-28 12:40:02.586 DEBUG --- [  restartedMain] angus.activation                         : Added: MIMETypeEntry: audio/x-aiff, aif
2026-01-28 12:40:02.586 DEBUG --- [  restartedMain] angus.activation                         : Added: MIMETypeEntry: audio/x-aiff, aiff
2026-01-28 12:40:02.586 DEBUG --- [  restartedMain] angus.activation                         : Added: MIMETypeEntry: audio/x-mpeg, mpeg
2026-01-28 12:40:02.586 DEBUG --- [  restartedMain] angus.activation                         : Added: MIMETypeEntry: audio/x-mpeg, mpg
2026-01-28 12:40:02.586 DEBUG --- [  restartedMain] angus.activation                         : Added: MIMETypeEntry: audio/x-wav, wav
2026-01-28 12:40:02.586 DEBUG --- [  restartedMain] angus.activation                         : Added: MIMETypeEntry: video/mpeg, mpeg
2026-01-28 12:40:02.586 DEBUG --- [  restartedMain] angus.activation                         : Added: MIMETypeEntry: video/mpeg, mpg
2026-01-28 12:40:02.586 DEBUG --- [  restartedMain] angus.activation                         : Added: MIMETypeEntry: video/mpeg, mpe
2026-01-28 12:40:02.586 DEBUG --- [  restartedMain] angus.activation                         : Added: MIMETypeEntry: video/quicktime, qt
2026-01-28 12:40:02.586 DEBUG --- [  restartedMain] angus.activation                         : Added: MIMETypeEntry: video/quicktime, mov
2026-01-28 12:40:02.586 DEBUG --- [  restartedMain] angus.activation                         : Added: MIMETypeEntry: video/x-msvideo, avi
2026-01-28 12:40:02.586 DEBUG --- [  restartedMain] jakarta.activation                       : MimetypesFileTypeMap: successfully loaded mime types file: /META-INF/mimetypes.default
2026-01-28 12:40:02.586 DEBUG --- [  restartedMain] jakarta.activation                       : Checking system property jakarta.activation.spi.MimeTypeRegistryProvider
2026-01-28 12:40:02.586 DEBUG --- [  restartedMain] jakarta.activation                       :   not found
2026-01-28 12:40:02.586 DEBUG --- [  restartedMain] jakarta.activation                       : Using java.util.ServiceLoader to find jakarta.activation.spi.MimeTypeRegistryProvider
2026-01-28 12:40:02.587 DEBUG --- [  restartedMain] jakarta.activation                       : ServiceProvider loading Facility used; returning object [org.eclipse.angus.activation.MimeTypeRegistryProviderImpl]
2026-01-28 12:40:02.587 DEBUG --- [  restartedMain] angus.activation                         : Added: MIMETypeEntry: text/html, html
2026-01-28 12:40:02.587 DEBUG --- [  restartedMain] angus.activation                         : Added: MIMETypeEntry: text/html, htm
2026-01-28 12:40:02.587 DEBUG --- [  restartedMain] angus.activation                         : Added: MIMETypeEntry: text/html, HTML
2026-01-28 12:40:02.587 DEBUG --- [  restartedMain] angus.activation                         : Added: MIMETypeEntry: text/html, HTM
2026-01-28 12:40:02.587 DEBUG --- [  restartedMain] angus.activation                         : Added: MIMETypeEntry: text/plain, txt
2026-01-28 12:40:02.587 DEBUG --- [  restartedMain] angus.activation                         : Added: MIMETypeEntry: text/plain, text
2026-01-28 12:40:02.587 DEBUG --- [  restartedMain] angus.activation                         : Added: MIMETypeEntry: text/plain, TXT
2026-01-28 12:40:02.587 DEBUG --- [  restartedMain] angus.activation                         : Added: MIMETypeEntry: text/plain, TEXT
2026-01-28 12:40:02.587 DEBUG --- [  restartedMain] angus.activation                         : Added: MIMETypeEntry: text/plain, java
2026-01-28 12:40:02.587 DEBUG --- [  restartedMain] angus.activation                         : Added: MIMETypeEntry: text/plain, c
2026-01-28 12:40:02.587 DEBUG --- [  restartedMain] angus.activation                         : Added: MIMETypeEntry: text/plain, c++
2026-01-28 12:40:02.587 DEBUG --- [  restartedMain] angus.activation                         : Added: MIMETypeEntry: text/plain, cpp
2026-01-28 12:40:02.587 DEBUG --- [  restartedMain] angus.activation                         : Added: MIMETypeEntry: text/plain, pl
2026-01-28 12:40:02.587 DEBUG --- [  restartedMain] angus.activation                         : Added: MIMETypeEntry: text/plain, cc
2026-01-28 12:40:02.587 DEBUG --- [  restartedMain] angus.activation                         : Added: MIMETypeEntry: text/plain, h
2026-01-28 12:40:02.587 DEBUG --- [  restartedMain] angus.activation                         : Added: MIMETypeEntry: image/gif, gif
2026-01-28 12:40:02.587 DEBUG --- [  restartedMain] angus.activation                         : Added: MIMETypeEntry: image/gif, GIF
2026-01-28 12:40:02.587 DEBUG --- [  restartedMain] angus.activation                         : Added: MIMETypeEntry: image/ief, ief
2026-01-28 12:40:02.587 DEBUG --- [  restartedMain] angus.activation                         : Added: MIMETypeEntry: image/jpeg, jpeg
2026-01-28 12:40:02.587 DEBUG --- [  restartedMain] angus.activation                         : Added: MIMETypeEntry: image/jpeg, jpg
2026-01-28 12:40:02.587 DEBUG --- [  restartedMain] angus.activation                         : Added: MIMETypeEntry: image/jpeg, jpe
2026-01-28 12:40:02.587 DEBUG --- [  restartedMain] angus.activation                         : Added: MIMETypeEntry: image/jpeg, JPG
2026-01-28 12:40:02.587 DEBUG --- [  restartedMain] angus.activation                         : Added: MIMETypeEntry: image/tiff, tiff
2026-01-28 12:40:02.587 DEBUG --- [  restartedMain] angus.activation                         : Added: MIMETypeEntry: image/tiff, tif
2026-01-28 12:40:02.587 DEBUG --- [  restartedMain] angus.activation                         : Added: MIMETypeEntry: image/x-xwindowdump, xwd
2026-01-28 12:40:02.587 DEBUG --- [  restartedMain] angus.activation                         : Added: MIMETypeEntry: application/postscript, ai
2026-01-28 12:40:02.587 DEBUG --- [  restartedMain] angus.activation                         : Added: MIMETypeEntry: application/postscript, eps
2026-01-28 12:40:02.587 DEBUG --- [  restartedMain] angus.activation                         : Added: MIMETypeEntry: application/postscript, ps
2026-01-28 12:40:02.587 DEBUG --- [  restartedMain] angus.activation                         : Added: MIMETypeEntry: application/rtf, rtf
2026-01-28 12:40:02.587 DEBUG --- [  restartedMain] angus.activation                         : Added: MIMETypeEntry: application/x-tex, tex
2026-01-28 12:40:02.587 DEBUG --- [  restartedMain] angus.activation                         : Added: MIMETypeEntry: application/x-texinfo, texinfo
2026-01-28 12:40:02.587 DEBUG --- [  restartedMain] angus.activation                         : Added: MIMETypeEntry: application/x-texinfo, texi
2026-01-28 12:40:02.587 DEBUG --- [  restartedMain] angus.activation                         : Added: MIMETypeEntry: application/x-troff, t
2026-01-28 12:40:02.587 DEBUG --- [  restartedMain] angus.activation                         : Added: MIMETypeEntry: application/x-troff, tr
2026-01-28 12:40:02.587 DEBUG --- [  restartedMain] angus.activation                         : Added: MIMETypeEntry: application/x-troff, roff
2026-01-28 12:40:02.587 DEBUG --- [  restartedMain] angus.activation                         : Added: MIMETypeEntry: audio/basic, au
2026-01-28 12:40:02.587 DEBUG --- [  restartedMain] angus.activation                         : Added: MIMETypeEntry: audio/midi, midi
2026-01-28 12:40:02.587 DEBUG --- [  restartedMain] angus.activation                         : Added: MIMETypeEntry: audio/midi, mid
2026-01-28 12:40:02.587 DEBUG --- [  restartedMain] angus.activation                         : Added: MIMETypeEntry: audio/x-aifc, aifc
2026-01-28 12:40:02.587 DEBUG --- [  restartedMain] angus.activation                         : Added: MIMETypeEntry: audio/x-aiff, aif
2026-01-28 12:40:02.587 DEBUG --- [  restartedMain] angus.activation                         : Added: MIMETypeEntry: audio/x-aiff, aiff
2026-01-28 12:40:02.587 DEBUG --- [  restartedMain] angus.activation                         : Added: MIMETypeEntry: audio/x-mpeg, mpeg
2026-01-28 12:40:02.587 DEBUG --- [  restartedMain] angus.activation                         : Added: MIMETypeEntry: audio/x-mpeg, mpg
2026-01-28 12:40:02.587 DEBUG --- [  restartedMain] angus.activation                         : Added: MIMETypeEntry: audio/x-wav, wav
2026-01-28 12:40:02.587 DEBUG --- [  restartedMain] angus.activation                         : Added: MIMETypeEntry: video/mpeg, mpeg
2026-01-28 12:40:02.587 DEBUG --- [  restartedMain] angus.activation                         : Added: MIMETypeEntry: video/mpeg, mpg
2026-01-28 12:40:02.587 DEBUG --- [  restartedMain] angus.activation                         : Added: MIMETypeEntry: video/mpeg, mpe
2026-01-28 12:40:02.587 DEBUG --- [  restartedMain] angus.activation                         : Added: MIMETypeEntry: video/quicktime, qt
2026-01-28 12:40:02.587 DEBUG --- [  restartedMain] angus.activation                         : Added: MIMETypeEntry: video/quicktime, mov
2026-01-28 12:40:02.587 DEBUG --- [  restartedMain] angus.activation                         : Added: MIMETypeEntry: video/x-msvideo, avi
2026-01-28 12:40:02.587 DEBUG --- [  restartedMain] angus.activation                         : Added: MIMETypeEntry: text/x-speech, talk
2026-01-28 12:40:02.587 DEBUG --- [  restartedMain] angus.activation                         : Added: MIMETypeEntry: text/css, css
2026-01-28 12:40:02.587 DEBUG --- [  restartedMain] angus.activation                         : Added: MIMETypeEntry: text/csv, csv
2026-01-28 12:40:02.587 DEBUG --- [  restartedMain] angus.activation                         : Added: MIMETypeEntry: image/x-xbitmap, xbm
2026-01-28 12:40:02.587 DEBUG --- [  restartedMain] angus.activation                         : Added: MIMETypeEntry: image/x-xpixmap, xpm
2026-01-28 12:40:02.587 DEBUG --- [  restartedMain] angus.activation                         : Added: MIMETypeEntry: image/png, png
2026-01-28 12:40:02.587 DEBUG --- [  restartedMain] angus.activation                         : Added: MIMETypeEntry: image/svg+xml, svg
2026-01-28 12:40:02.587 DEBUG --- [  restartedMain] angus.activation                         : Added: MIMETypeEntry: image/ief, ief
2026-01-28 12:40:02.587 DEBUG --- [  restartedMain] angus.activation                         : Added: MIMETypeEntry: image/rgb, rgb
2026-01-28 12:40:02.587 DEBUG --- [  restartedMain] angus.activation                         : Added: MIMETypeEntry: image/g3fax, g3f
2026-01-28 12:40:02.587 DEBUG --- [  restartedMain] angus.activation                         : Added: MIMETypeEntry: image/x-xwindowdump, xwd
2026-01-28 12:40:02.587 DEBUG --- [  restartedMain] angus.activation                         : Added: MIMETypeEntry: image/x-pict, pict
2026-01-28 12:40:02.587 DEBUG --- [  restartedMain] angus.activation                         : Added: MIMETypeEntry: image/x-portable-pixmap, ppm
2026-01-28 12:40:02.587 DEBUG --- [  restartedMain] angus.activation                         : Added: MIMETypeEntry: image/x-portable-graymap, pgm
2026-01-28 12:40:02.587 DEBUG --- [  restartedMain] angus.activation                         : Added: MIMETypeEntry: image/x-portable-bitmap, pbm
2026-01-28 12:40:02.588 DEBUG --- [  restartedMain] angus.activation                         : Added: MIMETypeEntry: image/x-portable-anymap, pnm
2026-01-28 12:40:02.588 DEBUG --- [  restartedMain] angus.activation                         : Added: MIMETypeEntry: image/x-ms-bmp, bmp
2026-01-28 12:40:02.588 DEBUG --- [  restartedMain] angus.activation                         : Added: MIMETypeEntry: image/x-cmu-raster, ras
2026-01-28 12:40:02.588 DEBUG --- [  restartedMain] angus.activation                         : Added: MIMETypeEntry: image/x-photo-cd, pcd
2026-01-28 12:40:02.588 DEBUG --- [  restartedMain] angus.activation                         : Added: MIMETypeEntry: image/cgm, cgm
2026-01-28 12:40:02.588 DEBUG --- [  restartedMain] angus.activation                         : Added: MIMETypeEntry: image/x-cals, mil
2026-01-28 12:40:02.588 DEBUG --- [  restartedMain] angus.activation                         : Added: MIMETypeEntry: image/x-cals, cal
2026-01-28 12:40:02.588 DEBUG --- [  restartedMain] angus.activation                         : Added: MIMETypeEntry: image/fif, fif
2026-01-28 12:40:02.588 DEBUG --- [  restartedMain] angus.activation                         : Added: MIMETypeEntry: image/x-mgx-dsf, dsf
2026-01-28 12:40:02.588 DEBUG --- [  restartedMain] angus.activation                         : Added: MIMETypeEntry: image/x-cmx, cmx
2026-01-28 12:40:02.588 DEBUG --- [  restartedMain] angus.activation                         : Added: MIMETypeEntry: image/wavelet, wi
2026-01-28 12:40:02.588 DEBUG --- [  restartedMain] angus.activation                         : Added: MIMETypeEntry: image/vnd.dwg, dwg
2026-01-28 12:40:02.588 DEBUG --- [  restartedMain] angus.activation                         : Added: MIMETypeEntry: image/vnd.dxf, dxf
2026-01-28 12:40:02.588 DEBUG --- [  restartedMain] angus.activation                         : Added: MIMETypeEntry: image/vnd.svf, svf
2026-01-28 12:40:02.588 DEBUG --- [  restartedMain] angus.activation                         : Added: MIMETypeEntry: audio/basic, au
2026-01-28 12:40:02.588 DEBUG --- [  restartedMain] angus.activation                         : Added: MIMETypeEntry: audio/basic, snd
2026-01-28 12:40:02.588 DEBUG --- [  restartedMain] angus.activation                         : Added: MIMETypeEntry: audio/x-aiff, aif
2026-01-28 12:40:02.588 DEBUG --- [  restartedMain] angus.activation                         : Added: MIMETypeEntry: audio/x-aiff, aiff
2026-01-28 12:40:02.588 DEBUG --- [  restartedMain] angus.activation                         : Added: MIMETypeEntry: audio/x-aiff, aifc
2026-01-28 12:40:02.588 DEBUG --- [  restartedMain] angus.activation                         : Added: MIMETypeEntry: audio/x-wav, wav
2026-01-28 12:40:02.588 DEBUG --- [  restartedMain] angus.activation                         : Added: MIMETypeEntry: audio/x-mpeg, mpa
2026-01-28 12:40:02.588 DEBUG --- [  restartedMain] angus.activation                         : Added: MIMETypeEntry: audio/x-mpeg, abs
2026-01-28 12:40:02.588 DEBUG --- [  restartedMain] angus.activation                         : Added: MIMETypeEntry: audio/x-mpeg, mpega
2026-01-28 12:40:02.588 DEBUG --- [  restartedMain] angus.activation                         : Added: MIMETypeEntry: audio/x-mpeg-2, mp2a
2026-01-28 12:40:02.588 DEBUG --- [  restartedMain] angus.activation                         : Added: MIMETypeEntry: audio/x-mpeg-2, mpa2
2026-01-28 12:40:02.588 DEBUG --- [  restartedMain] angus.activation                         : Added: MIMETypeEntry: audio/echospeech, es
2026-01-28 12:40:02.588 DEBUG --- [  restartedMain] angus.activation                         : Added: MIMETypeEntry: audio/voxware, vox
2026-01-28 12:40:02.588 DEBUG --- [  restartedMain] angus.activation                         : Added: MIMETypeEntry: application/fastman, lcc
2026-01-28 12:40:02.588 DEBUG --- [  restartedMain] angus.activation                         : Added: MIMETypeEntry: application/x-pn-realaudio, ra
2026-01-28 12:40:02.588 DEBUG --- [  restartedMain] angus.activation                         : Added: MIMETypeEntry: application/x-pn-realaudio, ram
2026-01-28 12:40:02.588 DEBUG --- [  restartedMain] angus.activation                         : Added: MIMETypeEntry: x-music/x-midi, mmid
2026-01-28 12:40:02.588 DEBUG --- [  restartedMain] angus.activation                         : Added: MIMETypeEntry: application/vnd.koan, skp
2026-01-28 12:40:02.588 DEBUG --- [  restartedMain] angus.activation                         : Added: MIMETypeEntry: text/x-speech, talk
2026-01-28 12:40:02.588 DEBUG --- [  restartedMain] angus.activation                         : Added: MIMETypeEntry: video/mpeg, mpeg
2026-01-28 12:40:02.588 DEBUG --- [  restartedMain] angus.activation                         : Added: MIMETypeEntry: video/mpeg, mpg
2026-01-28 12:40:02.588 DEBUG --- [  restartedMain] angus.activation                         : Added: MIMETypeEntry: video/mpeg, mpe
2026-01-28 12:40:02.588 DEBUG --- [  restartedMain] angus.activation                         : Added: MIMETypeEntry: video/mpeg-2, mpv2
2026-01-28 12:40:02.588 DEBUG --- [  restartedMain] angus.activation                         : Added: MIMETypeEntry: video/mpeg-2, mp2v
2026-01-28 12:40:02.588 DEBUG --- [  restartedMain] angus.activation                         : Added: MIMETypeEntry: video/quicktime, qt
2026-01-28 12:40:02.588 DEBUG --- [  restartedMain] angus.activation                         : Added: MIMETypeEntry: video/quicktime, mov
2026-01-28 12:40:02.588 DEBUG --- [  restartedMain] angus.activation                         : Added: MIMETypeEntry: video/x-msvideo, avi
2026-01-28 12:40:02.588 DEBUG --- [  restartedMain] angus.activation                         : Added: MIMETypeEntry: video/x-sgi-movie, movie
2026-01-28 12:40:02.588 DEBUG --- [  restartedMain] angus.activation                         : Added: MIMETypeEntry: video/vdo, vdo
2026-01-28 12:40:02.588 DEBUG --- [  restartedMain] angus.activation                         : Added: MIMETypeEntry: video/vnd.vivo, viv
2026-01-28 12:40:02.588 DEBUG --- [  restartedMain] angus.activation                         : Added: MIMETypeEntry: application/x-ns-proxy-autoconfig, pac
2026-01-28 12:40:02.588 DEBUG --- [  restartedMain] angus.activation                         : Added: MIMETypeEntry: x-conference/x-cooltalk, ice
2026-01-28 12:40:02.588 DEBUG --- [  restartedMain] angus.activation                         : Added: MIMETypeEntry: application/postscript, ai
2026-01-28 12:40:02.588 DEBUG --- [  restartedMain] angus.activation                         : Added: MIMETypeEntry: application/postscript, eps
2026-01-28 12:40:02.588 DEBUG --- [  restartedMain] angus.activation                         : Added: MIMETypeEntry: application/postscript, ps
2026-01-28 12:40:02.588 DEBUG --- [  restartedMain] angus.activation                         : Added: MIMETypeEntry: application/rtf, rtf
2026-01-28 12:40:02.588 DEBUG --- [  restartedMain] angus.activation                         : Added: MIMETypeEntry: application/pdf, pdf
2026-01-28 12:40:02.588 DEBUG --- [  restartedMain] angus.activation                         : Added: MIMETypeEntry: application/vnd.mif, mif
2026-01-28 12:40:02.588 DEBUG --- [  restartedMain] angus.activation                         : Added: MIMETypeEntry: application/x-troff, t
2026-01-28 12:40:02.588 DEBUG --- [  restartedMain] angus.activation                         : Added: MIMETypeEntry: application/x-troff, tr
2026-01-28 12:40:02.588 DEBUG --- [  restartedMain] angus.activation                         : Added: MIMETypeEntry: application/x-troff, roff
2026-01-28 12:40:02.588 DEBUG --- [  restartedMain] angus.activation                         : Added: MIMETypeEntry: application/x-troff-man, man
2026-01-28 12:40:02.588 DEBUG --- [  restartedMain] angus.activation                         : Added: MIMETypeEntry: application/x-troff-me, me
2026-01-28 12:40:02.589 DEBUG --- [  restartedMain] angus.activation                         : Added: MIMETypeEntry: application/x-troff-ms, ms
2026-01-28 12:40:02.589 DEBUG --- [  restartedMain] angus.activation                         : Added: MIMETypeEntry: application/x-latex, latex
2026-01-28 12:40:02.589 DEBUG --- [  restartedMain] angus.activation                         : Added: MIMETypeEntry: application/x-tex, tex
2026-01-28 12:40:02.589 DEBUG --- [  restartedMain] angus.activation                         : Added: MIMETypeEntry: application/x-texinfo, texinfo
2026-01-28 12:40:02.589 DEBUG --- [  restartedMain] angus.activation                         : Added: MIMETypeEntry: application/x-texinfo, texi
2026-01-28 12:40:02.589 DEBUG --- [  restartedMain] angus.activation                         : Added: MIMETypeEntry: application/x-dvi, dvi
2026-01-28 12:40:02.589 DEBUG --- [  restartedMain] angus.activation                         : Added: MIMETypeEntry: application/msword, doc
2026-01-28 12:40:02.589 DEBUG --- [  restartedMain] angus.activation                         : Added: MIMETypeEntry: application/msword, DOC
2026-01-28 12:40:02.589 DEBUG --- [  restartedMain] angus.activation                         : Added: MIMETypeEntry: application/oda, oda
2026-01-28 12:40:02.589 DEBUG --- [  restartedMain] angus.activation                         : Added: MIMETypeEntry: application/envoy, evy
2026-01-28 12:40:02.589 DEBUG --- [  restartedMain] angus.activation                         : Added: MIMETypeEntry: application/x-gtar, gtar
2026-01-28 12:40:02.589 DEBUG --- [  restartedMain] angus.activation                         : Added: MIMETypeEntry: application/x-tar, tar
2026-01-28 12:40:02.589 DEBUG --- [  restartedMain] angus.activation                         : Added: MIMETypeEntry: application/x-ustar, ustar
2026-01-28 12:40:02.589 DEBUG --- [  restartedMain] angus.activation                         : Added: MIMETypeEntry: application/x-bcpio, bcpio
2026-01-28 12:40:02.589 DEBUG --- [  restartedMain] angus.activation                         : Added: MIMETypeEntry: application/x-cpio, cpio
2026-01-28 12:40:02.589 DEBUG --- [  restartedMain] angus.activation                         : Added: MIMETypeEntry: application/x-shar, shar
2026-01-28 12:40:02.589 DEBUG --- [  restartedMain] angus.activation                         : Added: MIMETypeEntry: application/zip, zip
2026-01-28 12:40:02.589 DEBUG --- [  restartedMain] angus.activation                         : Added: MIMETypeEntry: application/mac-binhex40, hqx
2026-01-28 12:40:02.589 DEBUG --- [  restartedMain] angus.activation                         : Added: MIMETypeEntry: application/x-stuffit, sit
2026-01-28 12:40:02.589 DEBUG --- [  restartedMain] angus.activation                         : Added: MIMETypeEntry: application/x-stuffit, sea
2026-01-28 12:40:02.589 DEBUG --- [  restartedMain] angus.activation                         : Added: MIMETypeEntry: application/fractals, fif
2026-01-28 12:40:02.589 DEBUG --- [  restartedMain] angus.activation                         : Added: MIMETypeEntry: application/octet-stream, bin
2026-01-28 12:40:02.589 DEBUG --- [  restartedMain] angus.activation                         : Added: MIMETypeEntry: application/octet-stream, uu
2026-01-28 12:40:02.589 DEBUG --- [  restartedMain] angus.activation                         : Added: MIMETypeEntry: application/octet-stream, exe
2026-01-28 12:40:02.589 DEBUG --- [  restartedMain] angus.activation                         : Added: MIMETypeEntry: application/x-wais-source, src
2026-01-28 12:40:02.589 DEBUG --- [  restartedMain] angus.activation                         : Added: MIMETypeEntry: application/x-wais-source, wsrc
2026-01-28 12:40:02.589 DEBUG --- [  restartedMain] angus.activation                         : Added: MIMETypeEntry: application/hdf, hdf
2026-01-28 12:40:02.589 DEBUG --- [  restartedMain] angus.activation                         : Added: MIMETypeEntry: text/javascript, js
2026-01-28 12:40:02.589 DEBUG --- [  restartedMain] angus.activation                         : Added: MIMETypeEntry: text/javascript, ls
2026-01-28 12:40:02.589 DEBUG --- [  restartedMain] angus.activation                         : Added: MIMETypeEntry: text/javascript, mocha
2026-01-28 12:40:02.589 DEBUG --- [  restartedMain] angus.activation                         : Added: MIMETypeEntry: application/x-sh, sh
2026-01-28 12:40:02.589 DEBUG --- [  restartedMain] angus.activation                         : Added: MIMETypeEntry: application/x-csh, csh
2026-01-28 12:40:02.589 DEBUG --- [  restartedMain] angus.activation                         : Added: MIMETypeEntry: application/x-perl, pl
2026-01-28 12:40:02.589 DEBUG --- [  restartedMain] angus.activation                         : Added: MIMETypeEntry: application/x-tcl, tcl
2026-01-28 12:40:02.589 DEBUG --- [  restartedMain] angus.activation                         : Added: MIMETypeEntry: application/futuresplash, spl
2026-01-28 12:40:02.589 DEBUG --- [  restartedMain] angus.activation                         : Added: MIMETypeEntry: application/mbedlet, mbd
2026-01-28 12:40:02.589 DEBUG --- [  restartedMain] angus.activation                         : Added: MIMETypeEntry: application/x-rad-powermedia, rad
2026-01-28 12:40:02.589 DEBUG --- [  restartedMain] angus.activation                         : Added: MIMETypeEntry: application/mspowerpoint, ppz
2026-01-28 12:40:02.589 DEBUG --- [  restartedMain] angus.activation                         : Added: MIMETypeEntry: application/x-asap, asp
2026-01-28 12:40:02.589 DEBUG --- [  restartedMain] angus.activation                         : Added: MIMETypeEntry: application/astound, asn
2026-01-28 12:40:02.589 DEBUG --- [  restartedMain] angus.activation                         : Added: MIMETypeEntry: application/x-olescript, axs
2026-01-28 12:40:02.589 DEBUG --- [  restartedMain] angus.activation                         : Added: MIMETypeEntry: application/x-oleobject, ods
2026-01-28 12:40:02.589 DEBUG --- [  restartedMain] angus.activation                         : Added: MIMETypeEntry: x-form/x-openscape, opp
2026-01-28 12:40:02.589 DEBUG --- [  restartedMain] angus.activation                         : Added: MIMETypeEntry: application/x-webbasic, wba
2026-01-28 12:40:02.589 DEBUG --- [  restartedMain] angus.activation                         : Added: MIMETypeEntry: application/x-alpha-form, frm
2026-01-28 12:40:02.589 DEBUG --- [  restartedMain] angus.activation                         : Added: MIMETypeEntry: x-script/x-wfxclient, wfx
2026-01-28 12:40:02.589 DEBUG --- [  restartedMain] angus.activation                         : Added: MIMETypeEntry: application/octet-stream, exe
2026-01-28 12:40:02.589 DEBUG --- [  restartedMain] angus.activation                         : Added: MIMETypeEntry: application/octet-stream, com
2026-01-28 12:40:02.589 DEBUG --- [  restartedMain] angus.activation                         : Added: MIMETypeEntry: application/x-pcn, pcn
2026-01-28 12:40:02.589 DEBUG --- [  restartedMain] angus.activation                         : Added: MIMETypeEntry: application/vnd.ms-excel, xls
2026-01-28 12:40:02.589 DEBUG --- [  restartedMain] angus.activation                         : Added: MIMETypeEntry: application/vnd.ms-powerpoint, ppt
2026-01-28 12:40:02.589 DEBUG --- [  restartedMain] angus.activation                         : Added: MIMETypeEntry: application/vnd.ms-project, mpp
2026-01-28 12:40:02.590 DEBUG --- [  restartedMain] angus.activation                         : Added: MIMETypeEntry: application/vnd.svd, svd
2026-01-28 12:40:02.590 DEBUG --- [  restartedMain] angus.activation                         : Added: MIMETypeEntry: application/x-net-install, ins
2026-01-28 12:40:02.590 DEBUG --- [  restartedMain] angus.activation                         : Added: MIMETypeEntry: application/ccv, ccv
2026-01-28 12:40:02.590 DEBUG --- [  restartedMain] angus.activation                         : Added: MIMETypeEntry: workbook/formulaone, vts
2026-01-28 12:40:02.590 DEBUG --- [  restartedMain] angus.activation                         : Added: MIMETypeEntry: x-world/x-vrml, wrl
2026-01-28 12:40:02.590 DEBUG --- [  restartedMain] angus.activation                         : Added: MIMETypeEntry: x-world/x-vrml, vrml
2026-01-28 12:40:02.590 DEBUG --- [  restartedMain] angus.activation                         : Added: MIMETypeEntry: x-world/x-vream, vrw
2026-01-28 12:40:02.590 DEBUG --- [  restartedMain] angus.activation                         : Added: MIMETypeEntry: application/x-p3d, p3d
2026-01-28 12:40:02.590 DEBUG --- [  restartedMain] angus.activation                         : Added: MIMETypeEntry: x-world/x-svr, svr
2026-01-28 12:40:02.590 DEBUG --- [  restartedMain] angus.activation                         : Added: MIMETypeEntry: x-world/x-wvr, wvr
2026-01-28 12:40:02.590 DEBUG --- [  restartedMain] angus.activation                         : Added: MIMETypeEntry: x-world/x-3dmf, 3dmf
2026-01-28 12:40:02.590 DEBUG --- [  restartedMain] angus.activation                         : Added: MIMETypeEntry: application/mathematica, ma
2026-01-28 12:40:02.590 DEBUG --- [  restartedMain] angus.activation                         : Added: MIMETypeEntry: x-model/x-mesh, msh
2026-01-28 12:40:02.590 DEBUG --- [  restartedMain] angus.activation                         : Added: MIMETypeEntry: application/vis5d, v5d
2026-01-28 12:40:02.590 DEBUG --- [  restartedMain] angus.activation                         : Added: MIMETypeEntry: application/iges, igs
2026-01-28 12:40:02.590 DEBUG --- [  restartedMain] angus.activation                         : Added: MIMETypeEntry: drawing/x-dwf, dwf
2026-01-28 12:40:02.596 DEBUG --- [  restartedMain] o.s.b.f.s.DefaultListableBeanFactory     : Autowiring by type from bean name 'mailUtils' via constructor to bean named 'mailSender'
2026-01-28 12:40:02.597 DEBUG --- [  restartedMain] ySourcesPropertyResolver$DefaultResolver : Found key 'RESEND_MAIL_FROM' in PropertySource 'Config resource 'file [.env]' via location 'optional:file:.env[.properties]'' with value of type String
2026-01-28 12:40:02.597 DEBUG --- [  restartedMain] o.s.c.e.PropertySourcesPropertyResolver  : Found key 'spring.mail.from' in PropertySource 'environmentProperties' with value of type String
2026-01-28 12:40:02.597 DEBUG --- [  restartedMain] ySourcesPropertyResolver$DefaultResolver : Found key 'RESEND_API_KEY' in PropertySource 'Config resource 'file [.env]' via location 'optional:file:.env[.properties]'' with value of type String
2026-01-28 12:40:02.597 DEBUG --- [  restartedMain] o.s.c.e.PropertySourcesPropertyResolver  : Found key 'spring.mail.password' in PropertySource 'environmentProperties' with value of type String
2026-01-28 12:40:02.598 DEBUG --- [  restartedMain] o.s.b.f.s.DefaultListableBeanFactory     : Autowiring by type from bean name 'otpServiceImpl' via constructor to bean named 'stringRedisTemplate'
2026-01-28 12:40:02.598 DEBUG --- [  restartedMain] o.s.b.f.s.DefaultListableBeanFactory     : Autowiring by type from bean name 'otpServiceImpl' via constructor to bean named 'mailUtils'
2026-01-28 12:40:02.599 DEBUG --- [  restartedMain] o.s.c.e.PropertySourcesPropertyResolver  : Found key 'otp.expiration.send' in PropertySource 'environmentProperties' with value of type String
2026-01-28 12:40:02.599 DEBUG --- [  restartedMain] o.s.c.e.PropertySourcesPropertyResolver  : Found key 'otp.expiration.verify' in PropertySource 'environmentProperties' with value of type String
2026-01-28 12:40:02.601 DEBUG --- [  restartedMain] o.s.b.f.s.DefaultListableBeanFactory     : Creating shared instance of singleton bean 'banServiceImpl'
2026-01-28 12:40:02.602 DEBUG --- [  restartedMain] o.s.b.f.s.DefaultListableBeanFactory     : Creating shared instance of singleton bean 'tokenRepository'
2026-01-28 12:40:02.605 DEBUG --- [  restartedMain] o.s.b.f.s.DefaultListableBeanFactory     : Creating shared instance of singleton bean 'jpa.named-queries#3'
2026-01-28 12:40:02.607 DEBUG --- [  restartedMain] o.s.b.f.s.DefaultListableBeanFactory     : Creating shared instance of singleton bean 'jpa.TokenRepository.fragments#0'
2026-01-28 12:40:02.609 DEBUG --- [  restartedMain] tor$SharedEntityManagerInvocationHandler : Creating new EntityManager for shared EntityManager invocation
2026-01-28 12:40:02.609 DEBUG --- [  restartedMain] o.s.d.r.c.s.RepositoryFactorySupport     : Initializing repository instance for com.fsocial.accountservice.repository.TokenRepository…
2026-01-28 12:40:02.609 DEBUG --- [  restartedMain] tor$SharedEntityManagerInvocationHandler : Creating new EntityManager for shared EntityManager invocation
2026-01-28 12:40:02.611 DEBUG --- [  restartedMain] o.s.d.jpa.repository.query.NamedQuery    : Looking up named query 'Token.findByToken'
2026-01-28 12:40:02.611 DEBUG --- [  restartedMain] o.s.d.jpa.repository.query.NamedQuery    : Did not find named query Token.findByToken
2026-01-28 12:40:02.611 DEBUG --- [  restartedMain] tor$SharedEntityManagerInvocationHandler : Creating new EntityManager for shared EntityManager invocation
2026-01-28 12:40:02.612 DEBUG --- [  restartedMain] o.s.d.jpa.repository.query.NamedQuery    : Looking up named query 'Token.findByAccount'
2026-01-28 12:40:02.612 DEBUG --- [onnection adder] com.zaxxer.hikari.pool.HikariPool        : HikariPool-1 - Added connection com.mysql.cj.jdbc.ConnectionImpl@66b6d827
2026-01-28 12:40:02.612 DEBUG --- [  restartedMain] o.s.d.jpa.repository.query.NamedQuery    : Did not find named query Token.findByAccount
2026-01-28 12:40:02.612 DEBUG --- [  restartedMain] tor$SharedEntityManagerInvocationHandler : Creating new EntityManager for shared EntityManager invocation
2026-01-28 12:40:02.615 DEBUG --- [  restartedMain] o.s.d.r.c.s.RepositoryFactorySupport     : Finished creation of repository instance for com.fsocial.accountservice.repository.TokenRepository.
2026-01-28 12:40:02.624 DEBUG --- [  restartedMain] o.s.b.f.s.DefaultListableBeanFactory     : Creating shared instance of singleton bean 'profileEventPublisher'
2026-01-28 12:40:02.624 DEBUG --- [  restartedMain] o.s.b.f.s.DefaultListableBeanFactory     : Creating shared instance of singleton bean 'rabbitTemplate'
2026-01-28 12:40:02.625 DEBUG --- [  restartedMain] o.s.b.f.s.DefaultListableBeanFactory     : Creating shared instance of singleton bean 'org.springframework.boot.autoconfigure.amqp.RabbitAutoConfiguration$RabbitTemplateConfiguration'
2026-01-28 12:40:02.626 DEBUG --- [  restartedMain] o.s.b.f.s.DefaultListableBeanFactory     : Creating shared instance of singleton bean 'rabbitTemplateConfigurer'
2026-01-28 12:40:02.627 DEBUG --- [  restartedMain] o.s.b.f.s.DefaultListableBeanFactory     : Creating shared instance of singleton bean 'spring.rabbitmq-org.springframework.boot.autoconfigure.amqp.RabbitProperties'
2026-01-28 12:40:02.630 DEBUG --- [  restartedMain] ySourcesPropertyResolver$DefaultResolver : Found key 'RABBITMQ_HOSTNAME' in PropertySource 'Config resource 'file [.env]' via location 'optional:file:.env[.properties]'' with value of type String
2026-01-28 12:40:02.631 DEBUG --- [  restartedMain] ySourcesPropertyResolver$DefaultResolver : Found key 'RABBITMQ_PASSWORD' in PropertySource 'Config resource 'file [.env]' via location 'optional:file:.env[.properties]'' with value of type String
2026-01-28 12:40:02.631 DEBUG --- [  restartedMain] ySourcesPropertyResolver$DefaultResolver : Found key 'RABBITMQ_PORT' in PropertySource 'Config resource 'file [.env]' via location 'optional:file:.env[.properties]'' with value of type String
2026-01-28 12:40:02.631 DEBUG --- [  restartedMain] ySourcesPropertyResolver$DefaultResolver : Found key 'RABBITMQ_USER' in PropertySource 'Config resource 'file [.env]' via location 'optional:file:.env[.properties]'' with value of type String
2026-01-28 12:40:02.632 DEBUG --- [  restartedMain] ySourcesPropertyResolver$DefaultResolver : Found key 'RABBITMQ_VHOST' in PropertySource 'Config resource 'file [.env]' via location 'optional:file:.env[.properties]'' with value of type String
2026-01-28 12:40:02.632 DEBUG --- [  restartedMain] o.s.b.f.s.DefaultListableBeanFactory     : Autowiring by type from bean name 'rabbitTemplateConfigurer' via factory method to bean named 'spring.rabbitmq-org.springframework.boot.autoconfigure.amqp.RabbitProperties'
2026-01-28 12:40:02.634 DEBUG --- [  restartedMain] o.s.b.f.s.DefaultListableBeanFactory     : Creating shared instance of singleton bean 'jackson2JsonMessageConverter'
2026-01-28 12:40:02.634 DEBUG --- [  restartedMain] o.s.b.f.s.DefaultListableBeanFactory     : Creating shared instance of singleton bean 'rabbitMQConfig'
2026-01-28 12:40:02.634 DEBUG --- [  restartedMain] o.s.c.e.PropertySourcesPropertyResolver  : Found key 'rabbitmq.queue.profile.create' in PropertySource 'environmentProperties' with value of type String
2026-01-28 12:40:02.635 DEBUG --- [  restartedMain] o.s.c.e.PropertySourcesPropertyResolver  : Found key 'rabbitmq.exchange.profile.create' in PropertySource 'environmentProperties' with value of type String
2026-01-28 12:40:02.635 DEBUG --- [  restartedMain] o.s.c.e.PropertySourcesPropertyResolver  : Found key 'rabbitmq.routing.profile.create' in PropertySource 'environmentProperties' with value of type String
2026-01-28 12:40:02.648 DEBUG --- [  restartedMain] o.s.b.f.s.DefaultListableBeanFactory     : Creating shared instance of singleton bean 'rabbitConnectionFactory'
2026-01-28 12:40:02.648 DEBUG --- [  restartedMain] o.s.b.f.s.DefaultListableBeanFactory     : Creating shared instance of singleton bean 'org.springframework.boot.autoconfigure.amqp.RabbitAutoConfiguration$RabbitConnectionFactoryCreator'
2026-01-28 12:40:02.649 DEBUG --- [  restartedMain] o.s.b.f.s.DefaultListableBeanFactory     : Autowiring by type from bean name 'org.springframework.boot.autoconfigure.amqp.RabbitAutoConfiguration$RabbitConnectionFactoryCreator' via constructor to bean named 'spring.rabbitmq-org.springframework.boot.autoconfigure.amqp.RabbitProperties'
2026-01-28 12:40:02.649 DEBUG --- [  restartedMain] o.s.b.f.s.DefaultListableBeanFactory     : Creating shared instance of singleton bean 'rabbitConnectionFactoryBeanConfigurer'
2026-01-28 12:40:02.650 DEBUG --- [  restartedMain] o.s.b.f.s.DefaultListableBeanFactory     : Creating shared instance of singleton bean 'rabbitConnectionDetails'
2026-01-28 12:40:02.651 DEBUG --- [onnection adder] com.zaxxer.hikari.pool.HikariPool        : HikariPool-1 - After adding stats (total=9, active=0, idle=9, waiting=0)
2026-01-28 12:40:02.652 DEBUG --- [  restartedMain] o.s.b.f.s.DefaultListableBeanFactory     : Autowiring by type from bean name 'rabbitConnectionFactoryBeanConfigurer' via factory method to bean named 'org.springframework.boot.web.servlet.context.AnnotationConfigServletWebServerApplicationContext@7bfc1538'
2026-01-28 12:40:02.653 DEBUG --- [  restartedMain] o.s.b.f.s.DefaultListableBeanFactory     : Autowiring by type from bean name 'rabbitConnectionFactoryBeanConfigurer' via factory method to bean named 'rabbitConnectionDetails'
2026-01-28 12:40:02.656 DEBUG --- [  restartedMain] o.s.b.f.s.DefaultListableBeanFactory     : Creating shared instance of singleton bean 'rabbitConnectionFactoryConfigurer'
2026-01-28 12:40:02.657 DEBUG --- [  restartedMain] o.s.b.f.s.DefaultListableBeanFactory     : Autowiring by type from bean name 'rabbitConnectionFactoryConfigurer' via factory method to bean named 'rabbitConnectionDetails'
2026-01-28 12:40:02.658 DEBUG --- [  restartedMain] o.s.b.f.s.DefaultListableBeanFactory     : Autowiring by type from bean name 'rabbitConnectionFactory' via factory method to bean named 'rabbitConnectionFactoryBeanConfigurer'
2026-01-28 12:40:02.658 DEBUG --- [  restartedMain] o.s.b.f.s.DefaultListableBeanFactory     : Autowiring by type from bean name 'rabbitConnectionFactory' via factory method to bean named 'rabbitConnectionFactoryConfigurer'
2026-01-28 12:40:02.693 DEBUG --- [  restartedMain] o.s.b.f.s.DefaultListableBeanFactory     : Autowiring by type from bean name 'rabbitTemplate' via factory method to bean named 'rabbitTemplateConfigurer'
2026-01-28 12:40:02.693 DEBUG --- [  restartedMain] o.s.b.f.s.DefaultListableBeanFactory     : Autowiring by type from bean name 'rabbitTemplate' via factory method to bean named 'rabbitConnectionFactory'
2026-01-28 12:40:02.721 DEBUG --- [  restartedMain] o.s.b.f.s.DefaultListableBeanFactory     : Autowiring by type from bean name 'profileEventPublisher' via constructor to bean named 'rabbitTemplate'
2026-01-28 12:40:02.722 DEBUG --- [  restartedMain] o.s.c.e.PropertySourcesPropertyResolver  : Found key 'rabbitmq.routing.profile.create' in PropertySource 'environmentProperties' with value of type String
2026-01-28 12:40:02.722 DEBUG --- [  restartedMain] o.s.c.e.PropertySourcesPropertyResolver  : Found key 'rabbitmq.exchange.profile.create' in PropertySource 'environmentProperties' with value of type String
2026-01-28 12:40:02.723 DEBUG --- [  restartedMain] o.s.b.f.s.DefaultListableBeanFactory     : Autowiring by type from bean name 'accountServiceImpl' via constructor to bean named 'accountRepository'
2026-01-28 12:40:02.723 DEBUG --- [  restartedMain] o.s.b.f.s.DefaultListableBeanFactory     : Autowiring by type from bean name 'accountServiceImpl' via constructor to bean named 'roleRepository'
2026-01-28 12:40:02.723 DEBUG --- [  restartedMain] o.s.b.f.s.DefaultListableBeanFactory     : Autowiring by type from bean name 'accountServiceImpl' via constructor to bean named 'accountMapperImpl'
2026-01-28 12:40:02.723 DEBUG --- [  restartedMain] o.s.b.f.s.DefaultListableBeanFactory     : Autowiring by type from bean name 'accountServiceImpl' via constructor to bean named 'profileMapperImpl'
2026-01-28 12:40:02.723 DEBUG --- [  restartedMain] o.s.b.f.s.DefaultListableBeanFactory     : Autowiring by type from bean name 'accountServiceImpl' via constructor to bean named 'passwordEncoder'
2026-01-28 12:40:02.723 DEBUG --- [  restartedMain] o.s.b.f.s.DefaultListableBeanFactory     : Autowiring by type from bean name 'accountServiceImpl' via constructor to bean named 'com.fsocial.accountservice.repository.httpclient.ProfileClient'
2026-01-28 12:40:02.723 DEBUG --- [  restartedMain] o.s.b.f.s.DefaultListableBeanFactory     : Autowiring by type from bean name 'accountServiceImpl' via constructor to bean named 'otpServiceImpl'
2026-01-28 12:40:02.723 DEBUG --- [  restartedMain] o.s.b.f.s.DefaultListableBeanFactory     : Autowiring by type from bean name 'accountServiceImpl' via constructor to bean named 'banServiceImpl'
2026-01-28 12:40:02.723 DEBUG --- [  restartedMain] o.s.b.f.s.DefaultListableBeanFactory     : Autowiring by type from bean name 'accountServiceImpl' via constructor to bean named 'tokenRepository'
2026-01-28 12:40:02.723 DEBUG --- [  restartedMain] o.s.b.f.s.DefaultListableBeanFactory     : Autowiring by type from bean name 'accountServiceImpl' via constructor to bean named 'refreshTokenRepository'
2026-01-28 12:40:02.723 DEBUG --- [  restartedMain] o.s.b.f.s.DefaultListableBeanFactory     : Autowiring by type from bean name 'accountServiceImpl' via constructor to bean named 'jdk.proxy2.$Proxy184@39b08c14'
2026-01-28 12:40:02.723 DEBUG --- [  restartedMain] o.s.b.f.s.DefaultListableBeanFactory     : Autowiring by type from bean name 'accountServiceImpl' via constructor to bean named 'jwtConfig'
2026-01-28 12:40:02.723 DEBUG --- [  restartedMain] o.s.b.f.s.DefaultListableBeanFactory     : Autowiring by type from bean name 'accountServiceImpl' via constructor to bean named 'profileEventPublisher'
2026-01-28 12:40:02.766 DEBUG --- [  restartedMain] o.s.b.f.s.DefaultListableBeanFactory     : Creating shared instance of singleton bean 'authenticationServiceImpl'
2026-01-28 12:40:02.771 DEBUG --- [  restartedMain] o.s.b.f.s.DefaultListableBeanFactory     : Creating shared instance of singleton bean 'refreshTokenServiceImpl'
2026-01-28 12:40:02.773 DEBUG --- [  restartedMain] o.s.b.f.s.DefaultListableBeanFactory     : Autowiring by type from bean name 'refreshTokenServiceImpl' via constructor to bean named 'refreshTokenRepository'
2026-01-28 12:40:02.773 DEBUG --- [  restartedMain] o.s.b.f.s.DefaultListableBeanFactory     : Autowiring by type from bean name 'refreshTokenServiceImpl' via constructor to bean named 'accountRepository'
2026-01-28 12:40:02.773 DEBUG --- [  restartedMain] o.s.b.f.s.DefaultListableBeanFactory     : Autowiring by type from bean name 'refreshTokenServiceImpl' via constructor to bean named 'jwtServiceImpl'
2026-01-28 12:40:02.774 DEBUG --- [  restartedMain] o.s.c.e.PropertySourcesPropertyResolver  : Found key 'jwt.expired-time' in PropertySource 'environmentProperties' with value of type String
2026-01-28 12:40:02.786 DEBUG --- [  restartedMain] o.s.b.f.s.DefaultListableBeanFactory     : Autowiring by type from bean name 'authenticationServiceImpl' via constructor to bean named 'accountRepository'
2026-01-28 12:40:02.786 DEBUG --- [  restartedMain] o.s.b.f.s.DefaultListableBeanFactory     : Autowiring by type from bean name 'authenticationServiceImpl' via constructor to bean named 'passwordEncoder'
2026-01-28 12:40:02.786 DEBUG --- [  restartedMain] o.s.b.f.s.DefaultListableBeanFactory     : Autowiring by type from bean name 'authenticationServiceImpl' via constructor to bean named 'jwtServiceImpl'
2026-01-28 12:40:02.786 DEBUG --- [  restartedMain] o.s.b.f.s.DefaultListableBeanFactory     : Autowiring by type from bean name 'authenticationServiceImpl' via constructor to bean named 'refreshTokenServiceImpl'
2026-01-28 12:40:02.786 DEBUG --- [  restartedMain] o.s.b.f.s.DefaultListableBeanFactory     : Autowiring by type from bean name 'authenticationServiceImpl' via constructor to bean named 'tokenRepository'
2026-01-28 12:40:02.786 DEBUG --- [  restartedMain] o.s.b.f.s.DefaultListableBeanFactory     : Autowiring by type from bean name 'authenticationServiceImpl' via constructor to bean named 'jdk.proxy2.$Proxy184@be53609'
2026-01-28 12:40:02.788 DEBUG --- [  restartedMain] o.s.b.f.s.DefaultListableBeanFactory     : Autowiring by type from bean name 'OAuth2LoginSuccessHandler' via constructor to bean named 'jwtServiceImpl'
2026-01-28 12:40:02.788 DEBUG --- [  restartedMain] o.s.b.f.s.DefaultListableBeanFactory     : Autowiring by type from bean name 'OAuth2LoginSuccessHandler' via constructor to bean named 'accountServiceImpl'
2026-01-28 12:40:02.788 DEBUG --- [  restartedMain] o.s.b.f.s.DefaultListableBeanFactory     : Autowiring by type from bean name 'OAuth2LoginSuccessHandler' via constructor to bean named 'authenticationServiceImpl'
2026-01-28 12:40:02.789 DEBUG --- [  restartedMain] ySourcesPropertyResolver$DefaultResolver : Found key 'FRONT_END' in PropertySource 'Config resource 'file [.env]' via location 'optional:file:.env[.properties]'' with value of type String
2026-01-28 12:40:02.789 DEBUG --- [  restartedMain] o.s.c.e.PropertySourcesPropertyResolver  : Found key 'react.frontend' in PropertySource 'environmentProperties' with value of type String
2026-01-28 12:40:02.790 DEBUG --- [  restartedMain] o.s.b.f.s.DefaultListableBeanFactory     : Creating shared instance of singleton bean 'openAPIConfig'
2026-01-28 12:40:02.791 DEBUG --- [  restartedMain] o.s.c.e.PropertySourcesPropertyResolver  : Found key 'server.port' in PropertySource 'environmentProperties' with value of type String
2026-01-28 12:40:02.791 DEBUG --- [  restartedMain] o.s.b.f.s.DefaultListableBeanFactory     : Creating shared instance of singleton bean 'rabbitStartupChecker'
2026-01-28 12:40:02.791 DEBUG --- [  restartedMain] o.s.b.f.s.DefaultListableBeanFactory     : Autowiring by type from bean name 'rabbitStartupChecker' via constructor to bean named 'rabbitTemplate'
2026-01-28 12:40:02.792 DEBUG --- [  restartedMain] o.s.b.f.s.DefaultListableBeanFactory     : Creating shared instance of singleton bean 'accountController'
2026-01-28 12:40:02.796 DEBUG --- [  restartedMain] o.s.b.f.s.DefaultListableBeanFactory     : Autowiring by type from bean name 'accountController' via constructor to bean named 'accountServiceImpl'
2026-01-28 12:40:02.796 DEBUG --- [  restartedMain] o.s.b.f.s.DefaultListableBeanFactory     : Autowiring by type from bean name 'accountController' via constructor to bean named 'otpServiceImpl'
2026-01-28 12:40:02.796 DEBUG --- [  restartedMain] o.s.b.f.s.DefaultListableBeanFactory     : Autowiring by type from bean name 'accountController' via constructor to bean named 'jdk.proxy2.$Proxy184@18cee8be'
2026-01-28 12:40:02.796 DEBUG --- [  restartedMain] o.s.b.f.s.DefaultListableBeanFactory     : Autowiring by type from bean name 'accountController' via constructor to bean named 'jwtConfig'
2026-01-28 12:40:02.796 DEBUG --- [  restartedMain] o.s.b.f.s.DefaultListableBeanFactory     : Autowiring by type from bean name 'accountController' via constructor to bean named 'accountRepository'
2026-01-28 12:40:02.798 DEBUG --- [  restartedMain] ySourcesPropertyResolver$DefaultResolver : Found key 'jwt.signerKey' in PropertySource 'Config resource 'class path resource [application-dev.yml]' via location 'optional:classpath:/'' with value of type String
2026-01-28 12:40:02.798 DEBUG --- [  restartedMain] ySourcesPropertyResolver$DefaultResolver : Found key 'JWT_SECRET' in PropertySource 'Config resource 'file [.env]' via location 'optional:file:.env[.properties]'' with value of type String
2026-01-28 12:40:02.798 DEBUG --- [  restartedMain] o.s.c.e.PropertySourcesPropertyResolver  : Found key 'jwt.signerKey' in PropertySource 'environmentProperties' with value of type String
2026-01-28 12:40:02.799 DEBUG --- [  restartedMain] o.s.b.f.s.DefaultListableBeanFactory     : Creating shared instance of singleton bean 'authenticateController'
2026-01-28 12:40:02.800 DEBUG --- [  restartedMain] o.s.b.f.s.DefaultListableBeanFactory     : Autowiring by type from bean name 'authenticateController' via constructor to bean named 'authenticationServiceImpl'
2026-01-28 12:40:02.800 DEBUG --- [  restartedMain] o.s.b.f.s.DefaultListableBeanFactory     : Autowiring by type from bean name 'authenticateController' via constructor to bean named 'refreshTokenServiceImpl'
2026-01-28 12:40:02.801 DEBUG --- [  restartedMain] o.s.b.f.s.DefaultListableBeanFactory     : Autowiring by type from bean name 'authenticateController' via constructor to bean named 'jwtServiceImpl'
2026-01-28 12:40:02.801 DEBUG --- [  restartedMain] o.s.b.f.s.DefaultListableBeanFactory     : Creating shared instance of singleton bean 'checkConnection'
2026-01-28 12:40:02.802 DEBUG --- [  restartedMain] o.s.b.f.s.DefaultListableBeanFactory     : Creating shared instance of singleton bean 'googleAuthen'
2026-01-28 12:40:02.804 DEBUG --- [  restartedMain] o.s.b.f.s.DefaultListableBeanFactory     : Creating shared instance of singleton bean 'internalController'
2026-01-28 12:40:02.804 DEBUG --- [  restartedMain] o.s.b.f.s.DefaultListableBeanFactory     : Autowiring by type from bean name 'internalController' via constructor to bean named 'accountServiceImpl'
2026-01-28 12:40:02.805 DEBUG --- [  restartedMain] o.s.b.f.s.DefaultListableBeanFactory     : Creating shared instance of singleton bean 'permissionController'
2026-01-28 12:40:02.807 DEBUG --- [  restartedMain] o.s.b.f.s.DefaultListableBeanFactory     : Creating shared instance of singleton bean 'permissionServiceImpl'
2026-01-28 12:40:02.807 DEBUG --- [  restartedMain] o.s.b.f.s.DefaultListableBeanFactory     : Creating shared instance of singleton bean 'permissionRepository'
2026-01-28 12:40:02.808 DEBUG --- [  restartedMain] o.s.b.f.s.DefaultListableBeanFactory     : Creating shared instance of singleton bean 'jpa.named-queries#4'
2026-01-28 12:40:02.809 DEBUG --- [  restartedMain] o.s.b.f.s.DefaultListableBeanFactory     : Creating shared instance of singleton bean 'jpa.PermissionRepository.fragments#0'
2026-01-28 12:40:02.810 DEBUG --- [  restartedMain] tor$SharedEntityManagerInvocationHandler : Creating new EntityManager for shared EntityManager invocation
2026-01-28 12:40:02.810 DEBUG --- [  restartedMain] o.s.d.r.c.s.RepositoryFactorySupport     : Initializing repository instance for com.fsocial.accountservice.repository.PermissionRepository…
2026-01-28 12:40:02.810 DEBUG --- [  restartedMain] tor$SharedEntityManagerInvocationHandler : Creating new EntityManager for shared EntityManager invocation
2026-01-28 12:40:02.815 DEBUG --- [  restartedMain] o.s.d.r.c.s.RepositoryFactorySupport     : Finished creation of repository instance for com.fsocial.accountservice.repository.PermissionRepository.
2026-01-28 12:40:02.819 DEBUG --- [  restartedMain] o.s.b.f.s.DefaultListableBeanFactory     : Creating shared instance of singleton bean 'permissionMapperImpl'
2026-01-28 12:40:02.820 DEBUG --- [  restartedMain] o.s.b.f.s.DefaultListableBeanFactory     : Autowiring by type from bean name 'permissionServiceImpl' via constructor to bean named 'permissionRepository'
2026-01-28 12:40:02.820 DEBUG --- [  restartedMain] o.s.b.f.s.DefaultListableBeanFactory     : Autowiring by type from bean name 'permissionServiceImpl' via constructor to bean named 'permissionMapperImpl'
2026-01-28 12:40:02.820 DEBUG --- [  restartedMain] o.s.b.f.s.DefaultListableBeanFactory     : Autowiring by type from bean name 'permissionController' via constructor to bean named 'permissionServiceImpl'
2026-01-28 12:40:02.828 DEBUG --- [  restartedMain] o.s.b.f.s.DefaultListableBeanFactory     : Creating shared instance of singleton bean 'roleController'
2026-01-28 12:40:02.831 DEBUG --- [  restartedMain] o.s.b.f.s.DefaultListableBeanFactory     : Creating shared instance of singleton bean 'roleServiceImpl'
2026-01-28 12:40:02.832 DEBUG --- [  restartedMain] o.s.b.f.s.DefaultListableBeanFactory     : Creating shared instance of singleton bean 'roleMapperImpl'
2026-01-28 12:40:02.832 DEBUG --- [  restartedMain] o.s.b.f.s.DefaultListableBeanFactory     : Autowiring by type from bean name 'roleServiceImpl' via constructor to bean named 'roleRepository'
2026-01-28 12:40:02.832 DEBUG --- [  restartedMain] o.s.b.f.s.DefaultListableBeanFactory     : Autowiring by type from bean name 'roleServiceImpl' via constructor to bean named 'permissionRepository'
2026-01-28 12:40:02.832 DEBUG --- [  restartedMain] o.s.b.f.s.DefaultListableBeanFactory     : Autowiring by type from bean name 'roleServiceImpl' via constructor to bean named 'roleMapperImpl'
2026-01-28 12:40:02.833 DEBUG --- [  restartedMain] o.s.b.f.s.DefaultListableBeanFactory     : Autowiring by type from bean name 'roleController' via constructor to bean named 'roleServiceImpl'
2026-01-28 12:40:02.839 DEBUG --- [  restartedMain] o.s.b.f.s.DefaultListableBeanFactory     : Creating shared instance of singleton bean 'globalExceptionHandler'
2026-01-28 12:40:02.842 DEBUG --- [  restartedMain] o.s.b.f.s.DefaultListableBeanFactory     : Creating shared instance of singleton bean 'org.springframework.security.config.annotation.configuration.ObjectPostProcessorConfiguration'
2026-01-28 12:40:02.843 DEBUG --- [  restartedMain] o.s.b.f.s.DefaultListableBeanFactory     : Creating shared instance of singleton bean 'objectPostProcessor'
2026-01-28 12:40:02.844 DEBUG --- [  restartedMain] o.s.b.f.s.DefaultListableBeanFactory     : Autowiring by type from bean name 'objectPostProcessor' via factory method to bean named 'org.springframework.beans.factory.support.DefaultListableBeanFactory@4b6ceb9d'
2026-01-28 12:40:02.846 DEBUG --- [  restartedMain] o.s.b.f.s.DefaultListableBeanFactory     : Creating shared instance of singleton bean 'org.springframework.security.config.annotation.authentication.configuration.AuthenticationConfiguration'
2026-01-28 12:40:02.848 DEBUG --- [  restartedMain] o.s.b.f.s.DefaultListableBeanFactory     : Creating shared instance of singleton bean 'enableGlobalAuthenticationAutowiredConfigurer'
2026-01-28 12:40:02.849 DEBUG --- [  restartedMain] o.s.b.f.s.DefaultListableBeanFactory     : Autowiring by type from bean name 'enableGlobalAuthenticationAutowiredConfigurer' via factory method to bean named 'org.springframework.boot.web.servlet.context.AnnotationConfigServletWebServerApplicationContext@7bfc1538'
2026-01-28 12:40:02.850 DEBUG --- [  restartedMain] o.s.b.f.s.DefaultListableBeanFactory     : Creating shared instance of singleton bean 'initializeUserDetailsBeanManagerConfigurer'
2026-01-28 12:40:02.850 DEBUG --- [  restartedMain] o.s.b.f.s.DefaultListableBeanFactory     : Autowiring by type from bean name 'initializeUserDetailsBeanManagerConfigurer' via factory method to bean named 'org.springframework.boot.web.servlet.context.AnnotationConfigServletWebServerApplicationContext@7bfc1538'
2026-01-28 12:40:02.851 DEBUG --- [  restartedMain] o.s.b.f.s.DefaultListableBeanFactory     : Creating shared instance of singleton bean 'initializeAuthenticationProviderBeanManagerConfigurer'
2026-01-28 12:40:02.851 DEBUG --- [  restartedMain] o.s.b.f.s.DefaultListableBeanFactory     : Autowiring by type from bean name 'initializeAuthenticationProviderBeanManagerConfigurer' via factory method to bean named 'org.springframework.boot.web.servlet.context.AnnotationConfigServletWebServerApplicationContext@7bfc1538'
2026-01-28 12:40:02.853 DEBUG --- [  restartedMain] o.s.b.f.s.DefaultListableBeanFactory     : Creating shared instance of singleton bean 'authenticationManagerBuilder'
2026-01-28 12:40:02.853 DEBUG --- [  restartedMain] o.s.b.f.s.DefaultListableBeanFactory     : Autowiring by type from bean name 'authenticationManagerBuilder' via factory method to bean named 'objectPostProcessor'
2026-01-28 12:40:02.853 DEBUG --- [  restartedMain] o.s.b.f.s.DefaultListableBeanFactory     : Autowiring by type from bean name 'authenticationManagerBuilder' via factory method to bean named 'org.springframework.boot.web.servlet.context.AnnotationConfigServletWebServerApplicationContext@7bfc1538'
2026-01-28 12:40:02.855 DEBUG --- [  restartedMain] o.s.b.f.s.DefaultListableBeanFactory     : Creating shared instance of singleton bean 'authenticationEventPublisher'
2026-01-28 12:40:02.855 DEBUG --- [  restartedMain] o.s.b.f.s.DefaultListableBeanFactory     : Creating shared instance of singleton bean 'org.springframework.boot.autoconfigure.security.servlet.SecurityAutoConfiguration'
2026-01-28 12:40:02.857 DEBUG --- [  restartedMain] o.s.b.f.s.DefaultListableBeanFactory     : Autowiring by type from bean name 'authenticationEventPublisher' via factory method to bean named 'org.springframework.boot.web.servlet.context.AnnotationConfigServletWebServerApplicationContext@7bfc1538'
2026-01-28 12:40:02.868 DEBUG --- [  restartedMain] o.s.b.f.s.DefaultListableBeanFactory     : Creating shared instance of singleton bean 'org.springframework.security.config.annotation.web.configuration.WebSecurityConfiguration'
2026-01-28 12:40:02.871 DEBUG --- [  restartedMain] o.s.b.f.s.DefaultListableBeanFactory     : Creating shared instance of singleton bean 'org.springframework.security.config.annotation.web.configuration.HttpSecurityConfiguration'
2026-01-28 12:40:02.875 DEBUG --- [  restartedMain] o.s.b.f.s.DefaultListableBeanFactory     : Creating shared instance of singleton bean 'mvcContentNegotiationManager'
2026-01-28 12:40:02.886 DEBUG --- [  restartedMain] swordEncoderAuthenticationManagerBuilder : No authenticationProviders and no parentAuthenticationManager defined. Returning null.
2026-01-28 12:40:02.944 DEBUG --- [onnection adder] jdk.event.security                       : X509Certificate: Alg:SHA384withRSA, Serial:56539240bca9317c32b76293dd3fb3b339412276, Subject:CN=mysql-3db5c258-2, O=116c39ae-7c56-40ae-a744-324d4e681b1c, ST=service, Issuer:CN=116c39ae-7c56-40ae-a744-324d4e681b1c GEN 1 Project CA, Key type:RSA, Length:3072, Cert Id:598374692, Valid from:1/19/26, 4:34 PM, Valid until:4/18/28, 7:34 PM
2026-01-28 12:40:02.944 DEBUG --- [onnection adder] jdk.event.security                       : X509Certificate: Alg:SHA384withRSA, Serial:58db7138134fdd23146e018032bdd4666c9fc5bb, Subject:CN=116c39ae-7c56-40ae-a744-324d4e681b1c GEN 1 Project CA, Issuer:CN=116c39ae-7c56-40ae-a744-324d4e681b1c GEN 1 Project CA, Key type:RSA, Length:3072, Cert Id:1211769917, Valid from:5/23/25, 7:30 AM, Valid until:5/21/35, 7:30 AM
2026-01-28 12:40:02.946 DEBUG --- [onnection adder] jdk.event.security                       :  TLSHandshake: mysql-3db5c258-cangngoo123-1bf2.d.aivencloud.com:28331, TLSv1.3, TLS_AES_256_GCM_SHA384, 598374692
2026-01-28 12:40:02.956 DEBUG --- [  restartedMain] o.s.b.f.s.DefaultListableBeanFactory     : Creating shared instance of singleton bean 'filterChainDecoratorPostProcessor'
2026-01-28 12:40:02.959 DEBUG --- [  restartedMain] o.s.b.f.s.DefaultListableBeanFactory     : Creating shared instance of singleton bean 'mvcHandlerMappingIntrospectorRequestTransformer'
2026-01-28 12:40:02.959 DEBUG --- [  restartedMain] o.s.b.f.s.DefaultListableBeanFactory     : Creating shared instance of singleton bean 'mvcHandlerMappingIntrospector'
2026-01-28 12:40:02.964 DEBUG --- [  restartedMain] o.s.b.f.s.DefaultListableBeanFactory     : Creating shared instance of singleton bean 'welcomePageHandlerMapping'
2026-01-28 12:40:02.964 DEBUG --- [  restartedMain] o.s.b.f.s.DefaultListableBeanFactory     : Creating shared instance of singleton bean 'mvcConversionService'
2026-01-28 12:40:02.973 DEBUG --- [  restartedMain] o.s.b.f.s.DefaultListableBeanFactory     : Autowiring by type from bean name 'welcomePageHandlerMapping' via factory method to bean named 'org.springframework.boot.web.servlet.context.AnnotationConfigServletWebServerApplicationContext@7bfc1538'
2026-01-28 12:40:02.973 DEBUG --- [  restartedMain] o.s.b.f.s.DefaultListableBeanFactory     : Autowiring by type from bean name 'welcomePageHandlerMapping' via factory method to bean named 'mvcConversionService'
2026-01-28 12:40:02.973 DEBUG --- [  restartedMain] o.s.b.f.s.DefaultListableBeanFactory     : Autowiring by type from bean name 'welcomePageHandlerMapping' via factory method to bean named 'mvcResourceUrlProvider'
2026-01-28 12:40:02.977 DEBUG --- [  restartedMain] org.apache.catalina.webresources.Cache   : Increased cache size by [521] for item [org.apache.catalina.webresources.CachedResource@46a1c085] at [/index.html] making total cache size [1053]
2026-01-28 12:40:02.989 DEBUG --- [  restartedMain] o.s.b.f.s.DefaultListableBeanFactory     : Creating shared instance of singleton bean 'welcomePageNotAcceptableHandlerMapping'
2026-01-28 12:40:02.989 DEBUG --- [  restartedMain] o.s.b.f.s.DefaultListableBeanFactory     : Autowiring by type from bean name 'welcomePageNotAcceptableHandlerMapping' via factory method to bean named 'org.springframework.boot.web.servlet.context.AnnotationConfigServletWebServerApplicationContext@7bfc1538'
2026-01-28 12:40:02.989 DEBUG --- [  restartedMain] o.s.b.f.s.DefaultListableBeanFactory     : Autowiring by type from bean name 'welcomePageNotAcceptableHandlerMapping' via factory method to bean named 'mvcConversionService'
2026-01-28 12:40:02.989 DEBUG --- [  restartedMain] o.s.b.f.s.DefaultListableBeanFactory     : Autowiring by type from bean name 'welcomePageNotAcceptableHandlerMapping' via factory method to bean named 'mvcResourceUrlProvider'
2026-01-28 12:40:02.993 DEBUG --- [  restartedMain] o.s.b.f.s.DefaultListableBeanFactory     : Creating shared instance of singleton bean 'requestMappingHandlerMapping'
2026-01-28 12:40:02.995 DEBUG --- [  restartedMain] o.s.b.f.s.DefaultListableBeanFactory     : Autowiring by type from bean name 'requestMappingHandlerMapping' via factory method to bean named 'mvcContentNegotiationManager'
2026-01-28 12:40:02.995 DEBUG --- [  restartedMain] o.s.b.f.s.DefaultListableBeanFactory     : Autowiring by type from bean name 'requestMappingHandlerMapping' via factory method to bean named 'mvcConversionService'
2026-01-28 12:40:02.995 DEBUG --- [  restartedMain] o.s.b.f.s.DefaultListableBeanFactory     : Autowiring by type from bean name 'requestMappingHandlerMapping' via factory method to bean named 'mvcResourceUrlProvider'
2026-01-28 12:40:03.029 DEBUG --- [  restartedMain] _.s.web.servlet.HandlerMapping.Mappings  : 
	c.f.a.c.AccountController:
	{GET [/statistics_register_today]}: statisticsRegister(String)
	{PUT [/change-password]}: changePassword(ChangePasswordRequest)
	{PUT [/reset-password]}: resetPassword(ResetPasswordRequest)
	{POST [/register]}: persistAccount(AccountRegisterRequest)
	{POST [/check-duplication]}: checkDuplication(DuplicationRequest)
	{GET [/{userId}]}: getAccount(String)
	{POST [/verify-otp]}: verifyOtp(OtpRequest)
	{POST [/ban]}: banAccount(String)
	{POST [/send-otp]}: sendOtp(EmailRequest)
	{GET [/exists]}: existsAccountByUserId(String)
	{GET [/statistics_register_start_end]}: statisticsRegisterStartEnd(String,String)
2026-01-28 12:40:03.040 DEBUG --- [  restartedMain] _.s.web.servlet.HandlerMapping.Mappings  : 
	c.f.a.c.AuthenticateController:
	{GET [/get-token]}: getToken()
	{POST [/introspect]}: introspect(TokenRequest)
	{POST [/refresh-token]}: refreshAccessToken(RefreshTokenRequest,String,HttpServletRequest)
	{POST [/login]}: handleLogin(AccountLoginRequest,String,HttpServletRequest)
	{POST [/logout]}: logout(TokenRequest,HttpServletRequest)
2026-01-28 12:40:03.042 DEBUG --- [  restartedMain] _.s.web.servlet.HandlerMapping.Mappings  : 
	c.f.a.c.CheckConnection:
	{GET [/check]}: checkConnection()
2026-01-28 12:40:03.042 DEBUG --- [  restartedMain] _.s.web.servlet.HandlerMapping.Mappings  : 
	c.f.a.c.GoogleAuthen:
	{GET [/google]}: loginWithGoogle(OAuth2AuthenticationToken)
2026-01-28 12:40:03.045 DEBUG --- [  restartedMain] _.s.web.servlet.HandlerMapping.Mappings  : 
	c.f.a.c.InternalController:
	{GET [/internal/valid-id/{userId}]}: validUserId(String)
2026-01-28 12:40:03.046 DEBUG --- [  restartedMain] _.s.web.servlet.HandlerMapping.Mappings  : 
	c.f.a.c.PermissionController:
	{GET [/permission]}: getAllPermission()
	{DELETE [/permission/{permissionId}]}: deletePermission(String)
	{POST [/permission]}: createPermission(PermissionRequest)
2026-01-28 12:40:03.047 DEBUG --- [  restartedMain] _.s.web.servlet.HandlerMapping.Mappings  : 
	c.f.a.c.RoleController:
	{DELETE [/role/{roleId}]}: deleteRole(String)
	{POST [/role]}: createRole(RoleCreationRequest)
	{PUT [/role/{roleId}]}: updateRole(String,Set)
	{GET [/role]}: getAllRole()
2026-01-28 12:40:03.052 DEBUG --- [  restartedMain] _.s.web.servlet.HandlerMapping.Mappings  : 
	o.s.b.a.w.s.e.BasicErrorController:
	{ [/error]}: error(HttpServletRequest)
	{ [/error], produces [text/html]}: errorHtml(HttpServletRequest,HttpServletResponse)
2026-01-28 12:40:03.059 DEBUG --- [  restartedMain] o.s.c.e.PropertySourcesPropertyResolver  : Found key 'springdoc.api-docs.path' in PropertySource 'environmentProperties' with value of type String
2026-01-28 12:40:03.059 DEBUG --- [  restartedMain] o.s.c.e.PropertySourcesPropertyResolver  : Found key 'springdoc.api-docs.path' in PropertySource 'environmentProperties' with value of type String
2026-01-28 12:40:03.059 DEBUG --- [  restartedMain] o.s.c.e.PropertySourcesPropertyResolver  : Found key 'springdoc.api-docs.path' in PropertySource 'environmentProperties' with value of type String
2026-01-28 12:40:03.060 DEBUG --- [  restartedMain] o.s.c.e.PropertySourcesPropertyResolver  : Found key 'springdoc.api-docs.path' in PropertySource 'environmentProperties' with value of type String
2026-01-28 12:40:03.060 DEBUG --- [  restartedMain] _.s.web.servlet.HandlerMapping.Mappings  : 
	o.s.w.a.OpenApiWebMvcResource:
	{GET [/v3/api-docs.yaml], produces [application/vnd.oai.openapi]}: openapiYaml(HttpServletRequest,String,Locale)
	{GET [/v3/api-docs], produces [application/json]}: openapiJson(HttpServletRequest,String,Locale)
2026-01-28 12:40:03.061 DEBUG --- [  restartedMain] o.s.c.e.PropertySourcesPropertyResolver  : Found key 'springdoc.swagger-ui.path' in PropertySource 'environmentProperties' with value of type String
2026-01-28 12:40:03.061 DEBUG --- [  restartedMain] o.s.c.e.PropertySourcesPropertyResolver  : Found key 'springdoc.swagger-ui.path' in PropertySource 'environmentProperties' with value of type String
2026-01-28 12:40:03.061 DEBUG --- [  restartedMain] _.s.web.servlet.HandlerMapping.Mappings  : 
	o.s.w.u.SwaggerWelcomeWebMvc:
	{GET [/swagger-ui.html]}: redirectToUi(HttpServletRequest)
2026-01-28 12:40:03.062 DEBUG --- [  restartedMain] o.s.c.e.PropertySourcesPropertyResolver  : Found key 'springdoc.api-docs.path' in PropertySource 'environmentProperties' with value of type String
2026-01-28 12:40:03.062 DEBUG --- [  restartedMain] _.s.web.servlet.HandlerMapping.Mappings  : 
	o.s.w.u.SwaggerConfigResource:
	{GET [/v3/api-docs/swagger-config], produces [application/json]}: openapiJson(HttpServletRequest)
2026-01-28 12:40:03.064 DEBUG --- [  restartedMain] s.w.s.m.m.a.RequestMappingHandlerMapping : 32 mappings in 'requestMappingHandlerMapping'
2026-01-28 12:40:03.067 DEBUG --- [  restartedMain] o.s.b.f.s.DefaultListableBeanFactory     : Creating shared instance of singleton bean 'viewControllerHandlerMapping'
2026-01-28 12:40:03.068 DEBUG --- [  restartedMain] o.s.b.f.s.DefaultListableBeanFactory     : Autowiring by type from bean name 'viewControllerHandlerMapping' via factory method to bean named 'mvcConversionService'
2026-01-28 12:40:03.068 DEBUG --- [  restartedMain] o.s.b.f.s.DefaultListableBeanFactory     : Autowiring by type from bean name 'viewControllerHandlerMapping' via factory method to bean named 'mvcResourceUrlProvider'
2026-01-28 12:40:03.069 DEBUG --- [  restartedMain] o.s.b.f.s.DefaultListableBeanFactory     : Creating shared instance of singleton bean 'beanNameHandlerMapping'
2026-01-28 12:40:03.069 DEBUG --- [  restartedMain] o.s.b.f.s.DefaultListableBeanFactory     : Autowiring by type from bean name 'beanNameHandlerMapping' via factory method to bean named 'mvcConversionService'
2026-01-28 12:40:03.069 DEBUG --- [  restartedMain] o.s.b.f.s.DefaultListableBeanFactory     : Autowiring by type from bean name 'beanNameHandlerMapping' via factory method to bean named 'mvcResourceUrlProvider'
2026-01-28 12:40:03.071 DEBUG --- [  restartedMain] _.s.web.servlet.HandlerMapping.Mappings  : 'beanNameHandlerMapping' {}
2026-01-28 12:40:03.073 DEBUG --- [  restartedMain] o.s.b.f.s.DefaultListableBeanFactory     : Creating shared instance of singleton bean 'routerFunctionMapping'
2026-01-28 12:40:03.073 DEBUG --- [  restartedMain] o.s.b.f.s.DefaultListableBeanFactory     : Autowiring by type from bean name 'routerFunctionMapping' via factory method to bean named 'mvcConversionService'
2026-01-28 12:40:03.073 DEBUG --- [  restartedMain] o.s.b.f.s.DefaultListableBeanFactory     : Autowiring by type from bean name 'routerFunctionMapping' via factory method to bean named 'mvcResourceUrlProvider'
2026-01-28 12:40:03.075 DEBUG --- [  restartedMain] o.s.b.f.s.DefaultListableBeanFactory     : Creating shared instance of singleton bean 'messageConverters'
2026-01-28 12:40:03.075 DEBUG --- [  restartedMain] o.s.b.f.s.DefaultListableBeanFactory     : Creating shared instance of singleton bean 'org.springframework.boot.autoconfigure.http.HttpMessageConvertersAutoConfiguration'
2026-01-28 12:40:03.077 DEBUG --- [  restartedMain] o.s.b.f.s.DefaultListableBeanFactory     : Creating shared instance of singleton bean 'stringHttpMessageConverter'
2026-01-28 12:40:03.078 DEBUG --- [  restartedMain] o.s.b.f.s.DefaultListableBeanFactory     : Creating shared instance of singleton bean 'org.springframework.boot.autoconfigure.http.HttpMessageConvertersAutoConfiguration$StringHttpMessageConverterConfiguration'
2026-01-28 12:40:03.078 DEBUG --- [  restartedMain] o.s.b.f.s.DefaultListableBeanFactory     : Autowiring by type from bean name 'stringHttpMessageConverter' via factory method to bean named 'environment'
2026-01-28 12:40:03.081 DEBUG --- [  restartedMain] o.s.b.f.s.DefaultListableBeanFactory     : Creating shared instance of singleton bean 'mappingJackson2HttpMessageConverter'
2026-01-28 12:40:03.081 DEBUG --- [  restartedMain] o.s.b.f.s.DefaultListableBeanFactory     : Creating shared instance of singleton bean 'org.springframework.boot.autoconfigure.http.JacksonHttpMessageConvertersConfiguration$MappingJackson2HttpMessageConverterConfiguration'
2026-01-28 12:40:03.082 DEBUG --- [  restartedMain] o.s.b.f.s.DefaultListableBeanFactory     : Creating shared instance of singleton bean 'objectMapper'
2026-01-28 12:40:03.091 DEBUG --- [  restartedMain] o.s.b.f.s.DefaultListableBeanFactory     : Autowiring by type from bean name 'mappingJackson2HttpMessageConverter' via factory method to bean named 'objectMapper'
2026-01-28 12:40:03.100 DEBUG --- [  restartedMain] o.s.b.f.s.DefaultListableBeanFactory     : Creating shared instance of singleton bean 'resourceHandlerMapping'
2026-01-28 12:40:03.101 DEBUG --- [  restartedMain] o.s.b.f.s.DefaultListableBeanFactory     : Autowiring by type from bean name 'resourceHandlerMapping' via factory method to bean named 'mvcContentNegotiationManager'
2026-01-28 12:40:03.101 DEBUG --- [  restartedMain] o.s.b.f.s.DefaultListableBeanFactory     : Autowiring by type from bean name 'resourceHandlerMapping' via factory method to bean named 'mvcConversionService'
2026-01-28 12:40:03.101 DEBUG --- [  restartedMain] o.s.b.f.s.DefaultListableBeanFactory     : Autowiring by type from bean name 'resourceHandlerMapping' via factory method to bean named 'mvcResourceUrlProvider'
2026-01-28 12:40:03.113 DEBUG --- [  restartedMain] org.apache.catalina.webresources.Cache   : Increased cache size by [501] for item [org.apache.catalina.webresources.CachedResource@3f1280d1] at [/] making total cache size [1554]
2026-01-28 12:40:03.115 DEBUG --- [  restartedMain] _.s.web.servlet.HandlerMapping.Mappings  : 'resourceHandlerMapping' {/webjars/**=ResourceHttpRequestHandler [classpath [META-INF/resources/webjars/]], /**=ResourceHttpRequestHandler [classpath [META-INF/resources/], classpath [resources/], classpath [static/], classpath [public/], ServletContext [/]], /swagger-ui*/*swagger-initializer.js=ResourceHttpRequestHandler [classpath [META-INF/resources/webjars/]], /swagger-ui*/**=ResourceHttpRequestHandler [classpath [META-INF/resources/webjars/]]}
2026-01-28 12:40:03.117 DEBUG --- [  restartedMain] o.s.b.f.s.DefaultListableBeanFactory     : Creating shared instance of singleton bean 'defaultServletHandlerMapping'
2026-01-28 12:40:03.123 DEBUG --- [  restartedMain] o.s.b.f.s.DefaultListableBeanFactory     : Creating shared instance of singleton bean 'securityFilterChain'
2026-01-28 12:40:03.125 DEBUG --- [  restartedMain] o.s.b.f.s.DefaultListableBeanFactory     : Autowiring by type from bean name 'securityFilterChain' via factory method to bean named 'org.springframework.security.config.annotation.web.configuration.HttpSecurityConfiguration.httpSecurity'
2026-01-28 12:40:03.125 DEBUG --- [  restartedMain] o.s.b.f.s.DefaultListableBeanFactory     : Autowiring by type from bean name 'securityFilterChain' via factory method to bean named 'OAuth2LoginSuccessHandler'
2026-01-28 12:40:03.125 DEBUG --- [  restartedMain] o.s.b.f.s.DefaultListableBeanFactory     : Autowiring by type from bean name 'securityFilterChain' via factory method to bean named 'OAuth2LoginFailureHandler'
2026-01-28 12:40:03.132 DEBUG --- [  restartedMain] o.s.b.f.s.DefaultListableBeanFactory     : Creating shared instance of singleton bean 'webAuthorizationManagerPostProcessor'
2026-01-28 12:40:03.210 DEBUG --- [  restartedMain] o.s.b.f.s.DefaultListableBeanFactory     : Creating shared instance of singleton bean 'authenticationManagerPostProcessor'
2026-01-28 12:40:03.240 DEBUG --- [  restartedMain] o.s.s.web.DefaultSecurityFilterChain     : Will secure any request with filters: DisableEncodeUrlFilter, WebAsyncManagerIntegrationFilter, SecurityContextHolderFilter, HeaderWriterFilter, OAuth2AuthorizationRequestRedirectFilter, OAuth2LoginAuthenticationFilter, DefaultResourcesFilter, DefaultLoginPageGeneratingFilter, BearerTokenAuthenticationFilter, RequestCacheAwareFilter, SecurityContextHolderAwareRequestFilter, AnonymousAuthenticationFilter, ExceptionTranslationFilter, AuthorizationFilter
2026-01-28 12:40:03.242 DEBUG --- [  restartedMain] o.s.b.f.s.DefaultListableBeanFactory     : Creating shared instance of singleton bean 'springSecurityFilterChain'
2026-01-28 12:40:03.254 DEBUG --- [  restartedMain] o.s.b.f.s.DefaultListableBeanFactory     : Creating shared instance of singleton bean 'webSecurityExpressionHandler'
2026-01-28 12:40:03.255 DEBUG --- [  restartedMain] o.s.b.f.s.DefaultListableBeanFactory     : Creating shared instance of singleton bean 'privilegeEvaluator'
2026-01-28 12:40:03.255 DEBUG --- [  restartedMain] o.s.b.f.s.DefaultListableBeanFactory     : Creating shared instance of singleton bean 'requestDataValueProcessor'
2026-01-28 12:40:03.257 DEBUG --- [  restartedMain] o.s.b.f.s.DefaultListableBeanFactory     : Creating shared instance of singleton bean 'org.springframework.security.config.annotation.web.configuration.OAuth2ClientConfiguration'
2026-01-28 12:40:03.257 DEBUG --- [  restartedMain] o.s.b.f.s.DefaultListableBeanFactory     : Creating shared instance of singleton bean 'org.springframework.security.config.annotation.web.configuration.ObservationConfiguration'
2026-01-28 12:40:03.257 DEBUG --- [  restartedMain] o.s.b.f.s.DefaultListableBeanFactory     : Creating shared instance of singleton bean '_prePostMethodSecurityConfiguration'
2026-01-28 12:40:03.259 DEBUG --- [  restartedMain] o.s.b.f.s.DefaultListableBeanFactory     : Creating shared instance of singleton bean 'methodAuthorizationManagerPostProcessor'
2026-01-28 12:40:03.261 DEBUG --- [  restartedMain] o.s.b.f.s.DefaultListableBeanFactory     : Creating shared instance of singleton bean 'methodResultAuthorizationManagerPostProcessor'
2026-01-28 12:40:03.265 DEBUG --- [  restartedMain] o.s.b.f.s.DefaultListableBeanFactory     : Creating shared instance of singleton bean 'prePostAuthorizeExpressionHintsRegistrar'
2026-01-28 12:40:03.266 DEBUG --- [  restartedMain] o.s.b.f.s.DefaultListableBeanFactory     : Creating shared instance of singleton bean 'org.springframework.security.config.annotation.method.configuration.AuthorizationProxyConfiguration'
2026-01-28 12:40:03.266 DEBUG --- [  restartedMain] o.s.b.f.s.DefaultListableBeanFactory     : Creating shared instance of singleton bean 'authorizeReturnObjectHintsRegistrar'
2026-01-28 12:40:03.267 DEBUG --- [  restartedMain] o.s.b.f.s.DefaultListableBeanFactory     : Autowiring by type from bean name 'authorizeReturnObjectHintsRegistrar' via factory method to bean named 'authorizationProxyFactory'
2026-01-28 12:40:03.268 DEBUG --- [  restartedMain] o.s.b.f.s.DefaultListableBeanFactory     : Creating shared instance of singleton bean 'org.springframework.security.config.annotation.method.configuration.MethodObservationConfiguration'
2026-01-28 12:40:03.268 DEBUG --- [  restartedMain] o.s.b.f.s.DefaultListableBeanFactory     : Creating shared instance of singleton bean 'auditorAware'
2026-01-28 12:40:03.269 DEBUG --- [  restartedMain] o.s.b.f.s.DefaultListableBeanFactory     : Creating shared instance of singleton bean 'corsWebFilter'
2026-01-28 12:40:03.273 DEBUG --- [  restartedMain] o.s.b.f.s.DefaultListableBeanFactory     : Creating shared instance of singleton bean 'customOpenAPI'
2026-01-28 12:40:03.282 DEBUG --- [  restartedMain] o.s.b.f.s.DefaultListableBeanFactory     : Creating shared instance of singleton bean 'profileCreateQueue'
2026-01-28 12:40:03.284 DEBUG --- [  restartedMain] o.s.b.f.s.DefaultListableBeanFactory     : Creating shared instance of singleton bean 'profileExchange'
2026-01-28 12:40:03.285 DEBUG --- [  restartedMain] o.s.b.f.s.DefaultListableBeanFactory     : Creating shared instance of singleton bean 'profileCreateBinding'
2026-01-28 12:40:03.285 DEBUG --- [  restartedMain] o.s.b.f.s.DefaultListableBeanFactory     : Autowiring by type from bean name 'profileCreateBinding' via factory method to bean named 'profileCreateQueue'
2026-01-28 12:40:03.285 DEBUG --- [  restartedMain] o.s.b.f.s.DefaultListableBeanFactory     : Autowiring by type from bean name 'profileCreateBinding' via factory method to bean named 'profileExchange'
2026-01-28 12:40:03.287 DEBUG --- [  restartedMain] o.s.b.f.s.DefaultListableBeanFactory     : Creating shared instance of singleton bean 'redisTemplate'
2026-01-28 12:40:03.287 DEBUG --- [  restartedMain] o.s.b.f.s.DefaultListableBeanFactory     : Autowiring by type from bean name 'redisTemplate' via factory method to bean named 'redisConnectionFactory'
2026-01-28 12:40:03.289 DEBUG --- [  restartedMain] o.s.b.f.s.DefaultListableBeanFactory     : Creating shared instance of singleton bean 'booleanRedisTemplate'
2026-01-28 12:40:03.289 DEBUG --- [  restartedMain] o.s.b.f.s.DefaultListableBeanFactory     : Autowiring by type from bean name 'booleanRedisTemplate' via factory method to bean named 'redisConnectionFactory'
2026-01-28 12:40:03.291 DEBUG --- [  restartedMain] o.s.b.f.s.DefaultListableBeanFactory     : Creating shared instance of singleton bean 'jpaAuditingHandler'
2026-01-28 12:40:03.296 DEBUG --- [  restartedMain] o.s.b.f.s.DefaultListableBeanFactory     : Creating shared instance of singleton bean 'org.springframework.data.jpa.domain.support.AuditingEntityListener'
2026-01-28 12:40:03.298 DEBUG --- [  restartedMain] o.s.b.f.s.DefaultListableBeanFactory     : Creating shared instance of singleton bean 'org.springframework.boot.autoconfigure.context.PropertyPlaceholderAutoConfiguration'
2026-01-28 12:40:03.298 DEBUG --- [  restartedMain] o.s.b.f.s.DefaultListableBeanFactory     : Creating shared instance of singleton bean 'org.springframework.boot.autoconfigure.websocket.servlet.WebSocketServletAutoConfiguration'
2026-01-28 12:40:03.298 DEBUG --- [  restartedMain] o.s.b.f.s.DefaultListableBeanFactory     : Creating shared instance of singleton bean 'org.springframework.boot.autoconfigure.web.servlet.DispatcherServletAutoConfiguration'
2026-01-28 12:40:03.298 DEBUG --- [  restartedMain] o.s.b.f.s.DefaultListableBeanFactory     : Creating shared instance of singleton bean 'org.springframework.boot.autoconfigure.task.TaskExecutorConfigurations$ThreadPoolTaskExecutorBuilderConfiguration'
2026-01-28 12:40:03.299 DEBUG --- [  restartedMain] o.s.b.f.s.DefaultListableBeanFactory     : Creating shared instance of singleton bean 'threadPoolTaskExecutorBuilder'
2026-01-28 12:40:03.300 DEBUG --- [  restartedMain] o.s.b.f.s.DefaultListableBeanFactory     : Creating shared instance of singleton bean 'spring.task.execution-org.springframework.boot.autoconfigure.task.TaskExecutionProperties'
2026-01-28 12:40:03.301 DEBUG --- [  restartedMain] o.s.b.f.s.DefaultListableBeanFactory     : Autowiring by type from bean name 'threadPoolTaskExecutorBuilder' via factory method to bean named 'spring.task.execution-org.springframework.boot.autoconfigure.task.TaskExecutionProperties'
2026-01-28 12:40:03.304 DEBUG --- [  restartedMain] o.s.b.f.s.DefaultListableBeanFactory     : Creating shared instance of singleton bean 'org.springframework.boot.autoconfigure.task.TaskExecutorConfigurations$SimpleAsyncTaskExecutorBuilderConfiguration'
2026-01-28 12:40:03.305 DEBUG --- [  restartedMain] o.s.b.f.s.DefaultListableBeanFactory     : Autowiring by type from bean name 'org.springframework.boot.autoconfigure.task.TaskExecutorConfigurations$SimpleAsyncTaskExecutorBuilderConfiguration' via constructor to bean named 'spring.task.execution-org.springframework.boot.autoconfigure.task.TaskExecutionProperties'
2026-01-28 12:40:03.305 DEBUG --- [  restartedMain] o.s.b.f.s.DefaultListableBeanFactory     : Creating shared instance of singleton bean 'simpleAsyncTaskExecutorBuilder'
2026-01-28 12:40:03.306 DEBUG --- [  restartedMain] o.s.b.f.s.DefaultListableBeanFactory     : Creating shared instance of singleton bean 'org.springframework.boot.autoconfigure.task.TaskExecutorConfigurations$TaskExecutorConfiguration'
2026-01-28 12:40:03.306 DEBUG --- [  restartedMain] o.s.b.f.s.DefaultListableBeanFactory     : Creating shared instance of singleton bean 'org.springframework.boot.autoconfigure.task.TaskExecutionAutoConfiguration'
2026-01-28 12:40:03.307 DEBUG --- [  restartedMain] o.s.b.f.s.DefaultListableBeanFactory     : Creating shared instance of singleton bean 'org.springframework.boot.autoconfigure.validation.ValidationAutoConfiguration'
2026-01-28 12:40:03.307 DEBUG --- [  restartedMain] o.s.b.f.s.DefaultListableBeanFactory     : Creating shared instance of singleton bean 'defaultValidator'
2026-01-28 12:40:03.307 DEBUG --- [  restartedMain] o.s.b.f.s.DefaultListableBeanFactory     : Autowiring by type from bean name 'defaultValidator' via factory method to bean named 'org.springframework.boot.web.servlet.context.AnnotationConfigServletWebServerApplicationContext@7bfc1538'
2026-01-28 12:40:03.316 DEBUG --- [  restartedMain] o.s.b.f.s.DefaultListableBeanFactory     : Creating shared instance of singleton bean 'org.springframework.boot.autoconfigure.web.servlet.error.ErrorMvcAutoConfiguration$WhitelabelErrorViewConfiguration'
2026-01-28 12:40:03.317 DEBUG --- [  restartedMain] o.s.b.f.s.DefaultListableBeanFactory     : Creating shared instance of singleton bean 'error'
2026-01-28 12:40:03.318 DEBUG --- [  restartedMain] o.s.b.f.s.DefaultListableBeanFactory     : Creating shared instance of singleton bean 'beanNameViewResolver'
2026-01-28 12:40:03.318 DEBUG --- [  restartedMain] o.s.b.f.s.DefaultListableBeanFactory     : Creating shared instance of singleton bean 'org.springframework.boot.autoconfigure.web.servlet.error.ErrorMvcAutoConfiguration$DefaultErrorViewResolverConfiguration'
2026-01-28 12:40:03.319 DEBUG --- [  restartedMain] o.s.b.f.s.DefaultListableBeanFactory     : Autowiring by type from bean name 'org.springframework.boot.autoconfigure.web.servlet.error.ErrorMvcAutoConfiguration$DefaultErrorViewResolverConfiguration' via constructor to bean named 'org.springframework.boot.web.servlet.context.AnnotationConfigServletWebServerApplicationContext@7bfc1538'
2026-01-28 12:40:03.319 DEBUG --- [  restartedMain] o.s.b.f.s.DefaultListableBeanFactory     : Autowiring by type from bean name 'org.springframework.boot.autoconfigure.web.servlet.error.ErrorMvcAutoConfiguration$DefaultErrorViewResolverConfiguration' via constructor to bean named 'spring.web-org.springframework.boot.autoconfigure.web.WebProperties'
2026-01-28 12:40:03.319 DEBUG --- [  restartedMain] o.s.b.f.s.DefaultListableBeanFactory     : Creating shared instance of singleton bean 'conventionErrorViewResolver'
2026-01-28 12:40:03.320 DEBUG --- [  restartedMain] o.s.b.f.s.DefaultListableBeanFactory     : Creating shared instance of singleton bean 'errorAttributes'
2026-01-28 12:40:03.321 DEBUG --- [  restartedMain] o.s.b.f.s.DefaultListableBeanFactory     : Creating shared instance of singleton bean 'basicErrorController'
2026-01-28 12:40:03.321 DEBUG --- [  restartedMain] o.s.b.f.s.DefaultListableBeanFactory     : Autowiring by type from bean name 'basicErrorController' via factory method to bean named 'errorAttributes'
2026-01-28 12:40:03.322 DEBUG --- [  restartedMain] o.s.b.f.s.DefaultListableBeanFactory     : Creating shared instance of singleton bean 'localeResolver'
2026-01-28 12:40:03.323 DEBUG --- [  restartedMain] o.s.b.f.s.DefaultListableBeanFactory     : Creating shared instance of singleton bean 'themeResolver'
2026-01-28 12:40:03.324 DEBUG --- [  restartedMain] o.s.b.f.s.DefaultListableBeanFactory     : Creating shared instance of singleton bean 'flashMapManager'
2026-01-28 12:40:03.326 DEBUG --- [  restartedMain] o.s.b.f.s.DefaultListableBeanFactory     : Creating shared instance of singleton bean 'viewNameTranslator'
2026-01-28 12:40:03.326 DEBUG --- [  restartedMain] o.s.b.f.s.DefaultListableBeanFactory     : Creating shared instance of singleton bean 'mvcValidator'
2026-01-28 12:40:03.328 DEBUG --- [  restartedMain] o.s.b.f.s.DefaultListableBeanFactory     : Creating shared instance of singleton bean 'mvcPatternParser'
2026-01-28 12:40:03.329 DEBUG --- [  restartedMain] o.s.b.f.s.DefaultListableBeanFactory     : Creating shared instance of singleton bean 'mvcUrlPathHelper'
2026-01-28 12:40:03.329 DEBUG --- [  restartedMain] o.s.b.f.s.DefaultListableBeanFactory     : Creating shared instance of singleton bean 'mvcPathMatcher'
2026-01-28 12:40:03.330 DEBUG --- [  restartedMain] o.s.b.f.s.DefaultListableBeanFactory     : Creating shared instance of singleton bean 'requestMappingHandlerAdapter'
2026-01-28 12:40:03.330 DEBUG --- [  restartedMain] o.s.b.f.s.DefaultListableBeanFactory     : Autowiring by type from bean name 'requestMappingHandlerAdapter' via factory method to bean named 'mvcContentNegotiationManager'
2026-01-28 12:40:03.330 DEBUG --- [  restartedMain] o.s.b.f.s.DefaultListableBeanFactory     : Autowiring by type from bean name 'requestMappingHandlerAdapter' via factory method to bean named 'mvcConversionService'
2026-01-28 12:40:03.330 DEBUG --- [  restartedMain] o.s.b.f.s.DefaultListableBeanFactory     : Autowiring by type from bean name 'requestMappingHandlerAdapter' via factory method to bean named 'mvcValidator'
2026-01-28 12:40:03.339 DEBUG --- [  restartedMain] o.s.b.f.s.DefaultListableBeanFactory     : Creating shared instance of singleton bean 'sortResolver'
2026-01-28 12:40:03.340 DEBUG --- [  restartedMain] o.s.b.f.s.DefaultListableBeanFactory     : Creating shared instance of singleton bean 'sortCustomizer'
2026-01-28 12:40:03.340 DEBUG --- [  restartedMain] o.s.b.f.s.DefaultListableBeanFactory     : Creating shared instance of singleton bean 'org.springframework.boot.autoconfigure.data.web.SpringDataWebAutoConfiguration'
2026-01-28 12:40:03.341 DEBUG --- [  restartedMain] o.s.b.f.s.DefaultListableBeanFactory     : Autowiring by type from bean name 'org.springframework.boot.autoconfigure.data.web.SpringDataWebAutoConfiguration' via constructor to bean named 'spring.data.web-org.springframework.boot.autoconfigure.data.web.SpringDataWebProperties'
2026-01-28 12:40:03.343 DEBUG --- [  restartedMain] o.s.b.f.s.DefaultListableBeanFactory     : Creating shared instance of singleton bean 'pageableResolver'
2026-01-28 12:40:03.344 DEBUG --- [  restartedMain] o.s.b.f.s.DefaultListableBeanFactory     : Creating shared instance of singleton bean 'pageableCustomizer'
2026-01-28 12:40:03.347 DEBUG --- [onnection adder] com.zaxxer.hikari.pool.HikariPool        : HikariPool-1 - Added connection com.mysql.cj.jdbc.ConnectionImpl@766050ae
2026-01-28 12:40:03.347 DEBUG --- [  restartedMain] o.s.b.f.s.DefaultListableBeanFactory     : Creating shared instance of singleton bean 'applicationTaskExecutor'
2026-01-28 12:40:03.347 DEBUG --- [  restartedMain] o.s.b.f.s.DefaultListableBeanFactory     : Autowiring by type from bean name 'applicationTaskExecutor' via factory method to bean named 'threadPoolTaskExecutorBuilder'
2026-01-28 12:40:03.350 DEBUG --- [  restartedMain] o.s.s.concurrent.ThreadPoolTaskExecutor  : Initializing ExecutorService 'applicationTaskExecutor'
2026-01-28 12:40:03.357 DEBUG --- [  restartedMain] o.s.b.f.s.DefaultListableBeanFactory     : Creating shared instance of singleton bean 'org.springdoc.core.configuration.SpringDocConfiguration$OpenApiResourceAdvice'
2026-01-28 12:40:03.359 DEBUG --- [  restartedMain] o.s.b.f.s.DefaultListableBeanFactory     : Autowiring by type from bean name 'org.springdoc.core.configuration.SpringDocConfiguration$OpenApiResourceAdvice' via constructor to bean named 'org.springdoc.core.configuration.SpringDocConfiguration'
2026-01-28 12:40:03.363 DEBUG --- [  restartedMain] s.w.s.m.m.a.RequestMappingHandlerAdapter : ControllerAdvice beans: 0 @ModelAttribute, 0 @InitBinder, 1 RequestBodyAdvice, 1 ResponseBodyAdvice
2026-01-28 12:40:03.381 DEBUG --- [onnection adder] com.zaxxer.hikari.pool.HikariPool        : HikariPool-1 - After adding stats (total=10, active=0, idle=10, waiting=0)
2026-01-28 12:40:03.381 DEBUG --- [onnection adder] com.zaxxer.hikari.pool.HikariPool        : HikariPool-1 - Connection not added, stats (total=10, active=0, idle=10, waiting=0)
2026-01-28 12:40:03.388 DEBUG --- [  restartedMain] o.s.b.f.s.DefaultListableBeanFactory     : Creating shared instance of singleton bean 'mvcViewResolver'
2026-01-28 12:40:03.388 DEBUG --- [  restartedMain] o.s.b.f.s.DefaultListableBeanFactory     : Autowiring by type from bean name 'mvcViewResolver' via factory method to bean named 'mvcContentNegotiationManager'
2026-01-28 12:40:03.390 DEBUG --- [  restartedMain] o.s.b.f.s.DefaultListableBeanFactory     : Creating shared instance of singleton bean 'defaultViewResolver'
2026-01-28 12:40:03.395 DEBUG --- [  restartedMain] o.s.b.f.s.DefaultListableBeanFactory     : Creating shared instance of singleton bean 'viewResolver'
2026-01-28 12:40:03.395 DEBUG --- [  restartedMain] o.s.b.f.s.DefaultListableBeanFactory     : Autowiring by type from bean name 'viewResolver' via factory method to bean named 'org.springframework.beans.factory.support.DefaultListableBeanFactory@4b6ceb9d'
2026-01-28 12:40:03.397 DEBUG --- [  restartedMain] o.s.b.f.s.DefaultListableBeanFactory     : Creating shared instance of singleton bean 'viewResolver'
2026-01-28 12:40:03.406 DEBUG --- [  restartedMain] o.s.b.f.s.DefaultListableBeanFactory     : Creating shared instance of singleton bean 'handlerFunctionAdapter'
2026-01-28 12:40:03.408 DEBUG --- [  restartedMain] o.s.b.f.s.DefaultListableBeanFactory     : Creating shared instance of singleton bean 'mvcUriComponentsContributor'
2026-01-28 12:40:03.408 DEBUG --- [  restartedMain] o.s.b.f.s.DefaultListableBeanFactory     : Autowiring by type from bean name 'mvcUriComponentsContributor' via factory method to bean named 'mvcConversionService'
2026-01-28 12:40:03.408 DEBUG --- [  restartedMain] o.s.b.f.s.DefaultListableBeanFactory     : Autowiring by type from bean name 'mvcUriComponentsContributor' via factory method to bean named 'requestMappingHandlerAdapter'
2026-01-28 12:40:03.409 DEBUG --- [  restartedMain] o.s.b.f.s.DefaultListableBeanFactory     : Creating shared instance of singleton bean 'httpRequestHandlerAdapter'
2026-01-28 12:40:03.409 DEBUG --- [  restartedMain] o.s.b.f.s.DefaultListableBeanFactory     : Creating shared instance of singleton bean 'simpleControllerHandlerAdapter'
2026-01-28 12:40:03.410 DEBUG --- [  restartedMain] o.s.b.f.s.DefaultListableBeanFactory     : Creating shared instance of singleton bean 'handlerExceptionResolver'
2026-01-28 12:40:03.410 DEBUG --- [  restartedMain] o.s.b.f.s.DefaultListableBeanFactory     : Autowiring by type from bean name 'handlerExceptionResolver' via factory method to bean named 'mvcContentNegotiationManager'
2026-01-28 12:40:03.416 DEBUG --- [  restartedMain] .m.m.a.ExceptionHandlerExceptionResolver : ControllerAdvice beans: 2 @ExceptionHandler, 1 ResponseBodyAdvice
2026-01-28 12:40:03.417 DEBUG --- [  restartedMain] o.s.b.f.s.DefaultListableBeanFactory     : Creating shared instance of singleton bean 'org.springdoc.core.configuration.SpringDocConfiguration$QuerydslProvider'
2026-01-28 12:40:03.418 DEBUG --- [  restartedMain] o.s.b.f.s.DefaultListableBeanFactory     : Creating shared instance of singleton bean 'queryDslQuerydslPredicateOperationCustomizer'
2026-01-28 12:40:03.418 DEBUG --- [  restartedMain] o.s.b.f.s.DefaultListableBeanFactory     : Autowiring by type from bean name 'queryDslQuerydslPredicateOperationCustomizer' via factory method to bean named 'org.springdoc.core.properties.SpringDocConfigProperties'
2026-01-28 12:40:03.419 DEBUG --- [  restartedMain] o.s.b.f.s.DefaultListableBeanFactory     : Creating shared instance of singleton bean 'org.springdoc.core.configuration.SpringDocConfiguration$SpringDocWebFluxSupportConfiguration'
2026-01-28 12:40:03.419 DEBUG --- [  restartedMain] o.s.b.f.s.DefaultListableBeanFactory     : Creating shared instance of singleton bean 'webFluxSupportConverter'
2026-01-28 12:40:03.419 DEBUG --- [  restartedMain] o.s.b.f.s.DefaultListableBeanFactory     : Autowiring by type from bean name 'webFluxSupportConverter' via factory method to bean named 'springdocObjectMapperProvider'
2026-01-28 12:40:03.420 DEBUG --- [  restartedMain] o.s.b.f.s.DefaultListableBeanFactory     : Creating shared instance of singleton bean 'org.springdoc.core.configuration.SpringDocConfiguration$SpringDocSpringDataWebPropertiesProvider'
2026-01-28 12:40:03.420 DEBUG --- [  restartedMain] o.s.b.f.s.DefaultListableBeanFactory     : Creating shared instance of singleton bean 'springDataWebPropertiesProvider'
2026-01-28 12:40:03.421 DEBUG --- [  restartedMain] o.s.b.f.s.DefaultListableBeanFactory     : Creating shared instance of singleton bean 'org.springdoc.core.configuration.SpringDocConfiguration$WebConversionServiceConfiguration'
2026-01-28 12:40:03.421 DEBUG --- [  restartedMain] o.s.b.f.s.DefaultListableBeanFactory     : Creating shared instance of singleton bean 'webConversionServiceProvider'
2026-01-28 12:40:03.421 DEBUG --- [  restartedMain] o.s.b.f.s.DefaultListableBeanFactory     : Creating shared instance of singleton bean 'localSpringDocParameterNameDiscoverer'
2026-01-28 12:40:03.422 DEBUG --- [  restartedMain] o.s.b.f.s.DefaultListableBeanFactory     : Creating shared instance of singleton bean 'additionalModelsConverter'
2026-01-28 12:40:03.422 DEBUG --- [  restartedMain] o.s.b.f.s.DefaultListableBeanFactory     : Autowiring by type from bean name 'additionalModelsConverter' via factory method to bean named 'springdocObjectMapperProvider'
2026-01-28 12:40:03.423 DEBUG --- [  restartedMain] o.s.b.f.s.DefaultListableBeanFactory     : Creating shared instance of singleton bean 'fileSupportConverter'
2026-01-28 12:40:03.423 DEBUG --- [  restartedMain] o.s.b.f.s.DefaultListableBeanFactory     : Autowiring by type from bean name 'fileSupportConverter' via factory method to bean named 'springdocObjectMapperProvider'
2026-01-28 12:40:03.423 DEBUG --- [  restartedMain] o.s.b.f.s.DefaultListableBeanFactory     : Creating shared instance of singleton bean 'responseSupportConverter'
2026-01-28 12:40:03.423 DEBUG --- [  restartedMain] o.s.b.f.s.DefaultListableBeanFactory     : Autowiring by type from bean name 'responseSupportConverter' via factory method to bean named 'springdocObjectMapperProvider'
2026-01-28 12:40:03.424 DEBUG --- [  restartedMain] o.s.b.f.s.DefaultListableBeanFactory     : Creating shared instance of singleton bean 'schemaPropertyDeprecatingConverter'
2026-01-28 12:40:03.424 DEBUG --- [  restartedMain] o.s.b.f.s.DefaultListableBeanFactory     : Creating shared instance of singleton bean 'polymorphicModelConverter'
2026-01-28 12:40:03.424 DEBUG --- [  restartedMain] o.s.b.f.s.DefaultListableBeanFactory     : Autowiring by type from bean name 'polymorphicModelConverter' via factory method to bean named 'springdocObjectMapperProvider'
2026-01-28 12:40:03.425 DEBUG --- [  restartedMain] o.s.b.f.s.DefaultListableBeanFactory     : Creating shared instance of singleton bean 'openAPIBuilder'
2026-01-28 12:40:03.426 DEBUG --- [  restartedMain] o.s.b.f.s.DefaultListableBeanFactory     : Creating shared instance of singleton bean 'securityParser'
2026-01-28 12:40:03.427 DEBUG --- [  restartedMain] o.s.b.f.s.DefaultListableBeanFactory     : Creating shared instance of singleton bean 'propertyResolverUtils'
2026-01-28 12:40:03.427 DEBUG --- [  restartedMain] o.s.b.f.s.DefaultListableBeanFactory     : Autowiring by type from bean name 'propertyResolverUtils' via factory method to bean named 'org.springframework.beans.factory.support.DefaultListableBeanFactory@4b6ceb9d'
2026-01-28 12:40:03.427 DEBUG --- [  restartedMain] o.s.b.f.s.DefaultListableBeanFactory     : Autowiring by type from bean name 'propertyResolverUtils' via factory method to bean named 'messageSource'
2026-01-28 12:40:03.427 DEBUG --- [  restartedMain] o.s.b.f.s.DefaultListableBeanFactory     : Autowiring by type from bean name 'propertyResolverUtils' via factory method to bean named 'org.springdoc.core.properties.SpringDocConfigProperties'
2026-01-28 12:40:03.428 DEBUG --- [  restartedMain] o.s.b.f.s.DefaultListableBeanFactory     : Autowiring by type from bean name 'securityParser' via factory method to bean named 'propertyResolverUtils'
2026-01-28 12:40:03.431 DEBUG --- [  restartedMain] o.s.b.f.s.DefaultListableBeanFactory     : Autowiring by type from bean name 'openAPIBuilder' via factory method to bean named 'securityParser'
2026-01-28 12:40:03.431 DEBUG --- [  restartedMain] o.s.b.f.s.DefaultListableBeanFactory     : Autowiring by type from bean name 'openAPIBuilder' via factory method to bean named 'org.springdoc.core.properties.SpringDocConfigProperties'
2026-01-28 12:40:03.431 DEBUG --- [  restartedMain] o.s.b.f.s.DefaultListableBeanFactory     : Autowiring by type from bean name 'openAPIBuilder' via factory method to bean named 'propertyResolverUtils'
2026-01-28 12:40:03.434 DEBUG --- [  restartedMain] o.s.b.f.s.DefaultListableBeanFactory     : Creating shared instance of singleton bean 'modelConverterRegistrar'
2026-01-28 12:40:03.435 DEBUG --- [  restartedMain] o.s.b.f.s.DefaultListableBeanFactory     : Creating shared instance of singleton bean 'oas31ModelConverter'
2026-01-28 12:40:03.436 DEBUG --- [  restartedMain] o.s.b.f.s.DefaultListableBeanFactory     : Autowiring by type from bean name 'oas31ModelConverter' via factory method to bean named 'org.springdoc.core.properties.SpringDocConfigProperties'
2026-01-28 12:40:03.436 DEBUG --- [  restartedMain] o.s.b.f.s.DefaultListableBeanFactory     : Creating shared instance of singleton bean 'pageableOpenAPIConverter'
2026-01-28 12:40:03.436 DEBUG --- [  restartedMain] o.s.b.f.s.DefaultListableBeanFactory     : Creating shared instance of singleton bean 'org.springdoc.core.configuration.SpringDocPageableConfiguration'
2026-01-28 12:40:03.436 DEBUG --- [  restartedMain] o.s.b.f.s.DefaultListableBeanFactory     : Autowiring by type from bean name 'pageableOpenAPIConverter' via factory method to bean named 'springdocObjectMapperProvider'
2026-01-28 12:40:03.437 DEBUG --- [  restartedMain] o.s.b.f.s.DefaultListableBeanFactory     : Creating shared instance of singleton bean 'pageOpenAPIConverter'
2026-01-28 12:40:03.438 DEBUG --- [  restartedMain] o.s.b.f.s.DefaultListableBeanFactory     : Creating shared instance of singleton bean 'springDataWebSettings'
2026-01-28 12:40:03.439 DEBUG --- [  restartedMain] o.s.b.f.s.DefaultListableBeanFactory     : Autowiring by type from bean name 'pageOpenAPIConverter' via factory method to bean named 'springdocObjectMapperProvider'
2026-01-28 12:40:03.439 DEBUG --- [  restartedMain] o.s.b.f.s.DefaultListableBeanFactory     : Creating shared instance of singleton bean 'sortOpenAPIConverter'
2026-01-28 12:40:03.439 DEBUG --- [  restartedMain] o.s.b.f.s.DefaultListableBeanFactory     : Creating shared instance of singleton bean 'org.springdoc.core.configuration.SpringDocSortConfiguration'
2026-01-28 12:40:03.440 DEBUG --- [  restartedMain] o.s.b.f.s.DefaultListableBeanFactory     : Autowiring by type from bean name 'sortOpenAPIConverter' via factory method to bean named 'springdocObjectMapperProvider'
2026-01-28 12:40:03.441 DEBUG --- [  restartedMain] o.s.b.f.s.DefaultListableBeanFactory     : Autowiring by type from bean name 'modelConverterRegistrar' via factory method to bean named 'org.springdoc.core.properties.SpringDocConfigProperties'
2026-01-28 12:40:03.454 DEBUG --- [  restartedMain] o.s.b.f.s.DefaultListableBeanFactory     : Creating shared instance of singleton bean 'operationBuilder'
2026-01-28 12:40:03.454 DEBUG --- [  restartedMain] o.s.b.f.s.DefaultListableBeanFactory     : Creating shared instance of singleton bean 'parameterBuilder'
2026-01-28 12:40:03.455 DEBUG --- [  restartedMain] o.s.b.f.s.DefaultListableBeanFactory     : Creating shared instance of singleton bean 'parameterObjectNamingStrategyCustomizer'
2026-01-28 12:40:03.456 DEBUG --- [  restartedMain] o.s.b.f.s.DefaultListableBeanFactory     : Creating shared instance of singleton bean 'dataRestDelegatingMethodParameterCustomizer'
2026-01-28 12:40:03.458 DEBUG --- [  restartedMain] o.s.b.f.s.DefaultListableBeanFactory     : Autowiring by type from bean name 'parameterBuilder' via factory method to bean named 'propertyResolverUtils'
2026-01-28 12:40:03.458 DEBUG --- [  restartedMain] o.s.b.f.s.DefaultListableBeanFactory     : Autowiring by type from bean name 'parameterBuilder' via factory method to bean named 'springdocObjectMapperProvider'
2026-01-28 12:40:03.463 DEBUG --- [  restartedMain] o.s.b.f.s.DefaultListableBeanFactory     : Creating shared instance of singleton bean 'requestBodyBuilder'
2026-01-28 12:40:03.464 DEBUG --- [  restartedMain] o.s.b.f.s.DefaultListableBeanFactory     : Autowiring by type from bean name 'requestBodyBuilder' via factory method to bean named 'parameterBuilder'
2026-01-28 12:40:03.464 DEBUG --- [  restartedMain] o.s.b.f.s.DefaultListableBeanFactory     : Autowiring by type from bean name 'requestBodyBuilder' via factory method to bean named 'propertyResolverUtils'
2026-01-28 12:40:03.464 DEBUG --- [  restartedMain] o.s.b.f.s.DefaultListableBeanFactory     : Autowiring by type from bean name 'operationBuilder' via factory method to bean named 'parameterBuilder'
2026-01-28 12:40:03.464 DEBUG --- [  restartedMain] o.s.b.f.s.DefaultListableBeanFactory     : Autowiring by type from bean name 'operationBuilder' via factory method to bean named 'requestBodyBuilder'
2026-01-28 12:40:03.464 DEBUG --- [  restartedMain] o.s.b.f.s.DefaultListableBeanFactory     : Autowiring by type from bean name 'operationBuilder' via factory method to bean named 'securityParser'
2026-01-28 12:40:03.464 DEBUG --- [  restartedMain] o.s.b.f.s.DefaultListableBeanFactory     : Autowiring by type from bean name 'operationBuilder' via factory method to bean named 'propertyResolverUtils'
2026-01-28 12:40:03.466 DEBUG --- [  restartedMain] o.s.b.f.s.DefaultListableBeanFactory     : Creating shared instance of singleton bean 'springDocProviders'
2026-01-28 12:40:03.468 DEBUG --- [  restartedMain] o.s.b.f.s.DefaultListableBeanFactory     : Creating shared instance of singleton bean 'routerFunctionProvider'
2026-01-28 12:40:03.468 DEBUG --- [  restartedMain] o.s.b.f.s.DefaultListableBeanFactory     : Creating shared instance of singleton bean 'org.springdoc.webmvc.core.configuration.SpringDocWebMvcConfiguration$SpringDocWebMvcRouterConfiguration'
2026-01-28 12:40:03.470 DEBUG --- [  restartedMain] o.s.b.f.s.DefaultListableBeanFactory     : Autowiring by type from bean name 'springDocProviders' via factory method to bean named 'springdocObjectMapperProvider'
2026-01-28 12:40:03.473 DEBUG --- [  restartedMain] o.s.b.f.s.DefaultListableBeanFactory     : Creating shared instance of singleton bean 'springDocCustomizers'
2026-01-28 12:40:03.474 DEBUG --- [  restartedMain] o.s.b.f.s.DefaultListableBeanFactory     : Creating shared instance of singleton bean 'globalOpenApiCustomizer'
2026-01-28 12:40:03.480 DEBUG --- [  restartedMain] o.s.b.f.s.DefaultListableBeanFactory     : Creating shared instance of singleton bean 'org.springdoc.core.configuration.SpringDocSecurityConfiguration$SpringDocSecurityOAuth2ClientConfiguration'
2026-01-28 12:40:03.481 DEBUG --- [  restartedMain] o.s.b.f.s.DefaultListableBeanFactory     : Creating shared instance of singleton bean 'org.springdoc.core.configuration.SpringDocSecurityConfiguration'
2026-01-28 12:40:03.486 DEBUG --- [  restartedMain] o.s.b.f.s.DefaultListableBeanFactory     : Autowiring by type from bean name 'org.springdoc.core.configuration.SpringDocSecurityConfiguration$SpringDocSecurityOAuth2ClientConfiguration' via constructor to bean named 'org.springdoc.core.configuration.SpringDocSecurityConfiguration'
2026-01-28 12:40:03.486 DEBUG --- [  restartedMain] o.s.b.f.s.DefaultListableBeanFactory     : Creating shared instance of singleton bean 'org.springdoc.core.configuration.SpringDocSecurityConfiguration$SpringSecurityLoginEndpointConfiguration'
2026-01-28 12:40:03.487 DEBUG --- [  restartedMain] o.s.b.f.s.DefaultListableBeanFactory     : Autowiring by type from bean name 'org.springdoc.core.configuration.SpringDocSecurityConfiguration$SpringSecurityLoginEndpointConfiguration' via constructor to bean named 'org.springdoc.core.configuration.SpringDocSecurityConfiguration'
2026-01-28 12:40:03.487 DEBUG --- [  restartedMain] o.s.b.f.s.DefaultListableBeanFactory     : Creating shared instance of singleton bean 'openApiResource'
2026-01-28 12:40:03.487 DEBUG --- [  restartedMain] o.s.b.f.s.DefaultListableBeanFactory     : Creating shared instance of singleton bean 'requestBuilder'
2026-01-28 12:40:03.488 DEBUG --- [  restartedMain] o.s.b.f.s.DefaultListableBeanFactory     : Autowiring by type from bean name 'requestBuilder' via factory method to bean named 'parameterBuilder'
2026-01-28 12:40:03.488 DEBUG --- [  restartedMain] o.s.b.f.s.DefaultListableBeanFactory     : Autowiring by type from bean name 'requestBuilder' via factory method to bean named 'requestBodyBuilder'
2026-01-28 12:40:03.488 DEBUG --- [  restartedMain] o.s.b.f.s.DefaultListableBeanFactory     : Autowiring by type from bean name 'requestBuilder' via factory method to bean named 'localSpringDocParameterNameDiscoverer'
2026-01-28 12:40:03.491 DEBUG --- [  restartedMain] o.s.b.f.s.DefaultListableBeanFactory     : Creating shared instance of singleton bean 'responseBuilder'
2026-01-28 12:40:03.492 DEBUG --- [  restartedMain] o.s.b.f.s.DefaultListableBeanFactory     : Autowiring by type from bean name 'responseBuilder' via factory method to bean named 'operationBuilder'
2026-01-28 12:40:03.492 DEBUG --- [  restartedMain] o.s.b.f.s.DefaultListableBeanFactory     : Autowiring by type from bean name 'responseBuilder' via factory method to bean named 'org.springdoc.core.properties.SpringDocConfigProperties'
2026-01-28 12:40:03.492 DEBUG --- [  restartedMain] o.s.b.f.s.DefaultListableBeanFactory     : Autowiring by type from bean name 'responseBuilder' via factory method to bean named 'propertyResolverUtils'
2026-01-28 12:40:03.495 DEBUG --- [  restartedMain] o.s.b.f.s.DefaultListableBeanFactory     : Autowiring by type from bean name 'openApiResource' via factory method to bean named 'requestBuilder'
2026-01-28 12:40:03.495 DEBUG --- [  restartedMain] o.s.b.f.s.DefaultListableBeanFactory     : Autowiring by type from bean name 'openApiResource' via factory method to bean named 'responseBuilder'
2026-01-28 12:40:03.495 DEBUG --- [  restartedMain] o.s.b.f.s.DefaultListableBeanFactory     : Autowiring by type from bean name 'openApiResource' via factory method to bean named 'operationBuilder'
2026-01-28 12:40:03.495 DEBUG --- [  restartedMain] o.s.b.f.s.DefaultListableBeanFactory     : Autowiring by type from bean name 'openApiResource' via factory method to bean named 'org.springdoc.core.properties.SpringDocConfigProperties'
2026-01-28 12:40:03.495 DEBUG --- [  restartedMain] o.s.b.f.s.DefaultListableBeanFactory     : Autowiring by type from bean name 'openApiResource' via factory method to bean named 'springDocProviders'
2026-01-28 12:40:03.496 DEBUG --- [  restartedMain] o.s.b.f.s.DefaultListableBeanFactory     : Autowiring by type from bean name 'openApiResource' via factory method to bean named 'springDocCustomizers'
2026-01-28 12:40:03.499 DEBUG --- [  restartedMain] o.s.b.f.s.DefaultListableBeanFactory     : Creating shared instance of singleton bean 'swaggerConfigResource'
2026-01-28 12:40:03.500 DEBUG --- [  restartedMain] o.s.b.f.s.DefaultListableBeanFactory     : Autowiring by type from bean name 'swaggerConfigResource' via factory method to bean named 'swaggerWelcome'
2026-01-28 12:40:03.500 DEBUG --- [  restartedMain] o.s.b.f.s.DefaultListableBeanFactory     : Creating shared instance of singleton bean 'amqpAdmin'
2026-01-28 12:40:03.501 DEBUG --- [  restartedMain] o.s.b.f.s.DefaultListableBeanFactory     : Autowiring by type from bean name 'amqpAdmin' via factory method to bean named 'rabbitConnectionFactory'
2026-01-28 12:40:03.521 DEBUG --- [  restartedMain] o.s.b.f.s.DefaultListableBeanFactory     : Creating shared instance of singleton bean 'org.springframework.boot.autoconfigure.amqp.RabbitAutoConfiguration$MessagingTemplateConfiguration'
2026-01-28 12:40:03.522 DEBUG --- [  restartedMain] o.s.b.f.s.DefaultListableBeanFactory     : Creating shared instance of singleton bean 'rabbitMessagingTemplate'
2026-01-28 12:40:03.523 DEBUG --- [  restartedMain] o.s.b.f.s.DefaultListableBeanFactory     : Autowiring by type from bean name 'rabbitMessagingTemplate' via factory method to bean named 'rabbitTemplate'
2026-01-28 12:40:03.535 DEBUG --- [  restartedMain] o.s.b.f.s.DefaultListableBeanFactory     : Creating shared instance of singleton bean 'org.springframework.boot.autoconfigure.amqp.RabbitAnnotationDrivenConfiguration$EnableRabbitConfiguration'
2026-01-28 12:40:03.536 DEBUG --- [  restartedMain] o.s.b.f.s.DefaultListableBeanFactory     : Creating shared instance of singleton bean 'org.springframework.boot.autoconfigure.amqp.RabbitAnnotationDrivenConfiguration'
2026-01-28 12:40:03.538 DEBUG --- [  restartedMain] o.s.b.f.s.DefaultListableBeanFactory     : Autowiring by type from bean name 'org.springframework.boot.autoconfigure.amqp.RabbitAnnotationDrivenConfiguration' via constructor to bean named 'spring.rabbitmq-org.springframework.boot.autoconfigure.amqp.RabbitProperties'
2026-01-28 12:40:03.540 DEBUG --- [  restartedMain] o.s.b.f.s.DefaultListableBeanFactory     : Creating shared instance of singleton bean 'simpleRabbitListenerContainerFactoryConfigurer'
2026-01-28 12:40:03.543 DEBUG --- [  restartedMain] o.s.b.f.s.DefaultListableBeanFactory     : Creating shared instance of singleton bean 'rabbitListenerContainerFactory'
2026-01-28 12:40:03.546 DEBUG --- [  restartedMain] o.s.b.f.s.DefaultListableBeanFactory     : Autowiring by type from bean name 'rabbitListenerContainerFactory' via factory method to bean named 'simpleRabbitListenerContainerFactoryConfigurer'
2026-01-28 12:40:03.546 DEBUG --- [  restartedMain] o.s.b.f.s.DefaultListableBeanFactory     : Autowiring by type from bean name 'rabbitListenerContainerFactory' via factory method to bean named 'rabbitConnectionFactory'
2026-01-28 12:40:03.559 DEBUG --- [  restartedMain] o.s.b.f.s.DefaultListableBeanFactory     : Creating shared instance of singleton bean 'directRabbitListenerContainerFactoryConfigurer'
2026-01-28 12:40:03.561 DEBUG --- [  restartedMain] o.s.b.f.s.DefaultListableBeanFactory     : Creating shared instance of singleton bean 'org.springframework.boot.autoconfigure.amqp.RabbitAutoConfiguration'
2026-01-28 12:40:03.562 DEBUG --- [  restartedMain] o.s.b.f.s.DefaultListableBeanFactory     : Creating shared instance of singleton bean 'org.springframework.boot.autoconfigure.aop.AopAutoConfiguration$AspectJAutoProxyingConfiguration$CglibAutoProxyConfiguration'
2026-01-28 12:40:03.562 DEBUG --- [  restartedMain] o.s.b.f.s.DefaultListableBeanFactory     : Creating shared instance of singleton bean 'org.springframework.boot.autoconfigure.aop.AopAutoConfiguration$AspectJAutoProxyingConfiguration'
2026-01-28 12:40:03.563 DEBUG --- [  restartedMain] o.s.b.f.s.DefaultListableBeanFactory     : Creating shared instance of singleton bean 'org.springframework.boot.autoconfigure.aop.AopAutoConfiguration'
2026-01-28 12:40:03.563 DEBUG --- [  restartedMain] o.s.b.f.s.DefaultListableBeanFactory     : Creating shared instance of singleton bean 'org.springframework.boot.autoconfigure.availability.ApplicationAvailabilityAutoConfiguration'
2026-01-28 12:40:03.563 DEBUG --- [  restartedMain] o.s.b.f.s.DefaultListableBeanFactory     : Creating shared instance of singleton bean 'applicationAvailability'
2026-01-28 12:40:03.566 DEBUG --- [  restartedMain] o.s.b.f.s.DefaultListableBeanFactory     : Creating shared instance of singleton bean 'org.springframework.boot.autoconfigure.data.redis.LettuceConnectionConfiguration'
2026-01-28 12:40:03.567 DEBUG --- [  restartedMain] o.s.b.f.s.DefaultListableBeanFactory     : Creating shared instance of singleton bean 'spring.data.redis-org.springframework.boot.autoconfigure.data.redis.RedisProperties'
2026-01-28 12:40:03.569 DEBUG --- [  restartedMain] ySourcesPropertyResolver$DefaultResolver : Found key 'REDIS_CONTAINER' in PropertySource 'Config resource 'file [.env]' via location 'optional:file:.env[.properties]'' with value of type String
2026-01-28 12:40:03.571 DEBUG --- [  restartedMain] ySourcesPropertyResolver$DefaultResolver : Found key 'REDIS_PASSWORD' in PropertySource 'Config resource 'file [.env]' via location 'optional:file:.env[.properties]'' with value of type String
2026-01-28 12:40:03.571 DEBUG --- [  restartedMain] ySourcesPropertyResolver$DefaultResolver : Found key 'REDIS_PORT' in PropertySource 'Config resource 'file [.env]' via location 'optional:file:.env[.properties]'' with value of type String
2026-01-28 12:40:03.572 DEBUG --- [  restartedMain] ySourcesPropertyResolver$DefaultResolver : Found key 'REDIS_USER' in PropertySource 'Config resource 'file [.env]' via location 'optional:file:.env[.properties]'' with value of type String
2026-01-28 12:40:03.573 DEBUG --- [  restartedMain] o.s.b.f.s.DefaultListableBeanFactory     : Creating shared instance of singleton bean 'redisConnectionDetails'
2026-01-28 12:40:03.574 DEBUG --- [  restartedMain] o.s.b.f.s.DefaultListableBeanFactory     : Autowiring by type from bean name 'redisConnectionDetails' via factory method to bean named 'spring.data.redis-org.springframework.boot.autoconfigure.data.redis.RedisProperties'
2026-01-28 12:40:03.575 DEBUG --- [  restartedMain] o.s.b.f.s.DefaultListableBeanFactory     : Autowiring by type from bean name 'org.springframework.boot.autoconfigure.data.redis.LettuceConnectionConfiguration' via constructor to bean named 'spring.data.redis-org.springframework.boot.autoconfigure.data.redis.RedisProperties'
2026-01-28 12:40:03.575 DEBUG --- [  restartedMain] o.s.b.f.s.DefaultListableBeanFactory     : Autowiring by type from bean name 'org.springframework.boot.autoconfigure.data.redis.LettuceConnectionConfiguration' via constructor to bean named 'redisConnectionDetails'
2026-01-28 12:40:03.577 DEBUG --- [  restartedMain] o.s.b.f.s.DefaultListableBeanFactory     : Creating shared instance of singleton bean 'lettuceClientResources'
2026-01-28 12:40:03.578 DEBUG --- [  restartedMain] i.l.c.r.DefaultEventLoopGroupProvider    : Creating executor io.netty.util.concurrent.DefaultEventExecutorGroup
2026-01-28 12:40:03.578 DEBUG --- [  restartedMain] i.l.c.resource.DefaultClientResources    : LatencyUtils/HdrUtils are not available, metrics are disabled
2026-01-28 12:40:03.579 DEBUG --- [  restartedMain] o.s.b.f.s.DefaultListableBeanFactory     : Creating shared instance of singleton bean 'org.springframework.boot.autoconfigure.transaction.jta.JtaAutoConfiguration'
2026-01-28 12:40:03.580 DEBUG --- [  restartedMain] o.s.b.f.s.DefaultListableBeanFactory     : Creating shared instance of singleton bean 'org.springframework.boot.autoconfigure.jdbc.metadata.DataSourcePoolMetadataProvidersConfiguration'
2026-01-28 12:40:03.580 DEBUG --- [  restartedMain] o.s.b.f.s.DefaultListableBeanFactory     : Creating shared instance of singleton bean 'org.springframework.boot.autoconfigure.jdbc.DataSourceAutoConfiguration'
2026-01-28 12:40:03.580 DEBUG --- [  restartedMain] o.s.b.f.s.DefaultListableBeanFactory     : Creating shared instance of singleton bean 'org.springframework.boot.autoconfigure.transaction.TransactionManagerCustomizationAutoConfiguration'
2026-01-28 12:40:03.580 DEBUG --- [  restartedMain] o.s.b.f.s.DefaultListableBeanFactory     : Creating shared instance of singleton bean 'platformTransactionManagerCustomizers'
2026-01-28 12:40:03.581 DEBUG --- [  restartedMain] o.s.b.f.s.DefaultListableBeanFactory     : Creating shared instance of singleton bean 'transactionExecutionListeners'
2026-01-28 12:40:03.582 DEBUG --- [  restartedMain] o.s.b.f.s.DefaultListableBeanFactory     : Creating shared instance of singleton bean 'spring.transaction-org.springframework.boot.autoconfigure.transaction.TransactionProperties'
2026-01-28 12:40:03.583 DEBUG --- [  restartedMain] o.s.b.f.s.DefaultListableBeanFactory     : Creating shared instance of singleton bean 'loggingRebinder'
2026-01-28 12:40:03.584 DEBUG --- [  restartedMain] o.s.b.f.s.DefaultListableBeanFactory     : Creating shared instance of singleton bean 'refreshScopeLifecycle'
2026-01-28 12:40:03.584 DEBUG --- [  restartedMain] o.s.b.f.s.DefaultListableBeanFactory     : Autowiring by type from bean name 'refreshScopeLifecycle' via factory method to bean named 'configDataContextRefresher'
2026-01-28 12:40:03.584 DEBUG --- [  restartedMain] o.s.b.f.s.DefaultListableBeanFactory     : Creating shared instance of singleton bean 'org.springframework.boot.autoconfigure.orm.jpa.JpaBaseConfiguration$PersistenceManagedTypesConfiguration'
2026-01-28 12:40:03.584 DEBUG --- [  restartedMain] o.s.b.f.s.DefaultListableBeanFactory     : Creating shared instance of singleton bean 'transactionManager'
2026-01-28 12:40:03.590 DEBUG --- [  restartedMain] o.s.b.f.s.DefaultListableBeanFactory     : Creating shared instance of singleton bean 'org.springframework.boot.autoconfigure.orm.jpa.HibernateJpaAutoConfiguration'
2026-01-28 12:40:03.591 DEBUG --- [  restartedMain] o.s.b.f.s.DefaultListableBeanFactory     : Creating shared instance of singleton bean 'org.springframework.boot.autoconfigure.jackson.JacksonAutoConfiguration$Jackson2ObjectMapperBuilderCustomizerConfiguration'
2026-01-28 12:40:03.591 DEBUG --- [  restartedMain] o.s.b.f.s.DefaultListableBeanFactory     : Creating shared instance of singleton bean 'standardJacksonObjectMapperBuilderCustomizer'
2026-01-28 12:40:03.591 DEBUG --- [  restartedMain] o.s.b.f.s.DefaultListableBeanFactory     : Creating shared instance of singleton bean 'spring.jackson-org.springframework.boot.autoconfigure.jackson.JacksonProperties'
2026-01-28 12:40:03.593 DEBUG --- [  restartedMain] o.s.b.f.s.DefaultListableBeanFactory     : Autowiring by type from bean name 'standardJacksonObjectMapperBuilderCustomizer' via factory method to bean named 'spring.jackson-org.springframework.boot.autoconfigure.jackson.JacksonProperties'
2026-01-28 12:40:03.593 DEBUG --- [  restartedMain] o.s.b.f.s.DefaultListableBeanFactory     : Creating shared instance of singleton bean 'parameterNamesModule'
2026-01-28 12:40:03.593 DEBUG --- [  restartedMain] o.s.b.f.s.DefaultListableBeanFactory     : Creating shared instance of singleton bean 'org.springframework.boot.autoconfigure.jackson.JacksonAutoConfiguration$ParameterNamesModuleConfiguration'
2026-01-28 12:40:03.594 DEBUG --- [  restartedMain] o.s.b.f.s.DefaultListableBeanFactory     : Creating shared instance of singleton bean 'jsonMixinModule'
2026-01-28 12:40:03.594 DEBUG --- [  restartedMain] o.s.b.f.s.DefaultListableBeanFactory     : Creating shared instance of singleton bean 'org.springframework.boot.autoconfigure.jackson.JacksonAutoConfiguration$JacksonMixinConfiguration'
2026-01-28 12:40:03.595 DEBUG --- [  restartedMain] o.s.b.f.s.DefaultListableBeanFactory     : Creating shared instance of singleton bean 'jsonMixinModuleEntries'
2026-01-28 12:40:03.595 DEBUG --- [  restartedMain] o.s.b.f.s.DefaultListableBeanFactory     : Autowiring by type from bean name 'jsonMixinModuleEntries' via factory method to bean named 'org.springframework.boot.web.servlet.context.AnnotationConfigServletWebServerApplicationContext@7bfc1538'
2026-01-28 12:40:03.603 DEBUG --- [  restartedMain] o.s.b.f.s.DefaultListableBeanFactory     : Autowiring by type from bean name 'jsonMixinModule' via factory method to bean named 'org.springframework.boot.web.servlet.context.AnnotationConfigServletWebServerApplicationContext@7bfc1538'
2026-01-28 12:40:03.603 DEBUG --- [  restartedMain] o.s.b.f.s.DefaultListableBeanFactory     : Autowiring by type from bean name 'jsonMixinModule' via factory method to bean named 'jsonMixinModuleEntries'
2026-01-28 12:40:03.604 DEBUG --- [  restartedMain] o.s.b.f.s.DefaultListableBeanFactory     : Creating shared instance of singleton bean 'jsonComponentModule'
2026-01-28 12:40:03.604 DEBUG --- [  restartedMain] o.s.b.f.s.DefaultListableBeanFactory     : Creating shared instance of singleton bean 'org.springframework.boot.autoconfigure.jackson.JacksonAutoConfiguration'
2026-01-28 12:40:03.607 DEBUG --- [  restartedMain] o.s.b.f.s.DefaultListableBeanFactory     : Creating shared instance of singleton bean 'jacksonGeoModule'
2026-01-28 12:40:03.607 DEBUG --- [  restartedMain] o.s.b.f.s.DefaultListableBeanFactory     : Creating shared instance of singleton bean 'org.springframework.data.web.config.SpringDataJacksonConfiguration'
2026-01-28 12:40:03.610 DEBUG --- [  restartedMain] o.s.b.f.s.DefaultListableBeanFactory     : Creating shared instance of singleton bean 'pageModule'
2026-01-28 12:40:03.612 DEBUG --- [  restartedMain] o.s.b.f.s.DefaultListableBeanFactory     : Creating shared instance of singleton bean 'pageJacksonModule'
2026-01-28 12:40:03.612 DEBUG --- [  restartedMain] o.s.b.f.s.DefaultListableBeanFactory     : Creating shared instance of singleton bean 'org.springframework.cloud.openfeign.FeignAutoConfiguration$FeignJacksonConfiguration'
2026-01-28 12:40:03.612 DEBUG --- [  restartedMain] o.s.b.f.s.DefaultListableBeanFactory     : Creating shared instance of singleton bean 'sortModule'
2026-01-28 12:40:03.613 DEBUG --- [  restartedMain] o.s.b.f.s.DefaultListableBeanFactory     : Creating shared instance of singleton bean 'org.springframework.boot.autoconfigure.jackson.JacksonAutoConfiguration$JacksonObjectMapperBuilderConfiguration'
2026-01-28 12:40:03.614 DEBUG --- [  restartedMain] o.s.b.f.s.DefaultListableBeanFactory     : Creating shared instance of singleton bean 'org.springframework.boot.autoconfigure.jackson.JacksonAutoConfiguration$JacksonObjectMapperConfiguration'
2026-01-28 12:40:03.614 DEBUG --- [  restartedMain] o.s.b.f.s.DefaultListableBeanFactory     : Creating shared instance of singleton bean 'org.springframework.boot.autoconfigure.context.ConfigurationPropertiesAutoConfiguration'
2026-01-28 12:40:03.614 DEBUG --- [  restartedMain] o.s.b.f.s.DefaultListableBeanFactory     : Creating shared instance of singleton bean 'org.springframework.boot.autoconfigure.context.LifecycleAutoConfiguration'
2026-01-28 12:40:03.614 DEBUG --- [  restartedMain] o.s.b.f.s.DefaultListableBeanFactory     : Creating shared instance of singleton bean 'lifecycleProcessor'
2026-01-28 12:40:03.615 DEBUG --- [  restartedMain] o.s.b.f.s.DefaultListableBeanFactory     : Creating shared instance of singleton bean 'spring.lifecycle-org.springframework.boot.autoconfigure.context.LifecycleProperties'
2026-01-28 12:40:03.615 DEBUG --- [  restartedMain] o.s.b.f.s.DefaultListableBeanFactory     : Autowiring by type from bean name 'lifecycleProcessor' via factory method to bean named 'spring.lifecycle-org.springframework.boot.autoconfigure.context.LifecycleProperties'
2026-01-28 12:40:03.617 DEBUG --- [  restartedMain] o.s.b.f.s.DefaultListableBeanFactory     : Creating shared instance of singleton bean 'org.springframework.boot.autoconfigure.dao.PersistenceExceptionTranslationAutoConfiguration'
2026-01-28 12:40:03.617 DEBUG --- [  restartedMain] o.s.b.f.s.DefaultListableBeanFactory     : Creating shared instance of singleton bean 'org.springframework.boot.autoconfigure.data.jpa.JpaRepositoriesAutoConfiguration'
2026-01-28 12:40:03.617 DEBUG --- [  restartedMain] o.s.b.f.s.DefaultListableBeanFactory     : Creating shared instance of singleton bean 'org.springframework.data.jpa.util.JpaMetamodelCacheCleanup'
2026-01-28 12:40:03.617 DEBUG --- [  restartedMain] o.s.b.f.s.DefaultListableBeanFactory     : Creating shared instance of singleton bean 'org.springframework.data.jpa.repository.support.JpaEvaluationContextExtension'
2026-01-28 12:40:03.619 DEBUG --- [  restartedMain] o.s.b.f.s.DefaultListableBeanFactory     : Creating shared instance of singleton bean 'data-jpa.repository-aot-processor#0'
2026-01-28 12:40:03.622 DEBUG --- [  restartedMain] o.s.b.f.s.DefaultListableBeanFactory     : Creating shared instance of singleton bean 'org.springframework.boot.autoconfigure.data.redis.RedisReactiveAutoConfiguration'
2026-01-28 12:40:03.622 DEBUG --- [  restartedMain] o.s.b.f.s.DefaultListableBeanFactory     : Creating shared instance of singleton bean 'reactiveRedisTemplate'
2026-01-28 12:40:03.623 DEBUG --- [  restartedMain] o.s.b.f.s.DefaultListableBeanFactory     : Autowiring by type from bean name 'reactiveRedisTemplate' via factory method to bean named 'redisConnectionFactory'
2026-01-28 12:40:03.623 DEBUG --- [  restartedMain] o.s.b.f.s.DefaultListableBeanFactory     : Autowiring by type from bean name 'reactiveRedisTemplate' via factory method to bean named 'org.springframework.boot.web.servlet.context.AnnotationConfigServletWebServerApplicationContext@7bfc1538'
2026-01-28 12:40:03.648 DEBUG --- [  restartedMain] o.s.b.f.s.DefaultListableBeanFactory     : Creating shared instance of singleton bean 'reactiveStringRedisTemplate'
2026-01-28 12:40:03.648 DEBUG --- [  restartedMain] o.s.b.f.s.DefaultListableBeanFactory     : Autowiring by type from bean name 'reactiveStringRedisTemplate' via factory method to bean named 'redisConnectionFactory'
2026-01-28 12:40:03.650 DEBUG --- [  restartedMain] o.s.b.f.s.DefaultListableBeanFactory     : Creating shared instance of singleton bean 'org.springframework.boot.autoconfigure.data.redis.RedisRepositoriesAutoConfiguration'
2026-01-28 12:40:03.650 DEBUG --- [  restartedMain] o.s.b.f.s.DefaultListableBeanFactory     : Creating shared instance of singleton bean 'redisIndexConfiguration#0'
2026-01-28 12:40:03.651 DEBUG --- [  restartedMain] o.s.b.f.s.DefaultListableBeanFactory     : Creating shared instance of singleton bean 'redisKeyspaceConfiguration#0'
2026-01-28 12:40:03.651 DEBUG --- [  restartedMain] o.s.b.f.s.DefaultListableBeanFactory     : Creating shared instance of singleton bean 'redisMappingConfiguration#0'
2026-01-28 12:40:03.651 DEBUG --- [  restartedMain] o.s.b.f.s.DefaultListableBeanFactory     : Creating shared instance of singleton bean 'keyValueMappingContext'
2026-01-28 12:40:03.653 DEBUG --- [  restartedMain] o.s.b.f.s.DefaultListableBeanFactory     : Creating shared instance of singleton bean 'redisCustomConversions'
2026-01-28 12:40:03.654 DEBUG --- [  restartedMain] o.s.data.convert.CustomConversions       : Adding converter from class java.lang.String to class [B as writing converter
2026-01-28 12:40:03.654 DEBUG --- [  restartedMain] o.s.data.convert.CustomConversions       : Adding converter from class [B to class java.lang.String as reading converter
2026-01-28 12:40:03.654 DEBUG --- [  restartedMain] o.s.data.convert.CustomConversions       : Adding converter from class java.lang.Number to class [B as writing converter
2026-01-28 12:40:03.654 DEBUG --- [  restartedMain] o.s.data.convert.CustomConversions       : Adding converter from class [B to class java.lang.Number as reading converter
2026-01-28 12:40:03.654 DEBUG --- [  restartedMain] o.s.data.convert.CustomConversions       : Adding converter from class java.lang.Enum to class [B as writing converter
2026-01-28 12:40:03.654 DEBUG --- [  restartedMain] o.s.data.convert.CustomConversions       : Adding converter from class [B to class java.lang.Enum as reading converter
2026-01-28 12:40:03.654 DEBUG --- [  restartedMain] o.s.data.convert.CustomConversions       : Adding converter from class java.lang.Boolean to class [B as writing converter
2026-01-28 12:40:03.654 DEBUG --- [  restartedMain] o.s.data.convert.CustomConversions       : Adding converter from class [B to class java.lang.Boolean as reading converter
2026-01-28 12:40:03.654 DEBUG --- [  restartedMain] o.s.data.convert.CustomConversions       : Adding converter from class java.util.Date to class [B as writing converter
2026-01-28 12:40:03.654 DEBUG --- [  restartedMain] o.s.data.convert.CustomConversions       : Adding converter from class [B to class java.util.Date as reading converter
2026-01-28 12:40:03.654 DEBUG --- [  restartedMain] o.s.data.convert.CustomConversions       : Adding converter from class java.util.UUID to class [B as writing converter
2026-01-28 12:40:03.654 DEBUG --- [  restartedMain] o.s.data.convert.CustomConversions       : Adding converter from class [B to class java.util.UUID as reading converter
2026-01-28 12:40:03.654 DEBUG --- [  restartedMain] o.s.data.convert.CustomConversions       : Adding converter from class java.time.LocalDateTime to class [B as reading converter
2026-01-28 12:40:03.654 DEBUG --- [  restartedMain] o.s.data.convert.CustomConversions       : Adding converter from class [B to class java.time.LocalDateTime as reading converter
2026-01-28 12:40:03.654 DEBUG --- [  restartedMain] o.s.data.convert.CustomConversions       : Adding converter from class java.time.LocalDate to class [B as reading converter
2026-01-28 12:40:03.654 DEBUG --- [  restartedMain] o.s.data.convert.CustomConversions       : Adding converter from class [B to class java.time.LocalDate as reading converter
2026-01-28 12:40:03.654 DEBUG --- [  restartedMain] o.s.data.convert.CustomConversions       : Adding converter from class java.time.LocalTime to class [B as reading converter
2026-01-28 12:40:03.654 DEBUG --- [  restartedMain] o.s.data.convert.CustomConversions       : Adding converter from class [B to class java.time.LocalTime as reading converter
2026-01-28 12:40:03.654 DEBUG --- [  restartedMain] o.s.data.convert.CustomConversions       : Adding converter from class java.time.ZonedDateTime to class [B as reading converter
2026-01-28 12:40:03.654 DEBUG --- [  restartedMain] o.s.data.convert.CustomConversions       : Adding converter from class [B to class java.time.ZonedDateTime as reading converter
2026-01-28 12:40:03.654 DEBUG --- [  restartedMain] o.s.data.convert.CustomConversions       : Adding converter from class java.time.Instant to class [B as reading converter
2026-01-28 12:40:03.654 DEBUG --- [  restartedMain] o.s.data.convert.CustomConversions       : Adding converter from class [B to class java.time.Instant as reading converter
2026-01-28 12:40:03.654 DEBUG --- [  restartedMain] o.s.data.convert.CustomConversions       : Adding converter from class java.time.ZoneId to class [B as reading converter
2026-01-28 12:40:03.654 DEBUG --- [  restartedMain] o.s.data.convert.CustomConversions       : Adding converter from class [B to class java.time.ZoneId as reading converter
2026-01-28 12:40:03.654 DEBUG --- [  restartedMain] o.s.data.convert.CustomConversions       : Adding converter from class java.time.Period to class [B as reading converter
2026-01-28 12:40:03.654 DEBUG --- [  restartedMain] o.s.data.convert.CustomConversions       : Adding converter from class [B to class java.time.Period as reading converter
2026-01-28 12:40:03.654 DEBUG --- [  restartedMain] o.s.data.convert.CustomConversions       : Adding converter from class java.time.Duration to class [B as reading converter
2026-01-28 12:40:03.654 DEBUG --- [  restartedMain] o.s.data.convert.CustomConversions       : Adding converter from class [B to class java.time.Duration as reading converter
2026-01-28 12:40:03.654 DEBUG --- [  restartedMain] o.s.data.convert.CustomConversions       : Adding converter from class java.time.OffsetDateTime to class [B as reading converter
2026-01-28 12:40:03.654 DEBUG --- [  restartedMain] o.s.data.convert.CustomConversions       : Adding converter from class [B to class java.time.OffsetDateTime as reading converter
2026-01-28 12:40:03.654 DEBUG --- [  restartedMain] o.s.data.convert.CustomConversions       : Adding converter from class java.time.OffsetTime to class [B as reading converter
2026-01-28 12:40:03.654 DEBUG --- [  restartedMain] o.s.data.convert.CustomConversions       : Adding converter from class [B to class java.time.OffsetTime as reading converter
2026-01-28 12:40:03.654 DEBUG --- [  restartedMain] o.s.data.convert.CustomConversions       : Adding converter from class java.util.Date to class java.time.LocalDateTime as reading converter
2026-01-28 12:40:03.654 DEBUG --- [  restartedMain] o.s.data.convert.CustomConversions       : Adding converter from class java.time.LocalDateTime to class java.util.Date as writing converter
2026-01-28 12:40:03.654 DEBUG --- [  restartedMain] o.s.data.convert.CustomConversions       : Adding converter from class java.util.Date to class java.time.LocalDate as reading converter
2026-01-28 12:40:03.655 DEBUG --- [  restartedMain] o.s.data.convert.CustomConversions       : Adding converter from class java.time.LocalDate to class java.util.Date as writing converter
2026-01-28 12:40:03.655 DEBUG --- [  restartedMain] o.s.data.convert.CustomConversions       : Adding converter from class java.util.Date to class java.time.LocalTime as reading converter
2026-01-28 12:40:03.655 DEBUG --- [  restartedMain] o.s.data.convert.CustomConversions       : Adding converter from class java.time.LocalTime to class java.util.Date as writing converter
2026-01-28 12:40:03.655 DEBUG --- [  restartedMain] o.s.data.convert.CustomConversions       : Adding converter from class java.util.Date to class java.time.Instant as reading converter
2026-01-28 12:40:03.655 DEBUG --- [  restartedMain] o.s.data.convert.CustomConversions       : Adding converter from class java.time.Instant to class java.util.Date as writing converter
2026-01-28 12:40:03.655 DEBUG --- [  restartedMain] o.s.data.convert.CustomConversions       : Adding converter from class java.time.LocalDateTime to class java.time.Instant as reading converter
2026-01-28 12:40:03.655 DEBUG --- [  restartedMain] o.s.data.convert.CustomConversions       : Adding converter from class java.time.Instant to class java.time.LocalDateTime as reading converter
2026-01-28 12:40:03.655 DEBUG --- [  restartedMain] o.s.data.convert.CustomConversions       : Adding converter from class java.time.ZoneId to class java.lang.String as writing converter
2026-01-28 12:40:03.655 DEBUG --- [  restartedMain] o.s.data.convert.CustomConversions       : Adding converter from class java.lang.String to class java.time.ZoneId as reading converter
2026-01-28 12:40:03.655 DEBUG --- [  restartedMain] o.s.data.convert.CustomConversions       : Adding converter from class java.time.Duration to class java.lang.String as writing converter
2026-01-28 12:40:03.655 DEBUG --- [  restartedMain] o.s.data.convert.CustomConversions       : Adding converter from class java.lang.String to class java.time.Duration as reading converter
2026-01-28 12:40:03.655 DEBUG --- [  restartedMain] o.s.data.convert.CustomConversions       : Adding converter from class java.time.Period to class java.lang.String as writing converter
2026-01-28 12:40:03.655 DEBUG --- [  restartedMain] o.s.data.convert.CustomConversions       : Adding converter from class java.lang.String to class java.time.Period as reading converter
2026-01-28 12:40:03.655 DEBUG --- [  restartedMain] o.s.data.convert.CustomConversions       : Adding converter from class java.lang.String to class java.time.LocalDate as reading converter
2026-01-28 12:40:03.655 DEBUG --- [  restartedMain] o.s.data.convert.CustomConversions       : Adding converter from class java.lang.String to class java.time.LocalDateTime as reading converter
2026-01-28 12:40:03.655 DEBUG --- [  restartedMain] o.s.data.convert.CustomConversions       : Adding converter from class java.lang.String to class java.time.Instant as reading converter
2026-01-28 12:40:03.655 DEBUG --- [  restartedMain] o.s.b.f.s.DefaultListableBeanFactory     : Creating shared instance of singleton bean 'redisReferenceResolver'
2026-01-28 12:40:03.656 DEBUG --- [  restartedMain] o.s.b.f.s.DefaultListableBeanFactory     : Creating shared instance of singleton bean 'redisConverter'
2026-01-28 12:40:03.657 DEBUG --- [  restartedMain] o.s.data.convert.CustomConversions       : Adding converter from class java.lang.String to class [B as writing converter
2026-01-28 12:40:03.657 DEBUG --- [  restartedMain] o.s.data.convert.CustomConversions       : Adding converter from class [B to class java.lang.String as reading converter
2026-01-28 12:40:03.657 DEBUG --- [  restartedMain] o.s.data.convert.CustomConversions       : Adding converter from class java.lang.Number to class [B as writing converter
2026-01-28 12:40:03.657 DEBUG --- [  restartedMain] o.s.data.convert.CustomConversions       : Adding converter from class [B to class java.lang.Number as reading converter
2026-01-28 12:40:03.657 DEBUG --- [  restartedMain] o.s.data.convert.CustomConversions       : Adding converter from class java.lang.Enum to class [B as writing converter
2026-01-28 12:40:03.657 DEBUG --- [  restartedMain] o.s.data.convert.CustomConversions       : Adding converter from class [B to class java.lang.Enum as reading converter
2026-01-28 12:40:03.657 DEBUG --- [  restartedMain] o.s.data.convert.CustomConversions       : Adding converter from class java.lang.Boolean to class [B as writing converter
2026-01-28 12:40:03.657 DEBUG --- [  restartedMain] o.s.data.convert.CustomConversions       : Adding converter from class [B to class java.lang.Boolean as reading converter
2026-01-28 12:40:03.657 DEBUG --- [  restartedMain] o.s.data.convert.CustomConversions       : Adding converter from class java.util.Date to class [B as writing converter
2026-01-28 12:40:03.657 DEBUG --- [  restartedMain] o.s.data.convert.CustomConversions       : Adding converter from class [B to class java.util.Date as reading converter
2026-01-28 12:40:03.657 DEBUG --- [  restartedMain] o.s.data.convert.CustomConversions       : Adding converter from class java.util.UUID to class [B as writing converter
2026-01-28 12:40:03.657 DEBUG --- [  restartedMain] o.s.data.convert.CustomConversions       : Adding converter from class [B to class java.util.UUID as reading converter
2026-01-28 12:40:03.657 DEBUG --- [  restartedMain] o.s.data.convert.CustomConversions       : Adding converter from class java.time.LocalDateTime to class [B as reading converter
2026-01-28 12:40:03.657 DEBUG --- [  restartedMain] o.s.data.convert.CustomConversions       : Adding converter from class [B to class java.time.LocalDateTime as reading converter
2026-01-28 12:40:03.657 DEBUG --- [  restartedMain] o.s.data.convert.CustomConversions       : Adding converter from class java.time.LocalDate to class [B as reading converter
2026-01-28 12:40:03.657 DEBUG --- [  restartedMain] o.s.data.convert.CustomConversions       : Adding converter from class [B to class java.time.LocalDate as reading converter
2026-01-28 12:40:03.657 DEBUG --- [  restartedMain] o.s.data.convert.CustomConversions       : Adding converter from class java.time.LocalTime to class [B as reading converter
2026-01-28 12:40:03.657 DEBUG --- [  restartedMain] o.s.data.convert.CustomConversions       : Adding converter from class [B to class java.time.LocalTime as reading converter
2026-01-28 12:40:03.657 DEBUG --- [  restartedMain] o.s.data.convert.CustomConversions       : Adding converter from class java.time.ZonedDateTime to class [B as reading converter
2026-01-28 12:40:03.657 DEBUG --- [  restartedMain] o.s.data.convert.CustomConversions       : Adding converter from class [B to class java.time.ZonedDateTime as reading converter
2026-01-28 12:40:03.657 DEBUG --- [  restartedMain] o.s.data.convert.CustomConversions       : Adding converter from class java.time.Instant to class [B as reading converter
2026-01-28 12:40:03.657 DEBUG --- [  restartedMain] o.s.data.convert.CustomConversions       : Adding converter from class [B to class java.time.Instant as reading converter
2026-01-28 12:40:03.657 DEBUG --- [  restartedMain] o.s.data.convert.CustomConversions       : Adding converter from class java.time.ZoneId to class [B as reading converter
2026-01-28 12:40:03.657 DEBUG --- [  restartedMain] o.s.data.convert.CustomConversions       : Adding converter from class [B to class java.time.ZoneId as reading converter
2026-01-28 12:40:03.657 DEBUG --- [  restartedMain] o.s.data.convert.CustomConversions       : Adding converter from class java.time.Period to class [B as reading converter
2026-01-28 12:40:03.657 DEBUG --- [  restartedMain] o.s.data.convert.CustomConversions       : Adding converter from class [B to class java.time.Period as reading converter
2026-01-28 12:40:03.657 DEBUG --- [  restartedMain] o.s.data.convert.CustomConversions       : Adding converter from class java.time.Duration to class [B as reading converter
2026-01-28 12:40:03.657 DEBUG --- [  restartedMain] o.s.data.convert.CustomConversions       : Adding converter from class [B to class java.time.Duration as reading converter
2026-01-28 12:40:03.657 DEBUG --- [  restartedMain] o.s.data.convert.CustomConversions       : Adding converter from class java.time.OffsetDateTime to class [B as reading converter
2026-01-28 12:40:03.658 DEBUG --- [  restartedMain] o.s.data.convert.CustomConversions       : Adding converter from class [B to class java.time.OffsetDateTime as reading converter
2026-01-28 12:40:03.658 DEBUG --- [  restartedMain] o.s.data.convert.CustomConversions       : Adding converter from class java.time.OffsetTime to class [B as reading converter
2026-01-28 12:40:03.658 DEBUG --- [  restartedMain] o.s.data.convert.CustomConversions       : Adding converter from class [B to class java.time.OffsetTime as reading converter
2026-01-28 12:40:03.658 DEBUG --- [  restartedMain] o.s.data.convert.CustomConversions       : Adding converter from class java.util.Date to class java.time.LocalDateTime as reading converter
2026-01-28 12:40:03.658 DEBUG --- [  restartedMain] o.s.data.convert.CustomConversions       : Adding converter from class java.time.LocalDateTime to class java.util.Date as writing converter
2026-01-28 12:40:03.658 DEBUG --- [  restartedMain] o.s.data.convert.CustomConversions       : Adding converter from class java.util.Date to class java.time.LocalDate as reading converter
2026-01-28 12:40:03.658 DEBUG --- [  restartedMain] o.s.data.convert.CustomConversions       : Adding converter from class java.time.LocalDate to class java.util.Date as writing converter
2026-01-28 12:40:03.658 DEBUG --- [  restartedMain] o.s.data.convert.CustomConversions       : Adding converter from class java.util.Date to class java.time.LocalTime as reading converter
2026-01-28 12:40:03.658 DEBUG --- [  restartedMain] o.s.data.convert.CustomConversions       : Adding converter from class java.time.LocalTime to class java.util.Date as writing converter
2026-01-28 12:40:03.658 DEBUG --- [  restartedMain] o.s.data.convert.CustomConversions       : Adding converter from class java.util.Date to class java.time.Instant as reading converter
2026-01-28 12:40:03.658 DEBUG --- [  restartedMain] o.s.data.convert.CustomConversions       : Adding converter from class java.time.Instant to class java.util.Date as writing converter
2026-01-28 12:40:03.658 DEBUG --- [  restartedMain] o.s.data.convert.CustomConversions       : Adding converter from class java.time.LocalDateTime to class java.time.Instant as reading converter
2026-01-28 12:40:03.658 DEBUG --- [  restartedMain] o.s.data.convert.CustomConversions       : Adding converter from class java.time.Instant to class java.time.LocalDateTime as reading converter
2026-01-28 12:40:03.658 DEBUG --- [  restartedMain] o.s.data.convert.CustomConversions       : Adding converter from class java.time.ZoneId to class java.lang.String as writing converter
2026-01-28 12:40:03.658 DEBUG --- [  restartedMain] o.s.data.convert.CustomConversions       : Adding converter from class java.lang.String to class java.time.ZoneId as reading converter
2026-01-28 12:40:03.658 DEBUG --- [  restartedMain] o.s.data.convert.CustomConversions       : Adding converter from class java.time.Duration to class java.lang.String as writing converter
2026-01-28 12:40:03.658 DEBUG --- [  restartedMain] o.s.data.convert.CustomConversions       : Adding converter from class java.lang.String to class java.time.Duration as reading converter
2026-01-28 12:40:03.658 DEBUG --- [  restartedMain] o.s.data.convert.CustomConversions       : Adding converter from class java.time.Period to class java.lang.String as writing converter
2026-01-28 12:40:03.658 DEBUG --- [  restartedMain] o.s.data.convert.CustomConversions       : Adding converter from class java.lang.String to class java.time.Period as reading converter
2026-01-28 12:40:03.658 DEBUG --- [  restartedMain] o.s.data.convert.CustomConversions       : Adding converter from class java.lang.String to class java.time.LocalDate as reading converter
2026-01-28 12:40:03.658 DEBUG --- [  restartedMain] o.s.data.convert.CustomConversions       : Adding converter from class java.lang.String to class java.time.LocalDateTime as reading converter
2026-01-28 12:40:03.658 DEBUG --- [  restartedMain] o.s.data.convert.CustomConversions       : Adding converter from class java.lang.String to class java.time.Instant as reading converter
2026-01-28 12:40:03.658 DEBUG --- [  restartedMain] o.s.data.convert.CustomConversions       : Adding converter from class java.lang.String to class [B as writing converter
2026-01-28 12:40:03.658 DEBUG --- [  restartedMain] o.s.data.convert.CustomConversions       : Adding converter from class [B to class java.lang.String as reading converter
2026-01-28 12:40:03.658 DEBUG --- [  restartedMain] o.s.data.convert.CustomConversions       : Adding converter from class java.lang.Number to class [B as writing converter
2026-01-28 12:40:03.658 DEBUG --- [  restartedMain] o.s.data.convert.CustomConversions       : Adding converter from class [B to class java.lang.Number as reading converter
2026-01-28 12:40:03.658 DEBUG --- [  restartedMain] o.s.data.convert.CustomConversions       : Adding converter from class java.lang.Enum to class [B as writing converter
2026-01-28 12:40:03.658 DEBUG --- [  restartedMain] o.s.data.convert.CustomConversions       : Adding converter from class [B to class java.lang.Enum as reading converter
2026-01-28 12:40:03.658 DEBUG --- [  restartedMain] o.s.data.convert.CustomConversions       : Adding converter from class java.lang.Boolean to class [B as writing converter
2026-01-28 12:40:03.658 DEBUG --- [  restartedMain] o.s.data.convert.CustomConversions       : Adding converter from class [B to class java.lang.Boolean as reading converter
2026-01-28 12:40:03.658 DEBUG --- [  restartedMain] o.s.data.convert.CustomConversions       : Adding converter from class java.util.Date to class [B as writing converter
2026-01-28 12:40:03.658 DEBUG --- [  restartedMain] o.s.data.convert.CustomConversions       : Adding converter from class [B to class java.util.Date as reading converter
2026-01-28 12:40:03.658 DEBUG --- [  restartedMain] o.s.data.convert.CustomConversions       : Adding converter from class java.util.UUID to class [B as writing converter
2026-01-28 12:40:03.658 DEBUG --- [  restartedMain] o.s.data.convert.CustomConversions       : Adding converter from class [B to class java.util.UUID as reading converter
2026-01-28 12:40:03.658 DEBUG --- [  restartedMain] o.s.data.convert.CustomConversions       : Adding converter from class java.time.LocalDateTime to class [B as reading converter
2026-01-28 12:40:03.659 DEBUG --- [  restartedMain] o.s.data.convert.CustomConversions       : Adding converter from class [B to class java.time.LocalDateTime as reading converter
2026-01-28 12:40:03.659 DEBUG --- [  restartedMain] o.s.data.convert.CustomConversions       : Adding converter from class java.time.LocalDate to class [B as reading converter
2026-01-28 12:40:03.659 DEBUG --- [  restartedMain] o.s.data.convert.CustomConversions       : Adding converter from class [B to class java.time.LocalDate as reading converter
2026-01-28 12:40:03.659 DEBUG --- [  restartedMain] o.s.data.convert.CustomConversions       : Adding converter from class java.time.LocalTime to class [B as reading converter
2026-01-28 12:40:03.659 DEBUG --- [  restartedMain] o.s.data.convert.CustomConversions       : Adding converter from class [B to class java.time.LocalTime as reading converter
2026-01-28 12:40:03.659 DEBUG --- [  restartedMain] o.s.data.convert.CustomConversions       : Adding converter from class java.time.ZonedDateTime to class [B as reading converter
2026-01-28 12:40:03.659 DEBUG --- [  restartedMain] o.s.data.convert.CustomConversions       : Adding converter from class [B to class java.time.ZonedDateTime as reading converter
2026-01-28 12:40:03.659 DEBUG --- [  restartedMain] o.s.data.convert.CustomConversions       : Adding converter from class java.time.Instant to class [B as reading converter
2026-01-28 12:40:03.659 DEBUG --- [  restartedMain] o.s.data.convert.CustomConversions       : Adding converter from class [B to class java.time.Instant as reading converter
2026-01-28 12:40:03.659 DEBUG --- [  restartedMain] o.s.data.convert.CustomConversions       : Adding converter from class java.time.ZoneId to class [B as reading converter
2026-01-28 12:40:03.659 DEBUG --- [  restartedMain] o.s.data.convert.CustomConversions       : Adding converter from class [B to class java.time.ZoneId as reading converter
2026-01-28 12:40:03.659 DEBUG --- [  restartedMain] o.s.data.convert.CustomConversions       : Adding converter from class java.time.Period to class [B as reading converter
2026-01-28 12:40:03.659 DEBUG --- [  restartedMain] o.s.data.convert.CustomConversions       : Adding converter from class [B to class java.time.Period as reading converter
2026-01-28 12:40:03.659 DEBUG --- [  restartedMain] o.s.data.convert.CustomConversions       : Adding converter from class java.time.Duration to class [B as reading converter
2026-01-28 12:40:03.659 DEBUG --- [  restartedMain] o.s.data.convert.CustomConversions       : Adding converter from class [B to class java.time.Duration as reading converter
2026-01-28 12:40:03.659 DEBUG --- [  restartedMain] o.s.data.convert.CustomConversions       : Adding converter from class java.time.OffsetDateTime to class [B as reading converter
2026-01-28 12:40:03.659 DEBUG --- [  restartedMain] o.s.data.convert.CustomConversions       : Adding converter from class [B to class java.time.OffsetDateTime as reading converter
2026-01-28 12:40:03.659 DEBUG --- [  restartedMain] o.s.data.convert.CustomConversions       : Adding converter from class java.time.OffsetTime to class [B as reading converter
2026-01-28 12:40:03.659 DEBUG --- [  restartedMain] o.s.data.convert.CustomConversions       : Adding converter from class [B to class java.time.OffsetTime as reading converter
2026-01-28 12:40:03.659 DEBUG --- [  restartedMain] o.s.data.convert.CustomConversions       : Adding converter from class java.util.Date to class java.time.LocalDateTime as reading converter
2026-01-28 12:40:03.659 DEBUG --- [  restartedMain] o.s.data.convert.CustomConversions       : Adding converter from class java.time.LocalDateTime to class java.util.Date as writing converter
2026-01-28 12:40:03.659 DEBUG --- [  restartedMain] o.s.data.convert.CustomConversions       : Adding converter from class java.util.Date to class java.time.LocalDate as reading converter
2026-01-28 12:40:03.659 DEBUG --- [  restartedMain] o.s.data.convert.CustomConversions       : Adding converter from class java.time.LocalDate to class java.util.Date as writing converter
2026-01-28 12:40:03.659 DEBUG --- [  restartedMain] o.s.data.convert.CustomConversions       : Adding converter from class java.util.Date to class java.time.LocalTime as reading converter
2026-01-28 12:40:03.659 DEBUG --- [  restartedMain] o.s.data.convert.CustomConversions       : Adding converter from class java.time.LocalTime to class java.util.Date as writing converter
2026-01-28 12:40:03.659 DEBUG --- [  restartedMain] o.s.data.convert.CustomConversions       : Adding converter from class java.util.Date to class java.time.Instant as reading converter
2026-01-28 12:40:03.659 DEBUG --- [  restartedMain] o.s.data.convert.CustomConversions       : Adding converter from class java.time.Instant to class java.util.Date as writing converter
2026-01-28 12:40:03.659 DEBUG --- [  restartedMain] o.s.data.convert.CustomConversions       : Adding converter from class java.time.LocalDateTime to class java.time.Instant as reading converter
2026-01-28 12:40:03.659 DEBUG --- [  restartedMain] o.s.data.convert.CustomConversions       : Adding converter from class java.time.Instant to class java.time.LocalDateTime as reading converter
2026-01-28 12:40:03.659 DEBUG --- [  restartedMain] o.s.data.convert.CustomConversions       : Adding converter from class java.time.ZoneId to class java.lang.String as writing converter
2026-01-28 12:40:03.659 DEBUG --- [  restartedMain] o.s.data.convert.CustomConversions       : Adding converter from class java.lang.String to class java.time.ZoneId as reading converter
2026-01-28 12:40:03.659 DEBUG --- [  restartedMain] o.s.data.convert.CustomConversions       : Adding converter from class java.time.Duration to class java.lang.String as writing converter
2026-01-28 12:40:03.659 DEBUG --- [  restartedMain] o.s.data.convert.CustomConversions       : Adding converter from class java.lang.String to class java.time.Duration as reading converter
2026-01-28 12:40:03.659 DEBUG --- [  restartedMain] o.s.data.convert.CustomConversions       : Adding converter from class java.time.Period to class java.lang.String as writing converter
2026-01-28 12:40:03.659 DEBUG --- [  restartedMain] o.s.data.convert.CustomConversions       : Adding converter from class java.lang.String to class java.time.Period as reading converter
2026-01-28 12:40:03.659 DEBUG --- [  restartedMain] o.s.data.convert.CustomConversions       : Adding converter from class java.lang.String to class java.time.LocalDate as reading converter
2026-01-28 12:40:03.659 DEBUG --- [  restartedMain] o.s.data.convert.CustomConversions       : Adding converter from class java.lang.String to class java.time.LocalDateTime as reading converter
2026-01-28 12:40:03.659 DEBUG --- [  restartedMain] o.s.data.convert.CustomConversions       : Adding converter from class java.lang.String to class java.time.Instant as reading converter
2026-01-28 12:40:03.663 DEBUG --- [  restartedMain] o.s.b.f.s.DefaultListableBeanFactory     : Creating shared instance of singleton bean 'redisKeyValueAdapter'
2026-01-28 12:40:03.675 DEBUG --- [  restartedMain] o.s.b.f.s.DefaultListableBeanFactory     : Creating shared instance of singleton bean 'redisKeyValueTemplate'
2026-01-28 12:40:03.679 DEBUG --- [  restartedMain] o.s.b.f.s.DefaultListableBeanFactory     : Creating shared instance of singleton bean 'data-redis.repository-aot-processor#0'
2026-01-28 12:40:03.680 DEBUG --- [  restartedMain] o.s.b.f.s.DefaultListableBeanFactory     : Creating shared instance of singleton bean 'org.springframework.boot.autoconfigure.http.JacksonHttpMessageConvertersConfiguration'
2026-01-28 12:40:03.680 DEBUG --- [  restartedMain] o.s.b.f.s.DefaultListableBeanFactory     : Creating shared instance of singleton bean 'org.springframework.data.web.config.ProjectingArgumentResolverRegistrar'
2026-01-28 12:40:03.680 DEBUG --- [  restartedMain] o.s.b.f.s.DefaultListableBeanFactory     : Creating shared instance of singleton bean 'offsetResolver'
2026-01-28 12:40:03.682 DEBUG --- [  restartedMain] o.s.b.f.s.DefaultListableBeanFactory     : Creating shared instance of singleton bean 'org.springframework.boot.autoconfigure.http.client.HttpClientAutoConfiguration'
2026-01-28 12:40:03.682 DEBUG --- [  restartedMain] o.s.b.f.s.DefaultListableBeanFactory     : Creating shared instance of singleton bean 'clientHttpRequestFactoryBuilder'
2026-01-28 12:40:03.682 DEBUG --- [  restartedMain] o.s.b.f.s.DefaultListableBeanFactory     : Creating shared instance of singleton bean 'spring.http.client-org.springframework.boot.autoconfigure.http.client.HttpClientProperties'
2026-01-28 12:40:03.683 DEBUG --- [  restartedMain] o.s.b.f.s.DefaultListableBeanFactory     : Autowiring by type from bean name 'clientHttpRequestFactoryBuilder' via factory method to bean named 'spring.http.client-org.springframework.boot.autoconfigure.http.client.HttpClientProperties'
2026-01-28 12:40:03.690 DEBUG --- [  restartedMain] o.s.b.f.s.DefaultListableBeanFactory     : Creating shared instance of singleton bean 'clientHttpRequestFactorySettings'
2026-01-28 12:40:03.691 DEBUG --- [  restartedMain] o.s.b.f.s.DefaultListableBeanFactory     : Autowiring by type from bean name 'clientHttpRequestFactorySettings' via factory method to bean named 'spring.http.client-org.springframework.boot.autoconfigure.http.client.HttpClientProperties'
2026-01-28 12:40:03.693 DEBUG --- [  restartedMain] o.s.b.f.s.DefaultListableBeanFactory     : Creating shared instance of singleton bean 'org.springframework.boot.autoconfigure.info.ProjectInfoAutoConfiguration'
2026-01-28 12:40:03.696 DEBUG --- [  restartedMain] o.s.b.f.s.DefaultListableBeanFactory     : Creating shared instance of singleton bean 'spring.info-org.springframework.boot.autoconfigure.info.ProjectInfoProperties'
2026-01-28 12:40:03.696 DEBUG --- [  restartedMain] o.s.b.f.s.DefaultListableBeanFactory     : Autowiring by type from bean name 'org.springframework.boot.autoconfigure.info.ProjectInfoAutoConfiguration' via constructor to bean named 'spring.info-org.springframework.boot.autoconfigure.info.ProjectInfoProperties'
2026-01-28 12:40:03.697 DEBUG --- [  restartedMain] o.s.b.f.s.DefaultListableBeanFactory     : Creating shared instance of singleton bean 'org.springframework.boot.autoconfigure.jdbc.JdbcTemplateConfiguration'
2026-01-28 12:40:03.697 DEBUG --- [  restartedMain] o.s.b.f.s.DefaultListableBeanFactory     : Creating shared instance of singleton bean 'jdbcTemplate'
2026-01-28 12:40:03.697 DEBUG --- [  restartedMain] o.s.b.f.s.DefaultListableBeanFactory     : Creating shared instance of singleton bean 'spring.jdbc-org.springframework.boot.autoconfigure.jdbc.JdbcProperties'
2026-01-28 12:40:03.698 DEBUG --- [  restartedMain] o.s.b.f.s.DefaultListableBeanFactory     : Autowiring by type from bean name 'jdbcTemplate' via factory method to bean named 'dataSource'
2026-01-28 12:40:03.698 DEBUG --- [  restartedMain] o.s.b.f.s.DefaultListableBeanFactory     : Autowiring by type from bean name 'jdbcTemplate' via factory method to bean named 'spring.jdbc-org.springframework.boot.autoconfigure.jdbc.JdbcProperties'
2026-01-28 12:40:03.703 DEBUG --- [  restartedMain] o.s.b.f.s.DefaultListableBeanFactory     : Creating shared instance of singleton bean 'org.springframework.boot.autoconfigure.jdbc.NamedParameterJdbcTemplateConfiguration'
2026-01-28 12:40:03.704 DEBUG --- [  restartedMain] o.s.b.f.s.DefaultListableBeanFactory     : Creating shared instance of singleton bean 'namedParameterJdbcTemplate'
2026-01-28 12:40:03.704 DEBUG --- [  restartedMain] o.s.b.f.s.DefaultListableBeanFactory     : Autowiring by type from bean name 'namedParameterJdbcTemplate' via factory method to bean named 'jdbcTemplate'
2026-01-28 12:40:03.707 DEBUG --- [  restartedMain] o.s.b.f.s.DefaultListableBeanFactory     : Creating shared instance of singleton bean 'org.springframework.boot.autoconfigure.jdbc.JdbcTemplateAutoConfiguration'
2026-01-28 12:40:03.707 DEBUG --- [  restartedMain] o.s.b.f.s.DefaultListableBeanFactory     : Creating shared instance of singleton bean 'org.springframework.boot.autoconfigure.jdbc.JdbcClientAutoConfiguration'
2026-01-28 12:40:03.707 DEBUG --- [  restartedMain] o.s.b.f.s.DefaultListableBeanFactory     : Creating shared instance of singleton bean 'jdbcClient'
2026-01-28 12:40:03.708 DEBUG --- [  restartedMain] o.s.b.f.s.DefaultListableBeanFactory     : Autowiring by type from bean name 'jdbcClient' via factory method to bean named 'namedParameterJdbcTemplate'
2026-01-28 12:40:03.709 DEBUG --- [  restartedMain] o.s.b.f.s.DefaultListableBeanFactory     : Creating shared instance of singleton bean 'org.springframework.boot.autoconfigure.mail.MailSenderAutoConfiguration'
2026-01-28 12:40:03.709 DEBUG --- [  restartedMain] o.s.b.f.s.DefaultListableBeanFactory     : Creating shared instance of singleton bean 'org.springframework.boot.autoconfigure.netty.NettyAutoConfiguration'
2026-01-28 12:40:03.709 DEBUG --- [  restartedMain] o.s.b.f.s.DefaultListableBeanFactory     : Creating shared instance of singleton bean 'spring.netty-org.springframework.boot.autoconfigure.netty.NettyProperties'
2026-01-28 12:40:03.710 DEBUG --- [  restartedMain] o.s.b.f.s.DefaultListableBeanFactory     : Autowiring by type from bean name 'org.springframework.boot.autoconfigure.netty.NettyAutoConfiguration' via constructor to bean named 'spring.netty-org.springframework.boot.autoconfigure.netty.NettyProperties'
2026-01-28 12:40:03.710 DEBUG --- [  restartedMain] o.s.b.f.s.DefaultListableBeanFactory     : Creating shared instance of singleton bean 'org.springframework.boot.autoconfigure.reactor.ReactorAutoConfiguration'
2026-01-28 12:40:03.710 DEBUG --- [  restartedMain] o.s.b.f.s.DefaultListableBeanFactory     : Creating shared instance of singleton bean 'spring.reactor-org.springframework.boot.autoconfigure.reactor.ReactorProperties'
2026-01-28 12:40:03.711 DEBUG --- [  restartedMain] o.s.b.f.s.DefaultListableBeanFactory     : Autowiring by type from bean name 'org.springframework.boot.autoconfigure.reactor.ReactorAutoConfiguration' via constructor to bean named 'spring.reactor-org.springframework.boot.autoconfigure.reactor.ReactorProperties'
2026-01-28 12:40:03.711 DEBUG --- [  restartedMain] o.s.b.f.s.DefaultListableBeanFactory     : Creating shared instance of singleton bean 'org.springframework.boot.autoconfigure.security.oauth2.client.servlet.OAuth2ClientAutoConfiguration'
2026-01-28 12:40:03.711 DEBUG --- [  restartedMain] o.s.b.f.s.DefaultListableBeanFactory     : Creating shared instance of singleton bean 'org.springframework.boot.autoconfigure.security.oauth2.resource.servlet.Oauth2ResourceServerConfiguration$JwtConfiguration'
2026-01-28 12:40:03.711 DEBUG --- [  restartedMain] o.s.b.f.s.DefaultListableBeanFactory     : Creating shared instance of singleton bean 'org.springframework.boot.autoconfigure.security.oauth2.resource.servlet.OAuth2ResourceServerOpaqueTokenConfiguration$OpaqueTokenIntrospectionClientConfiguration'
2026-01-28 12:40:03.712 DEBUG --- [  restartedMain] o.s.b.f.s.DefaultListableBeanFactory     : Creating shared instance of singleton bean 'org.springframework.boot.autoconfigure.security.oauth2.resource.servlet.Oauth2ResourceServerConfiguration$OpaqueTokenConfiguration'
2026-01-28 12:40:03.712 DEBUG --- [  restartedMain] o.s.b.f.s.DefaultListableBeanFactory     : Creating shared instance of singleton bean 'org.springframework.boot.autoconfigure.security.oauth2.resource.servlet.OAuth2ResourceServerAutoConfiguration'
2026-01-28 12:40:03.712 DEBUG --- [  restartedMain] o.s.b.f.s.DefaultListableBeanFactory     : Creating shared instance of singleton bean 'spring.security.oauth2.resourceserver-org.springframework.boot.autoconfigure.security.oauth2.resource.OAuth2ResourceServerProperties'
2026-01-28 12:40:03.713 DEBUG --- [  restartedMain] o.s.b.f.s.DefaultListableBeanFactory     : Creating shared instance of singleton bean 'org.springframework.boot.autoconfigure.security.servlet.SpringBootWebSecurityConfiguration'
2026-01-28 12:40:03.713 DEBUG --- [  restartedMain] o.s.b.f.s.DefaultListableBeanFactory     : Creating shared instance of singleton bean 'org.springframework.boot.autoconfigure.sql.init.SqlInitializationAutoConfiguration'
2026-01-28 12:40:03.713 DEBUG --- [  restartedMain] o.s.b.f.s.DefaultListableBeanFactory     : Creating shared instance of singleton bean 'org.springframework.boot.autoconfigure.task.TaskSchedulingConfigurations$ThreadPoolTaskSchedulerBuilderConfiguration'
2026-01-28 12:40:03.714 DEBUG --- [  restartedMain] o.s.b.f.s.DefaultListableBeanFactory     : Creating shared instance of singleton bean 'threadPoolTaskSchedulerBuilder'
2026-01-28 12:40:03.714 DEBUG --- [  restartedMain] o.s.b.f.s.DefaultListableBeanFactory     : Creating shared instance of singleton bean 'spring.task.scheduling-org.springframework.boot.autoconfigure.task.TaskSchedulingProperties'
2026-01-28 12:40:03.715 DEBUG --- [  restartedMain] o.s.b.f.s.DefaultListableBeanFactory     : Autowiring by type from bean name 'threadPoolTaskSchedulerBuilder' via factory method to bean named 'spring.task.scheduling-org.springframework.boot.autoconfigure.task.TaskSchedulingProperties'
2026-01-28 12:40:03.716 DEBUG --- [  restartedMain] o.s.b.f.s.DefaultListableBeanFactory     : Creating shared instance of singleton bean 'org.springframework.boot.autoconfigure.task.TaskSchedulingConfigurations$SimpleAsyncTaskSchedulerBuilderConfiguration'
2026-01-28 12:40:03.717 DEBUG --- [  restartedMain] o.s.b.f.s.DefaultListableBeanFactory     : Autowiring by type from bean name 'org.springframework.boot.autoconfigure.task.TaskSchedulingConfigurations$SimpleAsyncTaskSchedulerBuilderConfiguration' via constructor to bean named 'spring.task.scheduling-org.springframework.boot.autoconfigure.task.TaskSchedulingProperties'
2026-01-28 12:40:03.717 DEBUG --- [  restartedMain] o.s.b.f.s.DefaultListableBeanFactory     : Creating shared instance of singleton bean 'simpleAsyncTaskSchedulerBuilder'
2026-01-28 12:40:03.722 DEBUG --- [  restartedMain] o.s.b.f.s.DefaultListableBeanFactory     : Creating shared instance of singleton bean 'org.springframework.boot.autoconfigure.task.TaskSchedulingAutoConfiguration'
2026-01-28 12:40:03.723 DEBUG --- [  restartedMain] o.s.b.f.s.DefaultListableBeanFactory     : Creating shared instance of singleton bean 'org.springframework.boot.autoconfigure.jdbc.DataSourceTransactionManagerAutoConfiguration$JdbcTransactionManagerConfiguration'
2026-01-28 12:40:03.725 DEBUG --- [  restartedMain] o.s.b.f.s.DefaultListableBeanFactory     : Creating shared instance of singleton bean 'org.springframework.boot.autoconfigure.jdbc.DataSourceTransactionManagerAutoConfiguration'
2026-01-28 12:40:03.725 DEBUG --- [  restartedMain] o.s.b.f.s.DefaultListableBeanFactory     : Creating shared instance of singleton bean 'org.springframework.boot.autoconfigure.transaction.TransactionAutoConfiguration$EnableTransactionManagementConfiguration$CglibAutoProxyConfiguration'
2026-01-28 12:40:03.725 DEBUG --- [  restartedMain] o.s.b.f.s.DefaultListableBeanFactory     : Creating shared instance of singleton bean 'org.springframework.boot.autoconfigure.transaction.TransactionAutoConfiguration$EnableTransactionManagementConfiguration'
2026-01-28 12:40:03.725 DEBUG --- [  restartedMain] o.s.b.f.s.DefaultListableBeanFactory     : Creating shared instance of singleton bean 'org.springframework.boot.autoconfigure.transaction.TransactionAutoConfiguration$TransactionTemplateConfiguration'
2026-01-28 12:40:03.725 DEBUG --- [  restartedMain] o.s.b.f.s.DefaultListableBeanFactory     : Creating shared instance of singleton bean 'transactionTemplate'
2026-01-28 12:40:03.726 DEBUG --- [  restartedMain] o.s.b.f.s.DefaultListableBeanFactory     : Autowiring by type from bean name 'transactionTemplate' via factory method to bean named 'transactionManager'
2026-01-28 12:40:03.727 DEBUG --- [  restartedMain] o.s.b.f.s.DefaultListableBeanFactory     : Creating shared instance of singleton bean 'org.springframework.boot.autoconfigure.transaction.TransactionAutoConfiguration'
2026-01-28 12:40:03.727 DEBUG --- [  restartedMain] o.s.b.f.s.DefaultListableBeanFactory     : Creating shared instance of singleton bean 'org.springframework.boot.autoconfigure.web.client.RestClientAutoConfiguration'
2026-01-28 12:40:03.728 DEBUG --- [  restartedMain] o.s.b.f.s.DefaultListableBeanFactory     : Creating shared instance of singleton bean 'httpMessageConvertersRestClientCustomizer'
2026-01-28 12:40:03.728 DEBUG --- [  restartedMain] o.s.b.f.s.DefaultListableBeanFactory     : Creating shared instance of singleton bean 'restClientSsl'
2026-01-28 12:40:03.729 DEBUG --- [  restartedMain] o.s.b.f.s.DefaultListableBeanFactory     : Autowiring by type from bean name 'restClientSsl' via factory method to bean named 'sslBundleRegistry'
2026-01-28 12:40:03.729 DEBUG --- [  restartedMain] o.s.b.f.s.DefaultListableBeanFactory     : Creating shared instance of singleton bean 'restClientBuilderConfigurer'
2026-01-28 12:40:03.730 DEBUG --- [  restartedMain] o.s.b.f.s.DefaultListableBeanFactory     : Creating shared instance of singleton bean 'org.springframework.boot.autoconfigure.web.client.RestTemplateAutoConfiguration'
2026-01-28 12:40:03.730 DEBUG --- [  restartedMain] o.s.b.f.s.DefaultListableBeanFactory     : Creating shared instance of singleton bean 'org.springframework.boot.autoconfigure.web.embedded.EmbeddedWebServerFactoryCustomizerAutoConfiguration'
2026-01-28 12:40:03.731 DEBUG --- [  restartedMain] o.s.b.f.s.DefaultListableBeanFactory     : Creating shared instance of singleton bean 'multipartResolver'
2026-01-28 12:40:03.732 DEBUG --- [  restartedMain] o.s.b.f.s.DefaultListableBeanFactory     : Creating shared instance of singleton bean 'org.springframework.boot.devtools.autoconfigure.LocalDevToolsAutoConfiguration$RestartConfiguration'
2026-01-28 12:40:03.732 DEBUG --- [  restartedMain] o.s.b.f.s.DefaultListableBeanFactory     : Autowiring by type from bean name 'org.springframework.boot.devtools.autoconfigure.LocalDevToolsAutoConfiguration$RestartConfiguration' via constructor to bean named 'spring.devtools-org.springframework.boot.devtools.autoconfigure.DevToolsProperties'
2026-01-28 12:40:03.732 DEBUG --- [  restartedMain] o.s.b.f.s.DefaultListableBeanFactory     : Creating shared instance of singleton bean 'restartingClassPathChangedEventListener'
2026-01-28 12:40:03.732 DEBUG --- [  restartedMain] o.s.b.f.s.DefaultListableBeanFactory     : Creating shared instance of singleton bean 'fileSystemWatcherFactory'
2026-01-28 12:40:03.733 DEBUG --- [  restartedMain] o.s.b.f.s.DefaultListableBeanFactory     : Autowiring by type from bean name 'restartingClassPathChangedEventListener' via factory method to bean named 'fileSystemWatcherFactory'
2026-01-28 12:40:03.733 DEBUG --- [  restartedMain] o.s.b.f.s.DefaultListableBeanFactory     : Creating shared instance of singleton bean 'classPathFileSystemWatcher'
2026-01-28 12:40:03.733 DEBUG --- [  restartedMain] o.s.b.f.s.DefaultListableBeanFactory     : Creating shared instance of singleton bean 'classPathRestartStrategy'
2026-01-28 12:40:03.735 DEBUG --- [  restartedMain] o.s.b.f.s.DefaultListableBeanFactory     : Autowiring by type from bean name 'classPathFileSystemWatcher' via factory method to bean named 'fileSystemWatcherFactory'
2026-01-28 12:40:03.735 DEBUG --- [  restartedMain] o.s.b.f.s.DefaultListableBeanFactory     : Autowiring by type from bean name 'classPathFileSystemWatcher' via factory method to bean named 'classPathRestartStrategy'
2026-01-28 12:40:03.759 DEBUG --- [  restartedMain] o.s.b.f.s.DefaultListableBeanFactory     : Creating shared instance of singleton bean 'conditionEvaluationDeltaLoggingListener'
2026-01-28 12:40:03.760 DEBUG --- [  restartedMain] o.s.b.f.s.DefaultListableBeanFactory     : Creating shared instance of singleton bean 'org.springframework.boot.devtools.autoconfigure.LocalDevToolsAutoConfiguration'
2026-01-28 12:40:03.760 DEBUG --- [  restartedMain] o.s.b.f.s.DefaultListableBeanFactory     : Creating shared instance of singleton bean 'org.springframework.cloud.autoconfigure.ConfigurationPropertiesRebinderAutoConfiguration'
2026-01-28 12:40:03.760 DEBUG --- [  restartedMain] o.s.b.f.s.DefaultListableBeanFactory     : Creating shared instance of singleton bean 'configurationPropertiesRebinder'
2026-01-28 12:40:03.761 DEBUG --- [  restartedMain] o.s.b.f.s.DefaultListableBeanFactory     : Autowiring by type from bean name 'configurationPropertiesRebinder' via factory method to bean named 'configurationPropertiesBeans'
2026-01-28 12:40:03.761 DEBUG --- [  restartedMain] o.s.b.f.s.DefaultListableBeanFactory     : Creating shared instance of singleton bean 'org.springframework.cloud.autoconfigure.LifecycleMvcEndpointAutoConfiguration'
2026-01-28 12:40:03.761 DEBUG --- [  restartedMain] o.s.b.f.s.DefaultListableBeanFactory     : Creating shared instance of singleton bean 'environmentManager'
2026-01-28 12:40:03.761 DEBUG --- [  restartedMain] o.s.b.f.s.DefaultListableBeanFactory     : Autowiring by type from bean name 'environmentManager' via factory method to bean named 'environment'
2026-01-28 12:40:03.762 DEBUG --- [  restartedMain] o.s.b.f.s.DefaultListableBeanFactory     : Creating shared instance of singleton bean 'org.springframework.cloud.client.discovery.composite.CompositeDiscoveryClientAutoConfiguration'
2026-01-28 12:40:03.762 DEBUG --- [  restartedMain] o.s.b.f.s.DefaultListableBeanFactory     : Creating shared instance of singleton bean 'compositeDiscoveryClient'
2026-01-28 12:40:03.762 DEBUG --- [  restartedMain] o.s.b.f.s.DefaultListableBeanFactory     : Creating shared instance of singleton bean 'simpleDiscoveryClient'
2026-01-28 12:40:03.762 DEBUG --- [  restartedMain] o.s.b.f.s.DefaultListableBeanFactory     : Creating shared instance of singleton bean 'org.springframework.cloud.client.discovery.simple.SimpleDiscoveryClientAutoConfiguration'
2026-01-28 12:40:03.765 DEBUG --- [  restartedMain] o.s.b.f.s.DefaultListableBeanFactory     : Creating shared instance of singleton bean 'inetUtils'
2026-01-28 12:40:03.765 DEBUG --- [  restartedMain] o.s.b.f.s.DefaultListableBeanFactory     : Creating shared instance of singleton bean 'org.springframework.cloud.commons.util.UtilAutoConfiguration'
2026-01-28 12:40:03.765 DEBUG --- [  restartedMain] o.s.b.f.s.DefaultListableBeanFactory     : Creating shared instance of singleton bean 'inetUtilsProperties'
2026-01-28 12:40:03.767 DEBUG --- [  restartedMain] o.s.b.f.s.DefaultListableBeanFactory     : Autowiring by type from bean name 'inetUtils' via factory method to bean named 'inetUtilsProperties'
2026-01-28 12:40:03.767 DEBUG --- [  restartedMain] o.s.b.f.s.DefaultListableBeanFactory     : Creating shared instance of singleton bean 'simpleDiscoveryProperties'
2026-01-28 12:40:03.767 DEBUG --- [  restartedMain] o.s.c.e.PropertySourcesPropertyResolver  : Found key 'spring.application.name' in PropertySource 'environmentProperties' with value of type String
2026-01-28 12:40:03.772 DEBUG --- [  restartedMain] o.s.b.f.s.DefaultListableBeanFactory     : Autowiring by type from bean name 'simpleDiscoveryClient' via factory method to bean named 'simpleDiscoveryProperties'
2026-01-28 12:40:03.773 DEBUG --- [  restartedMain] o.s.b.f.s.DefaultListableBeanFactory     : Autowiring by type from bean name 'compositeDiscoveryClient' via factory method to bean named 'simpleDiscoveryClient'
2026-01-28 12:40:03.773 DEBUG --- [  restartedMain] o.s.b.f.s.DefaultListableBeanFactory     : Creating shared instance of singleton bean 'org.springframework.cloud.client.CommonsClientAutoConfiguration'
2026-01-28 12:40:03.773 DEBUG --- [  restartedMain] o.s.b.f.s.DefaultListableBeanFactory     : Creating shared instance of singleton bean 'org.springframework.cloud.client.ReactiveCommonsClientAutoConfiguration'
2026-01-28 12:40:03.773 DEBUG --- [  restartedMain] o.s.b.f.s.DefaultListableBeanFactory     : Creating shared instance of singleton bean 'org.springframework.cloud.client.serviceregistry.AutoServiceRegistrationConfiguration'
2026-01-28 12:40:03.773 DEBUG --- [  restartedMain] o.s.b.f.s.DefaultListableBeanFactory     : Creating shared instance of singleton bean 'spring.cloud.service-registry.auto-registration-org.springframework.cloud.client.serviceregistry.AutoServiceRegistrationProperties'
2026-01-28 12:40:03.774 DEBUG --- [  restartedMain] o.s.b.f.s.DefaultListableBeanFactory     : Creating shared instance of singleton bean 'org.springframework.cloud.client.serviceregistry.AutoServiceRegistrationAutoConfiguration'
2026-01-28 12:40:03.775 DEBUG --- [  restartedMain] o.s.b.f.s.DefaultListableBeanFactory     : Creating shared instance of singleton bean 'org.springframework.cloud.client.serviceregistry.ServiceRegistryAutoConfiguration'
2026-01-28 12:40:03.775 DEBUG --- [  restartedMain] o.s.b.f.s.DefaultListableBeanFactory     : Creating shared instance of singleton bean 'org.springframework.cloud.commons.security.ResourceServerTokenRelayAutoConfiguration'
2026-01-28 12:40:03.775 DEBUG --- [  restartedMain] o.s.b.f.s.DefaultListableBeanFactory     : Creating shared instance of singleton bean 'org.springframework.cloud.configuration.CompatibilityVerifierAutoConfiguration'
2026-01-28 12:40:03.775 DEBUG --- [  restartedMain] o.s.b.f.s.DefaultListableBeanFactory     : Creating shared instance of singleton bean 'compositeCompatibilityVerifier'
2026-01-28 12:40:03.776 DEBUG --- [  restartedMain] o.s.b.f.s.DefaultListableBeanFactory     : Creating shared instance of singleton bean 'springBootVersionVerifier'
2026-01-28 12:40:03.776 DEBUG --- [  restartedMain] o.s.b.f.s.DefaultListableBeanFactory     : Creating shared instance of singleton bean 'spring.cloud.compatibility-verifier-org.springframework.cloud.configuration.CompatibilityVerifierProperties'
2026-01-28 12:40:03.776 DEBUG --- [  restartedMain] o.s.b.f.s.DefaultListableBeanFactory     : Autowiring by type from bean name 'springBootVersionVerifier' via factory method to bean named 'spring.cloud.compatibility-verifier-org.springframework.cloud.configuration.CompatibilityVerifierProperties'
2026-01-28 12:40:03.778 DEBUG --- [  restartedMain] o.s.b.f.s.DefaultListableBeanFactory     : Creating shared instance of singleton bean 'sleuthPresentVerifier'
2026-01-28 12:40:03.778 DEBUG --- [  restartedMain] o.s.b.f.s.DefaultListableBeanFactory     : Autowiring by type from bean name 'compositeCompatibilityVerifier' via factory method to bean named 'springBootVersionVerifier'
2026-01-28 12:40:03.778 DEBUG --- [  restartedMain] o.s.b.f.s.DefaultListableBeanFactory     : Autowiring by type from bean name 'compositeCompatibilityVerifier' via factory method to bean named 'sleuthPresentVerifier'
2026-01-28 12:40:03.779 DEBUG --- [  restartedMain] o.s.c.c.SpringBootVersionVerifier        : Version found in Boot manifest [3.4.1]
2026-01-28 12:40:03.779 DEBUG --- [  restartedMain] o.s.c.c.CompositeCompatibilityVerifier   : All conditions are passing
2026-01-28 12:40:03.779 DEBUG --- [  restartedMain] o.s.b.f.s.DefaultListableBeanFactory     : Creating shared instance of singleton bean 'feignFeature'
2026-01-28 12:40:03.780 DEBUG --- [  restartedMain] o.s.b.f.s.DefaultListableBeanFactory     : Creating shared instance of singleton bean 'feignChildContextInitializer'
2026-01-28 12:40:03.780 DEBUG --- [  restartedMain] o.s.b.f.s.DefaultListableBeanFactory     : Autowiring by type from bean name 'feignChildContextInitializer' via factory method to bean named 'org.springframework.boot.web.servlet.context.AnnotationConfigServletWebServerApplicationContext@7bfc1538'
2026-01-28 12:40:03.780 DEBUG --- [  restartedMain] o.s.b.f.s.DefaultListableBeanFactory     : Autowiring by type from bean name 'feignChildContextInitializer' via factory method to bean named 'feignContext'
2026-01-28 12:40:03.781 DEBUG --- [  restartedMain] o.s.b.f.s.DefaultListableBeanFactory     : Creating shared instance of singleton bean 'feignClientBeanFactoryInitializationCodeGenerator'
2026-01-28 12:40:03.781 DEBUG --- [  restartedMain] o.s.b.f.s.DefaultListableBeanFactory     : Autowiring by type from bean name 'feignClientBeanFactoryInitializationCodeGenerator' via factory method to bean named 'org.springframework.boot.web.servlet.context.AnnotationConfigServletWebServerApplicationContext@7bfc1538'
2026-01-28 12:40:03.781 DEBUG --- [  restartedMain] o.s.b.f.s.DefaultListableBeanFactory     : Autowiring by type from bean name 'feignClientBeanFactoryInitializationCodeGenerator' via factory method to bean named 'feignContext'
2026-01-28 12:40:03.785 DEBUG --- [  restartedMain] o.s.b.f.s.DefaultListableBeanFactory     : Creating shared instance of singleton bean 'spring.cloud.openfeign.httpclient-org.springframework.cloud.openfeign.support.FeignHttpClientProperties'
2026-01-28 12:40:03.797 DEBUG --- [  restartedMain] o.s.c.support.DefaultLifecycleProcessor  : Starting beans in phase -2147483648
2026-01-28 12:40:03.798 DEBUG --- [  restartedMain] o.s.c.support.DefaultLifecycleProcessor  : Successfully started bean 'rabbitConnectionFactory'
2026-01-28 12:40:03.798 DEBUG --- [  restartedMain] o.s.c.support.DefaultLifecycleProcessor  : Starting beans in phase -2147483647
2026-01-28 12:40:03.798 DEBUG --- [  restartedMain] o.s.c.support.DefaultLifecycleProcessor  : Successfully started bean 'springBootLoggingLifecycle'
2026-01-28 12:40:03.798 DEBUG --- [  restartedMain] o.s.c.support.DefaultLifecycleProcessor  : Starting beans in phase 0
2026-01-28 12:40:03.798 DEBUG --- [  restartedMain] o.s.c.support.DefaultLifecycleProcessor  : Starting beans in phase 1073741823
2026-01-28 12:40:03.798 DEBUG --- [  restartedMain] o.s.c.support.DefaultLifecycleProcessor  : Starting beans in phase 2147481599
2026-01-28 12:40:03.798 DEBUG --- [  restartedMain] org.apache.catalina.util.LifecycleBase   : Setting state for [Connector["http-nio-8081"]] to [STARTING_PREP]
2026-01-28 12:40:03.798 DEBUG --- [  restartedMain] org.apache.catalina.util.LifecycleBase   : Setting state for [Connector["http-nio-8081"]] to [STARTING]
2026-01-28 12:40:03.798  INFO --- [  restartedMain] o.a.coyote.http11.Http11NioProtocol      : Starting ProtocolHandler ["http-nio-8081"]
2026-01-28 12:40:03.817 DEBUG --- [  restartedMain] org.apache.catalina.util.LifecycleBase   : Setting state for [Connector["http-nio-8081"]] to [STARTED]
2026-01-28 12:40:03.818  INFO --- [  restartedMain] o.s.b.w.embedded.tomcat.TomcatWebServer  : Tomcat started on port 8081 (http) with context path '/account'
2026-01-28 12:40:03.822 DEBUG --- [  restartedMain] o.s.c.support.DefaultLifecycleProcessor  : Successfully started bean 'webServerStartStop'
2026-01-28 12:40:03.822 DEBUG --- [  restartedMain] o.s.c.support.DefaultLifecycleProcessor  : Starting beans in phase 2147482623
2026-01-28 12:40:03.822 DEBUG --- [  restartedMain] o.s.c.support.DefaultLifecycleProcessor  : Successfully started bean 'webServerGracefulShutdown'
2026-01-28 12:40:03.822 DEBUG --- [  restartedMain] o.s.c.support.DefaultLifecycleProcessor  : Starting beans in phase 2147483647
2026-01-28 12:40:03.822 DEBUG --- [  restartedMain] o.s.c.support.DefaultLifecycleProcessor  : Successfully started bean 'org.springframework.amqp.rabbit.config.internalRabbitListenerEndpointRegistry'
2026-01-28 12:40:03.822 DEBUG --- [  restartedMain] o.s.d.r.l.RedisMessageListenerContainer  : Starting RedisMessageListenerContainer...
2026-01-28 12:40:03.823 DEBUG --- [  restartedMain] o.s.d.r.l.RedisMessageListenerContainer  : Postpone listening for Redis messages until actual listeners are added
2026-01-28 12:40:03.823 DEBUG --- [  restartedMain] o.s.c.support.DefaultLifecycleProcessor  : Successfully started bean 'redisKeyValueAdapter'
2026-01-28 12:40:03.836 DEBUG --- [  restartedMain] .s.b.a.l.ConditionEvaluationReportLogger : 


============================
CONDITIONS EVALUATION REPORT
============================


Positive matches:
-----------------

   AopAutoConfiguration matched:
      - @ConditionalOnProperty (spring.aop.auto=true) matched (OnPropertyCondition)

   AopAutoConfiguration.AspectJAutoProxyingConfiguration matched:
      - @ConditionalOnClass found required class 'org.aspectj.weaver.Advice' (OnClassCondition)

   AopAutoConfiguration.AspectJAutoProxyingConfiguration.CglibAutoProxyConfiguration matched:
      - @ConditionalOnProperty (spring.aop.proxy-target-class=true) matched (OnPropertyCondition)

   ApplicationAvailabilityAutoConfiguration#applicationAvailability matched:
      - @ConditionalOnMissingBean (types: org.springframework.boot.availability.ApplicationAvailability; SearchStrategy: all) did not find any beans (OnBeanCondition)

   AutoServiceRegistrationAutoConfiguration matched:
      - @ConditionalOnProperty (spring.cloud.service-registry.auto-registration.enabled) matched (OnPropertyCondition)

   AutoServiceRegistrationConfiguration matched:
      - @ConditionalOnProperty (spring.cloud.service-registry.auto-registration.enabled) matched (OnPropertyCondition)

   CompatibilityVerifierAutoConfiguration matched:
      - @ConditionalOnProperty (spring.cloud.compatibility-verifier.enabled) matched (OnPropertyCondition)

   ConfigurationPropertiesRebinderAutoConfiguration matched:
      - @ConditionalOnBean (types: org.springframework.boot.context.properties.ConfigurationPropertiesBindingPostProcessor; SearchStrategy: all) found bean 'org.springframework.boot.context.properties.ConfigurationPropertiesBindingPostProcessor' (OnBeanCondition)

   ConfigurationPropertiesRebinderAutoConfiguration#configurationPropertiesBeans matched:
      - @ConditionalOnMissingBean (types: org.springframework.cloud.context.properties.ConfigurationPropertiesBeans; SearchStrategy: current) did not find any beans (OnBeanCondition)

   ConfigurationPropertiesRebinderAutoConfiguration#configurationPropertiesRebinder matched:
      - @ConditionalOnMissingBean (types: org.springframework.cloud.context.properties.ConfigurationPropertiesRebinder; SearchStrategy: current) did not find any beans (OnBeanCondition)

   DataSourceAutoConfiguration matched:
      - @ConditionalOnClass found required classes 'javax.sql.DataSource', 'org.springframework.jdbc.datasource.embedded.EmbeddedDatabaseType' (OnClassCondition)
      - @ConditionalOnMissingBean (types: io.r2dbc.spi.ConnectionFactory; SearchStrategy: all) did not find any beans (OnBeanCondition)

   DataSourceAutoConfiguration.PooledDataSourceConfiguration matched:
      - AnyNestedCondition 1 matched 1 did not; NestedCondition on DataSourceAutoConfiguration.PooledDataSourceCondition.PooledDataSourceAvailable PooledDataSource found supported DataSource; NestedCondition on DataSourceAutoConfiguration.PooledDataSourceCondition.ExplicitType @ConditionalOnProperty (spring.datasource.type) did not find property 'type' (DataSourceAutoConfiguration.PooledDataSourceCondition)
      - @ConditionalOnMissingBean (types: javax.sql.DataSource,javax.sql.XADataSource; SearchStrategy: all) did not find any beans (OnBeanCondition)

   DataSourceAutoConfiguration.PooledDataSourceConfiguration#jdbcConnectionDetails matched:
      - @ConditionalOnMissingBean (types: org.springframework.boot.autoconfigure.jdbc.JdbcConnectionDetails; SearchStrategy: all) did not find any beans (OnBeanCondition)

   DataSourceConfiguration.Hikari matched:
      - @ConditionalOnClass found required class 'com.zaxxer.hikari.HikariDataSource' (OnClassCondition)
      - @ConditionalOnProperty (spring.datasource.type=com.zaxxer.hikari.HikariDataSource) matched (OnPropertyCondition)
      - @ConditionalOnMissingBean (types: javax.sql.DataSource; SearchStrategy: all) did not find any beans (OnBeanCondition)

   DataSourceInitializationConfiguration matched:
      - @ConditionalOnClass found required class 'org.springframework.jdbc.datasource.init.DatabasePopulator' (OnClassCondition)
      - @ConditionalOnSingleCandidate (types: javax.sql.DataSource; SearchStrategy: all) found a single bean 'dataSource'; @ConditionalOnMissingBean (types: org.springframework.boot.autoconfigure.sql.init.SqlDataSourceScriptDatabaseInitializer,org.springframework.boot.autoconfigure.sql.init.SqlR2dbcScriptDatabaseInitializer; SearchStrategy: all) did not find any beans (OnBeanCondition)

   DataSourcePoolMetadataProvidersConfiguration.HikariPoolDataSourceMetadataProviderConfiguration matched:
      - @ConditionalOnClass found required class 'com.zaxxer.hikari.HikariDataSource' (OnClassCondition)

   DataSourceTransactionManagerAutoConfiguration matched:
      - @ConditionalOnClass found required classes 'javax.sql.DataSource', 'org.springframework.jdbc.core.JdbcTemplate', 'org.springframework.transaction.TransactionManager' (OnClassCondition)

   DataSourceTransactionManagerAutoConfiguration.JdbcTransactionManagerConfiguration matched:
      - @ConditionalOnSingleCandidate (types: javax.sql.DataSource; SearchStrategy: all) found a single bean 'dataSource' (OnBeanCondition)

   DevToolsDataSourceAutoConfiguration matched:
      - @ConditionalOnClass found required class 'javax.sql.DataSource' (OnClassCondition)
      - Devtools devtools enabled. (OnEnabledDevToolsCondition)
      - DevTools DataSource Condition found auto-configured DataSource (DevToolsDataSourceAutoConfiguration.DevToolsDataSourceCondition)

   DevToolsDataSourceAutoConfiguration.DatabaseShutdownExecutorEntityManagerFactoryDependsOnPostProcessor matched:
      - @ConditionalOnClass found required class 'org.springframework.orm.jpa.LocalContainerEntityManagerFactoryBean' (OnClassCondition)
      - @ConditionalOnBean (types: org.springframework.orm.jpa.AbstractEntityManagerFactoryBean; SearchStrategy: all) found bean '&entityManagerFactory' (OnBeanCondition)

   DispatcherServletAutoConfiguration matched:
      - @ConditionalOnClass found required class 'org.springframework.web.servlet.DispatcherServlet' (OnClassCondition)
      - found 'session' scope (OnWebApplicationCondition)

   DispatcherServletAutoConfiguration.DispatcherServletConfiguration matched:
      - @ConditionalOnClass found required class 'jakarta.servlet.ServletRegistration' (OnClassCondition)
      - Default DispatcherServlet did not find dispatcher servlet beans (DispatcherServletAutoConfiguration.DefaultDispatcherServletCondition)

   DispatcherServletAutoConfiguration.DispatcherServletRegistrationConfiguration matched:
      - @ConditionalOnClass found required class 'jakarta.servlet.ServletRegistration' (OnClassCondition)
      - DispatcherServlet Registration did not find servlet registration bean (DispatcherServletAutoConfiguration.DispatcherServletRegistrationCondition)

   DispatcherServletAutoConfiguration.DispatcherServletRegistrationConfiguration#dispatcherServletRegistration matched:
      - @ConditionalOnBean (names: dispatcherServlet types: org.springframework.web.servlet.DispatcherServlet; SearchStrategy: all) found bean 'dispatcherServlet' (OnBeanCondition)

   EmbeddedWebServerFactoryCustomizerAutoConfiguration matched:
      - @ConditionalOnWebApplication (required) found 'session' scope (OnWebApplicationCondition)
      - @ConditionalOnWarDeployment the application is not deployed as a WAR file. (OnWarDeploymentCondition)

   EmbeddedWebServerFactoryCustomizerAutoConfiguration.TomcatWebServerFactoryCustomizerConfiguration matched:
      - @ConditionalOnClass found required classes 'org.apache.catalina.startup.Tomcat', 'org.apache.coyote.UpgradeProtocol' (OnClassCondition)

   ErrorMvcAutoConfiguration matched:
      - @ConditionalOnClass found required classes 'jakarta.servlet.Servlet', 'org.springframework.web.servlet.DispatcherServlet' (OnClassCondition)
      - found 'session' scope (OnWebApplicationCondition)

   ErrorMvcAutoConfiguration#basicErrorController matched:
      - @ConditionalOnMissingBean (types: org.springframework.boot.web.servlet.error.ErrorController; SearchStrategy: current) did not find any beans (OnBeanCondition)

   ErrorMvcAutoConfiguration#errorAttributes matched:
      - @ConditionalOnMissingBean (types: org.springframework.boot.web.servlet.error.ErrorAttributes; SearchStrategy: current) did not find any beans (OnBeanCondition)

   ErrorMvcAutoConfiguration.DefaultErrorViewResolverConfiguration#conventionErrorViewResolver matched:
      - @ConditionalOnBean (types: org.springframework.web.servlet.DispatcherServlet; SearchStrategy: all) found bean 'dispatcherServlet'; @ConditionalOnMissingBean (types: org.springframework.boot.autoconfigure.web.servlet.error.ErrorViewResolver; SearchStrategy: all) did not find any beans (OnBeanCondition)

   ErrorMvcAutoConfiguration.WhitelabelErrorViewConfiguration matched:
      - @ConditionalOnProperty (server.error.whitelabel.enabled) matched (OnPropertyCondition)
      - ErrorTemplate Missing did not find error template view (ErrorMvcAutoConfiguration.ErrorTemplateMissingCondition)

   ErrorMvcAutoConfiguration.WhitelabelErrorViewConfiguration#beanNameViewResolver matched:
      - @ConditionalOnMissingBean (types: org.springframework.web.servlet.view.BeanNameViewResolver; SearchStrategy: all) did not find any beans (OnBeanCondition)

   ErrorMvcAutoConfiguration.WhitelabelErrorViewConfiguration#defaultErrorView matched:
      - @ConditionalOnMissingBean (names: error; SearchStrategy: all) did not find any beans (OnBeanCondition)

   FeignAutoConfiguration matched:
      - @ConditionalOnClass found required class 'feign.Feign' (OnClassCondition)

   FeignAutoConfiguration.DefaultFeignTargeterConfiguration matched:
      - AnyNestedCondition 1 matched 1 did not; NestedCondition on FeignCircuitBreakerDisabledConditions.CircuitBreakerDisabled @ConditionalOnProperty (spring.cloud.openfeign.circuitbreaker.enabled=false) matched; NestedCondition on FeignCircuitBreakerDisabledConditions.CircuitBreakerClassMissing @ConditionalOnMissingClass found unwanted class 'org.springframework.cloud.client.circuitbreaker.CircuitBreaker' (FeignCircuitBreakerDisabledConditions)

   FeignAutoConfiguration.DefaultFeignTargeterConfiguration#feignTargeter matched:
      - @ConditionalOnMissingBean (types: org.springframework.cloud.openfeign.Targeter; SearchStrategy: all) did not find any beans (OnBeanCondition)

   FeignAutoConfiguration.FeignJacksonConfiguration matched:
      - @ConditionalOnClass found required classes 'com.fasterxml.jackson.databind.Module', 'org.springframework.data.domain.Page', 'org.springframework.data.domain.Sort' (OnClassCondition)
      - @ConditionalOnProperty (spring.cloud.openfeign.autoconfiguration.jackson.enabled=true) matched (OnPropertyCondition)

   FeignAutoConfiguration.FeignJacksonConfiguration#pageJacksonModule matched:
      - @ConditionalOnMissingBean (types: org.springframework.cloud.openfeign.support.PageJacksonModule; SearchStrategy: all) did not find any beans (OnBeanCondition)

   FeignAutoConfiguration.FeignJacksonConfiguration#sortModule matched:
      - @ConditionalOnMissingBean (types: org.springframework.cloud.openfeign.support.SortJacksonModule; SearchStrategy: all) did not find any beans (OnBeanCondition)

   GenericCacheConfiguration matched:
      - Cache org.springframework.boot.autoconfigure.cache.GenericCacheConfiguration automatic cache type (CacheCondition)

   HibernateJpaAutoConfiguration matched:
      - @ConditionalOnClass found required classes 'org.springframework.orm.jpa.LocalContainerEntityManagerFactoryBean', 'jakarta.persistence.EntityManager', 'org.hibernate.engine.spi.SessionImplementor' (OnClassCondition)

   HibernateJpaConfiguration matched:
      - @ConditionalOnSingleCandidate (types: javax.sql.DataSource; SearchStrategy: all) found a single bean 'dataSource' (OnBeanCondition)

   HttpClientAutoConfiguration matched:
      - @ConditionalOnClass found required class 'org.springframework.http.client.ClientHttpRequestFactory' (OnClassCondition)
      - NoneNestedConditions 0 matched 1 did not; NestedCondition on NotReactiveWebApplicationCondition.ReactiveWebApplication did not find reactive web application classes (NotReactiveWebApplicationCondition)

   HttpClientAutoConfiguration#clientHttpRequestFactoryBuilder matched:
      - @ConditionalOnMissingBean (types: org.springframework.boot.http.client.ClientHttpRequestFactoryBuilder; SearchStrategy: all) did not find any beans (OnBeanCondition)

   HttpClientAutoConfiguration#clientHttpRequestFactorySettings matched:
      - @ConditionalOnMissingBean (types: org.springframework.boot.http.client.ClientHttpRequestFactorySettings; SearchStrategy: all) did not find any beans (OnBeanCondition)

   HttpEncodingAutoConfiguration matched:
      - @ConditionalOnClass found required class 'org.springframework.web.filter.CharacterEncodingFilter' (OnClassCondition)
      - found 'session' scope (OnWebApplicationCondition)
      - @ConditionalOnProperty (server.servlet.encoding.enabled) matched (OnPropertyCondition)

   HttpEncodingAutoConfiguration#characterEncodingFilter matched:
      - @ConditionalOnMissingBean (types: org.springframework.web.filter.CharacterEncodingFilter; SearchStrategy: all) did not find any beans (OnBeanCondition)

   HttpMessageConvertersAutoConfiguration matched:
      - @ConditionalOnClass found required class 'org.springframework.http.converter.HttpMessageConverter' (OnClassCondition)
      - NoneNestedConditions 0 matched 1 did not; NestedCondition on HttpMessageConvertersAutoConfiguration.NotReactiveWebApplicationCondition.ReactiveWebApplication did not find reactive web application classes (HttpMessageConvertersAutoConfiguration.NotReactiveWebApplicationCondition)

   HttpMessageConvertersAutoConfiguration#messageConverters matched:
      - @ConditionalOnMissingBean (types: org.springframework.boot.autoconfigure.http.HttpMessageConverters; SearchStrategy: all) did not find any beans (OnBeanCondition)

   HttpMessageConvertersAutoConfiguration.StringHttpMessageConverterConfiguration matched:
      - @ConditionalOnClass found required class 'org.springframework.http.converter.StringHttpMessageConverter' (OnClassCondition)

   HttpMessageConvertersAutoConfiguration.StringHttpMessageConverterConfiguration#stringHttpMessageConverter matched:
      - @ConditionalOnMissingBean (types: org.springframework.http.converter.StringHttpMessageConverter; SearchStrategy: all) did not find any beans (OnBeanCondition)

   JacksonAutoConfiguration matched:
      - @ConditionalOnClass found required class 'com.fasterxml.jackson.databind.ObjectMapper' (OnClassCondition)

   JacksonAutoConfiguration.Jackson2ObjectMapperBuilderCustomizerConfiguration matched:
      - @ConditionalOnClass found required class 'org.springframework.http.converter.json.Jackson2ObjectMapperBuilder' (OnClassCondition)

   JacksonAutoConfiguration.JacksonObjectMapperBuilderConfiguration matched:
      - @ConditionalOnClass found required class 'org.springframework.http.converter.json.Jackson2ObjectMapperBuilder' (OnClassCondition)

   JacksonAutoConfiguration.JacksonObjectMapperBuilderConfiguration#jacksonObjectMapperBuilder matched:
      - @ConditionalOnMissingBean (types: org.springframework.http.converter.json.Jackson2ObjectMapperBuilder; SearchStrategy: all) did not find any beans (OnBeanCondition)

   JacksonAutoConfiguration.JacksonObjectMapperConfiguration matched:
      - @ConditionalOnClass found required class 'org.springframework.http.converter.json.Jackson2ObjectMapperBuilder' (OnClassCondition)

   JacksonAutoConfiguration.ParameterNamesModuleConfiguration matched:
      - @ConditionalOnClass found required class 'com.fasterxml.jackson.module.paramnames.ParameterNamesModule' (OnClassCondition)

   JacksonAutoConfiguration.ParameterNamesModuleConfiguration#parameterNamesModule matched:
      - @ConditionalOnMissingBean (types: com.fasterxml.jackson.module.paramnames.ParameterNamesModule; SearchStrategy: all) did not find any beans (OnBeanCondition)

   JacksonHttpMessageConvertersConfiguration.MappingJackson2HttpMessageConverterConfiguration matched:
      - @ConditionalOnClass found required class 'com.fasterxml.jackson.databind.ObjectMapper' (OnClassCondition)
      - @ConditionalOnProperty (spring.mvc.converters.preferred-json-mapper=jackson) matched (OnPropertyCondition)
      - @ConditionalOnBean (types: com.fasterxml.jackson.databind.ObjectMapper; SearchStrategy: all) found bean 'objectMapper' (OnBeanCondition)

   JacksonHttpMessageConvertersConfiguration.MappingJackson2HttpMessageConverterConfiguration#mappingJackson2HttpMessageConverter matched:
      - @ConditionalOnMissingBean (types: org.springframework.http.converter.json.MappingJackson2HttpMessageConverter ignored: org.springframework.hateoas.server.mvc.TypeConstrainedMappingJackson2HttpMessageConverter,org.springframework.data.rest.webmvc.alps.AlpsJsonHttpMessageConverter; SearchStrategy: all) did not find any beans (OnBeanCondition)

   JdbcClientAutoConfiguration matched:
      - @ConditionalOnSingleCandidate (types: org.springframework.jdbc.core.namedparam.NamedParameterJdbcTemplate; SearchStrategy: all) found a single bean 'namedParameterJdbcTemplate'; @ConditionalOnMissingBean (types: org.springframework.jdbc.core.simple.JdbcClient; SearchStrategy: all) did not find any beans (OnBeanCondition)

   JdbcTemplateAutoConfiguration matched:
      - @ConditionalOnClass found required classes 'javax.sql.DataSource', 'org.springframework.jdbc.core.JdbcTemplate' (OnClassCondition)
      - @ConditionalOnSingleCandidate (types: javax.sql.DataSource; SearchStrategy: all) found a single bean 'dataSource' (OnBeanCondition)

   JdbcTemplateConfiguration matched:
      - @ConditionalOnMissingBean (types: org.springframework.jdbc.core.JdbcOperations; SearchStrategy: all) did not find any beans (OnBeanCondition)

   JpaBaseConfiguration#entityManagerFactory matched:
      - @ConditionalOnMissingBean (types: org.springframework.orm.jpa.LocalContainerEntityManagerFactoryBean,jakarta.persistence.EntityManagerFactory; SearchStrategy: all) did not find any beans (OnBeanCondition)

   JpaBaseConfiguration#entityManagerFactoryBuilder matched:
      - @ConditionalOnMissingBean (types: org.springframework.boot.orm.jpa.EntityManagerFactoryBuilder; SearchStrategy: all) did not find any beans (OnBeanCondition)

   JpaBaseConfiguration#jpaVendorAdapter matched:
      - @ConditionalOnMissingBean (types: org.springframework.orm.jpa.JpaVendorAdapter; SearchStrategy: all) did not find any beans (OnBeanCondition)

   JpaBaseConfiguration#transactionManager matched:
      - @ConditionalOnMissingBean (types: org.springframework.transaction.TransactionManager; SearchStrategy: all) did not find any beans (OnBeanCondition)

   JpaBaseConfiguration.JpaWebConfiguration matched:
      - @ConditionalOnClass found required class 'org.springframework.web.servlet.config.annotation.WebMvcConfigurer' (OnClassCondition)
      - found 'session' scope (OnWebApplicationCondition)
      - @ConditionalOnProperty (spring.jpa.open-in-view=true) matched (OnPropertyCondition)
      - @ConditionalOnMissingBean (types: org.springframework.orm.jpa.support.OpenEntityManagerInViewInterceptor,org.springframework.orm.jpa.support.OpenEntityManagerInViewFilter; SearchStrategy: all) did not find any beans (OnBeanCondition)

   JpaBaseConfiguration.PersistenceManagedTypesConfiguration matched:
      - @ConditionalOnMissingBean (types: org.springframework.orm.jpa.LocalContainerEntityManagerFactoryBean,jakarta.persistence.EntityManagerFactory; SearchStrategy: all) did not find any beans (OnBeanCondition)

   JpaBaseConfiguration.PersistenceManagedTypesConfiguration#persistenceManagedTypes matched:
      - @ConditionalOnMissingBean (types: org.springframework.orm.jpa.persistenceunit.PersistenceManagedTypes; SearchStrategy: all) did not find any beans (OnBeanCondition)

   JpaRepositoriesAutoConfiguration matched:
      - @ConditionalOnClass found required class 'org.springframework.data.jpa.repository.JpaRepository' (OnClassCondition)
      - @ConditionalOnProperty (spring.data.jpa.repositories.enabled=true) matched (OnPropertyCondition)
      - @ConditionalOnBean (types: javax.sql.DataSource; SearchStrategy: all) found bean 'dataSource'; @ConditionalOnMissingBean (types: org.springframework.data.jpa.repository.support.JpaRepositoryFactoryBean,org.springframework.data.jpa.repository.config.JpaRepositoryConfigExtension; SearchStrategy: all) did not find any beans (OnBeanCondition)

   JtaAutoConfiguration matched:
      - @ConditionalOnClass found required class 'jakarta.transaction.Transaction' (OnClassCondition)
      - @ConditionalOnProperty (spring.jta.enabled) matched (OnPropertyCondition)

   LettuceConnectionConfiguration matched:
      - @ConditionalOnClass found required class 'io.lettuce.core.RedisClient' (OnClassCondition)
      - @ConditionalOnProperty (spring.data.redis.client-type=lettuce) matched (OnPropertyCondition)

   LettuceConnectionConfiguration#lettuceClientResources matched:
      - @ConditionalOnMissingBean (types: io.lettuce.core.resource.ClientResources; SearchStrategy: all) did not find any beans (OnBeanCondition)

   LifecycleAutoConfiguration#defaultLifecycleProcessor matched:
      - @ConditionalOnMissingBean (names: lifecycleProcessor; SearchStrategy: current) did not find any beans (OnBeanCondition)

   LifecycleMvcEndpointAutoConfiguration#environmentManager matched:
      - @ConditionalOnMissingBean (types: org.springframework.cloud.context.environment.EnvironmentManager; SearchStrategy: all) did not find any beans (OnBeanCondition)

   LocalDevToolsAutoConfiguration matched:
      - Initialized Restarter Condition available and initialized (OnInitializedRestarterCondition)

   LocalDevToolsAutoConfiguration.LiveReloadConfiguration matched:
      - @ConditionalOnProperty (spring.devtools.livereload.enabled) matched (OnPropertyCondition)

   LocalDevToolsAutoConfiguration.LiveReloadConfiguration#liveReloadServer matched:
      - @ConditionalOnMissingBean (types: org.springframework.boot.devtools.livereload.LiveReloadServer; SearchStrategy: all) did not find any beans (OnBeanCondition)

   LocalDevToolsAutoConfiguration.RestartConfiguration matched:
      - @ConditionalOnProperty (spring.devtools.restart.enabled) matched (OnPropertyCondition)

   LocalDevToolsAutoConfiguration.RestartConfiguration#classPathFileSystemWatcher matched:
      - @ConditionalOnMissingBean (types: org.springframework.boot.devtools.classpath.ClassPathFileSystemWatcher; SearchStrategy: all) did not find any beans (OnBeanCondition)

   LocalDevToolsAutoConfiguration.RestartConfiguration#classPathRestartStrategy matched:
      - @ConditionalOnMissingBean (types: org.springframework.boot.devtools.classpath.ClassPathRestartStrategy; SearchStrategy: all) did not find any beans (OnBeanCondition)

   LocalDevToolsAutoConfiguration.RestartConfiguration#conditionEvaluationDeltaLoggingListener matched:
      - @ConditionalOnProperty (spring.devtools.restart.log-condition-evaluation-delta) matched (OnPropertyCondition)

   MailSenderAutoConfiguration matched:
      - @ConditionalOnClass found required classes 'jakarta.mail.internet.MimeMessage', 'jakarta.activation.MimeType', 'org.springframework.mail.MailSender' (OnClassCondition)
      - AnyNestedCondition 1 matched 1 did not; NestedCondition on MailSenderAutoConfiguration.MailSenderCondition.JndiNameProperty @ConditionalOnProperty (spring.mail.jndi-name) did not find property 'jndi-name'; NestedCondition on MailSenderAutoConfiguration.MailSenderCondition.HostProperty @ConditionalOnProperty (spring.mail.host) matched (MailSenderAutoConfiguration.MailSenderCondition)
      - @ConditionalOnMissingBean (types: org.springframework.mail.MailSender; SearchStrategy: all) did not find any beans (OnBeanCondition)

   MailSenderPropertiesConfiguration matched:
      - @ConditionalOnProperty (spring.mail.host) matched (OnPropertyCondition)

   MailSenderPropertiesConfiguration#mailSender matched:
      - @ConditionalOnMissingBean (types: org.springframework.mail.javamail.JavaMailSender; SearchStrategy: all) did not find any beans (OnBeanCondition)

   MultipartAutoConfiguration matched:
      - @ConditionalOnClass found required classes 'jakarta.servlet.Servlet', 'org.springframework.web.multipart.support.StandardServletMultipartResolver', 'jakarta.servlet.MultipartConfigElement' (OnClassCondition)
      - found 'session' scope (OnWebApplicationCondition)
      - @ConditionalOnProperty (spring.servlet.multipart.enabled) matched (OnPropertyCondition)

   MultipartAutoConfiguration#multipartConfigElement matched:
      - @ConditionalOnMissingBean (types: jakarta.servlet.MultipartConfigElement; SearchStrategy: all) did not find any beans (OnBeanCondition)

   MultipartAutoConfiguration#multipartResolver matched:
      - @ConditionalOnMissingBean (types: org.springframework.web.multipart.MultipartResolver; SearchStrategy: all) did not find any beans (OnBeanCondition)

   NamedParameterJdbcTemplateConfiguration matched:
      - @ConditionalOnSingleCandidate (types: org.springframework.jdbc.core.JdbcTemplate; SearchStrategy: all) found a single bean 'jdbcTemplate'; @ConditionalOnMissingBean (types: org.springframework.jdbc.core.namedparam.NamedParameterJdbcOperations; SearchStrategy: all) did not find any beans (OnBeanCondition)

   NettyAutoConfiguration matched:
      - @ConditionalOnClass found required class 'io.netty.util.NettyRuntime' (OnClassCondition)

   NoOpCacheConfiguration matched:
      - Cache org.springframework.boot.autoconfigure.cache.NoOpCacheConfiguration automatic cache type (CacheCondition)

   OAuth2ClientAutoConfiguration matched:
      - @ConditionalOnClass found required classes 'org.springframework.security.config.annotation.web.configuration.EnableWebSecurity', 'org.springframework.security.oauth2.client.registration.ClientRegistration' (OnClassCondition)
      - found 'session' scope (OnWebApplicationCondition)

   OAuth2ClientRegistrationRepositoryConfiguration matched:
      - OAuth2 Clients Configured Condition found registered clients 806346174841-9pifhqqo2hkbbjbhpodpq508mr5qpu30.apps.googleusercontent.com (ClientsConfiguredCondition)

   OAuth2ClientRegistrationRepositoryConfiguration#clientRegistrationRepository matched:
      - @ConditionalOnMissingBean (types: org.springframework.security.oauth2.client.registration.ClientRegistrationRepository; SearchStrategy: all) did not find any beans (OnBeanCondition)

   OAuth2ResourceServerAutoConfiguration matched:
      - @ConditionalOnClass found required class 'org.springframework.security.oauth2.server.resource.authentication.BearerTokenAuthenticationToken' (OnClassCondition)
      - found 'session' scope (OnWebApplicationCondition)

   OAuth2ResourceServerOpaqueTokenConfiguration.OpaqueTokenIntrospectionClientConfiguration matched:
      - @ConditionalOnMissingBean (types: org.springframework.security.oauth2.server.resource.introspection.OpaqueTokenIntrospector; SearchStrategy: all) did not find any beans (OnBeanCondition)

   OAuth2WebSecurityConfiguration matched:
      - @ConditionalOnBean (types: org.springframework.security.oauth2.client.registration.ClientRegistrationRepository; SearchStrategy: all) found bean 'clientRegistrationRepository' (OnBeanCondition)

   OAuth2WebSecurityConfiguration#authorizedClientRepository matched:
      - @ConditionalOnMissingBean (types: org.springframework.security.oauth2.client.web.OAuth2AuthorizedClientRepository; SearchStrategy: all) did not find any beans (OnBeanCondition)

   OAuth2WebSecurityConfiguration#authorizedClientService matched:
      - @ConditionalOnMissingBean (types: org.springframework.security.oauth2.client.OAuth2AuthorizedClientService; SearchStrategy: all) did not find any beans (OnBeanCondition)

   Oauth2ResourceServerConfiguration.JwtConfiguration matched:
      - @ConditionalOnClass found required class 'org.springframework.security.oauth2.jwt.JwtDecoder' (OnClassCondition)

   PersistenceExceptionTranslationAutoConfiguration matched:
      - @ConditionalOnClass found required class 'org.springframework.dao.annotation.PersistenceExceptionTranslationPostProcessor' (OnClassCondition)

   PersistenceExceptionTranslationAutoConfiguration#persistenceExceptionTranslationPostProcessor matched:
      - @ConditionalOnProperty (spring.dao.exceptiontranslation.enabled) matched (OnPropertyCondition)
      - @ConditionalOnMissingBean (types: org.springframework.dao.annotation.PersistenceExceptionTranslationPostProcessor; SearchStrategy: all) did not find any beans (OnBeanCondition)

   PropertyPlaceholderAutoConfiguration#propertySourcesPlaceholderConfigurer matched:
      - @ConditionalOnMissingBean (types: org.springframework.context.support.PropertySourcesPlaceholderConfigurer; SearchStrategy: current) did not find any beans (OnBeanCondition)

   RabbitAnnotationDrivenConfiguration matched:
      - @ConditionalOnClass found required class 'org.springframework.amqp.rabbit.annotation.EnableRabbit' (OnClassCondition)

   RabbitAnnotationDrivenConfiguration#directRabbitListenerContainerFactoryConfigurer matched:
      - @ConditionalOnMissingBean (types: org.springframework.boot.autoconfigure.amqp.DirectRabbitListenerContainerFactoryConfigurer; SearchStrategy: all) did not find any beans (OnBeanCondition)
      - @ConditionalOnThreading found PLATFORM (OnThreadingCondition)

   RabbitAnnotationDrivenConfiguration#simpleRabbitListenerContainerFactory matched:
      - @ConditionalOnProperty (spring.rabbitmq.listener.type=simple) matched (OnPropertyCondition)
      - @ConditionalOnMissingBean (names: rabbitListenerContainerFactory; SearchStrategy: all) did not find any beans (OnBeanCondition)

   RabbitAnnotationDrivenConfiguration#simpleRabbitListenerContainerFactoryConfigurer matched:
      - @ConditionalOnMissingBean (types: org.springframework.boot.autoconfigure.amqp.SimpleRabbitListenerContainerFactoryConfigurer; SearchStrategy: all) did not find any beans (OnBeanCondition)
      - @ConditionalOnThreading found PLATFORM (OnThreadingCondition)

   RabbitAnnotationDrivenConfiguration.EnableRabbitConfiguration matched:
      - @ConditionalOnMissingBean (names: org.springframework.amqp.rabbit.config.internalRabbitListenerAnnotationProcessor; SearchStrategy: all) did not find any beans (OnBeanCondition)

   RabbitAutoConfiguration matched:
      - @ConditionalOnClass found required classes 'org.springframework.amqp.rabbit.core.RabbitTemplate', 'com.rabbitmq.client.Channel' (OnClassCondition)

   RabbitAutoConfiguration.MessagingTemplateConfiguration matched:
      - @ConditionalOnClass found required class 'org.springframework.amqp.rabbit.core.RabbitMessagingTemplate' (OnClassCondition)
      - @ConditionalOnMissingBean (types: org.springframework.amqp.rabbit.core.RabbitMessagingTemplate; SearchStrategy: all) did not find any beans (OnBeanCondition)

   RabbitAutoConfiguration.MessagingTemplateConfiguration#rabbitMessagingTemplate matched:
      - @ConditionalOnSingleCandidate (types: org.springframework.amqp.rabbit.core.RabbitTemplate; SearchStrategy: all) found a single bean 'rabbitTemplate' (OnBeanCondition)

   RabbitAutoConfiguration.RabbitConnectionFactoryCreator#rabbitConnectionDetails matched:
      - @ConditionalOnMissingBean (types: org.springframework.boot.autoconfigure.amqp.RabbitConnectionDetails; SearchStrategy: all) did not find any beans (OnBeanCondition)

   RabbitAutoConfiguration.RabbitConnectionFactoryCreator#rabbitConnectionFactory matched:
      - @ConditionalOnMissingBean (types: org.springframework.amqp.rabbit.connection.ConnectionFactory; SearchStrategy: all) did not find any beans (OnBeanCondition)

   RabbitAutoConfiguration.RabbitConnectionFactoryCreator#rabbitConnectionFactoryBeanConfigurer matched:
      - @ConditionalOnMissingBean (types: org.springframework.boot.autoconfigure.amqp.RabbitConnectionFactoryBeanConfigurer; SearchStrategy: all) did not find any beans (OnBeanCondition)

   RabbitAutoConfiguration.RabbitConnectionFactoryCreator#rabbitConnectionFactoryConfigurer matched:
      - @ConditionalOnMissingBean (types: org.springframework.boot.autoconfigure.amqp.CachingConnectionFactoryConfigurer; SearchStrategy: all) did not find any beans (OnBeanCondition)

   RabbitAutoConfiguration.RabbitTemplateConfiguration#amqpAdmin matched:
      - @ConditionalOnProperty (spring.rabbitmq.dynamic) matched (OnPropertyCondition)
      - @ConditionalOnSingleCandidate (types: org.springframework.amqp.rabbit.connection.ConnectionFactory; SearchStrategy: all) found a single bean 'rabbitConnectionFactory'; @ConditionalOnMissingBean (types: org.springframework.amqp.core.AmqpAdmin; SearchStrategy: all) did not find any beans (OnBeanCondition)

   RabbitAutoConfiguration.RabbitTemplateConfiguration#rabbitTemplate matched:
      - @ConditionalOnSingleCandidate (types: org.springframework.amqp.rabbit.connection.ConnectionFactory; SearchStrategy: all) found a single bean 'rabbitConnectionFactory'; @ConditionalOnMissingBean (types: org.springframework.amqp.rabbit.core.RabbitOperations; SearchStrategy: all) did not find any beans (OnBeanCondition)

   RabbitAutoConfiguration.RabbitTemplateConfiguration#rabbitTemplateConfigurer matched:
      - @ConditionalOnMissingBean (types: org.springframework.boot.autoconfigure.amqp.RabbitTemplateConfigurer; SearchStrategy: all) did not find any beans (OnBeanCondition)

   ReactorAutoConfiguration matched:
      - @ConditionalOnClass found required class 'reactor.core.publisher.Hooks' (OnClassCondition)

   RedisAutoConfiguration matched:
      - @ConditionalOnClass found required class 'org.springframework.data.redis.core.RedisOperations' (OnClassCondition)

   RedisAutoConfiguration#redisConnectionDetails matched:
      - @ConditionalOnMissingBean (types: org.springframework.boot.autoconfigure.data.redis.RedisConnectionDetails; SearchStrategy: all) did not find any beans (OnBeanCondition)

   RedisAutoConfiguration#stringRedisTemplate matched:
      - @ConditionalOnSingleCandidate (types: org.springframework.data.redis.connection.RedisConnectionFactory; SearchStrategy: all) found a single bean 'redisConnectionFactory'; @ConditionalOnMissingBean (types: org.springframework.data.redis.core.StringRedisTemplate; SearchStrategy: all) did not find any beans (OnBeanCondition)

   RedisCacheConfiguration matched:
      - @ConditionalOnClass found required class 'org.springframework.data.redis.connection.RedisConnectionFactory' (OnClassCondition)
      - Cache org.springframework.boot.autoconfigure.cache.RedisCacheConfiguration automatic cache type (CacheCondition)

   RedisReactiveAutoConfiguration matched:
      - @ConditionalOnClass found required classes 'org.springframework.data.redis.connection.ReactiveRedisConnectionFactory', 'org.springframework.data.redis.core.ReactiveRedisTemplate', 'reactor.core.publisher.Flux' (OnClassCondition)

   RedisReactiveAutoConfiguration#reactiveRedisTemplate matched:
      - @ConditionalOnBean (types: org.springframework.data.redis.connection.ReactiveRedisConnectionFactory; SearchStrategy: all) found bean 'redisConnectionFactory'; @ConditionalOnMissingBean (names: reactiveRedisTemplate; SearchStrategy: all) did not find any beans (OnBeanCondition)

   RedisReactiveAutoConfiguration#reactiveStringRedisTemplate matched:
      - @ConditionalOnBean (types: org.springframework.data.redis.connection.ReactiveRedisConnectionFactory; SearchStrategy: all) found bean 'redisConnectionFactory'; @ConditionalOnMissingBean (names: reactiveStringRedisTemplate; SearchStrategy: all) did not find any beans (OnBeanCondition)

   RedisRepositoriesAutoConfiguration matched:
      - @ConditionalOnClass found required class 'org.springframework.data.redis.repository.configuration.EnableRedisRepositories' (OnClassCondition)
      - @ConditionalOnProperty (spring.data.redis.repositories.enabled=true) matched (OnPropertyCondition)
      - @ConditionalOnBean (types: org.springframework.data.redis.connection.RedisConnectionFactory; SearchStrategy: all) found bean 'redisConnectionFactory'; @ConditionalOnMissingBean (types: org.springframework.data.redis.repository.support.RedisRepositoryFactoryBean; SearchStrategy: all) did not find any beans (OnBeanCondition)

   RefreshAutoConfiguration matched:
      - @ConditionalOnClass found required class 'org.springframework.cloud.context.scope.refresh.RefreshScope' (OnClassCondition)
      - @ConditionalOnProperty (spring.cloud.refresh.enabled) matched (OnPropertyCondition)

   RefreshAutoConfiguration#configDataContextRefresher matched:
      - @ConditionalOnMissingBean (types: org.springframework.cloud.context.refresh.ConfigDataContextRefresher; SearchStrategy: all) did not find any beans (OnBeanCondition)
      - NoneNestedConditions 0 matched 3 did not; NestedCondition on ConditionalOnBootstrapDisabled.OnBootstrapDisabledCondition.OnBootstrapEnabled @ConditionalOnProperty (spring.cloud.bootstrap.enabled) did not find property 'spring.cloud.bootstrap.enabled'; NestedCondition on ConditionalOnBootstrapDisabled.OnBootstrapDisabledCondition.OnUseLegacyProcessingEnabled @ConditionalOnProperty (spring.config.use-legacy-processing) did not find property 'spring.config.use-legacy-processing'; NestedCondition on ConditionalOnBootstrapDisabled.OnBootstrapDisabledCondition.OnBootstrapMarkerClassPresent @ConditionalOnClass did not find required class 'org.springframework.cloud.bootstrap.marker.Marker' (ConditionalOnBootstrapDisabled.OnBootstrapDisabledCondition)

   RefreshAutoConfiguration#loggingRebinder matched:
      - @ConditionalOnMissingBean (types: org.springframework.cloud.logging.LoggingRebinder; SearchStrategy: all) did not find any beans (OnBeanCondition)

   RefreshAutoConfiguration#refreshScope matched:
      - @ConditionalOnMissingBean (types: org.springframework.cloud.context.scope.refresh.RefreshScope; SearchStrategy: all) did not find any beans (OnBeanCondition)

   RefreshAutoConfiguration#refreshScopeLifecycle matched:
      - @ConditionalOnProperty (spring.cloud.refresh.on-restart.enabled) matched (OnPropertyCondition)

   ResourceServerTokenRelayAutoConfiguration matched:
      - @ConditionalOnClass found required class 'org.springframework.web.servlet.config.annotation.WebMvcConfigurer' (OnClassCondition)
      - found 'session' scope (OnWebApplicationCondition)
      - @ConditionalOnProperty (spring.cloud.mvc.token-relay.enabled) matched (OnPropertyCondition)

   RestClientAutoConfiguration matched:
      - @ConditionalOnClass found required class 'org.springframework.web.client.RestClient' (OnClassCondition)
      - NoneNestedConditions 0 matched 1 did not; NestedCondition on NotReactiveWebApplicationCondition.ReactiveWebApplication did not find reactive web application classes (NotReactiveWebApplicationCondition)

   RestClientAutoConfiguration#httpMessageConvertersRestClientCustomizer matched:
      - @ConditionalOnMissingBean (types: org.springframework.boot.autoconfigure.web.client.HttpMessageConvertersRestClientCustomizer; SearchStrategy: all) did not find any beans (OnBeanCondition)

   RestClientAutoConfiguration#restClientBuilder matched:
      - @ConditionalOnMissingBean (types: org.springframework.web.client.RestClient$Builder; SearchStrategy: all) did not find any beans (OnBeanCondition)

   RestClientAutoConfiguration#restClientBuilderConfigurer matched:
      - @ConditionalOnMissingBean (types: org.springframework.boot.autoconfigure.web.client.RestClientBuilderConfigurer; SearchStrategy: all) did not find any beans (OnBeanCondition)

   RestClientAutoConfiguration#restClientSsl matched:
      - @ConditionalOnBean (types: org.springframework.boot.ssl.SslBundles; SearchStrategy: all) found bean 'sslBundleRegistry'; @ConditionalOnMissingBean (types: org.springframework.boot.autoconfigure.web.client.RestClientSsl; SearchStrategy: all) did not find any beans (OnBeanCondition)

   RestTemplateAutoConfiguration matched:
      - @ConditionalOnClass found required class 'org.springframework.web.client.RestTemplate' (OnClassCondition)
      - NoneNestedConditions 0 matched 1 did not; NestedCondition on NotReactiveWebApplicationCondition.ReactiveWebApplication did not find reactive web application classes (NotReactiveWebApplicationCondition)

   RestTemplateAutoConfiguration#restTemplateBuilder matched:
      - @ConditionalOnMissingBean (types: org.springframework.boot.web.client.RestTemplateBuilder; SearchStrategy: all) did not find any beans (OnBeanCondition)

   SecurityAutoConfiguration matched:
      - @ConditionalOnClass found required class 'org.springframework.security.authentication.DefaultAuthenticationEventPublisher' (OnClassCondition)

   SecurityAutoConfiguration#authenticationEventPublisher matched:
      - @ConditionalOnMissingBean (types: org.springframework.security.authentication.AuthenticationEventPublisher; SearchStrategy: all) did not find any beans (OnBeanCondition)

   SecurityFilterAutoConfiguration matched:
      - @ConditionalOnClass found required classes 'org.springframework.security.web.context.AbstractSecurityWebApplicationInitializer', 'org.springframework.security.config.http.SessionCreationPolicy' (OnClassCondition)
      - found 'session' scope (OnWebApplicationCondition)

   SecurityFilterAutoConfiguration#securityFilterChainRegistration matched:
      - @ConditionalOnBean (names: springSecurityFilterChain; SearchStrategy: all) found bean 'springSecurityFilterChain' (OnBeanCondition)

   ServletWebServerFactoryAutoConfiguration matched:
      - @ConditionalOnClass found required class 'jakarta.servlet.ServletRequest' (OnClassCondition)
      - found 'session' scope (OnWebApplicationCondition)

   ServletWebServerFactoryAutoConfiguration#tomcatServletWebServerFactoryCustomizer matched:
      - @ConditionalOnClass found required class 'org.apache.catalina.startup.Tomcat' (OnClassCondition)

   ServletWebServerFactoryAutoConfiguration.ForwardedHeaderFilterConfiguration matched:
      - @ConditionalOnProperty (server.forward-headers-strategy=framework) matched (OnPropertyCondition)
      - @ConditionalOnMissingBean (types: org.springframework.web.filter.ForwardedHeaderFilter; SearchStrategy: all) did not find any beans (OnBeanCondition)

   ServletWebServerFactoryAutoConfiguration.ForwardedHeaderFilterConfiguration#tomcatForwardedHeaderFilterCustomizer matched:
      - @ConditionalOnClass found required class 'org.apache.catalina.startup.Tomcat' (OnClassCondition)

   ServletWebServerFactoryConfiguration.EmbeddedTomcat matched:
      - @ConditionalOnClass found required classes 'jakarta.servlet.Servlet', 'org.apache.catalina.startup.Tomcat', 'org.apache.coyote.UpgradeProtocol' (OnClassCondition)
      - @ConditionalOnMissingBean (types: org.springframework.boot.web.servlet.server.ServletWebServerFactory; SearchStrategy: current) did not find any beans (OnBeanCondition)

   SimpleCacheConfiguration matched:
      - Cache org.springframework.boot.autoconfigure.cache.SimpleCacheConfiguration automatic cache type (CacheCondition)

   SimpleDiscoveryClientAutoConfiguration#simpleDiscoveryProperties matched:
      - @ConditionalOnMissingBean (types: org.springframework.cloud.client.discovery.simple.SimpleDiscoveryProperties; SearchStrategy: all) did not find any beans (OnBeanCondition)

   SpringBootWebSecurityConfiguration matched:
      - found 'session' scope (OnWebApplicationCondition)

   SpringDataWebAutoConfiguration matched:
      - @ConditionalOnClass found required classes 'org.springframework.data.web.PageableHandlerMethodArgumentResolver', 'org.springframework.web.servlet.config.annotation.WebMvcConfigurer' (OnClassCondition)
      - found 'session' scope (OnWebApplicationCondition)
      - @ConditionalOnMissingBean (types: org.springframework.data.web.PageableHandlerMethodArgumentResolver; SearchStrategy: all) did not find any beans (OnBeanCondition)

   SpringDataWebAutoConfiguration#pageableCustomizer matched:
      - @ConditionalOnMissingBean (types: org.springframework.data.web.config.PageableHandlerMethodArgumentResolverCustomizer; SearchStrategy: all) did not find any beans (OnBeanCondition)

   SpringDataWebAutoConfiguration#sortCustomizer matched:
      - @ConditionalOnMissingBean (types: org.springframework.data.web.config.SortHandlerMethodArgumentResolverCustomizer; SearchStrategy: all) did not find any beans (OnBeanCondition)

   SpringDataWebAutoConfiguration#springDataWebSettings matched:
      - @ConditionalOnMissingBean (types: org.springframework.data.web.config.SpringDataWebSettings; SearchStrategy: all) did not find any beans (OnBeanCondition)

   SpringDocConfigProperties matched:
      - @ConditionalOnProperty (springdoc.api-docs.enabled) matched (OnPropertyCondition)
      - @ConditionalOnBean (types: org.springdoc.core.configuration.SpringDocConfiguration; SearchStrategy: all) found bean 'org.springdoc.core.configuration.SpringDocConfiguration' (OnBeanCondition)

   SpringDocConfiguration matched:
      - @ConditionalOnWebApplication (required) found 'session' scope (OnWebApplicationCondition)
      - @ConditionalOnProperty (springdoc.api-docs.enabled) matched (OnPropertyCondition)

   SpringDocConfiguration#fileSupportConverter matched:
      - @ConditionalOnMissingBean (types: org.springdoc.core.converters.FileSupportConverter; SearchStrategy: all) did not find any beans (OnBeanCondition)

   SpringDocConfiguration#globalOpenApiCustomizer matched:
      - @ConditionalOnMissingBean (names: globalOpenApiCustomizer; SearchStrategy: all) did not find any beans (OnBeanCondition)

   SpringDocConfiguration#oas31ModelConverter matched:
      - @ConditionalOnMissingBean (types: org.springdoc.core.converters.OAS31ModelConverter; SearchStrategy: all) did not find any beans (OnBeanCondition)

   SpringDocConfiguration#openAPIBuilder matched:
      - @ConditionalOnMissingBean (types: org.springdoc.core.service.OpenAPIService; SearchStrategy: all) did not find any beans (OnBeanCondition)

   SpringDocConfiguration#operationBuilder matched:
      - @ConditionalOnMissingBean (types: org.springdoc.core.service.OperationService; SearchStrategy: all) did not find any beans (OnBeanCondition)

   SpringDocConfiguration#parameterBuilder matched:
      - @ConditionalOnMissingBean (types: org.springdoc.core.service.GenericParameterService; SearchStrategy: all) did not find any beans (OnBeanCondition)

   SpringDocConfiguration#parameterObjectNamingStrategyCustomizer matched:
      - @ConditionalOnMissingBean (types: org.springdoc.core.customizers.ParameterObjectNamingStrategyCustomizer; SearchStrategy: all) did not find any beans (OnBeanCondition)

   SpringDocConfiguration#polymorphicModelConverter matched:
      - @ConditionalOnProperty (springdoc.model-converters.polymorphic-converter.enabled) matched (OnPropertyCondition)
      - @ConditionalOnMissingBean (types: org.springdoc.core.converters.PolymorphicModelConverter; SearchStrategy: all) did not find any beans (OnBeanCondition)

   SpringDocConfiguration#requestBodyBuilder matched:
      - @ConditionalOnMissingBean (types: org.springdoc.core.service.RequestBodyService; SearchStrategy: all) did not find any beans (OnBeanCondition)

   SpringDocConfiguration#responseSupportConverter matched:
      - @ConditionalOnMissingBean (types: org.springdoc.core.converters.ResponseSupportConverter; SearchStrategy: all) did not find any beans (OnBeanCondition)

   SpringDocConfiguration#schemaPropertyDeprecatingConverter matched:
      - @ConditionalOnProperty (springdoc.model-converters.deprecating-converter.enabled) matched (OnPropertyCondition)
      - @ConditionalOnMissingBean (types: org.springdoc.core.converters.SchemaPropertyDeprecatingConverter; SearchStrategy: all) did not find any beans (OnBeanCondition)

   SpringDocConfiguration#securityParser matched:
      - @ConditionalOnMissingBean (types: org.springdoc.core.service.SecurityService; SearchStrategy: all) did not find any beans (OnBeanCondition)

   SpringDocConfiguration#springDocCustomizers matched:
      - @ConditionalOnMissingBean (types: org.springdoc.core.customizers.SpringDocCustomizers; SearchStrategy: all) did not find any beans (OnBeanCondition)

   SpringDocConfiguration#springDocProviders matched:
      - @ConditionalOnMissingBean (types: org.springdoc.core.providers.SpringDocProviders; SearchStrategy: all) did not find any beans (OnBeanCondition)

   SpringDocConfiguration#springdocObjectMapperProvider matched:
      - @ConditionalOnMissingBean (types: org.springdoc.core.providers.ObjectMapperProvider; SearchStrategy: all) did not find any beans (OnBeanCondition)

   SpringDocConfiguration.QuerydslProvider matched:
      - @ConditionalOnClass found required class 'org.springframework.data.querydsl.binding.QuerydslBindingsFactory' (OnClassCondition)

   SpringDocConfiguration.QuerydslProvider#queryDslQuerydslPredicateOperationCustomizer matched:
      - @ConditionalOnMissingBean (types: org.springdoc.core.customizers.QuerydslPredicateOperationCustomizer; SearchStrategy: all) did not find any beans (OnBeanCondition)

   SpringDocConfiguration.SpringDocSpringDataWebPropertiesProvider matched:
      - @ConditionalOnClass found required class 'org.springframework.boot.autoconfigure.data.web.SpringDataWebProperties' (OnClassCondition)

   SpringDocConfiguration.SpringDocSpringDataWebPropertiesProvider#springDataWebPropertiesProvider matched:
      - @ConditionalOnMissingBean (types: org.springdoc.core.providers.SpringDataWebPropertiesProvider; SearchStrategy: all) did not find any beans (OnBeanCondition)

   SpringDocConfiguration.SpringDocWebFluxSupportConfiguration matched:
      - @ConditionalOnClass found required class 'reactor.core.publisher.Flux' (OnClassCondition)

   SpringDocConfiguration.SpringDocWebFluxSupportConfiguration#webFluxSupportConverter matched:
      - @ConditionalOnMissingBean (types: org.springdoc.core.converters.WebFluxSupportConverter; SearchStrategy: all) did not find any beans (OnBeanCondition)

   SpringDocConfiguration.WebConversionServiceConfiguration matched:
      - @ConditionalOnClass found required class 'org.springframework.boot.autoconfigure.web.format.WebConversionService' (OnClassCondition)

   SpringDocPageableConfiguration matched:
      - @ConditionalOnClass found required class 'org.springframework.data.domain.Pageable' (OnClassCondition)
      - @ConditionalOnWebApplication (required) found 'session' scope (OnWebApplicationCondition)
      - @ConditionalOnProperty (springdoc.api-docs.enabled) matched (OnPropertyCondition)
      - @ConditionalOnBean (types: org.springdoc.core.configuration.SpringDocConfiguration; SearchStrategy: all) found bean 'org.springdoc.core.configuration.SpringDocConfiguration' (OnBeanCondition)

   SpringDocPageableConfiguration#dataRestDelegatingMethodParameterCustomizer matched:
      - @ConditionalOnMissingBean (types: org.springdoc.core.customizers.DataRestDelegatingMethodParameterCustomizer; SearchStrategy: all) did not find any beans (OnBeanCondition)

   SpringDocPageableConfiguration#pageOpenAPIConverter matched:
      - @ConditionalOnClass found required classes 'org.springframework.data.web.PagedModel', 'org.springframework.data.web.config.SpringDataWebSettings' (OnClassCondition)
      - @ConditionalOnMissingBean (types: org.springdoc.core.converters.PageOpenAPIConverter; SearchStrategy: all) did not find any beans (OnBeanCondition)

   SpringDocPageableConfiguration#pageableOpenAPIConverter matched:
      - @ConditionalOnProperty (springdoc.model-converters.pageable-converter.enabled) matched (OnPropertyCondition)
      - @ConditionalOnMissingBean (types: org.springdoc.core.converters.PageableOpenAPIConverter; SearchStrategy: all) did not find any beans (OnBeanCondition)

   SpringDocSecurityConfiguration matched:
      - @ConditionalOnClass found required class 'org.springframework.security.web.SecurityFilterChain' (OnClassCondition)
      - @ConditionalOnWebApplication (required) found 'session' scope (OnWebApplicationCondition)
      - @ConditionalOnExpression (#{${springdoc.api-docs.enabled:true} and ${springdoc.enable-spring-security:true}}) resulted in true (OnExpressionCondition)
      - @ConditionalOnBean (types: org.springdoc.core.configuration.SpringDocConfiguration; SearchStrategy: all) found bean 'org.springdoc.core.configuration.SpringDocConfiguration' (OnBeanCondition)

   SpringDocSecurityConfiguration.SpringDocSecurityOAuth2ClientConfiguration matched:
      - @ConditionalOnClass found required class 'org.springframework.security.oauth2.client.annotation.RegisteredOAuth2AuthorizedClient' (OnClassCondition)

   SpringDocSecurityConfiguration.SpringSecurityLoginEndpointConfiguration matched:
      - @ConditionalOnClass found required class 'jakarta.servlet.Filter' (OnClassCondition)

   SpringDocSortConfiguration matched:
      - @ConditionalOnClass found required class 'org.springframework.data.domain.Sort' (OnClassCondition)
      - @ConditionalOnWebApplication (required) found 'session' scope (OnWebApplicationCondition)
      - @ConditionalOnProperty (springdoc.api-docs.enabled) matched (OnPropertyCondition)
      - @ConditionalOnBean (types: org.springdoc.core.configuration.SpringDocConfiguration; SearchStrategy: all) found bean 'org.springdoc.core.configuration.SpringDocConfiguration' (OnBeanCondition)

   SpringDocSortConfiguration#sortOpenAPIConverter matched:
      - @ConditionalOnProperty (springdoc.sort-converter.enabled) matched (OnPropertyCondition)
      - @ConditionalOnMissingBean (types: org.springdoc.core.converters.SortOpenAPIConverter; SearchStrategy: all) did not find any beans (OnBeanCondition)

   SpringDocWebMvcConfiguration matched:
      - found 'session' scope (OnWebApplicationCondition)
      - @ConditionalOnProperty (springdoc.api-docs.enabled) matched (OnPropertyCondition)
      - @ConditionalOnBean (types: org.springdoc.core.configuration.SpringDocConfiguration; SearchStrategy: all) found bean 'org.springdoc.core.configuration.SpringDocConfiguration' (OnBeanCondition)

   SpringDocWebMvcConfiguration#openApiResource matched:
      - @ConditionalOnExpression (#{(${springdoc.use-management-port:false} == false ) and ${springdoc.enable-default-api-docs:true}}) resulted in true (OnExpressionCondition)
      - @ConditionalOnMissingBean (types: org.springdoc.webmvc.api.OpenApiWebMvcResource; SearchStrategy: all) did not find any beans (OnBeanCondition)

   SpringDocWebMvcConfiguration#requestBuilder matched:
      - @ConditionalOnMissingBean (types: org.springdoc.webmvc.core.service.RequestService; SearchStrategy: all) did not find any beans (OnBeanCondition)

   SpringDocWebMvcConfiguration#responseBuilder matched:
      - @ConditionalOnMissingBean (types: org.springdoc.core.service.GenericResponseService; SearchStrategy: all) did not find any beans (OnBeanCondition)

   SpringDocWebMvcConfiguration#springWebProvider matched:
      - @ConditionalOnMissingBean (types: org.springdoc.core.providers.SpringWebProvider; SearchStrategy: all) did not find any beans (OnBeanCondition)

   SpringDocWebMvcConfiguration.SpringDocWebMvcRouterConfiguration matched:
      - @ConditionalOnClass found required class 'org.springframework.web.servlet.function.RouterFunction' (OnClassCondition)

   SpringDocWebMvcConfiguration.SpringDocWebMvcRouterConfiguration#routerFunctionProvider matched:
      - @ConditionalOnMissingBean (types: org.springdoc.webmvc.core.providers.RouterFunctionWebMvcProvider; SearchStrategy: all) did not find any beans (OnBeanCondition)

   SqlInitializationAutoConfiguration matched:
      - @ConditionalOnProperty (spring.sql.init.enabled) matched (OnPropertyCondition)
      - NoneNestedConditions 0 matched 1 did not; NestedCondition on SqlInitializationAutoConfiguration.SqlInitializationModeCondition.ModeIsNever @ConditionalOnProperty (spring.sql.init.mode=never) did not find property 'mode' (SqlInitializationAutoConfiguration.SqlInitializationModeCondition)

   SslAutoConfiguration#sslBundleRegistry matched:
      - @ConditionalOnMissingBean (types: org.springframework.boot.ssl.SslBundleRegistry,org.springframework.boot.ssl.SslBundles; SearchStrategy: all) did not find any beans (OnBeanCondition)

   SwaggerConfig matched:
      - found 'session' scope (OnWebApplicationCondition)
      - @ConditionalOnProperty (springdoc.swagger-ui.enabled) matched (OnPropertyCondition)
      - @ConditionalOnBean (types: org.springdoc.core.configuration.SpringDocConfiguration; SearchStrategy: all) found bean 'org.springdoc.core.configuration.SpringDocConfiguration' (OnBeanCondition)

   SwaggerConfig#indexPageTransformer matched:
      - @ConditionalOnMissingBean (types: org.springdoc.webmvc.ui.SwaggerIndexTransformer; SearchStrategy: all) did not find any beans (OnBeanCondition)

   SwaggerConfig#swaggerConfigResource matched:
      - @ConditionalOnProperty (springdoc.use-management-port=false) matched (OnPropertyCondition)
      - @ConditionalOnMissingBean (types: org.springdoc.webmvc.ui.SwaggerConfigResource; SearchStrategy: all) did not find any beans (OnBeanCondition)

   SwaggerConfig#swaggerResourceResolver matched:
      - @ConditionalOnMissingBean (types: org.springdoc.webmvc.ui.SwaggerResourceResolver; SearchStrategy: all) did not find any beans (OnBeanCondition)

   SwaggerConfig#swaggerWebMvcConfigurer matched:
      - @ConditionalOnMissingBean (types: org.springdoc.webmvc.ui.SwaggerWebMvcConfigurer; SearchStrategy: all) did not find any beans (OnBeanCondition)

   SwaggerConfig#swaggerWelcome matched:
      - @ConditionalOnProperty (springdoc.use-management-port=false) matched (OnPropertyCondition)
      - @ConditionalOnMissingBean (types: org.springdoc.webmvc.ui.SwaggerWelcomeWebMvc; SearchStrategy: all) did not find any beans (OnBeanCondition)

   SwaggerUiConfigProperties matched:
      - @ConditionalOnProperty (springdoc.swagger-ui.enabled) matched (OnPropertyCondition)
      - @ConditionalOnBean (types: org.springdoc.core.configuration.SpringDocConfiguration; SearchStrategy: all) found bean 'org.springdoc.core.configuration.SpringDocConfiguration' (OnBeanCondition)

   SwaggerUiOAuthProperties matched:
      - @ConditionalOnProperty (springdoc.swagger-ui.enabled) matched (OnPropertyCondition)
      - @ConditionalOnBean (types: org.springdoc.core.configuration.SpringDocConfiguration; SearchStrategy: all) found bean 'org.springdoc.core.configuration.SpringDocConfiguration' (OnBeanCondition)

   TaskExecutionAutoConfiguration matched:
      - @ConditionalOnClass found required class 'org.springframework.scheduling.concurrent.ThreadPoolTaskExecutor' (OnClassCondition)

   TaskExecutorConfigurations.SimpleAsyncTaskExecutorBuilderConfiguration#simpleAsyncTaskExecutorBuilder matched:
      - @ConditionalOnMissingBean (types: org.springframework.boot.task.SimpleAsyncTaskExecutorBuilder; SearchStrategy: all) did not find any beans (OnBeanCondition)
      - @ConditionalOnThreading found PLATFORM (OnThreadingCondition)

   TaskExecutorConfigurations.TaskExecutorConfiguration matched:
      - @ConditionalOnMissingBean (types: java.util.concurrent.Executor; SearchStrategy: all) did not find any beans (OnBeanCondition)

   TaskExecutorConfigurations.TaskExecutorConfiguration#applicationTaskExecutor matched:
      - @ConditionalOnThreading found PLATFORM (OnThreadingCondition)

   TaskExecutorConfigurations.ThreadPoolTaskExecutorBuilderConfiguration#threadPoolTaskExecutorBuilder matched:
      - @ConditionalOnMissingBean (types: org.springframework.boot.task.ThreadPoolTaskExecutorBuilder; SearchStrategy: all) did not find any beans (OnBeanCondition)

   TaskSchedulingAutoConfiguration matched:
      - @ConditionalOnClass found required class 'org.springframework.scheduling.concurrent.ThreadPoolTaskScheduler' (OnClassCondition)

   TaskSchedulingConfigurations.SimpleAsyncTaskSchedulerBuilderConfiguration#simpleAsyncTaskSchedulerBuilder matched:
      - @ConditionalOnMissingBean (types: org.springframework.boot.task.SimpleAsyncTaskSchedulerBuilder; SearchStrategy: all) did not find any beans (OnBeanCondition)
      - @ConditionalOnThreading found PLATFORM (OnThreadingCondition)

   TaskSchedulingConfigurations.ThreadPoolTaskSchedulerBuilderConfiguration#threadPoolTaskSchedulerBuilder matched:
      - @ConditionalOnMissingBean (types: org.springframework.boot.task.ThreadPoolTaskSchedulerBuilder; SearchStrategy: all) did not find any beans (OnBeanCondition)

   TransactionAutoConfiguration matched:
      - @ConditionalOnClass found required class 'org.springframework.transaction.PlatformTransactionManager' (OnClassCondition)

   TransactionAutoConfiguration.EnableTransactionManagementConfiguration matched:
      - @ConditionalOnBean (types: org.springframework.transaction.TransactionManager; SearchStrategy: all) found bean 'transactionManager'; @ConditionalOnMissingBean (types: org.springframework.transaction.annotation.AbstractTransactionManagementConfiguration; SearchStrategy: all) did not find any beans (OnBeanCondition)

   TransactionAutoConfiguration.EnableTransactionManagementConfiguration.CglibAutoProxyConfiguration matched:
      - @ConditionalOnProperty (spring.aop.proxy-target-class=true) matched (OnPropertyCondition)

   TransactionAutoConfiguration.TransactionTemplateConfiguration matched:
      - @ConditionalOnSingleCandidate (types: org.springframework.transaction.PlatformTransactionManager; SearchStrategy: all) found a single bean 'transactionManager' (OnBeanCondition)

   TransactionAutoConfiguration.TransactionTemplateConfiguration#transactionTemplate matched:
      - @ConditionalOnMissingBean (types: org.springframework.transaction.support.TransactionOperations; SearchStrategy: all) did not find any beans (OnBeanCondition)

   TransactionManagerCustomizationAutoConfiguration matched:
      - @ConditionalOnClass found required class 'org.springframework.transaction.PlatformTransactionManager' (OnClassCondition)

   TransactionManagerCustomizationAutoConfiguration#platformTransactionManagerCustomizers matched:
      - @ConditionalOnMissingBean (types: org.springframework.boot.autoconfigure.transaction.TransactionManagerCustomizers; SearchStrategy: all) did not find any beans (OnBeanCondition)

   UtilAutoConfiguration matched:
      - @ConditionalOnProperty (spring.cloud.util.enabled) matched (OnPropertyCondition)

   UtilAutoConfiguration#inetUtils matched:
      - @ConditionalOnMissingBean (types: org.springframework.cloud.commons.util.InetUtils; SearchStrategy: all) did not find any beans (OnBeanCondition)

   ValidationAutoConfiguration matched:
      - @ConditionalOnClass found required class 'jakarta.validation.executable.ExecutableValidator' (OnClassCondition)
      - @ConditionalOnResource found location classpath:META-INF/services/jakarta.validation.spi.ValidationProvider (OnResourceCondition)

   ValidationAutoConfiguration#defaultValidator matched:
      - @ConditionalOnMissingBean (types: jakarta.validation.Validator; SearchStrategy: all) did not find any beans (OnBeanCondition)

   ValidationAutoConfiguration#methodValidationPostProcessor matched:
      - @ConditionalOnMissingBean (types: org.springframework.validation.beanvalidation.MethodValidationPostProcessor; SearchStrategy: current) did not find any beans (OnBeanCondition)

   WebMvcAutoConfiguration matched:
      - @ConditionalOnClass found required classes 'jakarta.servlet.Servlet', 'org.springframework.web.servlet.DispatcherServlet', 'org.springframework.web.servlet.config.annotation.WebMvcConfigurer' (OnClassCondition)
      - found 'session' scope (OnWebApplicationCondition)
      - @ConditionalOnMissingBean (types: org.springframework.web.servlet.config.annotation.WebMvcConfigurationSupport; SearchStrategy: all) did not find any beans (OnBeanCondition)

   WebMvcAutoConfiguration#formContentFilter matched:
      - @ConditionalOnProperty (spring.mvc.formcontent.filter.enabled) matched (OnPropertyCondition)
      - @ConditionalOnMissingBean (types: org.springframework.web.filter.FormContentFilter; SearchStrategy: all) did not find any beans (OnBeanCondition)

   WebMvcAutoConfiguration.EnableWebMvcConfiguration#flashMapManager matched:
      - @ConditionalOnMissingBean (names: flashMapManager; SearchStrategy: all) did not find any beans (OnBeanCondition)

   WebMvcAutoConfiguration.EnableWebMvcConfiguration#localeResolver matched:
      - @ConditionalOnMissingBean (names: localeResolver; SearchStrategy: all) did not find any beans (OnBeanCondition)

   WebMvcAutoConfiguration.EnableWebMvcConfiguration#themeResolver matched:
      - @ConditionalOnMissingBean (names: themeResolver; SearchStrategy: all) did not find any beans (OnBeanCondition)

   WebMvcAutoConfiguration.EnableWebMvcConfiguration#viewNameTranslator matched:
      - @ConditionalOnMissingBean (names: viewNameTranslator; SearchStrategy: all) did not find any beans (OnBeanCondition)

   WebMvcAutoConfiguration.ResourceChainCustomizerConfiguration matched:
      - @ConditionalOnEnabledResourceChain found class org.webjars.WebJarVersionLocator (OnEnabledResourceChainCondition)

   WebMvcAutoConfiguration.WebMvcAutoConfigurationAdapter#defaultViewResolver matched:
      - @ConditionalOnMissingBean (types: org.springframework.web.servlet.view.InternalResourceViewResolver; SearchStrategy: all) did not find any beans (OnBeanCondition)

   WebMvcAutoConfiguration.WebMvcAutoConfigurationAdapter#requestContextFilter matched:
      - @ConditionalOnMissingBean (types: org.springframework.web.context.request.RequestContextListener,org.springframework.web.filter.RequestContextFilter; SearchStrategy: all) did not find any beans (OnBeanCondition)

   WebMvcAutoConfiguration.WebMvcAutoConfigurationAdapter#viewResolver matched:
      - @ConditionalOnBean (types: org.springframework.web.servlet.ViewResolver; SearchStrategy: all) found beans 'defaultViewResolver', 'beanNameViewResolver', 'mvcViewResolver'; @ConditionalOnMissingBean (names: viewResolver types: org.springframework.web.servlet.view.ContentNegotiatingViewResolver; SearchStrategy: all) did not find any beans (OnBeanCondition)

   WebSocketServletAutoConfiguration matched:
      - @ConditionalOnClass found required classes 'jakarta.servlet.Servlet', 'jakarta.websocket.server.ServerContainer' (OnClassCondition)
      - found 'session' scope (OnWebApplicationCondition)

   WebSocketServletAutoConfiguration.TomcatWebSocketConfiguration matched:
      - @ConditionalOnClass found required classes 'org.apache.catalina.startup.Tomcat', 'org.apache.tomcat.websocket.server.WsSci' (OnClassCondition)

   WebSocketServletAutoConfiguration.TomcatWebSocketConfiguration#websocketServletWebServerCustomizer matched:
      - @ConditionalOnMissingBean (names: websocketServletWebServerCustomizer; SearchStrategy: all) did not find any beans (OnBeanCondition)


Negative matches:
-----------------

   ActiveMQAutoConfiguration:
      Did not match:
         - @ConditionalOnClass did not find required class 'jakarta.jms.ConnectionFactory' (OnClassCondition)

   AopAutoConfiguration.AspectJAutoProxyingConfiguration.JdkDynamicAutoProxyConfiguration:
      Did not match:
         - @ConditionalOnProperty (spring.aop.proxy-target-class=false) did not find property 'proxy-target-class' (OnPropertyCondition)

   AopAutoConfiguration.ClassProxyingConfiguration:
      Did not match:
         - @ConditionalOnMissingClass found unwanted class 'org.aspectj.weaver.Advice' (OnClassCondition)

   ArtemisAutoConfiguration:
      Did not match:
         - @ConditionalOnClass did not find required class 'jakarta.jms.ConnectionFactory' (OnClassCondition)

   BatchAutoConfiguration:
      Did not match:
         - @ConditionalOnClass did not find required class 'org.springframework.batch.core.launch.JobLauncher' (OnClassCondition)

   Cache2kCacheConfiguration:
      Did not match:
         - @ConditionalOnClass did not find required class 'org.cache2k.Cache2kBuilder' (OnClassCondition)

   CacheAutoConfiguration:
      Did not match:
         - @ConditionalOnBean (types: org.springframework.cache.interceptor.CacheAspectSupport; SearchStrategy: all) did not find any beans of type org.springframework.cache.interceptor.CacheAspectSupport (OnBeanCondition)
      Matched:
         - @ConditionalOnClass found required class 'org.springframework.cache.CacheManager' (OnClassCondition)

   CacheAutoConfiguration.CacheManagerEntityManagerFactoryDependsOnPostProcessor:
      Did not match:
         - Ancestor org.springframework.boot.autoconfigure.cache.CacheAutoConfiguration did not match (ConditionEvaluationReport.AncestorsMatchedCondition)
      Matched:
         - @ConditionalOnClass found required class 'org.springframework.orm.jpa.LocalContainerEntityManagerFactoryBean' (OnClassCondition)

   CaffeineCacheConfiguration:
      Did not match:
         - @ConditionalOnClass did not find required class 'com.github.benmanes.caffeine.cache.Caffeine' (OnClassCondition)

   CassandraAutoConfiguration:
      Did not match:
         - @ConditionalOnClass did not find required class 'com.datastax.oss.driver.api.core.CqlSession' (OnClassCondition)

   CassandraDataAutoConfiguration:
      Did not match:
         - @ConditionalOnClass did not find required class 'com.datastax.oss.driver.api.core.CqlSession' (OnClassCondition)

   CassandraReactiveDataAutoConfiguration:
      Did not match:
         - @ConditionalOnClass did not find required class 'com.datastax.oss.driver.api.core.CqlSession' (OnClassCondition)

   CassandraReactiveRepositoriesAutoConfiguration:
      Did not match:
         - @ConditionalOnClass did not find required class 'org.springframework.data.cassandra.ReactiveSession' (OnClassCondition)

   CassandraRepositoriesAutoConfiguration:
      Did not match:
         - @ConditionalOnClass did not find required class 'com.datastax.oss.driver.api.core.CqlSession' (OnClassCondition)

   ClientHttpConnectorAutoConfiguration:
      Did not match:
         - @ConditionalOnClass did not find required class 'org.springframework.web.reactive.function.client.WebClient' (OnClassCondition)

   CloudHypermediaAutoConfiguration:
      Did not match:
         - @ConditionalOnClass did not find required class 'org.springframework.hateoas.Link' (OnClassCondition)

   CodecsAutoConfiguration:
      Did not match:
         - @ConditionalOnClass did not find required class 'org.springframework.web.reactive.function.client.WebClient' (OnClassCondition)

   CommonsClientAutoConfiguration.ActuatorConfiguration:
      Did not match:
         - @ConditionalOnClass did not find required class 'org.springframework.boot.actuate.endpoint.annotation.Endpoint' (OnClassCondition)

   CommonsClientAutoConfiguration.DiscoveryLoadBalancerConfiguration:
      Did not match:
         - @ConditionalOnClass did not find required class 'org.springframework.boot.actuate.health.HealthIndicator' (OnClassCondition)

   CouchbaseAutoConfiguration:
      Did not match:
         - @ConditionalOnClass did not find required class 'com.couchbase.client.java.Cluster' (OnClassCondition)

   CouchbaseCacheConfiguration:
      Did not match:
         - @ConditionalOnClass did not find required class 'com.couchbase.client.java.Cluster' (OnClassCondition)

   CouchbaseDataAutoConfiguration:
      Did not match:
         - @ConditionalOnClass did not find required class 'com.couchbase.client.java.Bucket' (OnClassCondition)

   CouchbaseReactiveDataAutoConfiguration:
      Did not match:
         - @ConditionalOnClass did not find required class 'com.couchbase.client.java.Cluster' (OnClassCondition)

   CouchbaseReactiveRepositoriesAutoConfiguration:
      Did not match:
         - @ConditionalOnClass did not find required class 'com.couchbase.client.java.Cluster' (OnClassCondition)

   CouchbaseRepositoriesAutoConfiguration:
      Did not match:
         - @ConditionalOnClass did not find required class 'com.couchbase.client.java.Bucket' (OnClassCondition)

   DataSourceAutoConfiguration.EmbeddedDatabaseConfiguration:
      Did not match:
         - EmbeddedDataSource spring.datasource.url is set (DataSourceAutoConfiguration.EmbeddedDatabaseCondition)

   DataSourceCheckpointRestoreConfiguration:
      Did not match:
         - @ConditionalOnClass did not find required class 'org.crac.Resource' (OnClassCondition)

   DataSourceConfiguration.Dbcp2:
      Did not match:
         - @ConditionalOnClass did not find required class 'org.apache.commons.dbcp2.BasicDataSource' (OnClassCondition)

   DataSourceConfiguration.Generic:
      Did not match:
         - @ConditionalOnProperty (spring.datasource.type) did not find property 'spring.datasource.type' (OnPropertyCondition)

   DataSourceConfiguration.OracleUcp:
      Did not match:
         - @ConditionalOnClass did not find required classes 'oracle.ucp.jdbc.PoolDataSourceImpl', 'oracle.jdbc.OracleConnection' (OnClassCondition)

   DataSourceConfiguration.Tomcat:
      Did not match:
         - @ConditionalOnClass did not find required class 'org.apache.tomcat.jdbc.pool.DataSource' (OnClassCondition)

   DataSourceJmxConfiguration:
      Did not match:
         - @ConditionalOnProperty (spring.jmx.enabled=true) found different value in property 'enabled' (OnPropertyCondition)

   DataSourcePoolMetadataProvidersConfiguration.CommonsDbcp2PoolDataSourceMetadataProviderConfiguration:
      Did not match:
         - @ConditionalOnClass did not find required class 'org.apache.commons.dbcp2.BasicDataSource' (OnClassCondition)

   DataSourcePoolMetadataProvidersConfiguration.OracleUcpPoolDataSourceMetadataProviderConfiguration:
      Did not match:
         - @ConditionalOnClass did not find required classes 'oracle.ucp.jdbc.PoolDataSource', 'oracle.jdbc.OracleConnection' (OnClassCondition)

   DataSourcePoolMetadataProvidersConfiguration.TomcatDataSourcePoolMetadataProviderConfiguration:
      Did not match:
         - @ConditionalOnClass did not find required class 'org.apache.tomcat.jdbc.pool.DataSource' (OnClassCondition)

   DataSourceTransactionManagerAutoConfiguration.JdbcTransactionManagerConfiguration#transactionManager:
      Did not match:
         - @ConditionalOnMissingBean (types: org.springframework.transaction.TransactionManager; SearchStrategy: all) found beans of type 'org.springframework.transaction.TransactionManager' transactionManager (OnBeanCondition)

   DevToolsR2dbcAutoConfiguration:
      Did not match:
         - @ConditionalOnClass did not find required class 'io.r2dbc.spi.ConnectionFactory' (OnClassCondition)

   DispatcherServletAutoConfiguration.DispatcherServletConfiguration#multipartResolver:
      Did not match:
         - @ConditionalOnBean (types: org.springframework.web.multipart.MultipartResolver; SearchStrategy: all) did not find any beans of type org.springframework.web.multipart.MultipartResolver (OnBeanCondition)

   ElasticsearchClientAutoConfiguration:
      Did not match:
         - @ConditionalOnClass did not find required class 'co.elastic.clients.elasticsearch.ElasticsearchClient' (OnClassCondition)

   ElasticsearchDataAutoConfiguration:
      Did not match:
         - @ConditionalOnClass did not find required class 'org.springframework.data.elasticsearch.client.elc.ElasticsearchTemplate' (OnClassCondition)

   ElasticsearchRepositoriesAutoConfiguration:
      Did not match:
         - @ConditionalOnClass did not find required class 'org.springframework.data.elasticsearch.repository.ElasticsearchRepository' (OnClassCondition)

   ElasticsearchRestClientAutoConfiguration:
      Did not match:
         - @ConditionalOnClass did not find required class 'org.elasticsearch.client.RestClientBuilder' (OnClassCondition)

   EmbeddedLdapAutoConfiguration:
      Did not match:
         - @ConditionalOnClass did not find required class 'com.unboundid.ldap.listener.InMemoryDirectoryServer' (OnClassCondition)

   EmbeddedWebServerFactoryCustomizerAutoConfiguration.JettyWebServerFactoryCustomizerConfiguration:
      Did not match:
         - @ConditionalOnClass did not find required classes 'org.eclipse.jetty.server.Server', 'org.eclipse.jetty.util.Loader', 'org.eclipse.jetty.ee10.webapp.WebAppContext' (OnClassCondition)

   EmbeddedWebServerFactoryCustomizerAutoConfiguration.NettyWebServerFactoryCustomizerConfiguration:
      Did not match:
         - @ConditionalOnClass did not find required class 'reactor.netty.http.server.HttpServer' (OnClassCondition)

   EmbeddedWebServerFactoryCustomizerAutoConfiguration.TomcatWebServerFactoryCustomizerConfiguration#tomcatVirtualThreadsProtocolHandlerCustomizer:
      Did not match:
         - @ConditionalOnThreading did not find VIRTUAL (OnThreadingCondition)

   EmbeddedWebServerFactoryCustomizerAutoConfiguration.UndertowWebServerFactoryCustomizerConfiguration:
      Did not match:
         - @ConditionalOnClass did not find required classes 'io.undertow.Undertow', 'org.xnio.SslClientAuthMode' (OnClassCondition)

   ErrorWebFluxAutoConfiguration:
      Did not match:
         - @ConditionalOnClass did not find required class 'org.springframework.web.reactive.config.WebFluxConfigurer' (OnClassCondition)

   FeignAcceptGzipEncodingAutoConfiguration:
      Did not match:
         - @ConditionalOnProperty (spring.cloud.openfeign.compression.response.enabled) did not find property 'spring.cloud.openfeign.compression.response.enabled' (OnPropertyCondition)
      Matched:
         - @ConditionalOnClass found required class 'feign.Feign' (OnClassCondition)

   FeignAutoConfiguration#cachingCapability:
      Did not match:
         - @ConditionalOnBean (types: org.springframework.cache.interceptor.CacheInterceptor; SearchStrategy: all) did not find any beans of type org.springframework.cache.interceptor.CacheInterceptor (OnBeanCondition)
      Matched:
         - @ConditionalOnProperty (spring.cloud.openfeign.cache.enabled) matched (OnPropertyCondition)

   FeignAutoConfiguration.CircuitBreakerPresentFeignTargeterConfiguration:
      Did not match:
         - @ConditionalOnProperty (spring.cloud.openfeign.circuitbreaker.enabled=true) did not find property 'spring.cloud.openfeign.circuitbreaker.enabled' (OnPropertyCondition)
      Matched:
         - @ConditionalOnClass found required class 'org.springframework.cloud.client.circuitbreaker.CircuitBreaker' (OnClassCondition)

   FeignAutoConfiguration.Http2ClientFeignConfiguration:
      Did not match:
         - @ConditionalOnClass did not find required class 'feign.http2client.Http2Client' (OnClassCondition)

   FeignAutoConfiguration.HttpClient5FeignConfiguration:
      Did not match:
         - @ConditionalOnClass did not find required class 'feign.hc5.ApacheHttp5Client' (OnClassCondition)

   FeignAutoConfiguration.Oauth2FeignConfiguration:
      Did not match:
         - @ConditionalOnProperty (spring.cloud.openfeign.oauth2.enabled) did not find property 'spring.cloud.openfeign.oauth2.enabled' (OnPropertyCondition)
      Matched:
         - @ConditionalOnClass found required class 'org.springframework.security.oauth2.client.OAuth2AuthorizedClientManager' (OnClassCondition)

   FeignAutoConfiguration.OkHttpFeignConfiguration:
      Did not match:
         - @ConditionalOnClass did not find required class 'feign.okhttp.OkHttpClient' (OnClassCondition)

   FeignContentGzipEncodingAutoConfiguration:
      Did not match:
         - @ConditionalOnProperty (spring.cloud.openfeign.compression.request.enabled) did not find property 'spring.cloud.openfeign.compression.request.enabled' (OnPropertyCondition)
      Matched:
         - @ConditionalOnClass found required class 'feign.Feign' (OnClassCondition)

   FeignHalAutoConfiguration:
      Did not match:
         - @ConditionalOnClass did not find required class 'org.springframework.hateoas.config.WebConverters' (OnClassCondition)

   FeignLoadBalancerAutoConfiguration:
      Did not match:
         - @ConditionalOnBean did not find required type 'org.springframework.cloud.loadbalancer.support.LoadBalancerClientFactory' (OnBeanCondition)

   FlywayAutoConfiguration:
      Did not match:
         - @ConditionalOnClass did not find required class 'org.flywaydb.core.Flyway' (OnClassCondition)

   FreeMarkerAutoConfiguration:
      Did not match:
         - @ConditionalOnClass did not find required class 'freemarker.template.Configuration' (OnClassCondition)

   GraphQlAutoConfiguration:
      Did not match:
         - @ConditionalOnClass did not find required class 'graphql.GraphQL' (OnClassCondition)

   GraphQlQueryByExampleAutoConfiguration:
      Did not match:
         - @ConditionalOnClass did not find required class 'graphql.GraphQL' (OnClassCondition)

   GraphQlQuerydslAutoConfiguration:
      Did not match:
         - @ConditionalOnClass did not find required class 'com.querydsl.core.Query' (OnClassCondition)

   GraphQlRSocketAutoConfiguration:
      Did not match:
         - @ConditionalOnClass did not find required class 'graphql.GraphQL' (OnClassCondition)

   GraphQlReactiveQueryByExampleAutoConfiguration:
      Did not match:
         - @ConditionalOnClass did not find required class 'graphql.GraphQL' (OnClassCondition)

   GraphQlReactiveQuerydslAutoConfiguration:
      Did not match:
         - @ConditionalOnClass did not find required class 'com.querydsl.core.Query' (OnClassCondition)

   GraphQlWebFluxAutoConfiguration:
      Did not match:
         - @ConditionalOnClass did not find required class 'graphql.GraphQL' (OnClassCondition)

   GraphQlWebFluxSecurityAutoConfiguration:
      Did not match:
         - @ConditionalOnClass did not find required class 'graphql.GraphQL' (OnClassCondition)

   GraphQlWebMvcAutoConfiguration:
      Did not match:
         - @ConditionalOnClass did not find required class 'graphql.GraphQL' (OnClassCondition)

   GraphQlWebMvcSecurityAutoConfiguration:
      Did not match:
         - @ConditionalOnClass did not find required class 'graphql.GraphQL' (OnClassCondition)

   GroovyTemplateAutoConfiguration:
      Did not match:
         - @ConditionalOnClass did not find required class 'groovy.text.markup.MarkupTemplateEngine' (OnClassCondition)

   GsonAutoConfiguration:
      Did not match:
         - @ConditionalOnClass did not find required class 'com.google.gson.Gson' (OnClassCondition)

   GsonHttpMessageConvertersConfiguration:
      Did not match:
         - @ConditionalOnClass did not find required class 'com.google.gson.Gson' (OnClassCondition)

   H2ConsoleAutoConfiguration:
      Did not match:
         - @ConditionalOnClass did not find required class 'org.h2.server.web.JakartaWebServlet' (OnClassCondition)

   HazelcastAutoConfiguration:
      Did not match:
         - @ConditionalOnClass did not find required class 'com.hazelcast.core.HazelcastInstance' (OnClassCondition)

   HazelcastCacheConfiguration:
      Did not match:
         - @ConditionalOnClass did not find required class 'com.hazelcast.core.HazelcastInstance' (OnClassCondition)

   HazelcastJpaDependencyAutoConfiguration:
      Did not match:
         - @ConditionalOnClass did not find required class 'com.hazelcast.core.HazelcastInstance' (OnClassCondition)

   HttpHandlerAutoConfiguration:
      Did not match:
         - @ConditionalOnClass did not find required class 'org.springframework.web.reactive.DispatcherHandler' (OnClassCondition)

   HypermediaAutoConfiguration:
      Did not match:
         - @ConditionalOnClass did not find required class 'org.springframework.hateoas.EntityModel' (OnClassCondition)

   InfinispanCacheConfiguration:
      Did not match:
         - @ConditionalOnClass did not find required class 'org.infinispan.spring.embedded.provider.SpringEmbeddedCacheManager' (OnClassCondition)

   IntegrationAutoConfiguration:
      Did not match:
         - @ConditionalOnClass did not find required class 'org.springframework.integration.config.EnableIntegration' (OnClassCondition)

   JCacheCacheConfiguration:
      Did not match:
         - @ConditionalOnClass did not find required class 'javax.cache.Caching' (OnClassCondition)

   JacksonAutoConfiguration.JacksonObjectMapperConfiguration#jacksonObjectMapper:
      Did not match:
         - @ConditionalOnMissingBean (types: com.fasterxml.jackson.databind.ObjectMapper; SearchStrategy: all) found beans of type 'com.fasterxml.jackson.databind.ObjectMapper' objectMapper (OnBeanCondition)

   JacksonHttpMessageConvertersConfiguration.MappingJackson2XmlHttpMessageConverterConfiguration:
      Did not match:
         - @ConditionalOnClass did not find required class 'com.fasterxml.jackson.dataformat.xml.XmlMapper' (OnClassCondition)

   JdbcRepositoriesAutoConfiguration:
      Did not match:
         - @ConditionalOnClass did not find required class 'org.springframework.data.jdbc.repository.config.AbstractJdbcConfiguration' (OnClassCondition)

   JedisConnectionConfiguration:
      Did not match:
         - @ConditionalOnClass did not find required classes 'org.apache.commons.pool2.impl.GenericObjectPool', 'redis.clients.jedis.Jedis' (OnClassCondition)

   JerseyAutoConfiguration:
      Did not match:
         - @ConditionalOnClass did not find required class 'org.glassfish.jersey.server.spring.SpringComponentProvider' (OnClassCondition)

   JmsAutoConfiguration:
      Did not match:
         - @ConditionalOnClass did not find required class 'jakarta.jms.Message' (OnClassCondition)

   JmxAutoConfiguration:
      Did not match:
         - @ConditionalOnProperty (spring.jmx.enabled=true) found different value in property 'enabled' (OnPropertyCondition)
      Matched:
         - @ConditionalOnClass found required class 'org.springframework.jmx.export.MBeanExporter' (OnClassCondition)

   JndiConnectionFactoryAutoConfiguration:
      Did not match:
         - @ConditionalOnClass did not find required class 'org.springframework.jms.core.JmsTemplate' (OnClassCondition)

   JndiDataSourceAutoConfiguration:
      Did not match:
         - @ConditionalOnProperty (spring.datasource.jndi-name) did not find property 'jndi-name' (OnPropertyCondition)
      Matched:
         - @ConditionalOnClass found required classes 'javax.sql.DataSource', 'org.springframework.jdbc.datasource.embedded.EmbeddedDatabaseType' (OnClassCondition)

   JndiJtaConfiguration:
      Did not match:
         - @ConditionalOnJndi JNDI environment is not available (OnJndiCondition)
      Matched:
         - @ConditionalOnClass found required class 'org.springframework.transaction.jta.JtaTransactionManager' (OnClassCondition)

   JooqAutoConfiguration:
      Did not match:
         - @ConditionalOnClass did not find required class 'org.jooq.DSLContext' (OnClassCondition)

   JpaRepositoriesAutoConfiguration#entityManagerFactoryBootstrapExecutorCustomizer:
      Did not match:
         - AnyNestedCondition 0 matched 2 did not; NestedCondition on JpaRepositoriesAutoConfiguration.BootstrapExecutorCondition.LazyBootstrapMode @ConditionalOnProperty (spring.data.jpa.repositories.bootstrap-mode=lazy) did not find property 'bootstrap-mode'; NestedCondition on JpaRepositoriesAutoConfiguration.BootstrapExecutorCondition.DeferredBootstrapMode @ConditionalOnProperty (spring.data.jpa.repositories.bootstrap-mode=deferred) did not find property 'bootstrap-mode' (JpaRepositoriesAutoConfiguration.BootstrapExecutorCondition)

   JsonbAutoConfiguration:
      Did not match:
         - @ConditionalOnClass did not find required class 'jakarta.json.bind.Jsonb' (OnClassCondition)

   JsonbHttpMessageConvertersConfiguration:
      Did not match:
         - @ConditionalOnClass did not find required class 'jakarta.json.bind.Jsonb' (OnClassCondition)

   KafkaAutoConfiguration:
      Did not match:
         - @ConditionalOnClass did not find required class 'org.springframework.kafka.core.KafkaTemplate' (OnClassCondition)

   LdapAutoConfiguration:
      Did not match:
         - @ConditionalOnClass did not find required class 'org.springframework.ldap.core.ContextSource' (OnClassCondition)

   LdapRepositoriesAutoConfiguration:
      Did not match:
         - @ConditionalOnClass did not find required class 'org.springframework.data.ldap.repository.LdapRepository' (OnClassCondition)

   LettuceConnectionConfiguration#redisConnectionFactory:
      Did not match:
         - @ConditionalOnMissingBean (types: org.springframework.data.redis.connection.RedisConnectionFactory; SearchStrategy: all) found beans of type 'org.springframework.data.redis.connection.RedisConnectionFactory' redisConnectionFactory (OnBeanCondition)

   LettuceConnectionConfiguration#redisConnectionFactoryVirtualThreads:
      Did not match:
         - @ConditionalOnMissingBean (types: org.springframework.data.redis.connection.RedisConnectionFactory; SearchStrategy: all) found beans of type 'org.springframework.data.redis.connection.RedisConnectionFactory' redisConnectionFactory (OnBeanCondition)

   LiquibaseAutoConfiguration:
      Did not match:
         - @ConditionalOnClass did not find required class 'liquibase.change.DatabaseChange' (OnClassCondition)

   LoadBalancerAutoConfiguration:
      Did not match:
         - @ConditionalOnBean (types: org.springframework.cloud.client.loadbalancer.LoadBalancerClient; SearchStrategy: all) did not find any beans of type org.springframework.cloud.client.loadbalancer.LoadBalancerClient (OnBeanCondition)
      Matched:
         - AnyNestedCondition 2 matched 0 did not; NestedCondition on BlockingRestClassesPresentCondition.RestClientPresent @ConditionalOnClass found required class 'org.springframework.web.client.RestClient'; NestedCondition on BlockingRestClassesPresentCondition.RestTemplatePresent @ConditionalOnClass found required class 'org.springframework.web.client.RestTemplate' (BlockingRestClassesPresentCondition)

   LoadBalancerAutoConfiguration.RetryAutoConfiguration:
      Did not match:
         - Ancestor org.springframework.cloud.client.loadbalancer.LoadBalancerAutoConfiguration did not match (ConditionEvaluationReport.AncestorsMatchedCondition)
      Matched:
         - @ConditionalOnClass found required class 'org.springframework.retry.support.RetryTemplate' (OnClassCondition)

   LoadBalancerAutoConfiguration.RetryInterceptorAutoConfiguration:
      Did not match:
         - Ancestor org.springframework.cloud.client.loadbalancer.LoadBalancerAutoConfiguration did not match (ConditionEvaluationReport.AncestorsMatchedCondition)
      Matched:
         - @ConditionalOnClass found required class 'org.springframework.retry.support.RetryTemplate' (OnClassCondition)
         - @ConditionalOnProperty (spring.cloud.loadbalancer.retry.enabled) matched (OnPropertyCondition)

   LoadBalancerBeanPostProcessorAutoConfiguration:
      Did not match:
         - @ConditionalOnClass did not find required class 'org.springframework.web.reactive.function.client.WebClient' (OnClassCondition)

   MailSenderJndiConfiguration:
      Did not match:
         - @ConditionalOnProperty (spring.mail.jndi-name) did not find property 'jndi-name' (OnPropertyCondition)
      Matched:
         - @ConditionalOnClass found required class 'jakarta.mail.Session' (OnClassCondition)

   MailSenderValidatorAutoConfiguration:
      Did not match:
         - @ConditionalOnProperty (spring.mail.test-connection) did not find property 'test-connection' (OnPropertyCondition)

   MessageSourceAutoConfiguration:
      Did not match:
         - ResourceBundle did not find bundle with basename messages (MessageSourceAutoConfiguration.ResourceBundleCondition)

   MongoAutoConfiguration:
      Did not match:
         - @ConditionalOnClass did not find required class 'com.mongodb.client.MongoClient' (OnClassCondition)

   MongoDataAutoConfiguration:
      Did not match:
         - @ConditionalOnClass did not find required class 'com.mongodb.client.MongoClient' (OnClassCondition)

   MongoReactiveAutoConfiguration:
      Did not match:
         - @ConditionalOnClass did not find required class 'com.mongodb.reactivestreams.client.MongoClient' (OnClassCondition)

   MongoReactiveDataAutoConfiguration:
      Did not match:
         - @ConditionalOnClass did not find required class 'com.mongodb.reactivestreams.client.MongoClient' (OnClassCondition)

   MongoReactiveRepositoriesAutoConfiguration:
      Did not match:
         - @ConditionalOnClass did not find required class 'com.mongodb.reactivestreams.client.MongoClient' (OnClassCondition)

   MongoRepositoriesAutoConfiguration:
      Did not match:
         - @ConditionalOnClass did not find required class 'com.mongodb.client.MongoClient' (OnClassCondition)

   MultipleOpenApiSupportConfiguration:
      Did not match:
         - AnyNestedCondition 0 matched 2 did not; NestedCondition on MultipleOpenApiSupportCondition.OnActuatorDifferentPort @ConditionalOnProperty (springdoc.show-actuator) did not find property 'springdoc.show-actuator'; NestedCondition on MultipleOpenApiSupportCondition.OnMultipleOpenApiSupportCondition AnyNestedCondition 0 matched 3 did not; NestedCondition on MultipleOpenApiGroupsCondition.OnListGroupedOpenApiBean @ConditionalOnBean (types: org.springdoc.core.models.GroupedOpenApi; SearchStrategy: all) did not find any beans of type org.springdoc.core.models.GroupedOpenApi; NestedCondition on MultipleOpenApiGroupsCondition.OnGroupConfigProperty @ConditionalOnProperty (springdoc.group-configs[0].group) did not find property 'springdoc.group-configs[0].group'; NestedCondition on MultipleOpenApiGroupsCondition.OnGroupedOpenApiBean @ConditionalOnBean (types: org.springdoc.core.models.GroupedOpenApi; SearchStrategy: all) did not find any beans of type org.springdoc.core.models.GroupedOpenApi (MultipleOpenApiSupportCondition)
      Matched:
         - found 'session' scope (OnWebApplicationCondition)
         - @ConditionalOnProperty (springdoc.api-docs.enabled) matched (OnPropertyCondition)

   MultipleOpenApiSupportConfiguration.SpringDocWebMvcActuatorDifferentConfiguration:
      Did not match:
         - @ConditionalOnClass did not find required class 'org.springframework.boot.actuate.endpoint.web.servlet.WebMvcEndpointHandlerMapping' (OnClassCondition)
         - Ancestor org.springdoc.webmvc.core.configuration.MultipleOpenApiSupportConfiguration did not match (ConditionEvaluationReport.AncestorsMatchedCondition)

   MustacheAutoConfiguration:
      Did not match:
         - @ConditionalOnClass did not find required class 'com.samskivert.mustache.Mustache' (OnClassCondition)

   Neo4jAutoConfiguration:
      Did not match:
         - @ConditionalOnClass did not find required class 'org.neo4j.driver.Driver' (OnClassCondition)

   Neo4jDataAutoConfiguration:
      Did not match:
         - @ConditionalOnClass did not find required class 'org.neo4j.driver.Driver' (OnClassCondition)

   Neo4jReactiveDataAutoConfiguration:
      Did not match:
         - @ConditionalOnClass did not find required class 'org.neo4j.driver.Driver' (OnClassCondition)

   Neo4jReactiveRepositoriesAutoConfiguration:
      Did not match:
         - @ConditionalOnClass did not find required class 'org.neo4j.driver.Driver' (OnClassCondition)

   Neo4jRepositoriesAutoConfiguration:
      Did not match:
         - @ConditionalOnClass did not find required class 'org.neo4j.driver.Driver' (OnClassCondition)

   OAuth2AuthorizationServerAutoConfiguration:
      Did not match:
         - @ConditionalOnClass did not find required class 'org.springframework.security.oauth2.server.authorization.OAuth2Authorization' (OnClassCondition)

   OAuth2AuthorizationServerJwtAutoConfiguration:
      Did not match:
         - @ConditionalOnClass did not find required class 'org.springframework.security.oauth2.server.authorization.OAuth2Authorization' (OnClassCondition)

   OAuth2ResourceServerJwtConfiguration.JwtConverterConfiguration:
      Did not match:
         - AnyNestedCondition 0 matched 3 did not; NestedCondition on OAuth2ResourceServerJwtConfiguration.JwtConverterPropertiesCondition.OnAuthoritiesClaimName @ConditionalOnProperty (spring.security.oauth2.resourceserver.jwt.authorities-claim-name) did not find property 'authorities-claim-name'; NestedCondition on OAuth2ResourceServerJwtConfiguration.JwtConverterPropertiesCondition.OnPrincipalClaimName @ConditionalOnProperty (spring.security.oauth2.resourceserver.jwt.principal-claim-name) did not find property 'principal-claim-name'; NestedCondition on OAuth2ResourceServerJwtConfiguration.JwtConverterPropertiesCondition.OnAuthorityPrefix @ConditionalOnProperty (spring.security.oauth2.resourceserver.jwt.authority-prefix) did not find property 'authority-prefix' (OAuth2ResourceServerJwtConfiguration.JwtConverterPropertiesCondition)

   OAuth2ResourceServerJwtConfiguration.JwtDecoderConfiguration:
      Did not match:
         - @ConditionalOnMissingBean (types: org.springframework.security.oauth2.jwt.JwtDecoder; SearchStrategy: all) found beans of type 'org.springframework.security.oauth2.jwt.JwtDecoder' customJwtDecode (OnBeanCondition)

   OAuth2ResourceServerJwtConfiguration.OAuth2SecurityFilterChainConfiguration:
      Did not match:
         - AllNestedConditions 1 matched 1 did not; NestedCondition on DefaultWebSecurityCondition.Beans @ConditionalOnMissingBean (types: org.springframework.security.web.SecurityFilterChain; SearchStrategy: all) found beans of type 'org.springframework.security.web.SecurityFilterChain' securityFilterChain; NestedCondition on DefaultWebSecurityCondition.Classes @ConditionalOnClass found required classes 'org.springframework.security.web.SecurityFilterChain', 'org.springframework.security.config.annotation.web.builders.HttpSecurity' (DefaultWebSecurityCondition)

   OAuth2ResourceServerOpaqueTokenConfiguration.OAuth2SecurityFilterChainConfiguration:
      Did not match:
         - AllNestedConditions 1 matched 1 did not; NestedCondition on DefaultWebSecurityCondition.Beans @ConditionalOnMissingBean (types: org.springframework.security.web.SecurityFilterChain; SearchStrategy: all) found beans of type 'org.springframework.security.web.SecurityFilterChain' securityFilterChain; NestedCondition on DefaultWebSecurityCondition.Classes @ConditionalOnClass found required classes 'org.springframework.security.web.SecurityFilterChain', 'org.springframework.security.config.annotation.web.builders.HttpSecurity' (DefaultWebSecurityCondition)

   OAuth2ResourceServerOpaqueTokenConfiguration.OpaqueTokenIntrospectionClientConfiguration#opaqueTokenIntrospector:
      Did not match:
         - @ConditionalOnProperty (spring.security.oauth2.resourceserver.opaquetoken.introspection-uri) did not find property 'spring.security.oauth2.resourceserver.opaquetoken.introspection-uri' (OnPropertyCondition)

   OAuth2WebSecurityConfiguration.OAuth2SecurityFilterChainConfiguration:
      Did not match:
         - AllNestedConditions 1 matched 1 did not; NestedCondition on DefaultWebSecurityCondition.Beans @ConditionalOnMissingBean (types: org.springframework.security.web.SecurityFilterChain; SearchStrategy: all) found beans of type 'org.springframework.security.web.SecurityFilterChain' securityFilterChain; NestedCondition on DefaultWebSecurityCondition.Classes @ConditionalOnClass found required classes 'org.springframework.security.web.SecurityFilterChain', 'org.springframework.security.config.annotation.web.builders.HttpSecurity' (DefaultWebSecurityCondition)

   ProjectInfoAutoConfiguration#buildProperties:
      Did not match:
         - @ConditionalOnResource did not find resource '${spring.info.build.location:classpath:META-INF/build-info.properties}' (OnResourceCondition)

   ProjectInfoAutoConfiguration#gitProperties:
      Did not match:
         - GitResource did not find git info at classpath:git.properties (ProjectInfoAutoConfiguration.GitResourceAvailableCondition)

   PulsarAutoConfiguration:
      Did not match:
         - @ConditionalOnClass did not find required class 'org.apache.pulsar.client.api.PulsarClient' (OnClassCondition)

   PulsarReactiveAutoConfiguration:
      Did not match:
         - @ConditionalOnClass did not find required class 'org.apache.pulsar.client.api.PulsarClient' (OnClassCondition)

   QuartzAutoConfiguration:
      Did not match:
         - @ConditionalOnClass did not find required class 'org.quartz.Scheduler' (OnClassCondition)

   R2dbcAutoConfiguration:
      Did not match:
         - @ConditionalOnClass did not find required class 'io.r2dbc.spi.ConnectionFactory' (OnClassCondition)

   R2dbcDataAutoConfiguration:
      Did not match:
         - @ConditionalOnClass did not find required class 'org.springframework.data.r2dbc.core.R2dbcEntityTemplate' (OnClassCondition)

   R2dbcInitializationConfiguration:
      Did not match:
         - @ConditionalOnClass did not find required classes 'io.r2dbc.spi.ConnectionFactory', 'org.springframework.r2dbc.connection.init.DatabasePopulator' (OnClassCondition)

   R2dbcProxyAutoConfiguration:
      Did not match:
         - @ConditionalOnClass did not find required class 'io.r2dbc.proxy.ProxyConnectionFactory' (OnClassCondition)

   R2dbcRepositoriesAutoConfiguration:
      Did not match:
         - @ConditionalOnClass did not find required class 'io.r2dbc.spi.ConnectionFactory' (OnClassCondition)

   R2dbcTransactionManagerAutoConfiguration:
      Did not match:
         - @ConditionalOnClass did not find required class 'org.springframework.r2dbc.connection.R2dbcTransactionManager' (OnClassCondition)

   RSocketGraphQlClientAutoConfiguration:
      Did not match:
         - @ConditionalOnClass did not find required class 'graphql.GraphQL' (OnClassCondition)

   RSocketMessagingAutoConfiguration:
      Did not match:
         - @ConditionalOnClass did not find required class 'io.rsocket.RSocket' (OnClassCondition)

   RSocketRequesterAutoConfiguration:
      Did not match:
         - @ConditionalOnClass did not find required class 'io.rsocket.RSocket' (OnClassCondition)

   RSocketSecurityAutoConfiguration:
      Did not match:
         - @ConditionalOnClass did not find required class 'org.springframework.security.rsocket.core.SecuritySocketAcceptorInterceptor' (OnClassCondition)

   RSocketServerAutoConfiguration:
      Did not match:
         - @ConditionalOnClass did not find required class 'io.rsocket.core.RSocketServer' (OnClassCondition)

   RSocketStrategiesAutoConfiguration:
      Did not match:
         - @ConditionalOnClass did not find required class 'io.rsocket.RSocket' (OnClassCondition)

   RabbitAnnotationDrivenConfiguration#directRabbitListenerContainerFactory:
      Did not match:
         - @ConditionalOnProperty (spring.rabbitmq.listener.type=direct) did not find property 'type' (OnPropertyCondition)

   RabbitAnnotationDrivenConfiguration#directRabbitListenerContainerFactoryConfigurerVirtualThreads:
      Did not match:
         - @ConditionalOnMissingBean (types: org.springframework.boot.autoconfigure.amqp.DirectRabbitListenerContainerFactoryConfigurer; SearchStrategy: all) found beans of type 'org.springframework.boot.autoconfigure.amqp.DirectRabbitListenerContainerFactoryConfigurer' directRabbitListenerContainerFactoryConfigurer (OnBeanCondition)

   RabbitAnnotationDrivenConfiguration#simpleRabbitListenerContainerFactoryConfigurerVirtualThreads:
      Did not match:
         - @ConditionalOnMissingBean (types: org.springframework.boot.autoconfigure.amqp.SimpleRabbitListenerContainerFactoryConfigurer; SearchStrategy: all) found beans of type 'org.springframework.boot.autoconfigure.amqp.SimpleRabbitListenerContainerFactoryConfigurer' simpleRabbitListenerContainerFactoryConfigurer (OnBeanCondition)

   RabbitStreamConfiguration:
      Did not match:
         - @ConditionalOnClass did not find required class 'org.springframework.rabbit.stream.config.StreamRabbitListenerContainerFactory' (OnClassCondition)

   ReactiveCommonsClientAutoConfiguration.ReactiveDiscoveryLoadBalancerConfiguration:
      Did not match:
         - @ConditionalOnClass did not find required classes 'org.springframework.boot.actuate.health.ReactiveHealthIndicator', 'org.springframework.web.reactive.function.client.WebClient' (OnClassCondition)

   ReactiveCompositeDiscoveryClientAutoConfiguration:
      Did not match:
         - @ConditionalOnClass did not find required class 'org.springframework.web.reactive.function.client.WebClient' (OnClassCondition)

   ReactiveElasticsearchClientAutoConfiguration:
      Did not match:
         - @ConditionalOnClass did not find required class 'co.elastic.clients.transport.ElasticsearchTransport' (OnClassCondition)

   ReactiveElasticsearchRepositoriesAutoConfiguration:
      Did not match:
         - @ConditionalOnClass did not find required class 'org.springframework.data.elasticsearch.client.elc.ReactiveElasticsearchClient' (OnClassCondition)

   ReactiveMultipartAutoConfiguration:
      Did not match:
         - @ConditionalOnClass did not find required class 'org.springframework.web.reactive.config.WebFluxConfigurer' (OnClassCondition)

   ReactiveOAuth2ClientAutoConfiguration:
      Did not match:
         - NoneNestedConditions 1 matched 0 did not; NestedCondition on ReactiveOAuth2ClientAutoConfiguration.NonServletApplicationCondition.ServletApplicationCondition found 'session' scope (ReactiveOAuth2ClientAutoConfiguration.NonServletApplicationCondition)
      Matched:
         - @ConditionalOnClass found required classes 'reactor.core.publisher.Flux', 'org.springframework.security.config.annotation.web.reactive.EnableWebFluxSecurity', 'org.springframework.security.oauth2.client.registration.ClientRegistration' (OnClassCondition)

   ReactiveOAuth2ResourceServerAutoConfiguration:
      Did not match:
         - @ConditionalOnWebApplication did not find reactive web application classes (OnWebApplicationCondition)

   ReactiveSecurityAutoConfiguration:
      Did not match:
         - @ConditionalOnClass did not find required class 'org.springframework.web.reactive.config.WebFluxConfigurer' (OnClassCondition)

   ReactiveUserDetailsServiceAutoConfiguration:
      Did not match:
         - AnyNestedCondition 0 matched 3 did not; NestedCondition on ReactiveUserDetailsServiceAutoConfiguration.MissingAlternativeOrUserPropertiesConfigured.PasswordConfigured @ConditionalOnProperty (spring.security.user.password) did not find property 'password'; NestedCondition on ReactiveUserDetailsServiceAutoConfiguration.MissingAlternativeOrUserPropertiesConfigured.NameConfigured @ConditionalOnProperty (spring.security.user.name) did not find property 'name'; NestedCondition on ReactiveUserDetailsServiceAutoConfiguration.MissingAlternativeOrUserPropertiesConfigured.MissingAlternative @ConditionalOnMissingClass found unwanted classes 'org.springframework.security.oauth2.client.registration.ClientRegistrationRepository', 'org.springframework.security.oauth2.server.resource.introspection.ReactiveOpaqueTokenIntrospector' (ReactiveUserDetailsServiceAutoConfiguration.MissingAlternativeOrUserPropertiesConfigured)
      Matched:
         - @ConditionalOnClass found required class 'org.springframework.security.authentication.ReactiveAuthenticationManager' (OnClassCondition)

   ReactiveWebServerFactoryAutoConfiguration:
      Did not match:
         - @ConditionalOnWebApplication did not find reactive web application classes (OnWebApplicationCondition)

   ReactorLoadBalancerClientAutoConfiguration:
      Did not match:
         - @ConditionalOnClass did not find required class 'org.springframework.web.reactive.function.client.WebClient' (OnClassCondition)

   RedisAutoConfiguration#redisTemplate:
      Did not match:
         - @ConditionalOnMissingBean (names: redisTemplate; SearchStrategy: all) found beans named redisTemplate (OnBeanCondition)

   RefreshAutoConfiguration#legacyContextRefresher:
      Did not match:
         - AnyNestedCondition 0 matched 3 did not; NestedCondition on ConditionalOnBootstrapEnabled.OnBootstrapEnabledCondition.OnBootstrapEnabled @ConditionalOnProperty (spring.cloud.bootstrap.enabled) did not find property 'spring.cloud.bootstrap.enabled'; NestedCondition on ConditionalOnBootstrapEnabled.OnBootstrapEnabledCondition.OnUseLegacyProcessingEnabled @ConditionalOnProperty (spring.config.use-legacy-processing) did not find property 'spring.config.use-legacy-processing'; NestedCondition on ConditionalOnBootstrapEnabled.OnBootstrapEnabledCondition.OnBootstrapMarkerClassPresent @ConditionalOnClass did not find required class 'org.springframework.cloud.bootstrap.marker.Marker' (ConditionalOnBootstrapEnabled.OnBootstrapEnabledCondition)

   RefreshAutoConfiguration.JpaInvokerConfiguration:
      Did not match:
         - @ConditionalOnClass did not find required class 'javax.persistence.EntityManagerFactory' (OnClassCondition)

   RefreshEndpointAutoConfiguration:
      Did not match:
         - @ConditionalOnClass did not find required class 'org.springframework.boot.actuate.autoconfigure.endpoint.EndpointAutoConfiguration' (OnClassCondition)

   RemoteDevToolsAutoConfiguration:
      Did not match:
         - @ConditionalOnProperty (spring.devtools.remote.secret) did not find property 'secret' (OnPropertyCondition)
      Matched:
         - @ConditionalOnClass found required classes 'jakarta.servlet.Filter', 'org.springframework.http.server.ServerHttpRequest' (OnClassCondition)

   RepositoryRestMvcAutoConfiguration:
      Did not match:
         - @ConditionalOnClass did not find required class 'org.springframework.data.rest.webmvc.config.RepositoryRestMvcConfiguration' (OnClassCondition)

   Saml2RelyingPartyAutoConfiguration:
      Did not match:
         - @ConditionalOnClass did not find required class 'org.springframework.security.saml2.provider.service.registration.RelyingPartyRegistrationRepository' (OnClassCondition)

   SecurityDataConfiguration:
      Did not match:
         - @ConditionalOnClass did not find required class 'org.springframework.security.data.repository.query.SecurityEvaluationContextExtension' (OnClassCondition)

   SendGridAutoConfiguration:
      Did not match:
         - @ConditionalOnProperty (spring.sendgrid.api-key) did not find property 'api-key' (OnPropertyCondition)
      Matched:
         - @ConditionalOnClass found required class 'com.sendgrid.SendGrid' (OnClassCondition)

   ServiceRegistryAutoConfiguration.ServiceRegistryEndpointConfiguration:
      Did not match:
         - @ConditionalOnClass did not find required class 'org.springframework.boot.actuate.endpoint.annotation.Endpoint' (OnClassCondition)

   ServletWebServerFactoryConfiguration.EmbeddedJetty:
      Did not match:
         - @ConditionalOnClass did not find required classes 'org.eclipse.jetty.server.Server', 'org.eclipse.jetty.util.Loader', 'org.eclipse.jetty.ee10.webapp.WebAppContext' (OnClassCondition)

   ServletWebServerFactoryConfiguration.EmbeddedUndertow:
      Did not match:
         - @ConditionalOnClass did not find required classes 'io.undertow.Undertow', 'org.xnio.SslClientAuthMode' (OnClassCondition)

   SessionAutoConfiguration:
      Did not match:
         - @ConditionalOnClass did not find required class 'org.springframework.session.Session' (OnClassCondition)

   SimpleReactiveDiscoveryClientAutoConfiguration:
      Did not match:
         - @ConditionalOnClass did not find required class 'org.springframework.web.reactive.function.client.WebClient' (OnClassCondition)

   SpringApplicationAdminJmxAutoConfiguration:
      Did not match:
         - @ConditionalOnProperty (spring.application.admin.enabled=true) did not find property 'enabled' (OnPropertyCondition)

   SpringBootWebSecurityConfiguration.SecurityFilterChainConfiguration:
      Did not match:
         - AllNestedConditions 1 matched 1 did not; NestedCondition on DefaultWebSecurityCondition.Beans @ConditionalOnMissingBean (types: org.springframework.security.web.SecurityFilterChain; SearchStrategy: all) found beans of type 'org.springframework.security.web.SecurityFilterChain' securityFilterChain; NestedCondition on DefaultWebSecurityCondition.Classes @ConditionalOnClass found required classes 'org.springframework.security.web.SecurityFilterChain', 'org.springframework.security.config.annotation.web.builders.HttpSecurity' (DefaultWebSecurityCondition)

   SpringBootWebSecurityConfiguration.WebSecurityEnablerConfiguration:
      Did not match:
         - @ConditionalOnMissingBean (names: springSecurityFilterChain; SearchStrategy: all) found beans named springSecurityFilterChain (OnBeanCondition)
      Matched:
         - @ConditionalOnClass found required class 'org.springframework.security.config.annotation.web.configuration.EnableWebSecurity' (OnClassCondition)

   SpringDocConfiguration#propertiesResolverForSchema:
      Did not match:
         - @ConditionalOnProperty (springdoc.api-docs.resolve-schema-properties) did not find property 'springdoc.api-docs.resolve-schema-properties' (OnPropertyCondition)

   SpringDocConfiguration#propertyCustomizingConverter:
      Did not match:
         - @ConditionalOnBean (types: org.springdoc.core.customizers.PropertyCustomizer; SearchStrategy: all) did not find any beans of type org.springdoc.core.customizers.PropertyCustomizer (OnBeanCondition)

   SpringDocConfiguration#springdocBeanFactoryPostProcessor:
      Did not match:
         - AnyNestedCondition 0 matched 2 did not; NestedCondition on CacheOrGroupedOpenApiCondition.OnCacheDisabled found non-matching nested conditions @ConditionalOnProperty (springdoc.cache.disabled) did not find property 'springdoc.cache.disabled'; NestedCondition on CacheOrGroupedOpenApiCondition.OnMultipleOpenApiSupportCondition AnyNestedCondition 0 matched 2 did not; NestedCondition on MultipleOpenApiSupportCondition.OnActuatorDifferentPort @ConditionalOnProperty (springdoc.show-actuator) did not find property 'springdoc.show-actuator'; NestedCondition on MultipleOpenApiSupportCondition.OnMultipleOpenApiSupportCondition AnyNestedCondition 0 matched 3 did not; NestedCondition on MultipleOpenApiGroupsCondition.OnListGroupedOpenApiBean @ConditionalOnBean (types: org.springdoc.core.models.GroupedOpenApi; SearchStrategy: all) did not find any beans of type org.springdoc.core.models.GroupedOpenApi; NestedCondition on MultipleOpenApiGroupsCondition.OnGroupConfigProperty @ConditionalOnProperty (springdoc.group-configs[0].group) did not find property 'springdoc.group-configs[0].group'; NestedCondition on MultipleOpenApiGroupsCondition.OnGroupedOpenApiBean @ConditionalOnBean (types: org.springdoc.core.models.GroupedOpenApi; SearchStrategy: all) did not find any beans of type org.springdoc.core.models.GroupedOpenApi (CacheOrGroupedOpenApiCondition)
      Matched:
         - @ConditionalOnClass found required class 'org.springframework.boot.context.properties.bind.BindResult' (OnClassCondition)

   SpringDocConfiguration#springdocBeanFactoryPostProcessor2:
      Did not match:
         - @ConditionalOnMissingClass found unwanted class 'org.springframework.boot.context.properties.bind.BindResult' (OnClassCondition)

   SpringDocConfiguration.SpringDocActuatorConfiguration:
      Did not match:
         - @ConditionalOnClass did not find required class 'org.springframework.boot.actuate.autoconfigure.endpoint.web.WebEndpointProperties' (OnClassCondition)

   SpringDocConfiguration.SpringDocRepositoryRestConfiguration:
      Did not match:
         - @ConditionalOnClass did not find required class 'org.springframework.data.rest.core.config.RepositoryRestConfiguration' (OnClassCondition)

   SpringDocDataRestConfiguration:
      Did not match:
         - @ConditionalOnClass did not find required class 'org.springframework.data.rest.core.config.RepositoryRestConfiguration' (OnClassCondition)

   SpringDocFunctionCatalogConfiguration:
      Did not match:
         - @ConditionalOnClass did not find required class 'org.springframework.cloud.function.web.function.FunctionEndpointInitializer' (OnClassCondition)

   SpringDocGroovyConfiguration:
      Did not match:
         - @ConditionalOnClass did not find required class 'groovy.lang.MetaClass' (OnClassCondition)

   SpringDocHateoasConfiguration:
      Did not match:
         - @ConditionalOnClass did not find required class 'org.springframework.hateoas.server.LinkRelationProvider' (OnClassCondition)

   SpringDocJacksonKotlinModuleConfiguration:
      Did not match:
         - @ConditionalOnClass did not find required class 'com.fasterxml.jackson.module.kotlin.KotlinModule' (OnClassCondition)

   SpringDocJavadocConfiguration:
      Did not match:
         - @ConditionalOnClass did not find required class 'com.github.therapi.runtimejavadoc.CommentFormatter' (OnClassCondition)

   SpringDocKotlinConfiguration:
      Did not match:
         - @ConditionalOnClass did not find required class 'kotlin.coroutines.Continuation' (OnClassCondition)

   SpringDocKotlinxConfiguration:
      Did not match:
         - @ConditionalOnClass did not find required class 'kotlinx.coroutines.flow.Flow' (OnClassCondition)

   SpringDocSecurityConfiguration.SpringDocSecurityOAuth2Configuration:
      Did not match:
         - @ConditionalOnClass did not find required class 'org.springframework.security.oauth2.server.authorization.OAuth2AuthorizationService' (OnClassCondition)

   SpringDocSecurityConfiguration.SpringSecurityLoginEndpointConfiguration#springSecurityLoginEndpointCustomizer:
      Did not match:
         - @ConditionalOnProperty (springdoc.show-login-endpoint) did not find property 'springdoc.show-login-endpoint' (OnPropertyCondition)

   SpringDocSortConfiguration#dataRestDelegatingMethodParameterCustomizer:
      Did not match:
         - @ConditionalOnMissingBean (types: org.springdoc.core.customizers.DataRestDelegatingMethodParameterCustomizer; SearchStrategy: all) found beans of type 'org.springdoc.core.customizers.DataRestDelegatingMethodParameterCustomizer' dataRestDelegatingMethodParameterCustomizer (OnBeanCondition)

   SpringDocWebMvcConfiguration.SpringDocWebMvcActuatorConfiguration:
      Did not match:
         - @ConditionalOnClass did not find required class 'org.springframework.boot.actuate.endpoint.web.servlet.WebMvcEndpointHandlerMapping' (OnClassCondition)

   SwaggerConfig#springWebProvider:
      Did not match:
         - @ConditionalOnMissingBean (types: org.springdoc.core.providers.SpringWebProvider; SearchStrategy: all) found beans of type 'org.springdoc.core.providers.SpringWebProvider' springWebProvider (OnBeanCondition)

   SwaggerConfig#swaggerUiHome:
      Did not match:
         - @ConditionalOnProperty (springdoc.swagger-ui.use-root-path=true) did not find property 'springdoc.swagger-ui.use-root-path' (OnPropertyCondition)

   SwaggerConfig.SwaggerActuatorWelcomeConfiguration:
      Did not match:
         - @ConditionalOnClass did not find required class 'org.springframework.boot.actuate.endpoint.web.servlet.WebMvcEndpointHandlerMapping' (OnClassCondition)

   TaskExecutorConfigurations.SimpleAsyncTaskExecutorBuilderConfiguration#simpleAsyncTaskExecutorBuilderVirtualThreads:
      Did not match:
         - @ConditionalOnMissingBean (types: org.springframework.boot.task.SimpleAsyncTaskExecutorBuilder; SearchStrategy: all) found beans of type 'org.springframework.boot.task.SimpleAsyncTaskExecutorBuilder' simpleAsyncTaskExecutorBuilder (OnBeanCondition)

   TaskExecutorConfigurations.TaskExecutorConfiguration#applicationTaskExecutorVirtualThreads:
      Did not match:
         - @ConditionalOnThreading did not find VIRTUAL (OnThreadingCondition)

   TaskSchedulingAutoConfiguration#scheduledBeanLazyInitializationExcludeFilter:
      Did not match:
         - @ConditionalOnBean (names: org.springframework.context.annotation.internalScheduledAnnotationProcessor; SearchStrategy: all) did not find any beans named org.springframework.context.annotation.internalScheduledAnnotationProcessor (OnBeanCondition)

   TaskSchedulingConfigurations.SimpleAsyncTaskSchedulerBuilderConfiguration#simpleAsyncTaskSchedulerBuilderVirtualThreads:
      Did not match:
         - @ConditionalOnMissingBean (types: org.springframework.boot.task.SimpleAsyncTaskSchedulerBuilder; SearchStrategy: all) found beans of type 'org.springframework.boot.task.SimpleAsyncTaskSchedulerBuilder' simpleAsyncTaskSchedulerBuilder (OnBeanCondition)

   TaskSchedulingConfigurations.TaskSchedulerConfiguration:
      Did not match:
         - @ConditionalOnBean (names: org.springframework.context.annotation.internalScheduledAnnotationProcessor; SearchStrategy: all) did not find any beans named org.springframework.context.annotation.internalScheduledAnnotationProcessor (OnBeanCondition)

   ThymeleafAutoConfiguration:
      Did not match:
         - @ConditionalOnClass did not find required class 'org.thymeleaf.spring6.SpringTemplateEngine' (OnClassCondition)

   TransactionAutoConfiguration#transactionalOperator:
      Did not match:
         - @ConditionalOnSingleCandidate (types: org.springframework.transaction.ReactiveTransactionManager; SearchStrategy: all) did not find any beans (OnBeanCondition)

   TransactionAutoConfiguration.AspectJTransactionManagementConfiguration:
      Did not match:
         - @ConditionalOnBean (types: org.springframework.transaction.aspectj.AbstractTransactionAspect; SearchStrategy: all) did not find any beans of type org.springframework.transaction.aspectj.AbstractTransactionAspect (OnBeanCondition)

   TransactionAutoConfiguration.EnableTransactionManagementConfiguration.JdkDynamicAutoProxyConfiguration:
      Did not match:
         - @ConditionalOnProperty (spring.aop.proxy-target-class=false) did not find property 'proxy-target-class' (OnPropertyCondition)

   UserDetailsServiceAutoConfiguration:
      Did not match:
         - AnyNestedCondition 0 matched 3 did not; NestedCondition on UserDetailsServiceAutoConfiguration.MissingAlternativeOrUserPropertiesConfigured.PasswordConfigured @ConditionalOnProperty (spring.security.user.password) did not find property 'password'; NestedCondition on UserDetailsServiceAutoConfiguration.MissingAlternativeOrUserPropertiesConfigured.NameConfigured @ConditionalOnProperty (spring.security.user.name) did not find property 'name'; NestedCondition on UserDetailsServiceAutoConfiguration.MissingAlternativeOrUserPropertiesConfigured.MissingAlternative @ConditionalOnMissingClass found unwanted classes 'org.springframework.security.oauth2.client.registration.ClientRegistrationRepository', 'org.springframework.security.oauth2.server.resource.introspection.OpaqueTokenIntrospector' (UserDetailsServiceAutoConfiguration.MissingAlternativeOrUserPropertiesConfigured)
      Matched:
         - @ConditionalOnClass found required class 'org.springframework.security.authentication.AuthenticationManager' (OnClassCondition)
         - found 'session' scope (OnWebApplicationCondition)

   WebClientAutoConfiguration:
      Did not match:
         - @ConditionalOnClass did not find required class 'org.springframework.web.reactive.function.client.WebClient' (OnClassCondition)

   WebFluxAutoConfiguration:
      Did not match:
         - @ConditionalOnClass did not find required class 'org.springframework.web.reactive.config.WebFluxConfigurer' (OnClassCondition)

   WebMvcAutoConfiguration#hiddenHttpMethodFilter:
      Did not match:
         - @ConditionalOnProperty (spring.mvc.hiddenmethod.filter.enabled) did not find property 'enabled' (OnPropertyCondition)

   WebMvcAutoConfiguration.ProblemDetailsErrorHandlingConfiguration:
      Did not match:
         - @ConditionalOnProperty (spring.mvc.problemdetails.enabled=true) did not find property 'enabled' (OnPropertyCondition)

   WebMvcAutoConfiguration.WebMvcAutoConfigurationAdapter#beanNameViewResolver:
      Did not match:
         - @ConditionalOnMissingBean (types: org.springframework.web.servlet.view.BeanNameViewResolver; SearchStrategy: all) found beans of type 'org.springframework.web.servlet.view.BeanNameViewResolver' beanNameViewResolver (OnBeanCondition)

   WebServiceTemplateAutoConfiguration:
      Did not match:
         - @ConditionalOnClass did not find required class 'org.springframework.ws.client.core.WebServiceTemplate' (OnClassCondition)

   WebServicesAutoConfiguration:
      Did not match:
         - @ConditionalOnClass did not find required class 'org.springframework.ws.transport.http.MessageDispatcherServlet' (OnClassCondition)

   WebSessionIdResolverAutoConfiguration:
      Did not match:
         - @ConditionalOnWebApplication did not find reactive web application classes (OnWebApplicationCondition)

   WebSocketMessagingAutoConfiguration:
      Did not match:
         - @ConditionalOnClass did not find required class 'org.springframework.web.socket.config.annotation.WebSocketMessageBrokerConfigurer' (OnClassCondition)

   WebSocketReactiveAutoConfiguration:
      Did not match:
         - @ConditionalOnWebApplication did not find reactive web application classes (OnWebApplicationCondition)

   WebSocketServletAutoConfiguration.JettyWebSocketConfiguration:
      Did not match:
         - @ConditionalOnClass did not find required class 'org.eclipse.jetty.ee10.websocket.jakarta.server.config.JakartaWebSocketServletContainerInitializer' (OnClassCondition)

   WebSocketServletAutoConfiguration.UndertowWebSocketConfiguration:
      Did not match:
         - @ConditionalOnClass did not find required class 'io.undertow.websockets.jsr.Bootstrap' (OnClassCondition)

   WritableEnvironmentEndpointAutoConfiguration:
      Did not match:
         - @ConditionalOnClass did not find required class 'org.springframework.boot.actuate.autoconfigure.env.EnvironmentEndpointProperties' (OnClassCondition)

   XADataSourceAutoConfiguration:
      Did not match:
         - @ConditionalOnBean (types: org.springframework.boot.jdbc.XADataSourceWrapper; SearchStrategy: all) did not find any beans of type org.springframework.boot.jdbc.XADataSourceWrapper (OnBeanCondition)
      Matched:
         - @ConditionalOnClass found required classes 'javax.sql.DataSource', 'jakarta.transaction.TransactionManager', 'org.springframework.jdbc.datasource.embedded.EmbeddedDatabaseType' (OnClassCondition)


Exclusions:
-----------

    None


Unconditional classes:
----------------------

    org.springframework.boot.autoconfigure.context.ConfigurationPropertiesAutoConfiguration

    org.springframework.cloud.client.ReactiveCommonsClientAutoConfiguration

    org.springframework.boot.autoconfigure.ssl.SslAutoConfiguration

    org.springframework.cloud.client.discovery.simple.SimpleDiscoveryClientAutoConfiguration

    org.springframework.boot.autoconfigure.context.PropertyPlaceholderAutoConfiguration

    org.springframework.boot.autoconfigure.context.LifecycleAutoConfiguration

    org.springframework.cloud.client.CommonsClientAutoConfiguration

    org.springframework.cloud.commons.config.CommonsConfigAutoConfiguration

    org.springframework.cloud.client.loadbalancer.LoadBalancerDefaultMappingsProviderAutoConfiguration

    org.springframework.cloud.client.discovery.composite.CompositeDiscoveryClientAutoConfiguration

    org.springframework.cloud.client.serviceregistry.ServiceRegistryAutoConfiguration

    org.springframework.cloud.autoconfigure.LifecycleMvcEndpointAutoConfiguration

    org.springdoc.core.configuration.SpringDocSpecPropertiesConfiguration

    org.springframework.boot.autoconfigure.availability.ApplicationAvailabilityAutoConfiguration

    org.springframework.boot.autoconfigure.info.ProjectInfoAutoConfiguration



2026-01-28 12:40:03.840  INFO --- [  restartedMain] c.f.a.AccountServiceApplication          : Started AccountServiceApplication in 12.608 seconds (process running for 14.959)
2026-01-28 12:40:03.842 DEBUG --- [  restartedMain] o.s.b.a.ApplicationAvailabilityBean      : Application availability state LivenessState changed to CORRECT
2026-01-28 12:40:03.855  INFO --- [  restartedMain] o.s.a.r.c.CachingConnectionFactory       : Attempting to connect to: [gorilla.lmq.cloudamqp.com:5672]
2026-01-28 12:40:05.082 DEBUG --- [  restartedMain] c.r.client.impl.ConsumerWorkService      : Creating executor service with 12 thread(s) for consumer work service
2026-01-28 12:40:05.830  INFO --- [  restartedMain] o.s.a.r.c.CachingConnectionFactory       : Created new connection: rabbitConnectionFactory#6a222d5e:0/SimpleConnection@1a56eab9 [delegate=amqp://ddvrnvxz@34.237.157.33:5672/ddvrnvxz, localPort=59440]
2026-01-28 12:40:05.833 DEBUG --- [  restartedMain] o.s.retry.support.RetryTemplate          : Retry: count=0
2026-01-28 12:40:05.833 DEBUG --- [  restartedMain] o.s.amqp.rabbit.core.RabbitAdmin         : Initializing declarations
2026-01-28 12:40:06.311 DEBUG --- [  restartedMain] o.s.a.r.c.CachingConnectionFactory       : Creating cached Rabbit Channel from AMQChannel(amqp://ddvrnvxz@34.237.157.33:5672/ddvrnvxz,1)
2026-01-28 12:40:06.318 DEBUG --- [  restartedMain] o.s.amqp.rabbit.core.RabbitTemplate      : Executing callback RabbitAdmin$$Lambda/0x000001fcd5e43428 on RabbitMQ Channel: Cached Rabbit Channel: AMQChannel(amqp://ddvrnvxz@34.237.157.33:5672/ddvrnvxz,1), conn: Proxy@333a3217 Shared Rabbit Connection: SimpleConnection@1a56eab9 [delegate=amqp://ddvrnvxz@34.237.157.33:5672/ddvrnvxz, localPort=59440]
2026-01-28 12:40:06.318 DEBUG --- [  restartedMain] o.s.amqp.rabbit.core.RabbitAdmin         : declaring Exchange 'profile.create'
2026-01-28 12:40:06.561 DEBUG --- [  restartedMain] o.s.amqp.rabbit.core.RabbitAdmin         : declaring Queue 'profileservice.create-profile'
2026-01-28 12:40:06.799 DEBUG --- [  restartedMain] o.s.amqp.rabbit.core.RabbitAdmin         : Binding destination [profileservice.create-profile (QUEUE)] to exchange [profile.create] with routing key [profile.create]
2026-01-28 12:40:07.140 DEBUG --- [  restartedMain] o.s.amqp.rabbit.core.RabbitAdmin         : Declarations finished
2026-01-28 12:40:07.140 DEBUG --- [  restartedMain] o.s.amqp.rabbit.core.RabbitTemplate      : Executing callback RabbitTemplate$$Lambda/0x000001fcd5e21758 on RabbitMQ Channel: Cached Rabbit Channel: AMQChannel(amqp://ddvrnvxz@34.237.157.33:5672/ddvrnvxz,1), conn: Proxy@333a3217 Shared Rabbit Connection: SimpleConnection@1a56eab9 [delegate=amqp://ddvrnvxz@34.237.157.33:5672/ddvrnvxz, localPort=59440]
2026-01-28 12:40:07.145 DEBUG --- [  restartedMain] o.s.amqp.rabbit.core.RabbitTemplate      : Publishing message [(Body:'"Hello RabbitMQ!"' MessageProperties [headers={__TypeId__=java.lang.String}, contentType=application/json, contentEncoding=UTF-8, contentLength=17, deliveryMode=PERSISTENT, priority=0, deliveryTag=0])] on exchange [test.exchange], routingKey = [test.key]
2026-01-28 12:40:07.151 DEBUG --- [  restartedMain] o.s.boot.devtools.restart.Restarter      : Creating new Restarter for thread Thread[#1,main,5,main]
2026-01-28 12:40:07.151 DEBUG --- [  restartedMain] o.s.boot.devtools.restart.Restarter      : Immediately restarting application
2026-01-28 12:40:07.151 DEBUG --- [  restartedMain] o.s.boot.devtools.restart.Restarter      : Starting application com.fsocial.accountservice.AccountServiceApplication with URLs [file:/C:/Users/acer/OneDrive/Workspace/Fsocial/Fsocial_be/accountService/target/classes/]
2026-01-28 12:40:07.152 DEBUG --- [  restartedMain] o.s.b.a.ApplicationAvailabilityBean      : Application availability state ReadinessState changed to ACCEPTING_TRAFFIC
2026-01-28 12:40:07.392 ERROR --- [237.157.33:5672] o.s.a.r.c.CachingConnectionFactory       : Shutdown Signal: channel error; protocol method: #method<channel.close>(reply-code=404, reply-text=NOT_FOUND - No exchange 'test.exchange' in vhost 'ddvrnvxz', class-id=60, method-id=40)
2026-01-28 12:40:26.579 DEBUG --- [l-1 housekeeper] com.zaxxer.hikari.pool.HikariPool        : HikariPool-1 - Pool stats (total=10, active=0, idle=10, waiting=0)
2026-01-28 12:40:26.579 DEBUG --- [l-1 housekeeper] com.zaxxer.hikari.pool.HikariPool        : HikariPool-1 - Fill pool skipped, pool has sufficient level or currently being filled.
2026-01-28 12:40:56.593 DEBUG --- [l-1 housekeeper] com.zaxxer.hikari.pool.HikariPool        : HikariPool-1 - Pool stats (total=10, active=0, idle=10, waiting=0)
2026-01-28 12:40:56.593 DEBUG --- [l-1 housekeeper] com.zaxxer.hikari.pool.HikariPool        : HikariPool-1 - Fill pool skipped, pool has sufficient level or currently being filled.
2026-01-28 12:41:26.598 DEBUG --- [l-1 housekeeper] com.zaxxer.hikari.pool.HikariPool        : HikariPool-1 - Pool stats (total=10, active=0, idle=10, waiting=0)
2026-01-28 12:41:26.598 DEBUG --- [l-1 housekeeper] com.zaxxer.hikari.pool.HikariPool        : HikariPool-1 - Fill pool skipped, pool has sufficient level or currently being filled.
2026-01-28 12:41:56.608 DEBUG --- [l-1 housekeeper] com.zaxxer.hikari.pool.HikariPool        : HikariPool-1 - Pool stats (total=10, active=0, idle=10, waiting=0)
2026-01-28 12:41:56.608 DEBUG --- [l-1 housekeeper] com.zaxxer.hikari.pool.HikariPool        : HikariPool-1 - Fill pool skipped, pool has sufficient level or currently being filled.
2026-01-28 12:42:26.618 DEBUG --- [l-1 housekeeper] com.zaxxer.hikari.pool.HikariPool        : HikariPool-1 - Pool stats (total=10, active=0, idle=10, waiting=0)
2026-01-28 12:42:26.618 DEBUG --- [l-1 housekeeper] com.zaxxer.hikari.pool.HikariPool        : HikariPool-1 - Fill pool skipped, pool has sufficient level or currently being filled.
2026-01-28 12:42:56.621 DEBUG --- [l-1 housekeeper] com.zaxxer.hikari.pool.HikariPool        : HikariPool-1 - Pool stats (total=10, active=0, idle=10, waiting=0)
2026-01-28 12:42:56.621 DEBUG --- [l-1 housekeeper] com.zaxxer.hikari.pool.HikariPool        : HikariPool-1 - Fill pool skipped, pool has sufficient level or currently being filled.
2026-01-28 12:43:26.635 DEBUG --- [l-1 housekeeper] com.zaxxer.hikari.pool.HikariPool        : HikariPool-1 - Pool stats (total=10, active=0, idle=10, waiting=0)
2026-01-28 12:43:26.635 DEBUG --- [l-1 housekeeper] com.zaxxer.hikari.pool.HikariPool        : HikariPool-1 - Fill pool skipped, pool has sufficient level or currently being filled.
2026-01-28 12:43:56.640 DEBUG --- [l-1 housekeeper] com.zaxxer.hikari.pool.HikariPool        : HikariPool-1 - Pool stats (total=10, active=0, idle=10, waiting=0)
2026-01-28 12:43:56.640 DEBUG --- [l-1 housekeeper] com.zaxxer.hikari.pool.HikariPool        : HikariPool-1 - Fill pool skipped, pool has sufficient level or currently being filled.
2026-01-28 12:44:26.650 DEBUG --- [l-1 housekeeper] com.zaxxer.hikari.pool.HikariPool        : HikariPool-1 - Pool stats (total=10, active=0, idle=10, waiting=0)
2026-01-28 12:44:26.650 DEBUG --- [l-1 housekeeper] com.zaxxer.hikari.pool.HikariPool        : HikariPool-1 - Fill pool skipped, pool has sufficient level or currently being filled.
2026-01-28 12:44:56.657 DEBUG --- [l-1 housekeeper] com.zaxxer.hikari.pool.HikariPool        : HikariPool-1 - Pool stats (total=10, active=0, idle=10, waiting=0)
2026-01-28 12:44:56.657 DEBUG --- [l-1 housekeeper] com.zaxxer.hikari.pool.HikariPool        : HikariPool-1 - Fill pool skipped, pool has sufficient level or currently being filled.
2026-01-28 12:45:26.662 DEBUG --- [l-1 housekeeper] com.zaxxer.hikari.pool.HikariPool        : HikariPool-1 - Pool stats (total=10, active=0, idle=10, waiting=0)
2026-01-28 12:45:26.662 DEBUG --- [l-1 housekeeper] com.zaxxer.hikari.pool.HikariPool        : HikariPool-1 - Fill pool skipped, pool has sufficient level or currently being filled.
2026-01-28 12:45:56.675 DEBUG --- [l-1 housekeeper] com.zaxxer.hikari.pool.HikariPool        : HikariPool-1 - Pool stats (total=10, active=0, idle=10, waiting=0)
2026-01-28 12:45:56.675 DEBUG --- [l-1 housekeeper] com.zaxxer.hikari.pool.HikariPool        : HikariPool-1 - Fill pool skipped, pool has sufficient level or currently being filled.
2026-01-28 12:46:26.686 DEBUG --- [l-1 housekeeper] com.zaxxer.hikari.pool.HikariPool        : HikariPool-1 - Pool stats (total=10, active=0, idle=10, waiting=0)
2026-01-28 12:46:26.686 DEBUG --- [l-1 housekeeper] com.zaxxer.hikari.pool.HikariPool        : HikariPool-1 - Fill pool skipped, pool has sufficient level or currently being filled.
2026-01-28 12:46:56.698 DEBUG --- [l-1 housekeeper] com.zaxxer.hikari.pool.HikariPool        : HikariPool-1 - Pool stats (total=10, active=0, idle=10, waiting=0)
2026-01-28 12:46:56.698 DEBUG --- [l-1 housekeeper] com.zaxxer.hikari.pool.HikariPool        : HikariPool-1 - Fill pool skipped, pool has sufficient level or currently being filled.
2026-01-28 12:47:26.714 DEBUG --- [l-1 housekeeper] com.zaxxer.hikari.pool.HikariPool        : HikariPool-1 - Pool stats (total=10, active=0, idle=10, waiting=0)
2026-01-28 12:47:26.714 DEBUG --- [l-1 housekeeper] com.zaxxer.hikari.pool.HikariPool        : HikariPool-1 - Fill pool skipped, pool has sufficient level or currently being filled.
2026-01-28 12:47:56.725 DEBUG --- [l-1 housekeeper] com.zaxxer.hikari.pool.HikariPool        : HikariPool-1 - Pool stats (total=10, active=0, idle=10, waiting=0)
2026-01-28 12:47:56.725 DEBUG --- [l-1 housekeeper] com.zaxxer.hikari.pool.HikariPool        : HikariPool-1 - Fill pool skipped, pool has sufficient level or currently being filled.
2026-01-28 12:48:26.731 DEBUG --- [l-1 housekeeper] com.zaxxer.hikari.pool.HikariPool        : HikariPool-1 - Pool stats (total=10, active=0, idle=10, waiting=0)
2026-01-28 12:48:26.731 DEBUG --- [l-1 housekeeper] com.zaxxer.hikari.pool.HikariPool        : HikariPool-1 - Fill pool skipped, pool has sufficient level or currently being filled.
2026-01-28 12:48:56.744 DEBUG --- [l-1 housekeeper] com.zaxxer.hikari.pool.HikariPool        : HikariPool-1 - Pool stats (total=10, active=0, idle=10, waiting=0)
2026-01-28 12:48:56.744 DEBUG --- [l-1 housekeeper] com.zaxxer.hikari.pool.HikariPool        : HikariPool-1 - Fill pool skipped, pool has sufficient level or currently being filled.
2026-01-28 12:49:26.755 DEBUG --- [l-1 housekeeper] com.zaxxer.hikari.pool.HikariPool        : HikariPool-1 - Pool stats (total=10, active=0, idle=10, waiting=0)
2026-01-28 12:49:26.755 DEBUG --- [l-1 housekeeper] com.zaxxer.hikari.pool.HikariPool        : HikariPool-1 - Fill pool skipped, pool has sufficient level or currently being filled.
2026-01-28 12:49:56.764 DEBUG --- [l-1 housekeeper] com.zaxxer.hikari.pool.HikariPool        : HikariPool-1 - Pool stats (total=10, active=0, idle=10, waiting=0)
2026-01-28 12:49:56.764 DEBUG --- [l-1 housekeeper] com.zaxxer.hikari.pool.HikariPool        : HikariPool-1 - Fill pool skipped, pool has sufficient level or currently being filled.
2026-01-28 12:50:26.778 DEBUG --- [l-1 housekeeper] com.zaxxer.hikari.pool.HikariPool        : HikariPool-1 - Pool stats (total=10, active=0, idle=10, waiting=0)
2026-01-28 12:50:26.778 DEBUG --- [l-1 housekeeper] com.zaxxer.hikari.pool.HikariPool        : HikariPool-1 - Fill pool skipped, pool has sufficient level or currently being filled.
2026-01-28 12:50:56.791 DEBUG --- [l-1 housekeeper] com.zaxxer.hikari.pool.HikariPool        : HikariPool-1 - Pool stats (total=10, active=0, idle=10, waiting=0)
2026-01-28 12:50:56.792 DEBUG --- [l-1 housekeeper] com.zaxxer.hikari.pool.HikariPool        : HikariPool-1 - Fill pool skipped, pool has sufficient level or currently being filled.
2026-01-28 12:51:26.803 DEBUG --- [l-1 housekeeper] com.zaxxer.hikari.pool.HikariPool        : HikariPool-1 - Pool stats (total=10, active=0, idle=10, waiting=0)
2026-01-28 12:51:26.803 DEBUG --- [l-1 housekeeper] com.zaxxer.hikari.pool.HikariPool        : HikariPool-1 - Fill pool skipped, pool has sufficient level or currently being filled.
2026-01-28 12:51:56.816 DEBUG --- [l-1 housekeeper] com.zaxxer.hikari.pool.HikariPool        : HikariPool-1 - Pool stats (total=10, active=0, idle=10, waiting=0)
2026-01-28 12:51:56.816 DEBUG --- [l-1 housekeeper] com.zaxxer.hikari.pool.HikariPool        : HikariPool-1 - Fill pool skipped, pool has sufficient level or currently being filled.
2026-01-28 12:52:26.819 DEBUG --- [l-1 housekeeper] com.zaxxer.hikari.pool.HikariPool        : HikariPool-1 - Pool stats (total=10, active=0, idle=10, waiting=0)
2026-01-28 12:52:26.819 DEBUG --- [l-1 housekeeper] com.zaxxer.hikari.pool.HikariPool        : HikariPool-1 - Fill pool skipped, pool has sufficient level or currently being filled.
2026-01-28 12:52:56.827 DEBUG --- [l-1 housekeeper] com.zaxxer.hikari.pool.HikariPool        : HikariPool-1 - Pool stats (total=10, active=0, idle=10, waiting=0)
2026-01-28 12:52:56.827 DEBUG --- [l-1 housekeeper] com.zaxxer.hikari.pool.HikariPool        : HikariPool-1 - Fill pool skipped, pool has sufficient level or currently being filled.
2026-01-28 12:53:26.831 DEBUG --- [l-1 housekeeper] com.zaxxer.hikari.pool.HikariPool        : HikariPool-1 - Pool stats (total=10, active=0, idle=10, waiting=0)
2026-01-28 12:53:26.831 DEBUG --- [l-1 housekeeper] com.zaxxer.hikari.pool.HikariPool        : HikariPool-1 - Fill pool skipped, pool has sufficient level or currently being filled.
2026-01-28 12:53:56.833 DEBUG --- [l-1 housekeeper] com.zaxxer.hikari.pool.HikariPool        : HikariPool-1 - Pool stats (total=10, active=0, idle=10, waiting=0)
2026-01-28 12:53:56.833 DEBUG --- [l-1 housekeeper] com.zaxxer.hikari.pool.HikariPool        : HikariPool-1 - Fill pool skipped, pool has sufficient level or currently being filled.
2026-01-28 12:54:26.844 DEBUG --- [l-1 housekeeper] com.zaxxer.hikari.pool.HikariPool        : HikariPool-1 - Pool stats (total=10, active=0, idle=10, waiting=0)
2026-01-28 12:54:26.844 DEBUG --- [l-1 housekeeper] com.zaxxer.hikari.pool.HikariPool        : HikariPool-1 - Fill pool skipped, pool has sufficient level or currently being filled.
2026-01-28 12:54:56.848 DEBUG --- [l-1 housekeeper] com.zaxxer.hikari.pool.HikariPool        : HikariPool-1 - Pool stats (total=10, active=0, idle=10, waiting=0)
2026-01-28 12:54:56.848 DEBUG --- [l-1 housekeeper] com.zaxxer.hikari.pool.HikariPool        : HikariPool-1 - Fill pool skipped, pool has sufficient level or currently being filled.
2026-01-28 12:55:26.861 DEBUG --- [l-1 housekeeper] com.zaxxer.hikari.pool.HikariPool        : HikariPool-1 - Pool stats (total=10, active=0, idle=10, waiting=0)
2026-01-28 12:55:26.861 DEBUG --- [l-1 housekeeper] com.zaxxer.hikari.pool.HikariPool        : HikariPool-1 - Fill pool skipped, pool has sufficient level or currently being filled.
2026-01-28 12:55:56.872 DEBUG --- [l-1 housekeeper] com.zaxxer.hikari.pool.HikariPool        : HikariPool-1 - Pool stats (total=10, active=0, idle=10, waiting=0)
2026-01-28 12:55:56.872 DEBUG --- [l-1 housekeeper] com.zaxxer.hikari.pool.HikariPool        : HikariPool-1 - Fill pool skipped, pool has sufficient level or currently being filled.
2026-01-28 12:56:26.878 DEBUG --- [l-1 housekeeper] com.zaxxer.hikari.pool.HikariPool        : HikariPool-1 - Pool stats (total=10, active=0, idle=10, waiting=0)
2026-01-28 12:56:26.878 DEBUG --- [l-1 housekeeper] com.zaxxer.hikari.pool.HikariPool        : HikariPool-1 - Fill pool skipped, pool has sufficient level or currently being filled.
2026-01-28 12:56:56.891 DEBUG --- [l-1 housekeeper] com.zaxxer.hikari.pool.HikariPool        : HikariPool-1 - Pool stats (total=10, active=0, idle=10, waiting=0)
2026-01-28 12:56:56.891 DEBUG --- [l-1 housekeeper] com.zaxxer.hikari.pool.HikariPool        : HikariPool-1 - Fill pool skipped, pool has sufficient level or currently being filled.
2026-01-28 12:57:26.896 DEBUG --- [l-1 housekeeper] com.zaxxer.hikari.pool.HikariPool        : HikariPool-1 - Pool stats (total=10, active=0, idle=10, waiting=0)
2026-01-28 12:57:26.896 DEBUG --- [l-1 housekeeper] com.zaxxer.hikari.pool.HikariPool        : HikariPool-1 - Fill pool skipped, pool has sufficient level or currently being filled.
2026-01-28 12:57:56.909 DEBUG --- [l-1 housekeeper] com.zaxxer.hikari.pool.HikariPool        : HikariPool-1 - Pool stats (total=10, active=0, idle=10, waiting=0)
2026-01-28 12:57:56.909 DEBUG --- [l-1 housekeeper] com.zaxxer.hikari.pool.HikariPool        : HikariPool-1 - Fill pool skipped, pool has sufficient level or currently being filled.
2026-01-28 12:58:26.920 DEBUG --- [l-1 housekeeper] com.zaxxer.hikari.pool.HikariPool        : HikariPool-1 - Pool stats (total=10, active=0, idle=10, waiting=0)
2026-01-28 12:58:26.920 DEBUG --- [l-1 housekeeper] com.zaxxer.hikari.pool.HikariPool        : HikariPool-1 - Fill pool skipped, pool has sufficient level or currently being filled.
2026-01-28 12:58:56.931 DEBUG --- [l-1 housekeeper] com.zaxxer.hikari.pool.HikariPool        : HikariPool-1 - Pool stats (total=10, active=0, idle=10, waiting=0)
2026-01-28 12:58:56.931 DEBUG --- [l-1 housekeeper] com.zaxxer.hikari.pool.HikariPool        : HikariPool-1 - Fill pool skipped, pool has sufficient level or currently being filled.
2026-01-28 12:59:26.935 DEBUG --- [l-1 housekeeper] com.zaxxer.hikari.pool.HikariPool        : HikariPool-1 - Pool stats (total=10, active=0, idle=10, waiting=0)
2026-01-28 12:59:26.935 DEBUG --- [l-1 housekeeper] com.zaxxer.hikari.pool.HikariPool        : HikariPool-1 - Fill pool skipped, pool has sufficient level or currently being filled.
2026-01-28 12:59:56.942 DEBUG --- [l-1 housekeeper] com.zaxxer.hikari.pool.HikariPool        : HikariPool-1 - Pool stats (total=10, active=0, idle=10, waiting=0)
2026-01-28 12:59:56.942 DEBUG --- [l-1 housekeeper] com.zaxxer.hikari.pool.HikariPool        : HikariPool-1 - Fill pool skipped, pool has sufficient level or currently being filled.
2026-01-28 13:00:26.946 DEBUG --- [l-1 housekeeper] com.zaxxer.hikari.pool.HikariPool        : HikariPool-1 - Pool stats (total=10, active=0, idle=10, waiting=0)
2026-01-28 13:00:26.946 DEBUG --- [l-1 housekeeper] com.zaxxer.hikari.pool.HikariPool        : HikariPool-1 - Fill pool skipped, pool has sufficient level or currently being filled.
2026-01-28 13:00:56.955 DEBUG --- [l-1 housekeeper] com.zaxxer.hikari.pool.HikariPool        : HikariPool-1 - Pool stats (total=10, active=0, idle=10, waiting=0)
2026-01-28 13:00:56.955 DEBUG --- [l-1 housekeeper] com.zaxxer.hikari.pool.HikariPool        : HikariPool-1 - Fill pool skipped, pool has sufficient level or currently being filled.
2026-01-28 13:01:26.970 DEBUG --- [l-1 housekeeper] com.zaxxer.hikari.pool.HikariPool        : HikariPool-1 - Pool stats (total=10, active=0, idle=10, waiting=0)
2026-01-28 13:01:26.970 DEBUG --- [l-1 housekeeper] com.zaxxer.hikari.pool.HikariPool        : HikariPool-1 - Fill pool skipped, pool has sufficient level or currently being filled.
2026-01-28 13:01:56.973 DEBUG --- [l-1 housekeeper] com.zaxxer.hikari.pool.HikariPool        : HikariPool-1 - Pool stats (total=10, active=0, idle=10, waiting=0)
2026-01-28 13:01:56.973 DEBUG --- [l-1 housekeeper] com.zaxxer.hikari.pool.HikariPool        : HikariPool-1 - Fill pool skipped, pool has sufficient level or currently being filled.
2026-01-28 13:02:26.976 DEBUG --- [l-1 housekeeper] com.zaxxer.hikari.pool.HikariPool        : HikariPool-1 - Pool stats (total=10, active=0, idle=10, waiting=0)
2026-01-28 13:02:26.976 DEBUG --- [l-1 housekeeper] com.zaxxer.hikari.pool.HikariPool        : HikariPool-1 - Fill pool skipped, pool has sufficient level or currently being filled.
2026-01-28 13:02:56.976 DEBUG --- [l-1 housekeeper] com.zaxxer.hikari.pool.HikariPool        : HikariPool-1 - Pool stats (total=10, active=0, idle=10, waiting=0)
2026-01-28 13:02:56.976 DEBUG --- [l-1 housekeeper] com.zaxxer.hikari.pool.HikariPool        : HikariPool-1 - Fill pool skipped, pool has sufficient level or currently being filled.
2026-01-28 13:03:05.848 DEBUG --- [ SIGINT handler] java.lang.Runtime                        : Runtime.exit() called with status: 130
java.lang.Throwable: Runtime.exit(130)
	at java.base/java.lang.Shutdown.logRuntimeExit(Shutdown.java:179)
	at java.base/java.lang.Shutdown.exit(Shutdown.java:160)
	at java.base/java.lang.Terminator$1.handle(Terminator.java:51)
	at java.base/jdk.internal.misc.Signal$1.run(Signal.java:218)
	at java.base/java.lang.Thread.run(Thread.java:1583)
2026-01-28 13:03:05.850 DEBUG --- [ionShutdownHook] o.s.b.a.ApplicationAvailabilityBean      : Application availability state ReadinessState changed from ACCEPTING_TRAFFIC to REFUSING_TRAFFIC
2026-01-28 13:03:05.850 DEBUG --- [ionShutdownHook] ConfigServletWebServerApplicationContext : Closing org.springframework.boot.web.servlet.context.AnnotationConfigServletWebServerApplicationContext@7bfc1538, started on Wed Jan 28 12:39:51 ICT 2026
2026-01-28 13:03:05.854 DEBUG --- [ionShutdownHook] o.s.c.support.DefaultLifecycleProcessor  : Stopping beans in phase 2147483647
2026-01-28 13:03:05.854 DEBUG --- [ionShutdownHook] o.s.d.r.l.RedisMessageListenerContainer  : Stopped RedisMessageListenerContainer
2026-01-28 13:03:05.854 DEBUG --- [ionShutdownHook] o.s.c.support.DefaultLifecycleProcessor  : Bean 'redisKeyValueAdapter' completed its stop procedure
2026-01-28 13:03:05.854 DEBUG --- [ionShutdownHook] o.s.c.support.DefaultLifecycleProcessor  : Stopping beans in phase 2147482623
2026-01-28 13:03:05.855  INFO --- [ionShutdownHook] o.s.b.w.e.tomcat.GracefulShutdown        : Commencing graceful shutdown. Waiting for active requests to complete
2026-01-28 13:03:05.861  INFO --- [tomcat-shutdown] o.s.b.w.e.tomcat.GracefulShutdown        : Graceful shutdown complete
2026-01-28 13:03:05.861 DEBUG --- [tomcat-shutdown] o.s.c.support.DefaultLifecycleProcessor  : Bean 'webServerGracefulShutdown' completed its stop procedure
2026-01-28 13:03:05.861 DEBUG --- [ionShutdownHook] o.s.c.support.DefaultLifecycleProcessor  : Stopping beans in phase 2147481599
2026-01-28 13:03:05.863 DEBUG --- [ionShutdownHook] o.s.c.support.DefaultLifecycleProcessor  : Bean 'webServerStartStop' completed its stop procedure
2026-01-28 13:03:05.863 DEBUG --- [ionShutdownHook] o.s.c.support.DefaultLifecycleProcessor  : Stopping beans in phase 1073741823
2026-01-28 13:03:05.863 DEBUG --- [ionShutdownHook] o.s.c.support.DefaultLifecycleProcessor  : Bean 'applicationTaskExecutor' completed its stop procedure
2026-01-28 13:03:05.863 DEBUG --- [ionShutdownHook] o.s.c.support.DefaultLifecycleProcessor  : Stopping beans in phase 0
2026-01-28 13:03:05.864 DEBUG --- [ionShutdownHook] io.lettuce.core.AbstractRedisClient      : Initiate shutdown (100, 100, MILLISECONDS)
2026-01-28 13:03:05.870 DEBUG --- [ionShutdownHook] i.l.c.resource.DefaultClientResources    : Initiate shutdown (100, 100, MILLISECONDS)
2026-01-28 13:03:05.872 DEBUG --- [ionShutdownHook] i.l.c.r.DefaultEventLoopGroupProvider    : Initiate shutdown (100, 100, MILLISECONDS)
2026-01-28 13:03:05.977 DEBUG --- [ionShutdownHook] o.s.c.support.DefaultLifecycleProcessor  : Bean 'redisConnectionFactory' completed its stop procedure
2026-01-28 13:03:05.980 DEBUG --- [ionShutdownHook] o.s.c.support.DefaultLifecycleProcessor  : Successfully stopped bean 'refreshScopeLifecycle'
2026-01-28 13:03:05.980 DEBUG --- [ionShutdownHook] o.s.c.support.DefaultLifecycleProcessor  : Stopping beans in phase -2147483647
2026-01-28 13:03:05.980 DEBUG --- [ionShutdownHook] o.s.c.support.DefaultLifecycleProcessor  : Bean 'springBootLoggingLifecycle' completed its stop procedure
2026-01-28 13:03:05.980 DEBUG --- [ionShutdownHook] o.s.c.support.DefaultLifecycleProcessor  : Stopping beans in phase -2147483648
2026-01-28 13:03:05.980 DEBUG --- [ionShutdownHook] o.s.a.r.c.CachingConnectionFactory       : Closing cached Channel: AMQChannel(amqp://ddvrnvxz@34.237.157.33:5672/ddvrnvxz,1)
2026-01-28 13:03:06.224 DEBUG --- [ionShutdownHook] o.s.c.support.DefaultLifecycleProcessor  : Bean 'rabbitConnectionFactory' completed its stop procedure
2026-01-28 13:03:06.225 DEBUG --- [ionShutdownHook] i.l.c.resource.DefaultClientResources    : Initiate shutdown (0, 2, SECONDS)
2026-01-28 13:03:06.225 DEBUG --- [ionShutdownHook] i.l.c.r.DefaultEventLoopGroupProvider    : Initiate shutdown (0, 2, SECONDS)
2026-01-28 13:03:06.226 DEBUG --- [ionShutdownHook] o.s.b.f.support.DisposableBeanAdapter    : Custom destroy method 'shutdown' on bean with name 'lettuceClientResources' completed asynchronously
2026-01-28 13:03:06.227 DEBUG --- [ionShutdownHook] o.s.s.concurrent.ThreadPoolTaskExecutor  : Shutting down ExecutorService 'applicationTaskExecutor'
2026-01-28 13:03:06.230 DEBUG --- [ionShutdownHook] s.c.a.AnnotationConfigApplicationContext : Closing FeignClientFactory-profile-service, started on Wed Jan 28 12:40:01 ICT 2026, parent: org.springframework.boot.web.servlet.context.AnnotationConfigServletWebServerApplicationContext@7bfc1538
2026-01-28 13:03:06.231  INFO --- [ionShutdownHook] j.LocalContainerEntityManagerFactoryBean : Closing JPA EntityManagerFactory for persistence unit 'default'
2026-01-28 13:03:06.233  INFO --- [ionShutdownHook] com.zaxxer.hikari.HikariDataSource       : HikariPool-1 - Shutdown initiated...
2026-01-28 13:03:06.233 DEBUG --- [ionShutdownHook] com.zaxxer.hikari.pool.HikariPool        : HikariPool-1 - Before shutdown stats (total=10, active=0, idle=10, waiting=0)
2026-01-28 13:03:06.234 DEBUG --- [nnection closer] com.zaxxer.hikari.pool.PoolBase          : HikariPool-1 - Closing connection com.mysql.cj.jdbc.ConnectionImpl@37096396: (connection evicted)
2026-01-28 13:03:06.290 DEBUG --- [nnection closer] com.zaxxer.hikari.pool.PoolBase          : HikariPool-1 - Closing connection com.mysql.cj.jdbc.ConnectionImpl@45350d5e: (connection evicted)
2026-01-28 13:03:06.351 DEBUG --- [nnection closer] com.zaxxer.hikari.pool.PoolBase          : HikariPool-1 - Closing connection com.mysql.cj.jdbc.ConnectionImpl@4080765: (connection evicted)
2026-01-28 13:03:06.384 DEBUG --- [nnection closer] com.zaxxer.hikari.pool.PoolBase          : HikariPool-1 - Closing connection com.mysql.cj.jdbc.ConnectionImpl@35466463: (connection evicted)
2026-01-28 13:03:06.545 DEBUG --- [nnection closer] com.zaxxer.hikari.pool.PoolBase          : HikariPool-1 - Closing connection com.mysql.cj.jdbc.ConnectionImpl@6427f82a: (connection evicted)
2026-01-28 13:03:06.631 DEBUG --- [nnection closer] com.zaxxer.hikari.pool.PoolBase          : HikariPool-1 - Closing connection com.mysql.cj.jdbc.ConnectionImpl@606960ac: (connection evicted)
2026-01-28 13:03:06.672 DEBUG --- [nnection closer] com.zaxxer.hikari.pool.PoolBase          : HikariPool-1 - Closing connection com.mysql.cj.jdbc.ConnectionImpl@7ec6f352: (connection evicted)
2026-01-28 13:03:06.709 DEBUG --- [nnection closer] com.zaxxer.hikari.pool.PoolBase          : HikariPool-1 - Closing connection com.mysql.cj.jdbc.ConnectionImpl@4f051bf3: (connection evicted)
2026-01-28 13:03:06.746 DEBUG --- [nnection closer] com.zaxxer.hikari.pool.PoolBase          : HikariPool-1 - Closing connection com.mysql.cj.jdbc.ConnectionImpl@66b6d827: (connection evicted)
2026-01-28 13:03:06.778 DEBUG --- [nnection closer] com.zaxxer.hikari.pool.PoolBase          : HikariPool-1 - Closing connection com.mysql.cj.jdbc.ConnectionImpl@766050ae: (connection evicted)
2026-01-28 13:03:06.812 DEBUG --- [ionShutdownHook] com.zaxxer.hikari.pool.HikariPool        : HikariPool-1 - After shutdown stats (total=0, active=0, idle=0, waiting=0)
2026-01-28 13:03:06.812  INFO --- [ionShutdownHook] com.zaxxer.hikari.HikariDataSource       : HikariPool-1 - Shutdown completed.
