2025-12-29 23:11:47.921 ERROR --- [oundedElastic-1] c.c.a.service.impl.BanServiceImpl        : Error checking ban status for token: Unable to connect to Redis
org.springframework.data.redis.RedisConnectionFailureException: Unable to connect to Redis
	at org.springframework.data.redis.connection.lettuce.LettuceConnectionFactory$ExceptionTranslatingConnectionProvider.translateException(LettuceConnectionFactory.java:1858)
	at org.springframework.data.redis.connection.lettuce.LettuceConnectionFactory$ExceptionTranslatingConnectionProvider.getConnection(LettuceConnectionFactory.java:1789)
	at org.springframework.data.redis.connection.lettuce.LettuceConnectionFactory$SharedConnection.getNativeConnection(LettuceConnectionFactory.java:1586)
	at org.springframework.data.redis.connection.lettuce.LettuceConnectionFactory$SharedConnection.lambda$getConnection$0(LettuceConnectionFactory.java:1566)
	at org.springframework.data.redis.connection.lettuce.LettuceConnectionFactory.doInLock(LettuceConnectionFactory.java:1527)
	at org.springframework.data.redis.connection.lettuce.LettuceConnectionFactory$SharedConnection.getConnection(LettuceConnectionFactory.java:1563)
	at org.springframework.data.redis.connection.lettuce.LettuceConnectionFactory.getSharedConnection(LettuceConnectionFactory.java:1249)
	at org.springframework.data.redis.connection.lettuce.LettuceConnectionFactory.getConnection(LettuceConnectionFactory.java:1055)
	at org.springframework.data.redis.core.RedisConnectionUtils.fetchConnection(RedisConnectionUtils.java:195)
	at org.springframework.data.redis.core.RedisConnectionUtils.doGetConnection(RedisConnectionUtils.java:144)
	at org.springframework.data.redis.core.RedisConnectionUtils.getConnection(RedisConnectionUtils.java:105)
	at org.springframework.data.redis.core.RedisTemplate.execute(RedisTemplate.java:398)
	at org.springframework.data.redis.core.RedisTemplate.execute(RedisTemplate.java:378)
	at org.springframework.data.redis.core.RedisTemplate.doWithKeys(RedisTemplate.java:790)
	at org.springframework.data.redis.core.RedisTemplate.hasKey(RedisTemplate.java:576)
	at com.cangngo.apigateway.service.impl.BanServiceImpl.lambda$isBan$0(BanServiceImpl.java:23)
	at reactor.core.publisher.MonoCallable.call(MonoCallable.java:72)
	at reactor.core.publisher.FluxSubscribeOnCallable$CallableSubscribeOnSubscription.run(FluxSubscribeOnCallable.java:228)
	at reactor.core.scheduler.SchedulerTask.call(SchedulerTask.java:68)
	at reactor.core.scheduler.SchedulerTask.call(SchedulerTask.java:28)
	at java.base/java.util.concurrent.FutureTask.run(FutureTask.java:317)
	at java.base/java.util.concurrent.ScheduledThreadPoolExecutor$ScheduledFutureTask.run(ScheduledThreadPoolExecutor.java:304)
	at java.base/java.util.concurrent.ThreadPoolExecutor.runWorker(ThreadPoolExecutor.java:1144)
	at java.base/java.util.concurrent.ThreadPoolExecutor$Worker.run(ThreadPoolExecutor.java:642)
	at java.base/java.lang.Thread.run(Thread.java:1583)
Caused by: io.lettuce.core.RedisConnectionException: Unable to connect to redis-10027.c292.ap-southeast-1-1.ec2.cloud.redislabs.com/<unresolved>:10027
	at io.lettuce.core.RedisConnectionException.create(RedisConnectionException.java:63)
	at io.lettuce.core.RedisConnectionException.create(RedisConnectionException.java:41)
	at io.lettuce.core.AbstractRedisClient.getConnection(AbstractRedisClient.java:354)
	at io.lettuce.core.RedisClient.connect(RedisClient.java:219)
	at org.springframework.data.redis.connection.lettuce.StandaloneConnectionProvider.lambda$getConnection$1(StandaloneConnectionProvider.java:112)
	at java.base/java.util.Optional.orElseGet(Optional.java:364)
	at org.springframework.data.redis.connection.lettuce.StandaloneConnectionProvider.getConnection(StandaloneConnectionProvider.java:112)
	at org.springframework.data.redis.connection.lettuce.LettuceConnectionFactory$ExceptionTranslatingConnectionProvider.getConnection(LettuceConnectionFactory.java:1787)
	... 23 common frames omitted
Caused by: java.net.UnknownHostException: Failed to resolve 'redis-10027.c292.ap-southeast-1-1.ec2.cloud.redislabs.com' [A(1)]
	at io.netty.resolver.dns.DnsResolveContext.finishResolve(DnsResolveContext.java:1150)
	at io.netty.resolver.dns.DnsResolveContext.tryToFinishResolve(DnsResolveContext.java:1097)
	at io.netty.resolver.dns.DnsResolveContext.query(DnsResolveContext.java:455)
	at io.netty.resolver.dns.DnsResolveContext.onResponse(DnsResolveContext.java:662)
	at io.netty.resolver.dns.DnsResolveContext.access$500(DnsResolveContext.java:70)
	at io.netty.resolver.dns.DnsResolveContext$2.operationComplete(DnsResolveContext.java:513)
	at io.netty.util.concurrent.DefaultPromise.notifyListener0(DefaultPromise.java:590)
	at io.netty.util.concurrent.DefaultPromise.notifyListeners0(DefaultPromise.java:583)
	at io.netty.util.concurrent.DefaultPromise.notifyListenersNow(DefaultPromise.java:559)
	at io.netty.util.concurrent.DefaultPromise.notifyListeners(DefaultPromise.java:492)
	at io.netty.util.concurrent.DefaultPromise.setValue0(DefaultPromise.java:636)
	at io.netty.util.concurrent.DefaultPromise.setSuccess0(DefaultPromise.java:625)
	at io.netty.util.concurrent.DefaultPromise.trySuccess(DefaultPromise.java:105)
	at io.netty.resolver.dns.DnsQueryContext.trySuccess(DnsQueryContext.java:308)
	at io.netty.resolver.dns.DnsQueryContext.finishSuccess(DnsQueryContext.java:299)
	at io.netty.resolver.dns.DnsNameResolver$DnsResponseHandler.channelRead(DnsNameResolver.java:1491)
	at io.netty.channel.AbstractChannelHandlerContext.invokeChannelRead(AbstractChannelHandlerContext.java:444)
	at io.netty.channel.AbstractChannelHandlerContext.invokeChannelRead(AbstractChannelHandlerContext.java:420)
	at io.netty.channel.AbstractChannelHandlerContext.fireChannelRead(AbstractChannelHandlerContext.java:412)
	at io.netty.handler.codec.MessageToMessageDecoder.channelRead(MessageToMessageDecoder.java:107)
	at io.netty.channel.AbstractChannelHandlerContext.invokeChannelRead(AbstractChannelHandlerContext.java:444)
	at io.netty.channel.AbstractChannelHandlerContext.invokeChannelRead(AbstractChannelHandlerContext.java:420)
	at io.netty.channel.AbstractChannelHandlerContext.fireChannelRead(AbstractChannelHandlerContext.java:412)
	at io.netty.channel.DefaultChannelPipeline$HeadContext.channelRead(DefaultChannelPipeline.java:1357)
	at io.netty.channel.AbstractChannelHandlerContext.invokeChannelRead(AbstractChannelHandlerContext.java:440)
	at io.netty.channel.AbstractChannelHandlerContext.invokeChannelRead(AbstractChannelHandlerContext.java:420)
	at io.netty.channel.DefaultChannelPipeline.fireChannelRead(DefaultChannelPipeline.java:868)
	at io.netty.channel.nio.AbstractNioMessageChannel$NioMessageUnsafe.read(AbstractNioMessageChannel.java:97)
	at io.netty.channel.nio.NioEventLoop.processSelectedKey(NioEventLoop.java:788)
	at io.netty.channel.nio.NioEventLoop.processSelectedKeysOptimized(NioEventLoop.java:724)
	at io.netty.channel.nio.NioEventLoop.processSelectedKeys(NioEventLoop.java:650)
	at io.netty.channel.nio.NioEventLoop.run(NioEventLoop.java:562)
	at io.netty.util.concurrent.SingleThreadEventExecutor$4.run(SingleThreadEventExecutor.java:997)
	at io.netty.util.internal.ThreadExecutorMap$2.run(ThreadExecutorMap.java:74)
	at io.netty.util.concurrent.FastThreadLocalRunnable.run(FastThreadLocalRunnable.java:30)
	... 1 common frames omitted
2025-12-29 23:11:53.666 ERROR --- [oundedElastic-1] c.c.a.service.impl.BanServiceImpl        : Error checking ban status for token: Unable to connect to Redis
org.springframework.data.redis.RedisConnectionFailureException: Unable to connect to Redis
	at org.springframework.data.redis.connection.lettuce.LettuceConnectionFactory$ExceptionTranslatingConnectionProvider.translateException(LettuceConnectionFactory.java:1858)
	at org.springframework.data.redis.connection.lettuce.LettuceConnectionFactory$ExceptionTranslatingConnectionProvider.getConnection(LettuceConnectionFactory.java:1789)
	at org.springframework.data.redis.connection.lettuce.LettuceConnectionFactory$SharedConnection.getNativeConnection(LettuceConnectionFactory.java:1586)
	at org.springframework.data.redis.connection.lettuce.LettuceConnectionFactory$SharedConnection.lambda$getConnection$0(LettuceConnectionFactory.java:1566)
	at org.springframework.data.redis.connection.lettuce.LettuceConnectionFactory.doInLock(LettuceConnectionFactory.java:1527)
	at org.springframework.data.redis.connection.lettuce.LettuceConnectionFactory$SharedConnection.getConnection(LettuceConnectionFactory.java:1563)
	at org.springframework.data.redis.connection.lettuce.LettuceConnectionFactory.getSharedConnection(LettuceConnectionFactory.java:1249)
	at org.springframework.data.redis.connection.lettuce.LettuceConnectionFactory.getConnection(LettuceConnectionFactory.java:1055)
	at org.springframework.data.redis.core.RedisConnectionUtils.fetchConnection(RedisConnectionUtils.java:195)
	at org.springframework.data.redis.core.RedisConnectionUtils.doGetConnection(RedisConnectionUtils.java:144)
	at org.springframework.data.redis.core.RedisConnectionUtils.getConnection(RedisConnectionUtils.java:105)
	at org.springframework.data.redis.core.RedisTemplate.execute(RedisTemplate.java:398)
	at org.springframework.data.redis.core.RedisTemplate.execute(RedisTemplate.java:378)
	at org.springframework.data.redis.core.RedisTemplate.doWithKeys(RedisTemplate.java:790)
	at org.springframework.data.redis.core.RedisTemplate.hasKey(RedisTemplate.java:576)
	at com.cangngo.apigateway.service.impl.BanServiceImpl.lambda$isBan$0(BanServiceImpl.java:23)
	at reactor.core.publisher.MonoCallable.call(MonoCallable.java:72)
	at reactor.core.publisher.FluxSubscribeOnCallable$CallableSubscribeOnSubscription.run(FluxSubscribeOnCallable.java:228)
	at reactor.core.scheduler.SchedulerTask.call(SchedulerTask.java:68)
	at reactor.core.scheduler.SchedulerTask.call(SchedulerTask.java:28)
	at java.base/java.util.concurrent.FutureTask.run(FutureTask.java:317)
	at java.base/java.util.concurrent.ScheduledThreadPoolExecutor$ScheduledFutureTask.run(ScheduledThreadPoolExecutor.java:304)
	at java.base/java.util.concurrent.ThreadPoolExecutor.runWorker(ThreadPoolExecutor.java:1144)
	at java.base/java.util.concurrent.ThreadPoolExecutor$Worker.run(ThreadPoolExecutor.java:642)
	at java.base/java.lang.Thread.run(Thread.java:1583)
Caused by: io.lettuce.core.RedisConnectionException: Unable to connect to redis-10027.c292.ap-southeast-1-1.ec2.cloud.redislabs.com/<unresolved>:10027
	at io.lettuce.core.RedisConnectionException.create(RedisConnectionException.java:63)
	at io.lettuce.core.RedisConnectionException.create(RedisConnectionException.java:41)
	at io.lettuce.core.AbstractRedisClient.getConnection(AbstractRedisClient.java:354)
	at io.lettuce.core.RedisClient.connect(RedisClient.java:219)
	at org.springframework.data.redis.connection.lettuce.StandaloneConnectionProvider.lambda$getConnection$1(StandaloneConnectionProvider.java:112)
	at java.base/java.util.Optional.orElseGet(Optional.java:364)
	at org.springframework.data.redis.connection.lettuce.StandaloneConnectionProvider.getConnection(StandaloneConnectionProvider.java:112)
	at org.springframework.data.redis.connection.lettuce.LettuceConnectionFactory$ExceptionTranslatingConnectionProvider.getConnection(LettuceConnectionFactory.java:1787)
	... 23 common frames omitted
Caused by: java.net.UnknownHostException: Failed to resolve 'redis-10027.c292.ap-southeast-1-1.ec2.cloud.redislabs.com' [A(1)]
	at io.netty.resolver.dns.DnsResolveContext.finishResolve(DnsResolveContext.java:1150)
	at io.netty.resolver.dns.DnsResolveContext.tryToFinishResolve(DnsResolveContext.java:1097)
	at io.netty.resolver.dns.DnsResolveContext.query(DnsResolveContext.java:455)
	at io.netty.resolver.dns.DnsResolveContext.access$700(DnsResolveContext.java:70)
	at io.netty.resolver.dns.DnsResolveContext$2.operationComplete(DnsResolveContext.java:524)
	at io.netty.util.concurrent.DefaultPromise.notifyListener0(DefaultPromise.java:590)
	at io.netty.util.concurrent.DefaultPromise.notifyListeners0(DefaultPromise.java:583)
	at io.netty.util.concurrent.DefaultPromise.notifyListenersNow(DefaultPromise.java:559)
	at io.netty.util.concurrent.DefaultPromise.notifyListeners(DefaultPromise.java:492)
	at io.netty.util.concurrent.DefaultPromise.setValue0(DefaultPromise.java:636)
	at io.netty.util.concurrent.DefaultPromise.setFailure0(DefaultPromise.java:629)
	at io.netty.util.concurrent.DefaultPromise.tryFailure(DefaultPromise.java:118)
	at io.netty.resolver.dns.DnsQueryContext.finishFailure(DnsQueryContext.java:343)
	at io.netty.resolver.dns.DnsQueryContext$4.run(DnsQueryContext.java:278)
	at io.netty.util.concurrent.PromiseTask.runTask(PromiseTask.java:98)
	at io.netty.util.concurrent.ScheduledFutureTask.run(ScheduledFutureTask.java:156)
	at io.netty.util.concurrent.AbstractEventExecutor.runTask(AbstractEventExecutor.java:173)
	at io.netty.util.concurrent.AbstractEventExecutor.safeExecute(AbstractEventExecutor.java:166)
	at io.netty.util.concurrent.SingleThreadEventExecutor.runAllTasks(SingleThreadEventExecutor.java:472)
	at io.netty.channel.nio.NioEventLoop.run(NioEventLoop.java:569)
	at io.netty.util.concurrent.SingleThreadEventExecutor$4.run(SingleThreadEventExecutor.java:997)
	at io.netty.util.internal.ThreadExecutorMap$2.run(ThreadExecutorMap.java:74)
	at io.netty.util.concurrent.FastThreadLocalRunnable.run(FastThreadLocalRunnable.java:30)
	... 1 common frames omitted
Caused by: io.netty.resolver.dns.DnsNameResolverTimeoutException: [12339: /192.168.2.253:53] DefaultDnsQuestion(redis-10027.c292.ap-southeast-1-1.ec2.cloud.redislabs.com. IN A) query '12339' via UDP timed out after 5000 milliseconds (no stack trace available)
2025-12-29 23:11:53.703 ERROR --- [oundedElastic-2] c.c.a.service.impl.BanServiceImpl        : Error checking ban status for token: Unable to connect to Redis
org.springframework.data.redis.RedisConnectionFailureException: Unable to connect to Redis
	at org.springframework.data.redis.connection.lettuce.LettuceConnectionFactory$ExceptionTranslatingConnectionProvider.translateException(LettuceConnectionFactory.java:1858)
	at org.springframework.data.redis.connection.lettuce.LettuceConnectionFactory$ExceptionTranslatingConnectionProvider.getConnection(LettuceConnectionFactory.java:1789)
	at org.springframework.data.redis.connection.lettuce.LettuceConnectionFactory$SharedConnection.getNativeConnection(LettuceConnectionFactory.java:1586)
	at org.springframework.data.redis.connection.lettuce.LettuceConnectionFactory$SharedConnection.lambda$getConnection$0(LettuceConnectionFactory.java:1566)
	at org.springframework.data.redis.connection.lettuce.LettuceConnectionFactory.doInLock(LettuceConnectionFactory.java:1527)
	at org.springframework.data.redis.connection.lettuce.LettuceConnectionFactory$SharedConnection.getConnection(LettuceConnectionFactory.java:1563)
	at org.springframework.data.redis.connection.lettuce.LettuceConnectionFactory.getSharedConnection(LettuceConnectionFactory.java:1249)
	at org.springframework.data.redis.connection.lettuce.LettuceConnectionFactory.getConnection(LettuceConnectionFactory.java:1055)
	at org.springframework.data.redis.core.RedisConnectionUtils.fetchConnection(RedisConnectionUtils.java:195)
	at org.springframework.data.redis.core.RedisConnectionUtils.doGetConnection(RedisConnectionUtils.java:144)
	at org.springframework.data.redis.core.RedisConnectionUtils.getConnection(RedisConnectionUtils.java:105)
	at org.springframework.data.redis.core.RedisTemplate.execute(RedisTemplate.java:398)
	at org.springframework.data.redis.core.RedisTemplate.execute(RedisTemplate.java:378)
	at org.springframework.data.redis.core.RedisTemplate.doWithKeys(RedisTemplate.java:790)
	at org.springframework.data.redis.core.RedisTemplate.hasKey(RedisTemplate.java:576)
	at com.cangngo.apigateway.service.impl.BanServiceImpl.lambda$isBan$0(BanServiceImpl.java:23)
	at reactor.core.publisher.MonoCallable.call(MonoCallable.java:72)
	at reactor.core.publisher.FluxSubscribeOnCallable$CallableSubscribeOnSubscription.run(FluxSubscribeOnCallable.java:228)
	at reactor.core.scheduler.SchedulerTask.call(SchedulerTask.java:68)
	at reactor.core.scheduler.SchedulerTask.call(SchedulerTask.java:28)
	at java.base/java.util.concurrent.FutureTask.run(FutureTask.java:317)
	at java.base/java.util.concurrent.ScheduledThreadPoolExecutor$ScheduledFutureTask.run(ScheduledThreadPoolExecutor.java:304)
	at java.base/java.util.concurrent.ThreadPoolExecutor.runWorker(ThreadPoolExecutor.java:1144)
	at java.base/java.util.concurrent.ThreadPoolExecutor$Worker.run(ThreadPoolExecutor.java:642)
	at java.base/java.lang.Thread.run(Thread.java:1583)
Caused by: io.lettuce.core.RedisConnectionException: Unable to connect to redis-10027.c292.ap-southeast-1-1.ec2.cloud.redislabs.com/<unresolved>:10027
	at io.lettuce.core.RedisConnectionException.create(RedisConnectionException.java:63)
	at io.lettuce.core.RedisConnectionException.create(RedisConnectionException.java:41)
	at io.lettuce.core.AbstractRedisClient.getConnection(AbstractRedisClient.java:354)
	at io.lettuce.core.RedisClient.connect(RedisClient.java:219)
	at org.springframework.data.redis.connection.lettuce.StandaloneConnectionProvider.lambda$getConnection$1(StandaloneConnectionProvider.java:112)
	at java.base/java.util.Optional.orElseGet(Optional.java:364)
	at org.springframework.data.redis.connection.lettuce.StandaloneConnectionProvider.getConnection(StandaloneConnectionProvider.java:112)
	at org.springframework.data.redis.connection.lettuce.LettuceConnectionFactory$ExceptionTranslatingConnectionProvider.getConnection(LettuceConnectionFactory.java:1787)
	... 23 common frames omitted
Caused by: java.net.UnknownHostException: Failed to resolve 'redis-10027.c292.ap-southeast-1-1.ec2.cloud.redislabs.com' [A(1)]
	at io.netty.resolver.dns.DnsResolveContext.finishResolve(DnsResolveContext.java:1150)
	at io.netty.resolver.dns.DnsResolveContext.tryToFinishResolve(DnsResolveContext.java:1097)
	at io.netty.resolver.dns.DnsResolveContext.query(DnsResolveContext.java:455)
	at io.netty.resolver.dns.DnsResolveContext.onResponse(DnsResolveContext.java:662)
	at io.netty.resolver.dns.DnsResolveContext.access$500(DnsResolveContext.java:70)
	at io.netty.resolver.dns.DnsResolveContext$2.operationComplete(DnsResolveContext.java:513)
	at io.netty.util.concurrent.DefaultPromise.notifyListener0(DefaultPromise.java:590)
	at io.netty.util.concurrent.DefaultPromise.notifyListeners0(DefaultPromise.java:583)
	at io.netty.util.concurrent.DefaultPromise.notifyListenersNow(DefaultPromise.java:559)
	at io.netty.util.concurrent.DefaultPromise.notifyListeners(DefaultPromise.java:492)
	at io.netty.util.concurrent.DefaultPromise.setValue0(DefaultPromise.java:636)
	at io.netty.util.concurrent.DefaultPromise.setSuccess0(DefaultPromise.java:625)
	at io.netty.util.concurrent.DefaultPromise.trySuccess(DefaultPromise.java:105)
	at io.netty.resolver.dns.DnsQueryContext.trySuccess(DnsQueryContext.java:308)
	at io.netty.resolver.dns.DnsQueryContext.finishSuccess(DnsQueryContext.java:299)
	at io.netty.resolver.dns.DnsNameResolver$DnsResponseHandler.channelRead(DnsNameResolver.java:1491)
	at io.netty.channel.AbstractChannelHandlerContext.invokeChannelRead(AbstractChannelHandlerContext.java:444)
	at io.netty.channel.AbstractChannelHandlerContext.invokeChannelRead(AbstractChannelHandlerContext.java:420)
	at io.netty.channel.AbstractChannelHandlerContext.fireChannelRead(AbstractChannelHandlerContext.java:412)
	at io.netty.handler.codec.MessageToMessageDecoder.channelRead(MessageToMessageDecoder.java:107)
	at io.netty.channel.AbstractChannelHandlerContext.invokeChannelRead(AbstractChannelHandlerContext.java:444)
	at io.netty.channel.AbstractChannelHandlerContext.invokeChannelRead(AbstractChannelHandlerContext.java:420)
	at io.netty.channel.AbstractChannelHandlerContext.fireChannelRead(AbstractChannelHandlerContext.java:412)
	at io.netty.channel.DefaultChannelPipeline$HeadContext.channelRead(DefaultChannelPipeline.java:1357)
	at io.netty.channel.AbstractChannelHandlerContext.invokeChannelRead(AbstractChannelHandlerContext.java:440)
	at io.netty.channel.AbstractChannelHandlerContext.invokeChannelRead(AbstractChannelHandlerContext.java:420)
	at io.netty.channel.DefaultChannelPipeline.fireChannelRead(DefaultChannelPipeline.java:868)
	at io.netty.channel.nio.AbstractNioMessageChannel$NioMessageUnsafe.read(AbstractNioMessageChannel.java:97)
	at io.netty.channel.nio.NioEventLoop.processSelectedKey(NioEventLoop.java:788)
	at io.netty.channel.nio.NioEventLoop.processSelectedKeysOptimized(NioEventLoop.java:724)
	at io.netty.channel.nio.NioEventLoop.processSelectedKeys(NioEventLoop.java:650)
	at io.netty.channel.nio.NioEventLoop.run(NioEventLoop.java:562)
	at io.netty.util.concurrent.SingleThreadEventExecutor$4.run(SingleThreadEventExecutor.java:997)
	at io.netty.util.internal.ThreadExecutorMap$2.run(ThreadExecutorMap.java:74)
	at io.netty.util.concurrent.FastThreadLocalRunnable.run(FastThreadLocalRunnable.java:30)
	... 1 common frames omitted
2025-12-29 23:11:53.739 ERROR --- [oundedElastic-3] c.c.a.service.impl.BanServiceImpl        : Error checking ban status for token: Unable to connect to Redis
org.springframework.data.redis.RedisConnectionFailureException: Unable to connect to Redis
	at org.springframework.data.redis.connection.lettuce.LettuceConnectionFactory$ExceptionTranslatingConnectionProvider.translateException(LettuceConnectionFactory.java:1858)
	at org.springframework.data.redis.connection.lettuce.LettuceConnectionFactory$ExceptionTranslatingConnectionProvider.getConnection(LettuceConnectionFactory.java:1789)
	at org.springframework.data.redis.connection.lettuce.LettuceConnectionFactory$SharedConnection.getNativeConnection(LettuceConnectionFactory.java:1586)
	at org.springframework.data.redis.connection.lettuce.LettuceConnectionFactory$SharedConnection.lambda$getConnection$0(LettuceConnectionFactory.java:1566)
	at org.springframework.data.redis.connection.lettuce.LettuceConnectionFactory.doInLock(LettuceConnectionFactory.java:1527)
	at org.springframework.data.redis.connection.lettuce.LettuceConnectionFactory$SharedConnection.getConnection(LettuceConnectionFactory.java:1563)
	at org.springframework.data.redis.connection.lettuce.LettuceConnectionFactory.getSharedConnection(LettuceConnectionFactory.java:1249)
	at org.springframework.data.redis.connection.lettuce.LettuceConnectionFactory.getConnection(LettuceConnectionFactory.java:1055)
	at org.springframework.data.redis.core.RedisConnectionUtils.fetchConnection(RedisConnectionUtils.java:195)
	at org.springframework.data.redis.core.RedisConnectionUtils.doGetConnection(RedisConnectionUtils.java:144)
	at org.springframework.data.redis.core.RedisConnectionUtils.getConnection(RedisConnectionUtils.java:105)
	at org.springframework.data.redis.core.RedisTemplate.execute(RedisTemplate.java:398)
	at org.springframework.data.redis.core.RedisTemplate.execute(RedisTemplate.java:378)
	at org.springframework.data.redis.core.RedisTemplate.doWithKeys(RedisTemplate.java:790)
	at org.springframework.data.redis.core.RedisTemplate.hasKey(RedisTemplate.java:576)
	at com.cangngo.apigateway.service.impl.BanServiceImpl.lambda$isBan$0(BanServiceImpl.java:23)
	at reactor.core.publisher.MonoCallable.call(MonoCallable.java:72)
	at reactor.core.publisher.FluxSubscribeOnCallable$CallableSubscribeOnSubscription.run(FluxSubscribeOnCallable.java:228)
	at reactor.core.scheduler.SchedulerTask.call(SchedulerTask.java:68)
	at reactor.core.scheduler.SchedulerTask.call(SchedulerTask.java:28)
	at java.base/java.util.concurrent.FutureTask.run(FutureTask.java:317)
	at java.base/java.util.concurrent.ScheduledThreadPoolExecutor$ScheduledFutureTask.run(ScheduledThreadPoolExecutor.java:304)
	at java.base/java.util.concurrent.ThreadPoolExecutor.runWorker(ThreadPoolExecutor.java:1144)
	at java.base/java.util.concurrent.ThreadPoolExecutor$Worker.run(ThreadPoolExecutor.java:642)
	at java.base/java.lang.Thread.run(Thread.java:1583)
Caused by: io.lettuce.core.RedisConnectionException: Unable to connect to redis-10027.c292.ap-southeast-1-1.ec2.cloud.redislabs.com/<unresolved>:10027
	at io.lettuce.core.RedisConnectionException.create(RedisConnectionException.java:63)
	at io.lettuce.core.RedisConnectionException.create(RedisConnectionException.java:41)
	at io.lettuce.core.AbstractRedisClient.getConnection(AbstractRedisClient.java:354)
	at io.lettuce.core.RedisClient.connect(RedisClient.java:219)
	at org.springframework.data.redis.connection.lettuce.StandaloneConnectionProvider.lambda$getConnection$1(StandaloneConnectionProvider.java:112)
	at java.base/java.util.Optional.orElseGet(Optional.java:364)
	at org.springframework.data.redis.connection.lettuce.StandaloneConnectionProvider.getConnection(StandaloneConnectionProvider.java:112)
	at org.springframework.data.redis.connection.lettuce.LettuceConnectionFactory$ExceptionTranslatingConnectionProvider.getConnection(LettuceConnectionFactory.java:1787)
	... 23 common frames omitted
Caused by: java.net.UnknownHostException: Failed to resolve 'redis-10027.c292.ap-southeast-1-1.ec2.cloud.redislabs.com' [A(1)]
	at io.netty.resolver.dns.DnsResolveContext.finishResolve(DnsResolveContext.java:1150)
	at io.netty.resolver.dns.DnsResolveContext.tryToFinishResolve(DnsResolveContext.java:1097)
	at io.netty.resolver.dns.DnsResolveContext.query(DnsResolveContext.java:455)
	at io.netty.resolver.dns.DnsResolveContext.onResponse(DnsResolveContext.java:662)
	at io.netty.resolver.dns.DnsResolveContext.access$500(DnsResolveContext.java:70)
	at io.netty.resolver.dns.DnsResolveContext$2.operationComplete(DnsResolveContext.java:513)
	at io.netty.util.concurrent.DefaultPromise.notifyListener0(DefaultPromise.java:590)
	at io.netty.util.concurrent.DefaultPromise.notifyListeners0(DefaultPromise.java:583)
	at io.netty.util.concurrent.DefaultPromise.notifyListenersNow(DefaultPromise.java:559)
	at io.netty.util.concurrent.DefaultPromise.notifyListeners(DefaultPromise.java:492)
	at io.netty.util.concurrent.DefaultPromise.setValue0(DefaultPromise.java:636)
	at io.netty.util.concurrent.DefaultPromise.setSuccess0(DefaultPromise.java:625)
	at io.netty.util.concurrent.DefaultPromise.trySuccess(DefaultPromise.java:105)
	at io.netty.resolver.dns.DnsQueryContext.trySuccess(DnsQueryContext.java:308)
	at io.netty.resolver.dns.DnsQueryContext.finishSuccess(DnsQueryContext.java:299)
	at io.netty.resolver.dns.DnsNameResolver$DnsResponseHandler.channelRead(DnsNameResolver.java:1491)
	at io.netty.channel.AbstractChannelHandlerContext.invokeChannelRead(AbstractChannelHandlerContext.java:444)
	at io.netty.channel.AbstractChannelHandlerContext.invokeChannelRead(AbstractChannelHandlerContext.java:420)
	at io.netty.channel.AbstractChannelHandlerContext.fireChannelRead(AbstractChannelHandlerContext.java:412)
	at io.netty.handler.codec.MessageToMessageDecoder.channelRead(MessageToMessageDecoder.java:107)
	at io.netty.channel.AbstractChannelHandlerContext.invokeChannelRead(AbstractChannelHandlerContext.java:444)
	at io.netty.channel.AbstractChannelHandlerContext.invokeChannelRead(AbstractChannelHandlerContext.java:420)
	at io.netty.channel.AbstractChannelHandlerContext.fireChannelRead(AbstractChannelHandlerContext.java:412)
	at io.netty.channel.DefaultChannelPipeline$HeadContext.channelRead(DefaultChannelPipeline.java:1357)
	at io.netty.channel.AbstractChannelHandlerContext.invokeChannelRead(AbstractChannelHandlerContext.java:440)
	at io.netty.channel.AbstractChannelHandlerContext.invokeChannelRead(AbstractChannelHandlerContext.java:420)
	at io.netty.channel.DefaultChannelPipeline.fireChannelRead(DefaultChannelPipeline.java:868)
	at io.netty.channel.nio.AbstractNioMessageChannel$NioMessageUnsafe.read(AbstractNioMessageChannel.java:97)
	at io.netty.channel.nio.NioEventLoop.processSelectedKey(NioEventLoop.java:788)
	at io.netty.channel.nio.NioEventLoop.processSelectedKeysOptimized(NioEventLoop.java:724)
	at io.netty.channel.nio.NioEventLoop.processSelectedKeys(NioEventLoop.java:650)
	at io.netty.channel.nio.NioEventLoop.run(NioEventLoop.java:562)
	at io.netty.util.concurrent.SingleThreadEventExecutor$4.run(SingleThreadEventExecutor.java:997)
	at io.netty.util.internal.ThreadExecutorMap$2.run(ThreadExecutorMap.java:74)
	at io.netty.util.concurrent.FastThreadLocalRunnable.run(FastThreadLocalRunnable.java:30)
	... 1 common frames omitted
2025-12-29 23:12:10.580 ERROR --- [oundedElastic-3] c.c.a.service.impl.BanServiceImpl        : Error checking ban status for token: Unable to connect to Redis
org.springframework.data.redis.RedisConnectionFailureException: Unable to connect to Redis
	at org.springframework.data.redis.connection.lettuce.LettuceConnectionFactory$ExceptionTranslatingConnectionProvider.translateException(LettuceConnectionFactory.java:1858)
	at org.springframework.data.redis.connection.lettuce.LettuceConnectionFactory$ExceptionTranslatingConnectionProvider.getConnection(LettuceConnectionFactory.java:1789)
	at org.springframework.data.redis.connection.lettuce.LettuceConnectionFactory$SharedConnection.getNativeConnection(LettuceConnectionFactory.java:1586)
	at org.springframework.data.redis.connection.lettuce.LettuceConnectionFactory$SharedConnection.lambda$getConnection$0(LettuceConnectionFactory.java:1566)
	at org.springframework.data.redis.connection.lettuce.LettuceConnectionFactory.doInLock(LettuceConnectionFactory.java:1527)
	at org.springframework.data.redis.connection.lettuce.LettuceConnectionFactory$SharedConnection.getConnection(LettuceConnectionFactory.java:1563)
	at org.springframework.data.redis.connection.lettuce.LettuceConnectionFactory.getSharedConnection(LettuceConnectionFactory.java:1249)
	at org.springframework.data.redis.connection.lettuce.LettuceConnectionFactory.getConnection(LettuceConnectionFactory.java:1055)
	at org.springframework.data.redis.core.RedisConnectionUtils.fetchConnection(RedisConnectionUtils.java:195)
	at org.springframework.data.redis.core.RedisConnectionUtils.doGetConnection(RedisConnectionUtils.java:144)
	at org.springframework.data.redis.core.RedisConnectionUtils.getConnection(RedisConnectionUtils.java:105)
	at org.springframework.data.redis.core.RedisTemplate.execute(RedisTemplate.java:398)
	at org.springframework.data.redis.core.RedisTemplate.execute(RedisTemplate.java:378)
	at org.springframework.data.redis.core.RedisTemplate.doWithKeys(RedisTemplate.java:790)
	at org.springframework.data.redis.core.RedisTemplate.hasKey(RedisTemplate.java:576)
	at com.cangngo.apigateway.service.impl.BanServiceImpl.lambda$isBan$0(BanServiceImpl.java:23)
	at reactor.core.publisher.MonoCallable.call(MonoCallable.java:72)
	at reactor.core.publisher.FluxSubscribeOnCallable$CallableSubscribeOnSubscription.run(FluxSubscribeOnCallable.java:228)
	at reactor.core.scheduler.SchedulerTask.call(SchedulerTask.java:68)
	at reactor.core.scheduler.SchedulerTask.call(SchedulerTask.java:28)
	at java.base/java.util.concurrent.FutureTask.run(FutureTask.java:317)
	at java.base/java.util.concurrent.ScheduledThreadPoolExecutor$ScheduledFutureTask.run(ScheduledThreadPoolExecutor.java:304)
	at java.base/java.util.concurrent.ThreadPoolExecutor.runWorker(ThreadPoolExecutor.java:1144)
	at java.base/java.util.concurrent.ThreadPoolExecutor$Worker.run(ThreadPoolExecutor.java:642)
	at java.base/java.lang.Thread.run(Thread.java:1583)
Caused by: io.lettuce.core.RedisConnectionException: Unable to connect to redis-10027.c292.ap-southeast-1-1.ec2.cloud.redislabs.com/<unresolved>:10027
	at io.lettuce.core.RedisConnectionException.create(RedisConnectionException.java:63)
	at io.lettuce.core.RedisConnectionException.create(RedisConnectionException.java:41)
	at io.lettuce.core.AbstractRedisClient.getConnection(AbstractRedisClient.java:354)
	at io.lettuce.core.RedisClient.connect(RedisClient.java:219)
	at org.springframework.data.redis.connection.lettuce.StandaloneConnectionProvider.lambda$getConnection$1(StandaloneConnectionProvider.java:112)
	at java.base/java.util.Optional.orElseGet(Optional.java:364)
	at org.springframework.data.redis.connection.lettuce.StandaloneConnectionProvider.getConnection(StandaloneConnectionProvider.java:112)
	at org.springframework.data.redis.connection.lettuce.LettuceConnectionFactory$ExceptionTranslatingConnectionProvider.getConnection(LettuceConnectionFactory.java:1787)
	... 23 common frames omitted
Caused by: java.net.UnknownHostException: Failed to resolve 'redis-10027.c292.ap-southeast-1-1.ec2.cloud.redislabs.com' [A(1)]
	at io.netty.resolver.dns.DnsResolveContext.finishResolve(DnsResolveContext.java:1150)
	at io.netty.resolver.dns.DnsResolveContext.tryToFinishResolve(DnsResolveContext.java:1097)
	at io.netty.resolver.dns.DnsResolveContext.query(DnsResolveContext.java:455)
	at io.netty.resolver.dns.DnsResolveContext.onResponse(DnsResolveContext.java:662)
	at io.netty.resolver.dns.DnsResolveContext.access$500(DnsResolveContext.java:70)
	at io.netty.resolver.dns.DnsResolveContext$2.operationComplete(DnsResolveContext.java:513)
	at io.netty.util.concurrent.DefaultPromise.notifyListener0(DefaultPromise.java:590)
	at io.netty.util.concurrent.DefaultPromise.notifyListeners0(DefaultPromise.java:583)
	at io.netty.util.concurrent.DefaultPromise.notifyListenersNow(DefaultPromise.java:559)
	at io.netty.util.concurrent.DefaultPromise.notifyListeners(DefaultPromise.java:492)
	at io.netty.util.concurrent.DefaultPromise.setValue0(DefaultPromise.java:636)
	at io.netty.util.concurrent.DefaultPromise.setSuccess0(DefaultPromise.java:625)
	at io.netty.util.concurrent.DefaultPromise.trySuccess(DefaultPromise.java:105)
	at io.netty.resolver.dns.DnsQueryContext.trySuccess(DnsQueryContext.java:308)
	at io.netty.resolver.dns.DnsQueryContext.finishSuccess(DnsQueryContext.java:299)
	at io.netty.resolver.dns.DnsNameResolver$DnsResponseHandler.channelRead(DnsNameResolver.java:1491)
	at io.netty.channel.AbstractChannelHandlerContext.invokeChannelRead(AbstractChannelHandlerContext.java:444)
	at io.netty.channel.AbstractChannelHandlerContext.invokeChannelRead(AbstractChannelHandlerContext.java:420)
	at io.netty.channel.AbstractChannelHandlerContext.fireChannelRead(AbstractChannelHandlerContext.java:412)
	at io.netty.handler.codec.MessageToMessageDecoder.channelRead(MessageToMessageDecoder.java:107)
	at io.netty.channel.AbstractChannelHandlerContext.invokeChannelRead(AbstractChannelHandlerContext.java:444)
	at io.netty.channel.AbstractChannelHandlerContext.invokeChannelRead(AbstractChannelHandlerContext.java:420)
	at io.netty.channel.AbstractChannelHandlerContext.fireChannelRead(AbstractChannelHandlerContext.java:412)
	at io.netty.channel.DefaultChannelPipeline$HeadContext.channelRead(DefaultChannelPipeline.java:1357)
	at io.netty.channel.AbstractChannelHandlerContext.invokeChannelRead(AbstractChannelHandlerContext.java:440)
	at io.netty.channel.AbstractChannelHandlerContext.invokeChannelRead(AbstractChannelHandlerContext.java:420)
	at io.netty.channel.DefaultChannelPipeline.fireChannelRead(DefaultChannelPipeline.java:868)
	at io.netty.channel.nio.AbstractNioMessageChannel$NioMessageUnsafe.read(AbstractNioMessageChannel.java:97)
	at io.netty.channel.nio.NioEventLoop.processSelectedKey(NioEventLoop.java:788)
	at io.netty.channel.nio.NioEventLoop.processSelectedKeysOptimized(NioEventLoop.java:724)
	at io.netty.channel.nio.NioEventLoop.processSelectedKeys(NioEventLoop.java:650)
	at io.netty.channel.nio.NioEventLoop.run(NioEventLoop.java:562)
	at io.netty.util.concurrent.SingleThreadEventExecutor$4.run(SingleThreadEventExecutor.java:997)
	at io.netty.util.internal.ThreadExecutorMap$2.run(ThreadExecutorMap.java:74)
	at io.netty.util.concurrent.FastThreadLocalRunnable.run(FastThreadLocalRunnable.java:30)
	... 1 common frames omitted
2025-12-29 23:12:16.527 ERROR --- [oundedElastic-3] c.c.a.service.impl.BanServiceImpl        : Error checking ban status for token: Unable to connect to Redis
org.springframework.data.redis.RedisConnectionFailureException: Unable to connect to Redis
	at org.springframework.data.redis.connection.lettuce.LettuceConnectionFactory$ExceptionTranslatingConnectionProvider.translateException(LettuceConnectionFactory.java:1858)
	at org.springframework.data.redis.connection.lettuce.LettuceConnectionFactory$ExceptionTranslatingConnectionProvider.getConnection(LettuceConnectionFactory.java:1789)
	at org.springframework.data.redis.connection.lettuce.LettuceConnectionFactory$SharedConnection.getNativeConnection(LettuceConnectionFactory.java:1586)
	at org.springframework.data.redis.connection.lettuce.LettuceConnectionFactory$SharedConnection.lambda$getConnection$0(LettuceConnectionFactory.java:1566)
	at org.springframework.data.redis.connection.lettuce.LettuceConnectionFactory.doInLock(LettuceConnectionFactory.java:1527)
	at org.springframework.data.redis.connection.lettuce.LettuceConnectionFactory$SharedConnection.getConnection(LettuceConnectionFactory.java:1563)
	at org.springframework.data.redis.connection.lettuce.LettuceConnectionFactory.getSharedConnection(LettuceConnectionFactory.java:1249)
	at org.springframework.data.redis.connection.lettuce.LettuceConnectionFactory.getConnection(LettuceConnectionFactory.java:1055)
	at org.springframework.data.redis.core.RedisConnectionUtils.fetchConnection(RedisConnectionUtils.java:195)
	at org.springframework.data.redis.core.RedisConnectionUtils.doGetConnection(RedisConnectionUtils.java:144)
	at org.springframework.data.redis.core.RedisConnectionUtils.getConnection(RedisConnectionUtils.java:105)
	at org.springframework.data.redis.core.RedisTemplate.execute(RedisTemplate.java:398)
	at org.springframework.data.redis.core.RedisTemplate.execute(RedisTemplate.java:378)
	at org.springframework.data.redis.core.RedisTemplate.doWithKeys(RedisTemplate.java:790)
	at org.springframework.data.redis.core.RedisTemplate.hasKey(RedisTemplate.java:576)
	at com.cangngo.apigateway.service.impl.BanServiceImpl.lambda$isBan$0(BanServiceImpl.java:23)
	at reactor.core.publisher.MonoCallable.call(MonoCallable.java:72)
	at reactor.core.publisher.FluxSubscribeOnCallable$CallableSubscribeOnSubscription.run(FluxSubscribeOnCallable.java:228)
	at reactor.core.scheduler.SchedulerTask.call(SchedulerTask.java:68)
	at reactor.core.scheduler.SchedulerTask.call(SchedulerTask.java:28)
	at java.base/java.util.concurrent.FutureTask.run(FutureTask.java:317)
	at java.base/java.util.concurrent.ScheduledThreadPoolExecutor$ScheduledFutureTask.run(ScheduledThreadPoolExecutor.java:304)
	at java.base/java.util.concurrent.ThreadPoolExecutor.runWorker(ThreadPoolExecutor.java:1144)
	at java.base/java.util.concurrent.ThreadPoolExecutor$Worker.run(ThreadPoolExecutor.java:642)
	at java.base/java.lang.Thread.run(Thread.java:1583)
Caused by: io.lettuce.core.RedisConnectionException: Unable to connect to redis-10027.c292.ap-southeast-1-1.ec2.cloud.redislabs.com/<unresolved>:10027
	at io.lettuce.core.RedisConnectionException.create(RedisConnectionException.java:63)
	at io.lettuce.core.RedisConnectionException.create(RedisConnectionException.java:41)
	at io.lettuce.core.AbstractRedisClient.getConnection(AbstractRedisClient.java:354)
	at io.lettuce.core.RedisClient.connect(RedisClient.java:219)
	at org.springframework.data.redis.connection.lettuce.StandaloneConnectionProvider.lambda$getConnection$1(StandaloneConnectionProvider.java:112)
	at java.base/java.util.Optional.orElseGet(Optional.java:364)
	at org.springframework.data.redis.connection.lettuce.StandaloneConnectionProvider.getConnection(StandaloneConnectionProvider.java:112)
	at org.springframework.data.redis.connection.lettuce.LettuceConnectionFactory$ExceptionTranslatingConnectionProvider.getConnection(LettuceConnectionFactory.java:1787)
	... 23 common frames omitted
Caused by: java.net.UnknownHostException: Failed to resolve 'redis-10027.c292.ap-southeast-1-1.ec2.cloud.redislabs.com' [A(1)]
	at io.netty.resolver.dns.DnsResolveContext.finishResolve(DnsResolveContext.java:1150)
	at io.netty.resolver.dns.DnsResolveContext.tryToFinishResolve(DnsResolveContext.java:1097)
	at io.netty.resolver.dns.DnsResolveContext.query(DnsResolveContext.java:455)
	at io.netty.resolver.dns.DnsResolveContext.onResponse(DnsResolveContext.java:662)
	at io.netty.resolver.dns.DnsResolveContext.access$500(DnsResolveContext.java:70)
	at io.netty.resolver.dns.DnsResolveContext$2.operationComplete(DnsResolveContext.java:513)
	at io.netty.util.concurrent.DefaultPromise.notifyListener0(DefaultPromise.java:590)
	at io.netty.util.concurrent.DefaultPromise.notifyListeners0(DefaultPromise.java:583)
	at io.netty.util.concurrent.DefaultPromise.notifyListenersNow(DefaultPromise.java:559)
	at io.netty.util.concurrent.DefaultPromise.notifyListeners(DefaultPromise.java:492)
	at io.netty.util.concurrent.DefaultPromise.setValue0(DefaultPromise.java:636)
	at io.netty.util.concurrent.DefaultPromise.setSuccess0(DefaultPromise.java:625)
	at io.netty.util.concurrent.DefaultPromise.trySuccess(DefaultPromise.java:105)
	at io.netty.resolver.dns.DnsQueryContext.trySuccess(DnsQueryContext.java:308)
	at io.netty.resolver.dns.DnsQueryContext.finishSuccess(DnsQueryContext.java:299)
	at io.netty.resolver.dns.DnsNameResolver$DnsResponseHandler.channelRead(DnsNameResolver.java:1491)
	at io.netty.channel.AbstractChannelHandlerContext.invokeChannelRead(AbstractChannelHandlerContext.java:444)
	at io.netty.channel.AbstractChannelHandlerContext.invokeChannelRead(AbstractChannelHandlerContext.java:420)
	at io.netty.channel.AbstractChannelHandlerContext.fireChannelRead(AbstractChannelHandlerContext.java:412)
	at io.netty.handler.codec.MessageToMessageDecoder.channelRead(MessageToMessageDecoder.java:107)
	at io.netty.channel.AbstractChannelHandlerContext.invokeChannelRead(AbstractChannelHandlerContext.java:444)
	at io.netty.channel.AbstractChannelHandlerContext.invokeChannelRead(AbstractChannelHandlerContext.java:420)
	at io.netty.channel.AbstractChannelHandlerContext.fireChannelRead(AbstractChannelHandlerContext.java:412)
	at io.netty.channel.DefaultChannelPipeline$HeadContext.channelRead(DefaultChannelPipeline.java:1357)
	at io.netty.channel.AbstractChannelHandlerContext.invokeChannelRead(AbstractChannelHandlerContext.java:440)
	at io.netty.channel.AbstractChannelHandlerContext.invokeChannelRead(AbstractChannelHandlerContext.java:420)
	at io.netty.channel.DefaultChannelPipeline.fireChannelRead(DefaultChannelPipeline.java:868)
	at io.netty.channel.nio.AbstractNioMessageChannel$NioMessageUnsafe.read(AbstractNioMessageChannel.java:97)
	at io.netty.channel.nio.NioEventLoop.processSelectedKey(NioEventLoop.java:788)
	at io.netty.channel.nio.NioEventLoop.processSelectedKeysOptimized(NioEventLoop.java:724)
	at io.netty.channel.nio.NioEventLoop.processSelectedKeys(NioEventLoop.java:650)
	at io.netty.channel.nio.NioEventLoop.run(NioEventLoop.java:562)
	at io.netty.util.concurrent.SingleThreadEventExecutor$4.run(SingleThreadEventExecutor.java:997)
	at io.netty.util.internal.ThreadExecutorMap$2.run(ThreadExecutorMap.java:74)
	at io.netty.util.concurrent.FastThreadLocalRunnable.run(FastThreadLocalRunnable.java:30)
	... 1 common frames omitted
2025-12-29 23:12:16.563 ERROR --- [oundedElastic-2] c.c.a.service.impl.BanServiceImpl        : Error checking ban status for token: Unable to connect to Redis
org.springframework.data.redis.RedisConnectionFailureException: Unable to connect to Redis
	at org.springframework.data.redis.connection.lettuce.LettuceConnectionFactory$ExceptionTranslatingConnectionProvider.translateException(LettuceConnectionFactory.java:1858)
	at org.springframework.data.redis.connection.lettuce.LettuceConnectionFactory$ExceptionTranslatingConnectionProvider.getConnection(LettuceConnectionFactory.java:1789)
	at org.springframework.data.redis.connection.lettuce.LettuceConnectionFactory$SharedConnection.getNativeConnection(LettuceConnectionFactory.java:1586)
	at org.springframework.data.redis.connection.lettuce.LettuceConnectionFactory$SharedConnection.lambda$getConnection$0(LettuceConnectionFactory.java:1566)
	at org.springframework.data.redis.connection.lettuce.LettuceConnectionFactory.doInLock(LettuceConnectionFactory.java:1527)
	at org.springframework.data.redis.connection.lettuce.LettuceConnectionFactory$SharedConnection.getConnection(LettuceConnectionFactory.java:1563)
	at org.springframework.data.redis.connection.lettuce.LettuceConnectionFactory.getSharedConnection(LettuceConnectionFactory.java:1249)
	at org.springframework.data.redis.connection.lettuce.LettuceConnectionFactory.getConnection(LettuceConnectionFactory.java:1055)
	at org.springframework.data.redis.core.RedisConnectionUtils.fetchConnection(RedisConnectionUtils.java:195)
	at org.springframework.data.redis.core.RedisConnectionUtils.doGetConnection(RedisConnectionUtils.java:144)
	at org.springframework.data.redis.core.RedisConnectionUtils.getConnection(RedisConnectionUtils.java:105)
	at org.springframework.data.redis.core.RedisTemplate.execute(RedisTemplate.java:398)
	at org.springframework.data.redis.core.RedisTemplate.execute(RedisTemplate.java:378)
	at org.springframework.data.redis.core.RedisTemplate.doWithKeys(RedisTemplate.java:790)
	at org.springframework.data.redis.core.RedisTemplate.hasKey(RedisTemplate.java:576)
	at com.cangngo.apigateway.service.impl.BanServiceImpl.lambda$isBan$0(BanServiceImpl.java:23)
	at reactor.core.publisher.MonoCallable.call(MonoCallable.java:72)
	at reactor.core.publisher.FluxSubscribeOnCallable$CallableSubscribeOnSubscription.run(FluxSubscribeOnCallable.java:228)
	at reactor.core.scheduler.SchedulerTask.call(SchedulerTask.java:68)
	at reactor.core.scheduler.SchedulerTask.call(SchedulerTask.java:28)
	at java.base/java.util.concurrent.FutureTask.run(FutureTask.java:317)
	at java.base/java.util.concurrent.ScheduledThreadPoolExecutor$ScheduledFutureTask.run(ScheduledThreadPoolExecutor.java:304)
	at java.base/java.util.concurrent.ThreadPoolExecutor.runWorker(ThreadPoolExecutor.java:1144)
	at java.base/java.util.concurrent.ThreadPoolExecutor$Worker.run(ThreadPoolExecutor.java:642)
	at java.base/java.lang.Thread.run(Thread.java:1583)
Caused by: io.lettuce.core.RedisConnectionException: Unable to connect to redis-10027.c292.ap-southeast-1-1.ec2.cloud.redislabs.com/<unresolved>:10027
	at io.lettuce.core.RedisConnectionException.create(RedisConnectionException.java:63)
	at io.lettuce.core.RedisConnectionException.create(RedisConnectionException.java:41)
	at io.lettuce.core.AbstractRedisClient.getConnection(AbstractRedisClient.java:354)
	at io.lettuce.core.RedisClient.connect(RedisClient.java:219)
	at org.springframework.data.redis.connection.lettuce.StandaloneConnectionProvider.lambda$getConnection$1(StandaloneConnectionProvider.java:112)
	at java.base/java.util.Optional.orElseGet(Optional.java:364)
	at org.springframework.data.redis.connection.lettuce.StandaloneConnectionProvider.getConnection(StandaloneConnectionProvider.java:112)
	at org.springframework.data.redis.connection.lettuce.LettuceConnectionFactory$ExceptionTranslatingConnectionProvider.getConnection(LettuceConnectionFactory.java:1787)
	... 23 common frames omitted
Caused by: java.net.UnknownHostException: Failed to resolve 'redis-10027.c292.ap-southeast-1-1.ec2.cloud.redislabs.com' [A(1)]
	at io.netty.resolver.dns.DnsResolveContext.finishResolve(DnsResolveContext.java:1150)
	at io.netty.resolver.dns.DnsResolveContext.tryToFinishResolve(DnsResolveContext.java:1097)
	at io.netty.resolver.dns.DnsResolveContext.query(DnsResolveContext.java:455)
	at io.netty.resolver.dns.DnsResolveContext.onResponse(DnsResolveContext.java:662)
	at io.netty.resolver.dns.DnsResolveContext.access$500(DnsResolveContext.java:70)
	at io.netty.resolver.dns.DnsResolveContext$2.operationComplete(DnsResolveContext.java:513)
	at io.netty.util.concurrent.DefaultPromise.notifyListener0(DefaultPromise.java:590)
	at io.netty.util.concurrent.DefaultPromise.notifyListeners0(DefaultPromise.java:583)
	at io.netty.util.concurrent.DefaultPromise.notifyListenersNow(DefaultPromise.java:559)
	at io.netty.util.concurrent.DefaultPromise.notifyListeners(DefaultPromise.java:492)
	at io.netty.util.concurrent.DefaultPromise.setValue0(DefaultPromise.java:636)
	at io.netty.util.concurrent.DefaultPromise.setSuccess0(DefaultPromise.java:625)
	at io.netty.util.concurrent.DefaultPromise.trySuccess(DefaultPromise.java:105)
	at io.netty.resolver.dns.DnsQueryContext.trySuccess(DnsQueryContext.java:308)
	at io.netty.resolver.dns.DnsQueryContext.finishSuccess(DnsQueryContext.java:299)
	at io.netty.resolver.dns.DnsNameResolver$DnsResponseHandler.channelRead(DnsNameResolver.java:1491)
	at io.netty.channel.AbstractChannelHandlerContext.invokeChannelRead(AbstractChannelHandlerContext.java:444)
	at io.netty.channel.AbstractChannelHandlerContext.invokeChannelRead(AbstractChannelHandlerContext.java:420)
	at io.netty.channel.AbstractChannelHandlerContext.fireChannelRead(AbstractChannelHandlerContext.java:412)
	at io.netty.handler.codec.MessageToMessageDecoder.channelRead(MessageToMessageDecoder.java:107)
	at io.netty.channel.AbstractChannelHandlerContext.invokeChannelRead(AbstractChannelHandlerContext.java:444)
	at io.netty.channel.AbstractChannelHandlerContext.invokeChannelRead(AbstractChannelHandlerContext.java:420)
	at io.netty.channel.AbstractChannelHandlerContext.fireChannelRead(AbstractChannelHandlerContext.java:412)
	at io.netty.channel.DefaultChannelPipeline$HeadContext.channelRead(DefaultChannelPipeline.java:1357)
	at io.netty.channel.AbstractChannelHandlerContext.invokeChannelRead(AbstractChannelHandlerContext.java:440)
	at io.netty.channel.AbstractChannelHandlerContext.invokeChannelRead(AbstractChannelHandlerContext.java:420)
	at io.netty.channel.DefaultChannelPipeline.fireChannelRead(DefaultChannelPipeline.java:868)
	at io.netty.channel.nio.AbstractNioMessageChannel$NioMessageUnsafe.read(AbstractNioMessageChannel.java:97)
	at io.netty.channel.nio.NioEventLoop.processSelectedKey(NioEventLoop.java:788)
	at io.netty.channel.nio.NioEventLoop.processSelectedKeysOptimized(NioEventLoop.java:724)
	at io.netty.channel.nio.NioEventLoop.processSelectedKeys(NioEventLoop.java:650)
	at io.netty.channel.nio.NioEventLoop.run(NioEventLoop.java:562)
	at io.netty.util.concurrent.SingleThreadEventExecutor$4.run(SingleThreadEventExecutor.java:997)
	at io.netty.util.internal.ThreadExecutorMap$2.run(ThreadExecutorMap.java:74)
	at io.netty.util.concurrent.FastThreadLocalRunnable.run(FastThreadLocalRunnable.java:30)
	... 1 common frames omitted
2025-12-29 23:12:16.578 ERROR --- [ctor-http-nio-4] c.c.apigateway.config.GlobalConfig       : Cannot connect to downstream service: Connection refused: getsockopt: localhost/127.0.0.1:8083 - Request: http://localhost:8888/api/v1/post/actions?userId=4ca23af0-999d-40fb-b661-93f72533a685
2025-12-29 23:12:16.603 ERROR --- [oundedElastic-1] c.c.a.service.impl.BanServiceImpl        : Error checking ban status for token: Unable to connect to Redis
org.springframework.data.redis.RedisConnectionFailureException: Unable to connect to Redis
	at org.springframework.data.redis.connection.lettuce.LettuceConnectionFactory$ExceptionTranslatingConnectionProvider.translateException(LettuceConnectionFactory.java:1858)
	at org.springframework.data.redis.connection.lettuce.LettuceConnectionFactory$ExceptionTranslatingConnectionProvider.getConnection(LettuceConnectionFactory.java:1789)
	at org.springframework.data.redis.connection.lettuce.LettuceConnectionFactory$SharedConnection.getNativeConnection(LettuceConnectionFactory.java:1586)
	at org.springframework.data.redis.connection.lettuce.LettuceConnectionFactory$SharedConnection.lambda$getConnection$0(LettuceConnectionFactory.java:1566)
	at org.springframework.data.redis.connection.lettuce.LettuceConnectionFactory.doInLock(LettuceConnectionFactory.java:1527)
	at org.springframework.data.redis.connection.lettuce.LettuceConnectionFactory$SharedConnection.getConnection(LettuceConnectionFactory.java:1563)
	at org.springframework.data.redis.connection.lettuce.LettuceConnectionFactory.getSharedConnection(LettuceConnectionFactory.java:1249)
	at org.springframework.data.redis.connection.lettuce.LettuceConnectionFactory.getConnection(LettuceConnectionFactory.java:1055)
	at org.springframework.data.redis.core.RedisConnectionUtils.fetchConnection(RedisConnectionUtils.java:195)
	at org.springframework.data.redis.core.RedisConnectionUtils.doGetConnection(RedisConnectionUtils.java:144)
	at org.springframework.data.redis.core.RedisConnectionUtils.getConnection(RedisConnectionUtils.java:105)
	at org.springframework.data.redis.core.RedisTemplate.execute(RedisTemplate.java:398)
	at org.springframework.data.redis.core.RedisTemplate.execute(RedisTemplate.java:378)
	at org.springframework.data.redis.core.RedisTemplate.doWithKeys(RedisTemplate.java:790)
	at org.springframework.data.redis.core.RedisTemplate.hasKey(RedisTemplate.java:576)
	at com.cangngo.apigateway.service.impl.BanServiceImpl.lambda$isBan$0(BanServiceImpl.java:23)
	at reactor.core.publisher.MonoCallable.call(MonoCallable.java:72)
	at reactor.core.publisher.FluxSubscribeOnCallable$CallableSubscribeOnSubscription.run(FluxSubscribeOnCallable.java:228)
	at reactor.core.scheduler.SchedulerTask.call(SchedulerTask.java:68)
	at reactor.core.scheduler.SchedulerTask.call(SchedulerTask.java:28)
	at java.base/java.util.concurrent.FutureTask.run(FutureTask.java:317)
	at java.base/java.util.concurrent.ScheduledThreadPoolExecutor$ScheduledFutureTask.run(ScheduledThreadPoolExecutor.java:304)
	at java.base/java.util.concurrent.ThreadPoolExecutor.runWorker(ThreadPoolExecutor.java:1144)
	at java.base/java.util.concurrent.ThreadPoolExecutor$Worker.run(ThreadPoolExecutor.java:642)
	at java.base/java.lang.Thread.run(Thread.java:1583)
Caused by: io.lettuce.core.RedisConnectionException: Unable to connect to redis-10027.c292.ap-southeast-1-1.ec2.cloud.redislabs.com/<unresolved>:10027
	at io.lettuce.core.RedisConnectionException.create(RedisConnectionException.java:63)
	at io.lettuce.core.RedisConnectionException.create(RedisConnectionException.java:41)
	at io.lettuce.core.AbstractRedisClient.getConnection(AbstractRedisClient.java:354)
	at io.lettuce.core.RedisClient.connect(RedisClient.java:219)
	at org.springframework.data.redis.connection.lettuce.StandaloneConnectionProvider.lambda$getConnection$1(StandaloneConnectionProvider.java:112)
	at java.base/java.util.Optional.orElseGet(Optional.java:364)
	at org.springframework.data.redis.connection.lettuce.StandaloneConnectionProvider.getConnection(StandaloneConnectionProvider.java:112)
	at org.springframework.data.redis.connection.lettuce.LettuceConnectionFactory$ExceptionTranslatingConnectionProvider.getConnection(LettuceConnectionFactory.java:1787)
	... 23 common frames omitted
Caused by: java.net.UnknownHostException: Failed to resolve 'redis-10027.c292.ap-southeast-1-1.ec2.cloud.redislabs.com' [A(1)]
	at io.netty.resolver.dns.DnsResolveContext.finishResolve(DnsResolveContext.java:1150)
	at io.netty.resolver.dns.DnsResolveContext.tryToFinishResolve(DnsResolveContext.java:1097)
	at io.netty.resolver.dns.DnsResolveContext.query(DnsResolveContext.java:455)
	at io.netty.resolver.dns.DnsResolveContext.onResponse(DnsResolveContext.java:662)
	at io.netty.resolver.dns.DnsResolveContext.access$500(DnsResolveContext.java:70)
	at io.netty.resolver.dns.DnsResolveContext$2.operationComplete(DnsResolveContext.java:513)
	at io.netty.util.concurrent.DefaultPromise.notifyListener0(DefaultPromise.java:590)
	at io.netty.util.concurrent.DefaultPromise.notifyListeners0(DefaultPromise.java:583)
	at io.netty.util.concurrent.DefaultPromise.notifyListenersNow(DefaultPromise.java:559)
	at io.netty.util.concurrent.DefaultPromise.notifyListeners(DefaultPromise.java:492)
	at io.netty.util.concurrent.DefaultPromise.setValue0(DefaultPromise.java:636)
	at io.netty.util.concurrent.DefaultPromise.setSuccess0(DefaultPromise.java:625)
	at io.netty.util.concurrent.DefaultPromise.trySuccess(DefaultPromise.java:105)
	at io.netty.resolver.dns.DnsQueryContext.trySuccess(DnsQueryContext.java:308)
	at io.netty.resolver.dns.DnsQueryContext.finishSuccess(DnsQueryContext.java:299)
	at io.netty.resolver.dns.DnsNameResolver$DnsResponseHandler.channelRead(DnsNameResolver.java:1491)
	at io.netty.channel.AbstractChannelHandlerContext.invokeChannelRead(AbstractChannelHandlerContext.java:444)
	at io.netty.channel.AbstractChannelHandlerContext.invokeChannelRead(AbstractChannelHandlerContext.java:420)
	at io.netty.channel.AbstractChannelHandlerContext.fireChannelRead(AbstractChannelHandlerContext.java:412)
	at io.netty.handler.codec.MessageToMessageDecoder.channelRead(MessageToMessageDecoder.java:107)
	at io.netty.channel.AbstractChannelHandlerContext.invokeChannelRead(AbstractChannelHandlerContext.java:444)
	at io.netty.channel.AbstractChannelHandlerContext.invokeChannelRead(AbstractChannelHandlerContext.java:420)
	at io.netty.channel.AbstractChannelHandlerContext.fireChannelRead(AbstractChannelHandlerContext.java:412)
	at io.netty.channel.DefaultChannelPipeline$HeadContext.channelRead(DefaultChannelPipeline.java:1357)
	at io.netty.channel.AbstractChannelHandlerContext.invokeChannelRead(AbstractChannelHandlerContext.java:440)
	at io.netty.channel.AbstractChannelHandlerContext.invokeChannelRead(AbstractChannelHandlerContext.java:420)
	at io.netty.channel.DefaultChannelPipeline.fireChannelRead(DefaultChannelPipeline.java:868)
	at io.netty.channel.nio.AbstractNioMessageChannel$NioMessageUnsafe.read(AbstractNioMessageChannel.java:97)
	at io.netty.channel.nio.NioEventLoop.processSelectedKey(NioEventLoop.java:788)
	at io.netty.channel.nio.NioEventLoop.processSelectedKeysOptimized(NioEventLoop.java:724)
	at io.netty.channel.nio.NioEventLoop.processSelectedKeys(NioEventLoop.java:650)
	at io.netty.channel.nio.NioEventLoop.run(NioEventLoop.java:562)
	at io.netty.util.concurrent.SingleThreadEventExecutor$4.run(SingleThreadEventExecutor.java:997)
	at io.netty.util.internal.ThreadExecutorMap$2.run(ThreadExecutorMap.java:74)
	at io.netty.util.concurrent.FastThreadLocalRunnable.run(FastThreadLocalRunnable.java:30)
	... 1 common frames omitted
2025-12-29 23:12:46.467 ERROR --- [oundedElastic-1] c.c.a.service.impl.BanServiceImpl        : Error checking ban status for token: Unable to connect to Redis
org.springframework.data.redis.RedisConnectionFailureException: Unable to connect to Redis
	at org.springframework.data.redis.connection.lettuce.LettuceConnectionFactory$ExceptionTranslatingConnectionProvider.translateException(LettuceConnectionFactory.java:1858)
	at org.springframework.data.redis.connection.lettuce.LettuceConnectionFactory$ExceptionTranslatingConnectionProvider.getConnection(LettuceConnectionFactory.java:1789)
	at org.springframework.data.redis.connection.lettuce.LettuceConnectionFactory$SharedConnection.getNativeConnection(LettuceConnectionFactory.java:1586)
	at org.springframework.data.redis.connection.lettuce.LettuceConnectionFactory$SharedConnection.lambda$getConnection$0(LettuceConnectionFactory.java:1566)
	at org.springframework.data.redis.connection.lettuce.LettuceConnectionFactory.doInLock(LettuceConnectionFactory.java:1527)
	at org.springframework.data.redis.connection.lettuce.LettuceConnectionFactory$SharedConnection.getConnection(LettuceConnectionFactory.java:1563)
	at org.springframework.data.redis.connection.lettuce.LettuceConnectionFactory.getSharedConnection(LettuceConnectionFactory.java:1249)
	at org.springframework.data.redis.connection.lettuce.LettuceConnectionFactory.getConnection(LettuceConnectionFactory.java:1055)
	at org.springframework.data.redis.core.RedisConnectionUtils.fetchConnection(RedisConnectionUtils.java:195)
	at org.springframework.data.redis.core.RedisConnectionUtils.doGetConnection(RedisConnectionUtils.java:144)
	at org.springframework.data.redis.core.RedisConnectionUtils.getConnection(RedisConnectionUtils.java:105)
	at org.springframework.data.redis.core.RedisTemplate.execute(RedisTemplate.java:398)
	at org.springframework.data.redis.core.RedisTemplate.execute(RedisTemplate.java:378)
	at org.springframework.data.redis.core.RedisTemplate.doWithKeys(RedisTemplate.java:790)
	at org.springframework.data.redis.core.RedisTemplate.hasKey(RedisTemplate.java:576)
	at com.cangngo.apigateway.service.impl.BanServiceImpl.lambda$isBan$0(BanServiceImpl.java:23)
	at reactor.core.publisher.MonoCallable.call(MonoCallable.java:72)
	at reactor.core.publisher.FluxSubscribeOnCallable$CallableSubscribeOnSubscription.run(FluxSubscribeOnCallable.java:228)
	at reactor.core.scheduler.SchedulerTask.call(SchedulerTask.java:68)
	at reactor.core.scheduler.SchedulerTask.call(SchedulerTask.java:28)
	at java.base/java.util.concurrent.FutureTask.run(FutureTask.java:317)
	at java.base/java.util.concurrent.ScheduledThreadPoolExecutor$ScheduledFutureTask.run(ScheduledThreadPoolExecutor.java:304)
	at java.base/java.util.concurrent.ThreadPoolExecutor.runWorker(ThreadPoolExecutor.java:1144)
	at java.base/java.util.concurrent.ThreadPoolExecutor$Worker.run(ThreadPoolExecutor.java:642)
	at java.base/java.lang.Thread.run(Thread.java:1583)
Caused by: io.lettuce.core.RedisConnectionException: Unable to connect to redis-10027.c292.ap-southeast-1-1.ec2.cloud.redislabs.com/<unresolved>:10027
	at io.lettuce.core.RedisConnectionException.create(RedisConnectionException.java:63)
	at io.lettuce.core.RedisConnectionException.create(RedisConnectionException.java:41)
	at io.lettuce.core.AbstractRedisClient.getConnection(AbstractRedisClient.java:354)
	at io.lettuce.core.RedisClient.connect(RedisClient.java:219)
	at org.springframework.data.redis.connection.lettuce.StandaloneConnectionProvider.lambda$getConnection$1(StandaloneConnectionProvider.java:112)
	at java.base/java.util.Optional.orElseGet(Optional.java:364)
	at org.springframework.data.redis.connection.lettuce.StandaloneConnectionProvider.getConnection(StandaloneConnectionProvider.java:112)
	at org.springframework.data.redis.connection.lettuce.LettuceConnectionFactory$ExceptionTranslatingConnectionProvider.getConnection(LettuceConnectionFactory.java:1787)
	... 23 common frames omitted
Caused by: java.net.UnknownHostException: Failed to resolve 'redis-10027.c292.ap-southeast-1-1.ec2.cloud.redislabs.com' [A(1)]
	at io.netty.resolver.dns.DnsResolveContext.finishResolve(DnsResolveContext.java:1150)
	at io.netty.resolver.dns.DnsResolveContext.tryToFinishResolve(DnsResolveContext.java:1097)
	at io.netty.resolver.dns.DnsResolveContext.query(DnsResolveContext.java:455)
	at io.netty.resolver.dns.DnsResolveContext.onResponse(DnsResolveContext.java:662)
	at io.netty.resolver.dns.DnsResolveContext.access$500(DnsResolveContext.java:70)
	at io.netty.resolver.dns.DnsResolveContext$2.operationComplete(DnsResolveContext.java:513)
	at io.netty.util.concurrent.DefaultPromise.notifyListener0(DefaultPromise.java:590)
	at io.netty.util.concurrent.DefaultPromise.notifyListeners0(DefaultPromise.java:583)
	at io.netty.util.concurrent.DefaultPromise.notifyListenersNow(DefaultPromise.java:559)
	at io.netty.util.concurrent.DefaultPromise.notifyListeners(DefaultPromise.java:492)
	at io.netty.util.concurrent.DefaultPromise.setValue0(DefaultPromise.java:636)
	at io.netty.util.concurrent.DefaultPromise.setSuccess0(DefaultPromise.java:625)
	at io.netty.util.concurrent.DefaultPromise.trySuccess(DefaultPromise.java:105)
	at io.netty.resolver.dns.DnsQueryContext.trySuccess(DnsQueryContext.java:308)
	at io.netty.resolver.dns.DnsQueryContext.finishSuccess(DnsQueryContext.java:299)
	at io.netty.resolver.dns.DnsNameResolver$DnsResponseHandler.channelRead(DnsNameResolver.java:1491)
	at io.netty.channel.AbstractChannelHandlerContext.invokeChannelRead(AbstractChannelHandlerContext.java:444)
	at io.netty.channel.AbstractChannelHandlerContext.invokeChannelRead(AbstractChannelHandlerContext.java:420)
	at io.netty.channel.AbstractChannelHandlerContext.fireChannelRead(AbstractChannelHandlerContext.java:412)
	at io.netty.handler.codec.MessageToMessageDecoder.channelRead(MessageToMessageDecoder.java:107)
	at io.netty.channel.AbstractChannelHandlerContext.invokeChannelRead(AbstractChannelHandlerContext.java:444)
	at io.netty.channel.AbstractChannelHandlerContext.invokeChannelRead(AbstractChannelHandlerContext.java:420)
	at io.netty.channel.AbstractChannelHandlerContext.fireChannelRead(AbstractChannelHandlerContext.java:412)
	at io.netty.channel.DefaultChannelPipeline$HeadContext.channelRead(DefaultChannelPipeline.java:1357)
	at io.netty.channel.AbstractChannelHandlerContext.invokeChannelRead(AbstractChannelHandlerContext.java:440)
	at io.netty.channel.AbstractChannelHandlerContext.invokeChannelRead(AbstractChannelHandlerContext.java:420)
	at io.netty.channel.DefaultChannelPipeline.fireChannelRead(DefaultChannelPipeline.java:868)
	at io.netty.channel.nio.AbstractNioMessageChannel$NioMessageUnsafe.read(AbstractNioMessageChannel.java:97)
	at io.netty.channel.nio.NioEventLoop.processSelectedKey(NioEventLoop.java:788)
	at io.netty.channel.nio.NioEventLoop.processSelectedKeysOptimized(NioEventLoop.java:724)
	at io.netty.channel.nio.NioEventLoop.processSelectedKeys(NioEventLoop.java:650)
	at io.netty.channel.nio.NioEventLoop.run(NioEventLoop.java:562)
	at io.netty.util.concurrent.SingleThreadEventExecutor$4.run(SingleThreadEventExecutor.java:997)
	at io.netty.util.internal.ThreadExecutorMap$2.run(ThreadExecutorMap.java:74)
	at io.netty.util.concurrent.FastThreadLocalRunnable.run(FastThreadLocalRunnable.java:30)
	... 1 common frames omitted
2025-12-29 23:12:52.017 ERROR --- [oundedElastic-1] c.c.a.service.impl.BanServiceImpl        : Error checking ban status for token: Unable to connect to Redis
org.springframework.data.redis.RedisConnectionFailureException: Unable to connect to Redis
	at org.springframework.data.redis.connection.lettuce.LettuceConnectionFactory$ExceptionTranslatingConnectionProvider.translateException(LettuceConnectionFactory.java:1858)
	at org.springframework.data.redis.connection.lettuce.LettuceConnectionFactory$ExceptionTranslatingConnectionProvider.getConnection(LettuceConnectionFactory.java:1789)
	at org.springframework.data.redis.connection.lettuce.LettuceConnectionFactory$SharedConnection.getNativeConnection(LettuceConnectionFactory.java:1586)
	at org.springframework.data.redis.connection.lettuce.LettuceConnectionFactory$SharedConnection.lambda$getConnection$0(LettuceConnectionFactory.java:1566)
	at org.springframework.data.redis.connection.lettuce.LettuceConnectionFactory.doInLock(LettuceConnectionFactory.java:1527)
	at org.springframework.data.redis.connection.lettuce.LettuceConnectionFactory$SharedConnection.getConnection(LettuceConnectionFactory.java:1563)
	at org.springframework.data.redis.connection.lettuce.LettuceConnectionFactory.getSharedConnection(LettuceConnectionFactory.java:1249)
	at org.springframework.data.redis.connection.lettuce.LettuceConnectionFactory.getConnection(LettuceConnectionFactory.java:1055)
	at org.springframework.data.redis.core.RedisConnectionUtils.fetchConnection(RedisConnectionUtils.java:195)
	at org.springframework.data.redis.core.RedisConnectionUtils.doGetConnection(RedisConnectionUtils.java:144)
	at org.springframework.data.redis.core.RedisConnectionUtils.getConnection(RedisConnectionUtils.java:105)
	at org.springframework.data.redis.core.RedisTemplate.execute(RedisTemplate.java:398)
	at org.springframework.data.redis.core.RedisTemplate.execute(RedisTemplate.java:378)
	at org.springframework.data.redis.core.RedisTemplate.doWithKeys(RedisTemplate.java:790)
	at org.springframework.data.redis.core.RedisTemplate.hasKey(RedisTemplate.java:576)
	at com.cangngo.apigateway.service.impl.BanServiceImpl.lambda$isBan$0(BanServiceImpl.java:23)
	at reactor.core.publisher.MonoCallable.call(MonoCallable.java:72)
	at reactor.core.publisher.FluxSubscribeOnCallable$CallableSubscribeOnSubscription.run(FluxSubscribeOnCallable.java:228)
	at reactor.core.scheduler.SchedulerTask.call(SchedulerTask.java:68)
	at reactor.core.scheduler.SchedulerTask.call(SchedulerTask.java:28)
	at java.base/java.util.concurrent.FutureTask.run(FutureTask.java:317)
	at java.base/java.util.concurrent.ScheduledThreadPoolExecutor$ScheduledFutureTask.run(ScheduledThreadPoolExecutor.java:304)
	at java.base/java.util.concurrent.ThreadPoolExecutor.runWorker(ThreadPoolExecutor.java:1144)
	at java.base/java.util.concurrent.ThreadPoolExecutor$Worker.run(ThreadPoolExecutor.java:642)
	at java.base/java.lang.Thread.run(Thread.java:1583)
Caused by: io.lettuce.core.RedisConnectionException: Unable to connect to redis-10027.c292.ap-southeast-1-1.ec2.cloud.redislabs.com/<unresolved>:10027
	at io.lettuce.core.RedisConnectionException.create(RedisConnectionException.java:63)
	at io.lettuce.core.RedisConnectionException.create(RedisConnectionException.java:41)
	at io.lettuce.core.AbstractRedisClient.getConnection(AbstractRedisClient.java:354)
	at io.lettuce.core.RedisClient.connect(RedisClient.java:219)
	at org.springframework.data.redis.connection.lettuce.StandaloneConnectionProvider.lambda$getConnection$1(StandaloneConnectionProvider.java:112)
	at java.base/java.util.Optional.orElseGet(Optional.java:364)
	at org.springframework.data.redis.connection.lettuce.StandaloneConnectionProvider.getConnection(StandaloneConnectionProvider.java:112)
	at org.springframework.data.redis.connection.lettuce.LettuceConnectionFactory$ExceptionTranslatingConnectionProvider.getConnection(LettuceConnectionFactory.java:1787)
	... 23 common frames omitted
Caused by: java.net.UnknownHostException: Failed to resolve 'redis-10027.c292.ap-southeast-1-1.ec2.cloud.redislabs.com' [A(1)]
	at io.netty.resolver.dns.DnsResolveContext.finishResolve(DnsResolveContext.java:1150)
	at io.netty.resolver.dns.DnsResolveContext.tryToFinishResolve(DnsResolveContext.java:1097)
	at io.netty.resolver.dns.DnsResolveContext.query(DnsResolveContext.java:455)
	at io.netty.resolver.dns.DnsResolveContext.access$700(DnsResolveContext.java:70)
	at io.netty.resolver.dns.DnsResolveContext$2.operationComplete(DnsResolveContext.java:524)
	at io.netty.util.concurrent.DefaultPromise.notifyListener0(DefaultPromise.java:590)
	at io.netty.util.concurrent.DefaultPromise.notifyListeners0(DefaultPromise.java:583)
	at io.netty.util.concurrent.DefaultPromise.notifyListenersNow(DefaultPromise.java:559)
	at io.netty.util.concurrent.DefaultPromise.notifyListeners(DefaultPromise.java:492)
	at io.netty.util.concurrent.DefaultPromise.setValue0(DefaultPromise.java:636)
	at io.netty.util.concurrent.DefaultPromise.setFailure0(DefaultPromise.java:629)
	at io.netty.util.concurrent.DefaultPromise.tryFailure(DefaultPromise.java:118)
	at io.netty.resolver.dns.DnsQueryContext.finishFailure(DnsQueryContext.java:343)
	at io.netty.resolver.dns.DnsQueryContext$4.run(DnsQueryContext.java:278)
	at io.netty.util.concurrent.PromiseTask.runTask(PromiseTask.java:98)
	at io.netty.util.concurrent.ScheduledFutureTask.run(ScheduledFutureTask.java:156)
	at io.netty.util.concurrent.AbstractEventExecutor.runTask(AbstractEventExecutor.java:173)
	at io.netty.util.concurrent.AbstractEventExecutor.safeExecute(AbstractEventExecutor.java:166)
	at io.netty.util.concurrent.SingleThreadEventExecutor.runAllTasks(SingleThreadEventExecutor.java:472)
	at io.netty.channel.nio.NioEventLoop.run(NioEventLoop.java:569)
	at io.netty.util.concurrent.SingleThreadEventExecutor$4.run(SingleThreadEventExecutor.java:997)
	at io.netty.util.internal.ThreadExecutorMap$2.run(ThreadExecutorMap.java:74)
	at io.netty.util.concurrent.FastThreadLocalRunnable.run(FastThreadLocalRunnable.java:30)
	... 1 common frames omitted
Caused by: io.netty.resolver.dns.DnsNameResolverTimeoutException: [10261: /192.168.2.253:53] DefaultDnsQuestion(redis-10027.c292.ap-southeast-1-1.ec2.cloud.redislabs.com. IN A) query '10261' via UDP timed out after 5000 milliseconds (no stack trace available)
2025-12-29 23:12:52.054 ERROR --- [oundedElastic-3] c.c.a.service.impl.BanServiceImpl        : Error checking ban status for token: Unable to connect to Redis
org.springframework.data.redis.RedisConnectionFailureException: Unable to connect to Redis
	at org.springframework.data.redis.connection.lettuce.LettuceConnectionFactory$ExceptionTranslatingConnectionProvider.translateException(LettuceConnectionFactory.java:1858)
	at org.springframework.data.redis.connection.lettuce.LettuceConnectionFactory$ExceptionTranslatingConnectionProvider.getConnection(LettuceConnectionFactory.java:1789)
	at org.springframework.data.redis.connection.lettuce.LettuceConnectionFactory$SharedConnection.getNativeConnection(LettuceConnectionFactory.java:1586)
	at org.springframework.data.redis.connection.lettuce.LettuceConnectionFactory$SharedConnection.lambda$getConnection$0(LettuceConnectionFactory.java:1566)
	at org.springframework.data.redis.connection.lettuce.LettuceConnectionFactory.doInLock(LettuceConnectionFactory.java:1527)
	at org.springframework.data.redis.connection.lettuce.LettuceConnectionFactory$SharedConnection.getConnection(LettuceConnectionFactory.java:1563)
	at org.springframework.data.redis.connection.lettuce.LettuceConnectionFactory.getSharedConnection(LettuceConnectionFactory.java:1249)
	at org.springframework.data.redis.connection.lettuce.LettuceConnectionFactory.getConnection(LettuceConnectionFactory.java:1055)
	at org.springframework.data.redis.core.RedisConnectionUtils.fetchConnection(RedisConnectionUtils.java:195)
	at org.springframework.data.redis.core.RedisConnectionUtils.doGetConnection(RedisConnectionUtils.java:144)
	at org.springframework.data.redis.core.RedisConnectionUtils.getConnection(RedisConnectionUtils.java:105)
	at org.springframework.data.redis.core.RedisTemplate.execute(RedisTemplate.java:398)
	at org.springframework.data.redis.core.RedisTemplate.execute(RedisTemplate.java:378)
	at org.springframework.data.redis.core.RedisTemplate.doWithKeys(RedisTemplate.java:790)
	at org.springframework.data.redis.core.RedisTemplate.hasKey(RedisTemplate.java:576)
	at com.cangngo.apigateway.service.impl.BanServiceImpl.lambda$isBan$0(BanServiceImpl.java:23)
	at reactor.core.publisher.MonoCallable.call(MonoCallable.java:72)
	at reactor.core.publisher.FluxSubscribeOnCallable$CallableSubscribeOnSubscription.run(FluxSubscribeOnCallable.java:228)
	at reactor.core.scheduler.SchedulerTask.call(SchedulerTask.java:68)
	at reactor.core.scheduler.SchedulerTask.call(SchedulerTask.java:28)
	at java.base/java.util.concurrent.FutureTask.run(FutureTask.java:317)
	at java.base/java.util.concurrent.ScheduledThreadPoolExecutor$ScheduledFutureTask.run(ScheduledThreadPoolExecutor.java:304)
	at java.base/java.util.concurrent.ThreadPoolExecutor.runWorker(ThreadPoolExecutor.java:1144)
	at java.base/java.util.concurrent.ThreadPoolExecutor$Worker.run(ThreadPoolExecutor.java:642)
	at java.base/java.lang.Thread.run(Thread.java:1583)
Caused by: io.lettuce.core.RedisConnectionException: Unable to connect to redis-10027.c292.ap-southeast-1-1.ec2.cloud.redislabs.com/<unresolved>:10027
	at io.lettuce.core.RedisConnectionException.create(RedisConnectionException.java:63)
	at io.lettuce.core.RedisConnectionException.create(RedisConnectionException.java:41)
	at io.lettuce.core.AbstractRedisClient.getConnection(AbstractRedisClient.java:354)
	at io.lettuce.core.RedisClient.connect(RedisClient.java:219)
	at org.springframework.data.redis.connection.lettuce.StandaloneConnectionProvider.lambda$getConnection$1(StandaloneConnectionProvider.java:112)
	at java.base/java.util.Optional.orElseGet(Optional.java:364)
	at org.springframework.data.redis.connection.lettuce.StandaloneConnectionProvider.getConnection(StandaloneConnectionProvider.java:112)
	at org.springframework.data.redis.connection.lettuce.LettuceConnectionFactory$ExceptionTranslatingConnectionProvider.getConnection(LettuceConnectionFactory.java:1787)
	... 23 common frames omitted
Caused by: java.net.UnknownHostException: Failed to resolve 'redis-10027.c292.ap-southeast-1-1.ec2.cloud.redislabs.com' [A(1)]
	at io.netty.resolver.dns.DnsResolveContext.finishResolve(DnsResolveContext.java:1150)
	at io.netty.resolver.dns.DnsResolveContext.tryToFinishResolve(DnsResolveContext.java:1097)
	at io.netty.resolver.dns.DnsResolveContext.query(DnsResolveContext.java:455)
	at io.netty.resolver.dns.DnsResolveContext.onResponse(DnsResolveContext.java:662)
	at io.netty.resolver.dns.DnsResolveContext.access$500(DnsResolveContext.java:70)
	at io.netty.resolver.dns.DnsResolveContext$2.operationComplete(DnsResolveContext.java:513)
	at io.netty.util.concurrent.DefaultPromise.notifyListener0(DefaultPromise.java:590)
	at io.netty.util.concurrent.DefaultPromise.notifyListeners0(DefaultPromise.java:583)
	at io.netty.util.concurrent.DefaultPromise.notifyListenersNow(DefaultPromise.java:559)
	at io.netty.util.concurrent.DefaultPromise.notifyListeners(DefaultPromise.java:492)
	at io.netty.util.concurrent.DefaultPromise.setValue0(DefaultPromise.java:636)
	at io.netty.util.concurrent.DefaultPromise.setSuccess0(DefaultPromise.java:625)
	at io.netty.util.concurrent.DefaultPromise.trySuccess(DefaultPromise.java:105)
	at io.netty.resolver.dns.DnsQueryContext.trySuccess(DnsQueryContext.java:308)
	at io.netty.resolver.dns.DnsQueryContext.finishSuccess(DnsQueryContext.java:299)
	at io.netty.resolver.dns.DnsNameResolver$DnsResponseHandler.channelRead(DnsNameResolver.java:1491)
	at io.netty.channel.AbstractChannelHandlerContext.invokeChannelRead(AbstractChannelHandlerContext.java:444)
	at io.netty.channel.AbstractChannelHandlerContext.invokeChannelRead(AbstractChannelHandlerContext.java:420)
	at io.netty.channel.AbstractChannelHandlerContext.fireChannelRead(AbstractChannelHandlerContext.java:412)
	at io.netty.handler.codec.MessageToMessageDecoder.channelRead(MessageToMessageDecoder.java:107)
	at io.netty.channel.AbstractChannelHandlerContext.invokeChannelRead(AbstractChannelHandlerContext.java:444)
	at io.netty.channel.AbstractChannelHandlerContext.invokeChannelRead(AbstractChannelHandlerContext.java:420)
	at io.netty.channel.AbstractChannelHandlerContext.fireChannelRead(AbstractChannelHandlerContext.java:412)
	at io.netty.channel.DefaultChannelPipeline$HeadContext.channelRead(DefaultChannelPipeline.java:1357)
	at io.netty.channel.AbstractChannelHandlerContext.invokeChannelRead(AbstractChannelHandlerContext.java:440)
	at io.netty.channel.AbstractChannelHandlerContext.invokeChannelRead(AbstractChannelHandlerContext.java:420)
	at io.netty.channel.DefaultChannelPipeline.fireChannelRead(DefaultChannelPipeline.java:868)
	at io.netty.channel.nio.AbstractNioMessageChannel$NioMessageUnsafe.read(AbstractNioMessageChannel.java:97)
	at io.netty.channel.nio.NioEventLoop.processSelectedKey(NioEventLoop.java:788)
	at io.netty.channel.nio.NioEventLoop.processSelectedKeysOptimized(NioEventLoop.java:724)
	at io.netty.channel.nio.NioEventLoop.processSelectedKeys(NioEventLoop.java:650)
	at io.netty.channel.nio.NioEventLoop.run(NioEventLoop.java:562)
	at io.netty.util.concurrent.SingleThreadEventExecutor$4.run(SingleThreadEventExecutor.java:997)
	at io.netty.util.internal.ThreadExecutorMap$2.run(ThreadExecutorMap.java:74)
	at io.netty.util.concurrent.FastThreadLocalRunnable.run(FastThreadLocalRunnable.java:30)
	... 1 common frames omitted
2025-12-29 23:12:52.089 ERROR --- [oundedElastic-2] c.c.a.service.impl.BanServiceImpl        : Error checking ban status for token: Unable to connect to Redis
org.springframework.data.redis.RedisConnectionFailureException: Unable to connect to Redis
	at org.springframework.data.redis.connection.lettuce.LettuceConnectionFactory$ExceptionTranslatingConnectionProvider.translateException(LettuceConnectionFactory.java:1858)
	at org.springframework.data.redis.connection.lettuce.LettuceConnectionFactory$ExceptionTranslatingConnectionProvider.getConnection(LettuceConnectionFactory.java:1789)
	at org.springframework.data.redis.connection.lettuce.LettuceConnectionFactory$SharedConnection.getNativeConnection(LettuceConnectionFactory.java:1586)
	at org.springframework.data.redis.connection.lettuce.LettuceConnectionFactory$SharedConnection.lambda$getConnection$0(LettuceConnectionFactory.java:1566)
	at org.springframework.data.redis.connection.lettuce.LettuceConnectionFactory.doInLock(LettuceConnectionFactory.java:1527)
	at org.springframework.data.redis.connection.lettuce.LettuceConnectionFactory$SharedConnection.getConnection(LettuceConnectionFactory.java:1563)
	at org.springframework.data.redis.connection.lettuce.LettuceConnectionFactory.getSharedConnection(LettuceConnectionFactory.java:1249)
	at org.springframework.data.redis.connection.lettuce.LettuceConnectionFactory.getConnection(LettuceConnectionFactory.java:1055)
	at org.springframework.data.redis.core.RedisConnectionUtils.fetchConnection(RedisConnectionUtils.java:195)
	at org.springframework.data.redis.core.RedisConnectionUtils.doGetConnection(RedisConnectionUtils.java:144)
	at org.springframework.data.redis.core.RedisConnectionUtils.getConnection(RedisConnectionUtils.java:105)
	at org.springframework.data.redis.core.RedisTemplate.execute(RedisTemplate.java:398)
	at org.springframework.data.redis.core.RedisTemplate.execute(RedisTemplate.java:378)
	at org.springframework.data.redis.core.RedisTemplate.doWithKeys(RedisTemplate.java:790)
	at org.springframework.data.redis.core.RedisTemplate.hasKey(RedisTemplate.java:576)
	at com.cangngo.apigateway.service.impl.BanServiceImpl.lambda$isBan$0(BanServiceImpl.java:23)
	at reactor.core.publisher.MonoCallable.call(MonoCallable.java:72)
	at reactor.core.publisher.FluxSubscribeOnCallable$CallableSubscribeOnSubscription.run(FluxSubscribeOnCallable.java:228)
	at reactor.core.scheduler.SchedulerTask.call(SchedulerTask.java:68)
	at reactor.core.scheduler.SchedulerTask.call(SchedulerTask.java:28)
	at java.base/java.util.concurrent.FutureTask.run(FutureTask.java:317)
	at java.base/java.util.concurrent.ScheduledThreadPoolExecutor$ScheduledFutureTask.run(ScheduledThreadPoolExecutor.java:304)
	at java.base/java.util.concurrent.ThreadPoolExecutor.runWorker(ThreadPoolExecutor.java:1144)
	at java.base/java.util.concurrent.ThreadPoolExecutor$Worker.run(ThreadPoolExecutor.java:642)
	at java.base/java.lang.Thread.run(Thread.java:1583)
Caused by: io.lettuce.core.RedisConnectionException: Unable to connect to redis-10027.c292.ap-southeast-1-1.ec2.cloud.redislabs.com/<unresolved>:10027
	at io.lettuce.core.RedisConnectionException.create(RedisConnectionException.java:63)
	at io.lettuce.core.RedisConnectionException.create(RedisConnectionException.java:41)
	at io.lettuce.core.AbstractRedisClient.getConnection(AbstractRedisClient.java:354)
	at io.lettuce.core.RedisClient.connect(RedisClient.java:219)
	at org.springframework.data.redis.connection.lettuce.StandaloneConnectionProvider.lambda$getConnection$1(StandaloneConnectionProvider.java:112)
	at java.base/java.util.Optional.orElseGet(Optional.java:364)
	at org.springframework.data.redis.connection.lettuce.StandaloneConnectionProvider.getConnection(StandaloneConnectionProvider.java:112)
	at org.springframework.data.redis.connection.lettuce.LettuceConnectionFactory$ExceptionTranslatingConnectionProvider.getConnection(LettuceConnectionFactory.java:1787)
	... 23 common frames omitted
Caused by: java.net.UnknownHostException: Failed to resolve 'redis-10027.c292.ap-southeast-1-1.ec2.cloud.redislabs.com' [A(1)]
	at io.netty.resolver.dns.DnsResolveContext.finishResolve(DnsResolveContext.java:1150)
	at io.netty.resolver.dns.DnsResolveContext.tryToFinishResolve(DnsResolveContext.java:1097)
	at io.netty.resolver.dns.DnsResolveContext.query(DnsResolveContext.java:455)
	at io.netty.resolver.dns.DnsResolveContext.onResponse(DnsResolveContext.java:662)
	at io.netty.resolver.dns.DnsResolveContext.access$500(DnsResolveContext.java:70)
	at io.netty.resolver.dns.DnsResolveContext$2.operationComplete(DnsResolveContext.java:513)
	at io.netty.util.concurrent.DefaultPromise.notifyListener0(DefaultPromise.java:590)
	at io.netty.util.concurrent.DefaultPromise.notifyListeners0(DefaultPromise.java:583)
	at io.netty.util.concurrent.DefaultPromise.notifyListenersNow(DefaultPromise.java:559)
	at io.netty.util.concurrent.DefaultPromise.notifyListeners(DefaultPromise.java:492)
	at io.netty.util.concurrent.DefaultPromise.setValue0(DefaultPromise.java:636)
	at io.netty.util.concurrent.DefaultPromise.setSuccess0(DefaultPromise.java:625)
	at io.netty.util.concurrent.DefaultPromise.trySuccess(DefaultPromise.java:105)
	at io.netty.resolver.dns.DnsQueryContext.trySuccess(DnsQueryContext.java:308)
	at io.netty.resolver.dns.DnsQueryContext.finishSuccess(DnsQueryContext.java:299)
	at io.netty.resolver.dns.DnsNameResolver$DnsResponseHandler.channelRead(DnsNameResolver.java:1491)
	at io.netty.channel.AbstractChannelHandlerContext.invokeChannelRead(AbstractChannelHandlerContext.java:444)
	at io.netty.channel.AbstractChannelHandlerContext.invokeChannelRead(AbstractChannelHandlerContext.java:420)
	at io.netty.channel.AbstractChannelHandlerContext.fireChannelRead(AbstractChannelHandlerContext.java:412)
	at io.netty.handler.codec.MessageToMessageDecoder.channelRead(MessageToMessageDecoder.java:107)
	at io.netty.channel.AbstractChannelHandlerContext.invokeChannelRead(AbstractChannelHandlerContext.java:444)
	at io.netty.channel.AbstractChannelHandlerContext.invokeChannelRead(AbstractChannelHandlerContext.java:420)
	at io.netty.channel.AbstractChannelHandlerContext.fireChannelRead(AbstractChannelHandlerContext.java:412)
	at io.netty.channel.DefaultChannelPipeline$HeadContext.channelRead(DefaultChannelPipeline.java:1357)
	at io.netty.channel.AbstractChannelHandlerContext.invokeChannelRead(AbstractChannelHandlerContext.java:440)
	at io.netty.channel.AbstractChannelHandlerContext.invokeChannelRead(AbstractChannelHandlerContext.java:420)
	at io.netty.channel.DefaultChannelPipeline.fireChannelRead(DefaultChannelPipeline.java:868)
	at io.netty.channel.nio.AbstractNioMessageChannel$NioMessageUnsafe.read(AbstractNioMessageChannel.java:97)
	at io.netty.channel.nio.NioEventLoop.processSelectedKey(NioEventLoop.java:788)
	at io.netty.channel.nio.NioEventLoop.processSelectedKeysOptimized(NioEventLoop.java:724)
	at io.netty.channel.nio.NioEventLoop.processSelectedKeys(NioEventLoop.java:650)
	at io.netty.channel.nio.NioEventLoop.run(NioEventLoop.java:562)
	at io.netty.util.concurrent.SingleThreadEventExecutor$4.run(SingleThreadEventExecutor.java:997)
	at io.netty.util.internal.ThreadExecutorMap$2.run(ThreadExecutorMap.java:74)
	at io.netty.util.concurrent.FastThreadLocalRunnable.run(FastThreadLocalRunnable.java:30)
	... 1 common frames omitted
2025-12-29 23:12:52.100 ERROR --- [ctor-http-nio-4] c.c.apigateway.config.GlobalConfig       : Cannot connect to downstream service: Connection refused: getsockopt: localhost/127.0.0.1:8083 - Request: http://localhost:8888/api/v1/post/actions?userId=4ca23af0-999d-40fb-b661-93f72533a685
2025-12-29 23:14:45.657 ERROR --- [oundedElastic-1] reactor.core.publisher.Operators         : Operator called default onErrorDropped
org.springframework.data.redis.RedisConnectionFailureException: Unable to connect to Redis
	at org.springframework.data.redis.connection.lettuce.LettuceConnectionFactory$ExceptionTranslatingConnectionProvider.translateException(LettuceConnectionFactory.java:1858)
	at org.springframework.data.redis.connection.lettuce.LettuceConnectionFactory$ExceptionTranslatingConnectionProvider.getConnection(LettuceConnectionFactory.java:1789)
	at org.springframework.data.redis.connection.lettuce.LettuceConnectionFactory$SharedConnection.getNativeConnection(LettuceConnectionFactory.java:1586)
	at org.springframework.data.redis.connection.lettuce.LettuceConnectionFactory$SharedConnection.lambda$getConnection$0(LettuceConnectionFactory.java:1566)
	at org.springframework.data.redis.connection.lettuce.LettuceConnectionFactory.doInLock(LettuceConnectionFactory.java:1527)
	at org.springframework.data.redis.connection.lettuce.LettuceConnectionFactory$SharedConnection.getConnection(LettuceConnectionFactory.java:1563)
	at org.springframework.data.redis.connection.lettuce.LettuceConnectionFactory.getSharedConnection(LettuceConnectionFactory.java:1249)
	at org.springframework.data.redis.connection.lettuce.LettuceConnectionFactory.getConnection(LettuceConnectionFactory.java:1055)
	at org.springframework.data.redis.core.RedisConnectionUtils.fetchConnection(RedisConnectionUtils.java:195)
	at org.springframework.data.redis.core.RedisConnectionUtils.doGetConnection(RedisConnectionUtils.java:144)
	at org.springframework.data.redis.core.RedisConnectionUtils.getConnection(RedisConnectionUtils.java:105)
	at org.springframework.data.redis.core.RedisTemplate.execute(RedisTemplate.java:398)
	at org.springframework.data.redis.core.RedisTemplate.execute(RedisTemplate.java:378)
	at org.springframework.data.redis.core.RedisTemplate.doWithKeys(RedisTemplate.java:790)
	at org.springframework.data.redis.core.RedisTemplate.hasKey(RedisTemplate.java:576)
	at com.cangngo.apigateway.service.impl.BanServiceImpl.lambda$isBan$0(BanServiceImpl.java:25)
	at reactor.core.publisher.MonoCallable.call(MonoCallable.java:72)
	at reactor.core.publisher.FluxSubscribeOnCallable$CallableSubscribeOnSubscription.run(FluxSubscribeOnCallable.java:228)
	at reactor.core.scheduler.SchedulerTask.call(SchedulerTask.java:68)
	at reactor.core.scheduler.SchedulerTask.call(SchedulerTask.java:28)
	at java.base/java.util.concurrent.FutureTask.run(FutureTask.java:317)
	at java.base/java.util.concurrent.ScheduledThreadPoolExecutor$ScheduledFutureTask.run(ScheduledThreadPoolExecutor.java:304)
	at java.base/java.util.concurrent.ThreadPoolExecutor.runWorker(ThreadPoolExecutor.java:1144)
	at java.base/java.util.concurrent.ThreadPoolExecutor$Worker.run(ThreadPoolExecutor.java:642)
	at java.base/java.lang.Thread.run(Thread.java:1583)
Caused by: io.lettuce.core.RedisConnectionException: Unable to connect to redis-10027.c292.ap-southeast-1-1.ec2.cloud.redislabs.com/<unresolved>:10027
	at io.lettuce.core.RedisConnectionException.create(RedisConnectionException.java:63)
	at io.lettuce.core.RedisConnectionException.create(RedisConnectionException.java:41)
	at io.lettuce.core.AbstractRedisClient.getConnection(AbstractRedisClient.java:352)
	at io.lettuce.core.RedisClient.connect(RedisClient.java:219)
	at org.springframework.data.redis.connection.lettuce.StandaloneConnectionProvider.lambda$getConnection$1(StandaloneConnectionProvider.java:112)
	at java.base/java.util.Optional.orElseGet(Optional.java:364)
	at org.springframework.data.redis.connection.lettuce.StandaloneConnectionProvider.getConnection(StandaloneConnectionProvider.java:112)
	at org.springframework.data.redis.connection.lettuce.LettuceConnectionFactory$ExceptionTranslatingConnectionProvider.getConnection(LettuceConnectionFactory.java:1787)
	... 23 common frames omitted
Caused by: java.lang.InterruptedException: null
	at java.base/java.util.concurrent.CompletableFuture.reportGet(CompletableFuture.java:386)
	at java.base/java.util.concurrent.CompletableFuture.get(CompletableFuture.java:2073)
	at io.lettuce.core.DefaultConnectionFuture.get(DefaultConnectionFuture.java:54)
	at io.lettuce.core.AbstractRedisClient.getConnection(AbstractRedisClient.java:349)
	... 28 common frames omitted
2025-12-29 23:14:45.687 ERROR --- [oundedElastic-2] reactor.core.publisher.Operators         : Operator called default onErrorDropped
org.springframework.data.redis.RedisConnectionFailureException: Unable to connect to Redis
	at org.springframework.data.redis.connection.lettuce.LettuceConnectionFactory$ExceptionTranslatingConnectionProvider.translateException(LettuceConnectionFactory.java:1858)
	at org.springframework.data.redis.connection.lettuce.LettuceConnectionFactory$ExceptionTranslatingConnectionProvider.getConnection(LettuceConnectionFactory.java:1789)
	at org.springframework.data.redis.connection.lettuce.LettuceConnectionFactory$SharedConnection.getNativeConnection(LettuceConnectionFactory.java:1586)
	at org.springframework.data.redis.connection.lettuce.LettuceConnectionFactory$SharedConnection.lambda$getConnection$0(LettuceConnectionFactory.java:1566)
	at org.springframework.data.redis.connection.lettuce.LettuceConnectionFactory.doInLock(LettuceConnectionFactory.java:1527)
	at org.springframework.data.redis.connection.lettuce.LettuceConnectionFactory$SharedConnection.getConnection(LettuceConnectionFactory.java:1563)
	at org.springframework.data.redis.connection.lettuce.LettuceConnectionFactory.getSharedConnection(LettuceConnectionFactory.java:1249)
	at org.springframework.data.redis.connection.lettuce.LettuceConnectionFactory.getConnection(LettuceConnectionFactory.java:1055)
	at org.springframework.data.redis.core.RedisConnectionUtils.fetchConnection(RedisConnectionUtils.java:195)
	at org.springframework.data.redis.core.RedisConnectionUtils.doGetConnection(RedisConnectionUtils.java:144)
	at org.springframework.data.redis.core.RedisConnectionUtils.getConnection(RedisConnectionUtils.java:105)
	at org.springframework.data.redis.core.RedisTemplate.execute(RedisTemplate.java:398)
	at org.springframework.data.redis.core.RedisTemplate.execute(RedisTemplate.java:378)
	at org.springframework.data.redis.core.RedisTemplate.doWithKeys(RedisTemplate.java:790)
	at org.springframework.data.redis.core.RedisTemplate.hasKey(RedisTemplate.java:576)
	at com.cangngo.apigateway.service.impl.BanServiceImpl.lambda$isBan$0(BanServiceImpl.java:25)
	at reactor.core.publisher.MonoCallable.call(MonoCallable.java:72)
	at reactor.core.publisher.FluxSubscribeOnCallable$CallableSubscribeOnSubscription.run(FluxSubscribeOnCallable.java:228)
	at reactor.core.scheduler.SchedulerTask.call(SchedulerTask.java:68)
	at reactor.core.scheduler.SchedulerTask.call(SchedulerTask.java:28)
	at java.base/java.util.concurrent.FutureTask.run(FutureTask.java:317)
	at java.base/java.util.concurrent.ScheduledThreadPoolExecutor$ScheduledFutureTask.run(ScheduledThreadPoolExecutor.java:304)
	at java.base/java.util.concurrent.ThreadPoolExecutor.runWorker(ThreadPoolExecutor.java:1144)
	at java.base/java.util.concurrent.ThreadPoolExecutor$Worker.run(ThreadPoolExecutor.java:642)
	at java.base/java.lang.Thread.run(Thread.java:1583)
Caused by: io.lettuce.core.RedisConnectionException: Unable to connect to redis-10027.c292.ap-southeast-1-1.ec2.cloud.redislabs.com/<unresolved>:10027
	at io.lettuce.core.RedisConnectionException.create(RedisConnectionException.java:63)
	at io.lettuce.core.RedisConnectionException.create(RedisConnectionException.java:41)
	at io.lettuce.core.AbstractRedisClient.getConnection(AbstractRedisClient.java:352)
	at io.lettuce.core.RedisClient.connect(RedisClient.java:219)
	at org.springframework.data.redis.connection.lettuce.StandaloneConnectionProvider.lambda$getConnection$1(StandaloneConnectionProvider.java:112)
	at java.base/java.util.Optional.orElseGet(Optional.java:364)
	at org.springframework.data.redis.connection.lettuce.StandaloneConnectionProvider.getConnection(StandaloneConnectionProvider.java:112)
	at org.springframework.data.redis.connection.lettuce.LettuceConnectionFactory$ExceptionTranslatingConnectionProvider.getConnection(LettuceConnectionFactory.java:1787)
	... 23 common frames omitted
Caused by: java.lang.InterruptedException: null
	at java.base/java.util.concurrent.CompletableFuture.reportGet(CompletableFuture.java:386)
	at java.base/java.util.concurrent.CompletableFuture.get(CompletableFuture.java:2073)
	at io.lettuce.core.DefaultConnectionFuture.get(DefaultConnectionFuture.java:54)
	at io.lettuce.core.AbstractRedisClient.getConnection(AbstractRedisClient.java:349)
	... 28 common frames omitted
2025-12-29 23:14:45.688 ERROR --- [oundedElastic-3] reactor.core.publisher.Operators         : Operator called default onErrorDropped
org.springframework.data.redis.RedisConnectionFailureException: Unable to connect to Redis
	at org.springframework.data.redis.connection.lettuce.LettuceConnectionFactory$ExceptionTranslatingConnectionProvider.translateException(LettuceConnectionFactory.java:1858)
	at org.springframework.data.redis.connection.lettuce.LettuceConnectionFactory$ExceptionTranslatingConnectionProvider.getConnection(LettuceConnectionFactory.java:1789)
	at org.springframework.data.redis.connection.lettuce.LettuceConnectionFactory$SharedConnection.getNativeConnection(LettuceConnectionFactory.java:1586)
	at org.springframework.data.redis.connection.lettuce.LettuceConnectionFactory$SharedConnection.lambda$getConnection$0(LettuceConnectionFactory.java:1566)
	at org.springframework.data.redis.connection.lettuce.LettuceConnectionFactory.doInLock(LettuceConnectionFactory.java:1527)
	at org.springframework.data.redis.connection.lettuce.LettuceConnectionFactory$SharedConnection.getConnection(LettuceConnectionFactory.java:1563)
	at org.springframework.data.redis.connection.lettuce.LettuceConnectionFactory.getSharedConnection(LettuceConnectionFactory.java:1249)
	at org.springframework.data.redis.connection.lettuce.LettuceConnectionFactory.getConnection(LettuceConnectionFactory.java:1055)
	at org.springframework.data.redis.core.RedisConnectionUtils.fetchConnection(RedisConnectionUtils.java:195)
	at org.springframework.data.redis.core.RedisConnectionUtils.doGetConnection(RedisConnectionUtils.java:144)
	at org.springframework.data.redis.core.RedisConnectionUtils.getConnection(RedisConnectionUtils.java:105)
	at org.springframework.data.redis.core.RedisTemplate.execute(RedisTemplate.java:398)
	at org.springframework.data.redis.core.RedisTemplate.execute(RedisTemplate.java:378)
	at org.springframework.data.redis.core.RedisTemplate.doWithKeys(RedisTemplate.java:790)
	at org.springframework.data.redis.core.RedisTemplate.hasKey(RedisTemplate.java:576)
	at com.cangngo.apigateway.service.impl.BanServiceImpl.lambda$isBan$0(BanServiceImpl.java:25)
	at reactor.core.publisher.MonoCallable.call(MonoCallable.java:72)
	at reactor.core.publisher.FluxSubscribeOnCallable$CallableSubscribeOnSubscription.run(FluxSubscribeOnCallable.java:228)
	at reactor.core.scheduler.SchedulerTask.call(SchedulerTask.java:68)
	at reactor.core.scheduler.SchedulerTask.call(SchedulerTask.java:28)
	at java.base/java.util.concurrent.FutureTask.run(FutureTask.java:317)
	at java.base/java.util.concurrent.ScheduledThreadPoolExecutor$ScheduledFutureTask.run(ScheduledThreadPoolExecutor.java:304)
	at java.base/java.util.concurrent.ThreadPoolExecutor.runWorker(ThreadPoolExecutor.java:1144)
	at java.base/java.util.concurrent.ThreadPoolExecutor$Worker.run(ThreadPoolExecutor.java:642)
	at java.base/java.lang.Thread.run(Thread.java:1583)
Caused by: io.lettuce.core.RedisConnectionException: Unable to connect to redis-10027.c292.ap-southeast-1-1.ec2.cloud.redislabs.com/<unresolved>:10027
	at io.lettuce.core.RedisConnectionException.create(RedisConnectionException.java:63)
	at io.lettuce.core.RedisConnectionException.create(RedisConnectionException.java:41)
	at io.lettuce.core.AbstractRedisClient.getConnection(AbstractRedisClient.java:352)
	at io.lettuce.core.RedisClient.connect(RedisClient.java:219)
	at org.springframework.data.redis.connection.lettuce.StandaloneConnectionProvider.lambda$getConnection$1(StandaloneConnectionProvider.java:112)
	at java.base/java.util.Optional.orElseGet(Optional.java:364)
	at org.springframework.data.redis.connection.lettuce.StandaloneConnectionProvider.getConnection(StandaloneConnectionProvider.java:112)
	at org.springframework.data.redis.connection.lettuce.LettuceConnectionFactory$ExceptionTranslatingConnectionProvider.getConnection(LettuceConnectionFactory.java:1787)
	... 23 common frames omitted
Caused by: java.lang.InterruptedException: null
	at java.base/java.util.concurrent.CompletableFuture.reportGet(CompletableFuture.java:386)
	at java.base/java.util.concurrent.CompletableFuture.get(CompletableFuture.java:2073)
	at io.lettuce.core.DefaultConnectionFuture.get(DefaultConnectionFuture.java:54)
	at io.lettuce.core.AbstractRedisClient.getConnection(AbstractRedisClient.java:349)
	... 28 common frames omitted
2025-12-29 23:14:45.699 ERROR --- [ctor-http-nio-4] c.c.apigateway.config.GlobalConfig       : Cannot connect to downstream service: Connection refused: getsockopt: localhost/127.0.0.1:8083 - Request: http://localhost:8888/api/v1/post/actions?userId=4ca23af0-999d-40fb-b661-93f72533a685
2025-12-29 23:26:07.880 ERROR --- [oundedElastic-4] reactor.core.publisher.Operators         : Operator called default onErrorDropped
org.springframework.data.redis.RedisConnectionFailureException: Unable to connect to Redis
	at org.springframework.data.redis.connection.lettuce.LettuceConnectionFactory$ExceptionTranslatingConnectionProvider.translateException(LettuceConnectionFactory.java:1858)
	at org.springframework.data.redis.connection.lettuce.LettuceConnectionFactory$ExceptionTranslatingConnectionProvider.getConnection(LettuceConnectionFactory.java:1789)
	at org.springframework.data.redis.connection.lettuce.LettuceConnectionFactory$SharedConnection.getNativeConnection(LettuceConnectionFactory.java:1586)
	at org.springframework.data.redis.connection.lettuce.LettuceConnectionFactory$SharedConnection.lambda$getConnection$0(LettuceConnectionFactory.java:1566)
	at org.springframework.data.redis.connection.lettuce.LettuceConnectionFactory.doInLock(LettuceConnectionFactory.java:1527)
	at org.springframework.data.redis.connection.lettuce.LettuceConnectionFactory$SharedConnection.getConnection(LettuceConnectionFactory.java:1563)
	at org.springframework.data.redis.connection.lettuce.LettuceConnectionFactory.getSharedConnection(LettuceConnectionFactory.java:1249)
	at org.springframework.data.redis.connection.lettuce.LettuceConnectionFactory.getConnection(LettuceConnectionFactory.java:1055)
	at org.springframework.data.redis.core.RedisConnectionUtils.fetchConnection(RedisConnectionUtils.java:195)
	at org.springframework.data.redis.core.RedisConnectionUtils.doGetConnection(RedisConnectionUtils.java:144)
	at org.springframework.data.redis.core.RedisConnectionUtils.getConnection(RedisConnectionUtils.java:105)
	at org.springframework.data.redis.core.RedisTemplate.execute(RedisTemplate.java:398)
	at org.springframework.data.redis.core.RedisTemplate.execute(RedisTemplate.java:378)
	at org.springframework.data.redis.core.RedisTemplate.doWithKeys(RedisTemplate.java:790)
	at org.springframework.data.redis.core.RedisTemplate.hasKey(RedisTemplate.java:576)
	at com.cangngo.apigateway.service.impl.BanServiceImpl.lambda$isBan$0(BanServiceImpl.java:25)
	at reactor.core.publisher.MonoCallable.call(MonoCallable.java:72)
	at reactor.core.publisher.FluxSubscribeOnCallable$CallableSubscribeOnSubscription.run(FluxSubscribeOnCallable.java:228)
	at reactor.core.scheduler.SchedulerTask.call(SchedulerTask.java:68)
	at reactor.core.scheduler.SchedulerTask.call(SchedulerTask.java:28)
	at java.base/java.util.concurrent.FutureTask.run(FutureTask.java:317)
	at java.base/java.util.concurrent.ScheduledThreadPoolExecutor$ScheduledFutureTask.run(ScheduledThreadPoolExecutor.java:304)
	at java.base/java.util.concurrent.ThreadPoolExecutor.runWorker(ThreadPoolExecutor.java:1144)
	at java.base/java.util.concurrent.ThreadPoolExecutor$Worker.run(ThreadPoolExecutor.java:642)
	at java.base/java.lang.Thread.run(Thread.java:1583)
Caused by: io.lettuce.core.RedisConnectionException: Unable to connect to redis-10027.c292.ap-southeast-1-1.ec2.cloud.redislabs.com/<unresolved>:10027
	at io.lettuce.core.RedisConnectionException.create(RedisConnectionException.java:63)
	at io.lettuce.core.RedisConnectionException.create(RedisConnectionException.java:41)
	at io.lettuce.core.AbstractRedisClient.getConnection(AbstractRedisClient.java:352)
	at io.lettuce.core.RedisClient.connect(RedisClient.java:219)
	at org.springframework.data.redis.connection.lettuce.StandaloneConnectionProvider.lambda$getConnection$1(StandaloneConnectionProvider.java:112)
	at java.base/java.util.Optional.orElseGet(Optional.java:364)
	at org.springframework.data.redis.connection.lettuce.StandaloneConnectionProvider.getConnection(StandaloneConnectionProvider.java:112)
	at org.springframework.data.redis.connection.lettuce.LettuceConnectionFactory$ExceptionTranslatingConnectionProvider.getConnection(LettuceConnectionFactory.java:1787)
	... 23 common frames omitted
Caused by: java.lang.InterruptedException: null
	at java.base/java.util.concurrent.CompletableFuture.reportGet(CompletableFuture.java:386)
	at java.base/java.util.concurrent.CompletableFuture.get(CompletableFuture.java:2073)
	at io.lettuce.core.DefaultConnectionFuture.get(DefaultConnectionFuture.java:54)
	at io.lettuce.core.AbstractRedisClient.getConnection(AbstractRedisClient.java:349)
	... 28 common frames omitted
2025-12-29 23:26:07.926 ERROR --- [oundedElastic-5] reactor.core.publisher.Operators         : Operator called default onErrorDropped
org.springframework.data.redis.RedisConnectionFailureException: Unable to connect to Redis
	at org.springframework.data.redis.connection.lettuce.LettuceConnectionFactory$ExceptionTranslatingConnectionProvider.translateException(LettuceConnectionFactory.java:1858)
	at org.springframework.data.redis.connection.lettuce.LettuceConnectionFactory$ExceptionTranslatingConnectionProvider.getConnection(LettuceConnectionFactory.java:1789)
	at org.springframework.data.redis.connection.lettuce.LettuceConnectionFactory$SharedConnection.getNativeConnection(LettuceConnectionFactory.java:1586)
	at org.springframework.data.redis.connection.lettuce.LettuceConnectionFactory$SharedConnection.lambda$getConnection$0(LettuceConnectionFactory.java:1566)
	at org.springframework.data.redis.connection.lettuce.LettuceConnectionFactory.doInLock(LettuceConnectionFactory.java:1527)
	at org.springframework.data.redis.connection.lettuce.LettuceConnectionFactory$SharedConnection.getConnection(LettuceConnectionFactory.java:1563)
	at org.springframework.data.redis.connection.lettuce.LettuceConnectionFactory.getSharedConnection(LettuceConnectionFactory.java:1249)
	at org.springframework.data.redis.connection.lettuce.LettuceConnectionFactory.getConnection(LettuceConnectionFactory.java:1055)
	at org.springframework.data.redis.core.RedisConnectionUtils.fetchConnection(RedisConnectionUtils.java:195)
	at org.springframework.data.redis.core.RedisConnectionUtils.doGetConnection(RedisConnectionUtils.java:144)
	at org.springframework.data.redis.core.RedisConnectionUtils.getConnection(RedisConnectionUtils.java:105)
	at org.springframework.data.redis.core.RedisTemplate.execute(RedisTemplate.java:398)
	at org.springframework.data.redis.core.RedisTemplate.execute(RedisTemplate.java:378)
	at org.springframework.data.redis.core.RedisTemplate.doWithKeys(RedisTemplate.java:790)
	at org.springframework.data.redis.core.RedisTemplate.hasKey(RedisTemplate.java:576)
	at com.cangngo.apigateway.service.impl.BanServiceImpl.lambda$isBan$0(BanServiceImpl.java:25)
	at reactor.core.publisher.MonoCallable.call(MonoCallable.java:72)
	at reactor.core.publisher.FluxSubscribeOnCallable$CallableSubscribeOnSubscription.run(FluxSubscribeOnCallable.java:228)
	at reactor.core.scheduler.SchedulerTask.call(SchedulerTask.java:68)
	at reactor.core.scheduler.SchedulerTask.call(SchedulerTask.java:28)
	at java.base/java.util.concurrent.FutureTask.run(FutureTask.java:317)
	at java.base/java.util.concurrent.ScheduledThreadPoolExecutor$ScheduledFutureTask.run(ScheduledThreadPoolExecutor.java:304)
	at java.base/java.util.concurrent.ThreadPoolExecutor.runWorker(ThreadPoolExecutor.java:1144)
	at java.base/java.util.concurrent.ThreadPoolExecutor$Worker.run(ThreadPoolExecutor.java:642)
	at java.base/java.lang.Thread.run(Thread.java:1583)
Caused by: io.lettuce.core.RedisConnectionException: Unable to connect to redis-10027.c292.ap-southeast-1-1.ec2.cloud.redislabs.com/<unresolved>:10027
	at io.lettuce.core.RedisConnectionException.create(RedisConnectionException.java:63)
	at io.lettuce.core.RedisConnectionException.create(RedisConnectionException.java:41)
	at io.lettuce.core.AbstractRedisClient.getConnection(AbstractRedisClient.java:352)
	at io.lettuce.core.RedisClient.connect(RedisClient.java:219)
	at org.springframework.data.redis.connection.lettuce.StandaloneConnectionProvider.lambda$getConnection$1(StandaloneConnectionProvider.java:112)
	at java.base/java.util.Optional.orElseGet(Optional.java:364)
	at org.springframework.data.redis.connection.lettuce.StandaloneConnectionProvider.getConnection(StandaloneConnectionProvider.java:112)
	at org.springframework.data.redis.connection.lettuce.LettuceConnectionFactory$ExceptionTranslatingConnectionProvider.getConnection(LettuceConnectionFactory.java:1787)
	... 23 common frames omitted
Caused by: java.lang.InterruptedException: null
	at java.base/java.util.concurrent.CompletableFuture.reportGet(CompletableFuture.java:386)
	at java.base/java.util.concurrent.CompletableFuture.get(CompletableFuture.java:2073)
	at io.lettuce.core.DefaultConnectionFuture.get(DefaultConnectionFuture.java:54)
	at io.lettuce.core.AbstractRedisClient.getConnection(AbstractRedisClient.java:349)
	... 28 common frames omitted
2025-12-29 23:26:07.942 ERROR --- [oundedElastic-6] reactor.core.publisher.Operators         : Operator called default onErrorDropped
org.springframework.data.redis.RedisConnectionFailureException: Unable to connect to Redis
	at org.springframework.data.redis.connection.lettuce.LettuceConnectionFactory$ExceptionTranslatingConnectionProvider.translateException(LettuceConnectionFactory.java:1858)
	at org.springframework.data.redis.connection.lettuce.LettuceConnectionFactory$ExceptionTranslatingConnectionProvider.getConnection(LettuceConnectionFactory.java:1789)
	at org.springframework.data.redis.connection.lettuce.LettuceConnectionFactory$SharedConnection.getNativeConnection(LettuceConnectionFactory.java:1586)
	at org.springframework.data.redis.connection.lettuce.LettuceConnectionFactory$SharedConnection.lambda$getConnection$0(LettuceConnectionFactory.java:1566)
	at org.springframework.data.redis.connection.lettuce.LettuceConnectionFactory.doInLock(LettuceConnectionFactory.java:1527)
	at org.springframework.data.redis.connection.lettuce.LettuceConnectionFactory$SharedConnection.getConnection(LettuceConnectionFactory.java:1563)
	at org.springframework.data.redis.connection.lettuce.LettuceConnectionFactory.getSharedConnection(LettuceConnectionFactory.java:1249)
	at org.springframework.data.redis.connection.lettuce.LettuceConnectionFactory.getConnection(LettuceConnectionFactory.java:1055)
	at org.springframework.data.redis.core.RedisConnectionUtils.fetchConnection(RedisConnectionUtils.java:195)
	at org.springframework.data.redis.core.RedisConnectionUtils.doGetConnection(RedisConnectionUtils.java:144)
	at org.springframework.data.redis.core.RedisConnectionUtils.getConnection(RedisConnectionUtils.java:105)
	at org.springframework.data.redis.core.RedisTemplate.execute(RedisTemplate.java:398)
	at org.springframework.data.redis.core.RedisTemplate.execute(RedisTemplate.java:378)
	at org.springframework.data.redis.core.RedisTemplate.doWithKeys(RedisTemplate.java:790)
	at org.springframework.data.redis.core.RedisTemplate.hasKey(RedisTemplate.java:576)
	at com.cangngo.apigateway.service.impl.BanServiceImpl.lambda$isBan$0(BanServiceImpl.java:25)
	at reactor.core.publisher.MonoCallable.call(MonoCallable.java:72)
	at reactor.core.publisher.FluxSubscribeOnCallable$CallableSubscribeOnSubscription.run(FluxSubscribeOnCallable.java:228)
	at reactor.core.scheduler.SchedulerTask.call(SchedulerTask.java:68)
	at reactor.core.scheduler.SchedulerTask.call(SchedulerTask.java:28)
	at java.base/java.util.concurrent.FutureTask.run(FutureTask.java:317)
	at java.base/java.util.concurrent.ScheduledThreadPoolExecutor$ScheduledFutureTask.run(ScheduledThreadPoolExecutor.java:304)
	at java.base/java.util.concurrent.ThreadPoolExecutor.runWorker(ThreadPoolExecutor.java:1144)
	at java.base/java.util.concurrent.ThreadPoolExecutor$Worker.run(ThreadPoolExecutor.java:642)
	at java.base/java.lang.Thread.run(Thread.java:1583)
Caused by: io.lettuce.core.RedisConnectionException: Unable to connect to redis-10027.c292.ap-southeast-1-1.ec2.cloud.redislabs.com/<unresolved>:10027
	at io.lettuce.core.RedisConnectionException.create(RedisConnectionException.java:63)
	at io.lettuce.core.RedisConnectionException.create(RedisConnectionException.java:41)
	at io.lettuce.core.AbstractRedisClient.getConnection(AbstractRedisClient.java:352)
	at io.lettuce.core.RedisClient.connect(RedisClient.java:219)
	at org.springframework.data.redis.connection.lettuce.StandaloneConnectionProvider.lambda$getConnection$1(StandaloneConnectionProvider.java:112)
	at java.base/java.util.Optional.orElseGet(Optional.java:364)
	at org.springframework.data.redis.connection.lettuce.StandaloneConnectionProvider.getConnection(StandaloneConnectionProvider.java:112)
	at org.springframework.data.redis.connection.lettuce.LettuceConnectionFactory$ExceptionTranslatingConnectionProvider.getConnection(LettuceConnectionFactory.java:1787)
	... 23 common frames omitted
Caused by: java.lang.InterruptedException: null
	at java.base/java.util.concurrent.CompletableFuture.reportGet(CompletableFuture.java:386)
	at java.base/java.util.concurrent.CompletableFuture.get(CompletableFuture.java:2073)
	at io.lettuce.core.DefaultConnectionFuture.get(DefaultConnectionFuture.java:54)
	at io.lettuce.core.AbstractRedisClient.getConnection(AbstractRedisClient.java:349)
	... 28 common frames omitted
2025-12-29 23:26:07.954 ERROR --- [tor-http-nio-11] c.c.apigateway.config.GlobalConfig       : Cannot connect to downstream service: Connection refused: getsockopt: localhost/127.0.0.1:8083 - Request: http://localhost:8888/api/v1/post/actions?userId=4ca23af0-999d-40fb-b661-93f72533a685
2025-12-29 23:26:31.914 ERROR --- [ctor-http-nio-4] c.c.apigateway.config.GlobalConfig       : Cannot connect to downstream service: Connection refused: getsockopt: localhost/127.0.0.1:8083 - Request: http://localhost:8888/api/v1/post/actions?userId=4ca23af0-999d-40fb-b661-93f72533a685
2025-12-29 23:31:53.149 ERROR --- [ctor-http-nio-4] c.c.apigateway.config.GlobalConfig       : Cannot connect to downstream service [post]: Connection refused: getsockopt: localhost/127.0.0.1:8083 - Request: http://localhost:8888/api/v1/post/actions?userId=4ca23af0-999d-40fb-b661-93f72533a685
2025-12-29 23:42:37.696 ERROR --- [ctor-http-nio-4] c.c.apigateway.config.GlobalConfig       : Cannot connect to downstream service [post]: Connection refused: getsockopt: localhost/127.0.0.1:8083 - Request: http://localhost:8888/api/v1/post/actions?userId=4ca23af0-999d-40fb-b661-93f72533a685
2025-12-29 23:58:07.114 ERROR --- [ctor-http-nio-4] c.c.apigateway.config.GlobalConfig       : Cannot connect to downstream service: Connection refused: getsockopt: localhost/127.0.0.1:8083 - Request: http://localhost:8888/api/v1/post/actions?userId=4ca23af0-999d-40fb-b661-93f72533a685
