2025-12-30 00:08:16.006 DEBUG --- [nio-8085-exec-8] o.s.security.web.FilterChainProxy        : Securing GET /profile-page
2025-12-30 00:08:16.014 DEBUG --- [nio-8085-exec-8] o.s.s.o.s.r.a.JwtAuthenticationProvider  : Authenticated token
2025-12-30 00:08:16.015 DEBUG --- [nio-8085-exec-8] .s.r.w.a.BearerTokenAuthenticationFilter : Set SecurityContextHolder to JwtAuthenticationToken [Principal=org.springframework.security.oauth2.jwt.Jwt@97b5795, Credentials=[PROTECTED], Authenticated=true, Details=WebAuthenticationDetails [RemoteIpAddress=127.0.0.1, SessionId=null], Granted Authorities=[ROLE_USER]]
2025-12-30 00:08:16.016 DEBUG --- [nio-8085-exec-8] o.s.security.web.FilterChainProxy        : Secured GET /profile-page
2025-12-30 00:08:16.017  INFO --- [nio-8085-exec-8] c.f.profileservice.config.AppConfig      : Request URI: /profile/profile-page
2025-12-30 00:08:16.019 DEBUG --- [nio-8085-exec-8] o.s.web.servlet.DispatcherServlet        : GET "/profile/profile-page", parameters={}
2025-12-30 00:08:16.020 DEBUG --- [nio-8085-exec-8] s.w.s.m.m.a.RequestMappingHandlerMapping : Mapped to com.fsocial.profileservice.controller.AccountProfileController#getProfilePage()
2025-12-30 00:08:16.027 DEBUG --- [nio-8085-exec-8] o.s.d.n.c.t.Neo4jTransactionManager      : Creating new transaction with name [com.fsocial.profileservice.services.impl.AccountProfileServiceImpl.getProfilePageByUserId]: PROPAGATION_REQUIRED,ISOLATION_DEFAULT,readOnly
2025-12-30 00:08:16.363 DEBUG --- [nio-8085-exec-8] o.s.d.n.c.t.Neo4jTransactionManager      : Participating in existing transaction
2025-12-30 00:08:16.365 DEBUG --- [nio-8085-exec-8] org.springframework.data.neo4j.cypher    : Executing:
    MATCH (a)-[:FOLLOWS]->(b:account_profile {user_id: $userId})
    RETURN a

2025-12-30 00:08:16.425 DEBUG --- [nio-8085-exec-8] o.s.d.n.c.t.Neo4jTransactionManager      : Participating in existing transaction
2025-12-30 00:08:16.431 DEBUG --- [nio-8085-exec-8] org.springframework.data.neo4j.cypher    : Executing:
MATCH (accountProfile:`account_profile`) WHERE accountProfile.user_id = $userId RETURN accountProfile{.address, .avatar, .banner, .bio, .createdAt, .created_at, .display_name, .first_name, .gender, .id, .isPublic, .last_name, .updated_at, .user_id, __nodeLabels__: labels(accountProfile), __elementId__: id(accountProfile)}
2025-12-30 00:08:16.487  WARN --- [nio-8085-exec-8] o.s.data.neo4j.cypher.deprecation        : Neo.ClientNotification.Statement.FeatureDeprecationWarning: This feature is deprecated and will be removed in future versions.
	MATCH (accountProfile:`account_profile`) WHERE accountProfile.user_id = $userId RETURN accountProfile{.address, .avatar, .banner, .bio, .createdAt, .created_at, .display_name, .first_name, .gender, .id, .isPublic, .last_name, .updated_at, .user_id, __nodeLabels__: labels(accountProfile), __elementId__: id(accountProfile)}
	                                                                                                                                                                                                                                                                                                                ^
The query used a deprecated function. ('id' has been replaced by 'elementId or consider using an application-generated id')
2025-12-30 00:08:16.487  WARN --- [nio-8085-exec-8] o.s.data.neo4j.cypher.unrecognized       : Neo.ClientNotification.Statement.UnknownPropertyKeyWarning: The provided property key is not in the database
	MATCH (accountProfile:`account_profile`) WHERE accountProfile.user_id = $userId RETURN accountProfile{.address, .avatar, .banner, .bio, .createdAt, .created_at, .display_name, .first_name, .gender, .id, .isPublic, .last_name, .updated_at, .user_id, __nodeLabels__: labels(accountProfile), __elementId__: id(accountProfile)}
	                                                                                                                                                                  ^
One of the property names in your query is not available in the database, make sure you didn't misspell it or that the label is available when you run this statement in your application (the missing property name is: display_name)
2025-12-30 00:08:16.488  INFO --- [nio-8085-exec-8] c.f.p.s.impl.AccountProfileServiceImpl   : accountProfile AccountProfile(id=c6fefc83-6c7e-4114-80bb-8601aebf3cc9, userId=4ca23af0-999d-40fb-b661-93f72533a685, firstName=Fsocial, lastName= Official, displayName=null, bio=sấds, avatar=https://res.cloudinary.com/dwf2vqohm/image/upload/v1761496065/media_d7611628-72ff-458e-ac10-c9b6573ecdbd_cropped-image-1761496049679.png, banner=https://res.cloudinary.com/dwf2vqohm/image/upload/v1764172449/media_704487fe-3ddf-4569-a3e0-bca1b76eaf7c_cropped-image-1764172439493.png, gender=0, address=Bình Tan, Thành phố Hồ  Chí Minh, dob=2000-02-11, updatedAt=2025-12-16, createdAt=2025-10-16, isPublic=true)
2025-12-30 00:08:16.488  INFO --- [nio-8085-exec-8] c.f.p.s.impl.AccountProfileServiceImpl   : response ProfilePageResponse(firstName=Fsocial, lastName= Official, avatar=https://res.cloudinary.com/dwf2vqohm/image/upload/v1761496065/media_d7611628-72ff-458e-ac10-c9b6573ecdbd_cropped-image-1761496049679.png, banner=https://res.cloudinary.com/dwf2vqohm/image/upload/v1764172449/media_704487fe-3ddf-4569-a3e0-bca1b76eaf7c_cropped-image-1764172439493.png, bio=sấds, dob=2000-02-11, followers=null, address=Bình Tan, Thành phố Hồ  Chí Minh, isPublic=false)
2025-12-30 00:08:16.488 DEBUG --- [nio-8085-exec-8] o.s.d.n.c.t.Neo4jTransactionManager      : Initiating transaction commit
2025-12-30 00:08:16.595 DEBUG --- [nio-8085-exec-8] m.m.a.RequestResponseBodyMethodProcessor : Using 'application/json', given [application/json, text/plain, */*] and supported [application/json, application/*+json, application/yaml]
2025-12-30 00:08:16.596 DEBUG --- [nio-8085-exec-8] m.m.a.RequestResponseBodyMethodProcessor : Writing [ApiResponse(statusCode=200, message=Thao tác thành công., data=ProfilePageResponse(firstName=Fsocial (truncated)...]
2025-12-30 00:08:16.603 DEBUG --- [nio-8085-exec-8] o.s.web.servlet.DispatcherServlet        : Completed 200 OK
2025-12-30 00:08:16.631 DEBUG --- [nio-8085-exec-4] o.s.security.web.FilterChainProxy        : Securing GET /profile-page
2025-12-30 00:08:16.632 DEBUG --- [nio-8085-exec-4] o.s.s.o.s.r.a.JwtAuthenticationProvider  : Authenticated token
2025-12-30 00:08:16.632 DEBUG --- [nio-8085-exec-4] .s.r.w.a.BearerTokenAuthenticationFilter : Set SecurityContextHolder to JwtAuthenticationToken [Principal=org.springframework.security.oauth2.jwt.Jwt@97b5795, Credentials=[PROTECTED], Authenticated=true, Details=WebAuthenticationDetails [RemoteIpAddress=127.0.0.1, SessionId=null], Granted Authorities=[ROLE_USER]]
2025-12-30 00:08:16.632 DEBUG --- [nio-8085-exec-4] o.s.security.web.FilterChainProxy        : Secured GET /profile-page
2025-12-30 00:08:16.632  INFO --- [nio-8085-exec-4] c.f.profileservice.config.AppConfig      : Request URI: /profile/profile-page
2025-12-30 00:08:16.632 DEBUG --- [nio-8085-exec-4] o.s.web.servlet.DispatcherServlet        : GET "/profile/profile-page", parameters={}
2025-12-30 00:08:16.632 DEBUG --- [nio-8085-exec-4] s.w.s.m.m.a.RequestMappingHandlerMapping : Mapped to com.fsocial.profileservice.controller.AccountProfileController#getProfilePage()
2025-12-30 00:08:16.633 DEBUG --- [nio-8085-exec-4] o.s.d.n.c.t.Neo4jTransactionManager      : Creating new transaction with name [com.fsocial.profileservice.services.impl.AccountProfileServiceImpl.getProfilePageByUserId]: PROPAGATION_REQUIRED,ISOLATION_DEFAULT,readOnly
2025-12-30 00:08:16.807 DEBUG --- [nio-8085-exec-4] o.s.d.n.c.t.Neo4jTransactionManager      : Participating in existing transaction
2025-12-30 00:08:16.807 DEBUG --- [nio-8085-exec-4] org.springframework.data.neo4j.cypher    : Executing:
    MATCH (a)-[:FOLLOWS]->(b:account_profile {user_id: $userId})
    RETURN a

2025-12-30 00:08:16.862 DEBUG --- [nio-8085-exec-4] o.s.d.n.c.t.Neo4jTransactionManager      : Participating in existing transaction
2025-12-30 00:08:16.864 DEBUG --- [nio-8085-exec-4] org.springframework.data.neo4j.cypher    : Executing:
MATCH (accountProfile:`account_profile`) WHERE accountProfile.user_id = $userId RETURN accountProfile{.address, .avatar, .banner, .bio, .createdAt, .created_at, .display_name, .first_name, .gender, .id, .isPublic, .last_name, .updated_at, .user_id, __nodeLabels__: labels(accountProfile), __elementId__: id(accountProfile)}
2025-12-30 00:08:16.921  WARN --- [nio-8085-exec-4] o.s.data.neo4j.cypher.deprecation        : Neo.ClientNotification.Statement.FeatureDeprecationWarning: This feature is deprecated and will be removed in future versions.
	MATCH (accountProfile:`account_profile`) WHERE accountProfile.user_id = $userId RETURN accountProfile{.address, .avatar, .banner, .bio, .createdAt, .created_at, .display_name, .first_name, .gender, .id, .isPublic, .last_name, .updated_at, .user_id, __nodeLabels__: labels(accountProfile), __elementId__: id(accountProfile)}
	                                                                                                                                                                                                                                                                                                                ^
The query used a deprecated function. ('id' has been replaced by 'elementId or consider using an application-generated id')
2025-12-30 00:08:16.922  WARN --- [nio-8085-exec-4] o.s.data.neo4j.cypher.unrecognized       : Neo.ClientNotification.Statement.UnknownPropertyKeyWarning: The provided property key is not in the database
	MATCH (accountProfile:`account_profile`) WHERE accountProfile.user_id = $userId RETURN accountProfile{.address, .avatar, .banner, .bio, .createdAt, .created_at, .display_name, .first_name, .gender, .id, .isPublic, .last_name, .updated_at, .user_id, __nodeLabels__: labels(accountProfile), __elementId__: id(accountProfile)}
	                                                                                                                                                                  ^
One of the property names in your query is not available in the database, make sure you didn't misspell it or that the label is available when you run this statement in your application (the missing property name is: display_name)
2025-12-30 00:08:16.922  INFO --- [nio-8085-exec-4] c.f.p.s.impl.AccountProfileServiceImpl   : accountProfile AccountProfile(id=c6fefc83-6c7e-4114-80bb-8601aebf3cc9, userId=4ca23af0-999d-40fb-b661-93f72533a685, firstName=Fsocial, lastName= Official, displayName=null, bio=sấds, avatar=https://res.cloudinary.com/dwf2vqohm/image/upload/v1761496065/media_d7611628-72ff-458e-ac10-c9b6573ecdbd_cropped-image-1761496049679.png, banner=https://res.cloudinary.com/dwf2vqohm/image/upload/v1764172449/media_704487fe-3ddf-4569-a3e0-bca1b76eaf7c_cropped-image-1764172439493.png, gender=0, address=Bình Tan, Thành phố Hồ  Chí Minh, dob=2000-02-11, updatedAt=2025-12-16, createdAt=2025-10-16, isPublic=true)
2025-12-30 00:08:16.922  INFO --- [nio-8085-exec-4] c.f.p.s.impl.AccountProfileServiceImpl   : response ProfilePageResponse(firstName=Fsocial, lastName= Official, avatar=https://res.cloudinary.com/dwf2vqohm/image/upload/v1761496065/media_d7611628-72ff-458e-ac10-c9b6573ecdbd_cropped-image-1761496049679.png, banner=https://res.cloudinary.com/dwf2vqohm/image/upload/v1764172449/media_704487fe-3ddf-4569-a3e0-bca1b76eaf7c_cropped-image-1764172439493.png, bio=sấds, dob=2000-02-11, followers=null, address=Bình Tan, Thành phố Hồ  Chí Minh, isPublic=false)
2025-12-30 00:08:16.922 DEBUG --- [nio-8085-exec-4] o.s.d.n.c.t.Neo4jTransactionManager      : Initiating transaction commit
2025-12-30 00:08:17.024 DEBUG --- [nio-8085-exec-4] m.m.a.RequestResponseBodyMethodProcessor : Using 'application/json', given [application/json, text/plain, */*] and supported [application/json, application/*+json, application/yaml]
2025-12-30 00:08:17.025 DEBUG --- [nio-8085-exec-4] m.m.a.RequestResponseBodyMethodProcessor : Writing [ApiResponse(statusCode=200, message=Thao tác thành công., data=ProfilePageResponse(firstName=Fsocial (truncated)...]
2025-12-30 00:08:17.025 DEBUG --- [nio-8085-exec-4] o.s.web.servlet.DispatcherServlet        : Completed 200 OK
2025-12-30 00:08:17.867 DEBUG --- [nio-8085-exec-9] o.s.security.web.FilterChainProxy        : Securing GET /external/4ca23af0-999d-40fb-b661-93f72533a685
2025-12-30 00:08:17.867 DEBUG --- [nio-8085-exec-9] o.s.security.web.FilterChainProxy        : Secured GET /external/4ca23af0-999d-40fb-b661-93f72533a685
2025-12-30 00:08:17.867  INFO --- [nio-8085-exec-9] c.f.profileservice.config.AppConfig      : Request URI: /profile/external/4ca23af0-999d-40fb-b661-93f72533a685
2025-12-30 00:08:17.867 DEBUG --- [nio-8085-exec-9] o.s.web.servlet.DispatcherServlet        : GET "/profile/external/4ca23af0-999d-40fb-b661-93f72533a685", parameters={}
2025-12-30 00:08:17.868 DEBUG --- [nio-8085-exec-9] s.w.s.m.m.a.RequestMappingHandlerMapping : Mapped to com.fsocial.profileservice.controller.AccountProfileController#getProfileResponseByUserId(String)
2025-12-30 00:08:18.143 DEBUG --- [nio-8085-exec-9] o.s.d.n.c.t.Neo4jTransactionManager      : Creating new transaction with name [null]: PROPAGATION_REQUIRED,ISOLATION_DEFAULT
2025-12-30 00:08:18.329 DEBUG --- [nio-8085-exec-9] org.springframework.data.neo4j.cypher    : Executing:
MATCH (accountProfile:`account_profile`) WHERE accountProfile.user_id = $userId RETURN accountProfile{.address, .avatar, .banner, .bio, .createdAt, .created_at, .display_name, .first_name, .gender, .id, .isPublic, .last_name, .updated_at, .user_id, __nodeLabels__: labels(accountProfile), __elementId__: id(accountProfile)}
2025-12-30 00:08:18.387  WARN --- [nio-8085-exec-9] o.s.data.neo4j.cypher.deprecation        : Neo.ClientNotification.Statement.FeatureDeprecationWarning: This feature is deprecated and will be removed in future versions.
	MATCH (accountProfile:`account_profile`) WHERE accountProfile.user_id = $userId RETURN accountProfile{.address, .avatar, .banner, .bio, .createdAt, .created_at, .display_name, .first_name, .gender, .id, .isPublic, .last_name, .updated_at, .user_id, __nodeLabels__: labels(accountProfile), __elementId__: id(accountProfile)}
	                                                                                                                                                                                                                                                                                                                ^
The query used a deprecated function. ('id' has been replaced by 'elementId or consider using an application-generated id')
2025-12-30 00:08:18.388  WARN --- [nio-8085-exec-9] o.s.data.neo4j.cypher.unrecognized       : Neo.ClientNotification.Statement.UnknownPropertyKeyWarning: The provided property key is not in the database
	MATCH (accountProfile:`account_profile`) WHERE accountProfile.user_id = $userId RETURN accountProfile{.address, .avatar, .banner, .bio, .createdAt, .created_at, .display_name, .first_name, .gender, .id, .isPublic, .last_name, .updated_at, .user_id, __nodeLabels__: labels(accountProfile), __elementId__: id(accountProfile)}
	                                                                                                                                                                  ^
One of the property names in your query is not available in the database, make sure you didn't misspell it or that the label is available when you run this statement in your application (the missing property name is: display_name)
2025-12-30 00:08:18.388 DEBUG --- [nio-8085-exec-9] o.s.d.n.c.t.Neo4jTransactionManager      : Initiating transaction commit
2025-12-30 00:08:18.518 DEBUG --- [nio-8085-exec-9] m.m.a.RequestResponseBodyMethodProcessor : Using 'application/json', given [application/json] and supported [application/json, application/*+json, application/yaml]
2025-12-30 00:08:18.525 DEBUG --- [nio-8085-exec-9] m.m.a.RequestResponseBodyMethodProcessor : Writing [ProfileResponse(id=c6fefc83-6c7e-4114-80bb-8601aebf3cc9, firstName=Fsocial, lastName= Official, avat (truncated)...]
2025-12-30 00:08:18.530 DEBUG --- [nio-8085-exec-9] o.s.web.servlet.DispatcherServlet        : Completed 200 OK
2025-12-30 00:08:18.531 DEBUG --- [nio-8085-exec-9] o.s.s.w.a.AnonymousAuthenticationFilter  : Set SecurityContextHolder to anonymous SecurityContext
2025-12-30 00:08:18.705 DEBUG --- [io-8085-exec-10] o.s.security.web.FilterChainProxy        : Securing GET /external/e7a4dee5-e7f9-40d2-83d8-621a5082a30d
2025-12-30 00:08:18.706 DEBUG --- [io-8085-exec-10] o.s.security.web.FilterChainProxy        : Secured GET /external/e7a4dee5-e7f9-40d2-83d8-621a5082a30d
2025-12-30 00:08:18.706  INFO --- [io-8085-exec-10] c.f.profileservice.config.AppConfig      : Request URI: /profile/external/e7a4dee5-e7f9-40d2-83d8-621a5082a30d
2025-12-30 00:08:18.706 DEBUG --- [io-8085-exec-10] o.s.web.servlet.DispatcherServlet        : GET "/profile/external/e7a4dee5-e7f9-40d2-83d8-621a5082a30d", parameters={}
2025-12-30 00:08:18.706 DEBUG --- [io-8085-exec-10] s.w.s.m.m.a.RequestMappingHandlerMapping : Mapped to com.fsocial.profileservice.controller.AccountProfileController#getProfileResponseByUserId(String)
2025-12-30 00:08:18.707 DEBUG --- [io-8085-exec-10] o.s.d.n.c.t.Neo4jTransactionManager      : Creating new transaction with name [null]: PROPAGATION_REQUIRED,ISOLATION_DEFAULT
2025-12-30 00:08:18.880 DEBUG --- [io-8085-exec-10] org.springframework.data.neo4j.cypher    : Executing:
MATCH (accountProfile:`account_profile`) WHERE accountProfile.user_id = $userId RETURN accountProfile{.address, .avatar, .banner, .bio, .createdAt, .created_at, .display_name, .first_name, .gender, .id, .isPublic, .last_name, .updated_at, .user_id, __nodeLabels__: labels(accountProfile), __elementId__: id(accountProfile)}
2025-12-30 00:08:18.937  WARN --- [io-8085-exec-10] o.s.data.neo4j.cypher.deprecation        : Neo.ClientNotification.Statement.FeatureDeprecationWarning: This feature is deprecated and will be removed in future versions.
	MATCH (accountProfile:`account_profile`) WHERE accountProfile.user_id = $userId RETURN accountProfile{.address, .avatar, .banner, .bio, .createdAt, .created_at, .display_name, .first_name, .gender, .id, .isPublic, .last_name, .updated_at, .user_id, __nodeLabels__: labels(accountProfile), __elementId__: id(accountProfile)}
	                                                                                                                                                                                                                                                                                                                ^
The query used a deprecated function. ('id' has been replaced by 'elementId or consider using an application-generated id')
2025-12-30 00:08:18.938  WARN --- [io-8085-exec-10] o.s.data.neo4j.cypher.unrecognized       : Neo.ClientNotification.Statement.UnknownPropertyKeyWarning: The provided property key is not in the database
	MATCH (accountProfile:`account_profile`) WHERE accountProfile.user_id = $userId RETURN accountProfile{.address, .avatar, .banner, .bio, .createdAt, .created_at, .display_name, .first_name, .gender, .id, .isPublic, .last_name, .updated_at, .user_id, __nodeLabels__: labels(accountProfile), __elementId__: id(accountProfile)}
	                                                                                                                                                                  ^
One of the property names in your query is not available in the database, make sure you didn't misspell it or that the label is available when you run this statement in your application (the missing property name is: display_name)
2025-12-30 00:08:18.938 DEBUG --- [io-8085-exec-10] o.s.d.n.c.t.Neo4jTransactionManager      : Initiating transaction commit
2025-12-30 00:08:19.041 DEBUG --- [io-8085-exec-10] m.m.a.RequestResponseBodyMethodProcessor : Using 'application/json', given [application/json] and supported [application/json, application/*+json, application/yaml]
2025-12-30 00:08:19.041 DEBUG --- [io-8085-exec-10] m.m.a.RequestResponseBodyMethodProcessor : Writing [ProfileResponse(id=44f71889-7e11-479c-87f6-3e296dea7e40, firstName=Minh, lastName=Nguyen, avatar=)]
2025-12-30 00:08:19.042 DEBUG --- [io-8085-exec-10] o.s.web.servlet.DispatcherServlet        : Completed 200 OK
2025-12-30 00:08:19.042 DEBUG --- [io-8085-exec-10] o.s.s.w.a.AnonymousAuthenticationFilter  : Set SecurityContextHolder to anonymous SecurityContext
2025-12-30 00:08:19.145 DEBUG --- [nio-8085-exec-3] o.s.security.web.FilterChainProxy        : Securing GET /external/c01a789c-af0c-4bed-a2e6-86bd3f4747ef
2025-12-30 00:08:19.146 DEBUG --- [nio-8085-exec-3] o.s.security.web.FilterChainProxy        : Secured GET /external/c01a789c-af0c-4bed-a2e6-86bd3f4747ef
2025-12-30 00:08:19.146  INFO --- [nio-8085-exec-3] c.f.profileservice.config.AppConfig      : Request URI: /profile/external/c01a789c-af0c-4bed-a2e6-86bd3f4747ef
2025-12-30 00:08:19.146 DEBUG --- [nio-8085-exec-3] o.s.web.servlet.DispatcherServlet        : GET "/profile/external/c01a789c-af0c-4bed-a2e6-86bd3f4747ef", parameters={}
2025-12-30 00:08:19.146 DEBUG --- [nio-8085-exec-3] s.w.s.m.m.a.RequestMappingHandlerMapping : Mapped to com.fsocial.profileservice.controller.AccountProfileController#getProfileResponseByUserId(String)
2025-12-30 00:08:19.147 DEBUG --- [nio-8085-exec-3] o.s.d.n.c.t.Neo4jTransactionManager      : Creating new transaction with name [null]: PROPAGATION_REQUIRED,ISOLATION_DEFAULT
2025-12-30 00:08:19.327 DEBUG --- [nio-8085-exec-3] org.springframework.data.neo4j.cypher    : Executing:
MATCH (accountProfile:`account_profile`) WHERE accountProfile.user_id = $userId RETURN accountProfile{.address, .avatar, .banner, .bio, .createdAt, .created_at, .display_name, .first_name, .gender, .id, .isPublic, .last_name, .updated_at, .user_id, __nodeLabels__: labels(accountProfile), __elementId__: id(accountProfile)}
2025-12-30 00:08:19.383  WARN --- [nio-8085-exec-3] o.s.data.neo4j.cypher.deprecation        : Neo.ClientNotification.Statement.FeatureDeprecationWarning: This feature is deprecated and will be removed in future versions.
	MATCH (accountProfile:`account_profile`) WHERE accountProfile.user_id = $userId RETURN accountProfile{.address, .avatar, .banner, .bio, .createdAt, .created_at, .display_name, .first_name, .gender, .id, .isPublic, .last_name, .updated_at, .user_id, __nodeLabels__: labels(accountProfile), __elementId__: id(accountProfile)}
	                                                                                                                                                                                                                                                                                                                ^
The query used a deprecated function. ('id' has been replaced by 'elementId or consider using an application-generated id')
2025-12-30 00:08:19.383  WARN --- [nio-8085-exec-3] o.s.data.neo4j.cypher.unrecognized       : Neo.ClientNotification.Statement.UnknownPropertyKeyWarning: The provided property key is not in the database
	MATCH (accountProfile:`account_profile`) WHERE accountProfile.user_id = $userId RETURN accountProfile{.address, .avatar, .banner, .bio, .createdAt, .created_at, .display_name, .first_name, .gender, .id, .isPublic, .last_name, .updated_at, .user_id, __nodeLabels__: labels(accountProfile), __elementId__: id(accountProfile)}
	                                                                                                                                                                  ^
One of the property names in your query is not available in the database, make sure you didn't misspell it or that the label is available when you run this statement in your application (the missing property name is: display_name)
2025-12-30 00:08:19.385 DEBUG --- [nio-8085-exec-3] o.s.d.n.c.t.Neo4jTransactionManager      : Initiating transaction commit
2025-12-30 00:08:19.484 DEBUG --- [nio-8085-exec-3] m.m.a.RequestResponseBodyMethodProcessor : Using 'application/json', given [application/json] and supported [application/json, application/*+json, application/yaml]
2025-12-30 00:08:19.484 DEBUG --- [nio-8085-exec-3] m.m.a.RequestResponseBodyMethodProcessor : Writing [ProfileResponse(id=c43fab09-1fd8-47b7-9c25-23f603b721f5, firstName=Max, lastName=Bean, avatar=)]
2025-12-30 00:08:19.486 DEBUG --- [nio-8085-exec-3] o.s.web.servlet.DispatcherServlet        : Completed 200 OK
2025-12-30 00:08:19.486 DEBUG --- [nio-8085-exec-3] o.s.s.w.a.AnonymousAuthenticationFilter  : Set SecurityContextHolder to anonymous SecurityContext
2025-12-30 00:08:19.585 DEBUG --- [nio-8085-exec-5] o.s.security.web.FilterChainProxy        : Securing GET /external/e7a4dee5-e7f9-40d2-83d8-621a5082a30d
2025-12-30 00:08:19.585 DEBUG --- [nio-8085-exec-5] o.s.security.web.FilterChainProxy        : Secured GET /external/e7a4dee5-e7f9-40d2-83d8-621a5082a30d
2025-12-30 00:08:19.585  INFO --- [nio-8085-exec-5] c.f.profileservice.config.AppConfig      : Request URI: /profile/external/e7a4dee5-e7f9-40d2-83d8-621a5082a30d
2025-12-30 00:08:19.585 DEBUG --- [nio-8085-exec-5] o.s.web.servlet.DispatcherServlet        : GET "/profile/external/e7a4dee5-e7f9-40d2-83d8-621a5082a30d", parameters={}
2025-12-30 00:08:19.586 DEBUG --- [nio-8085-exec-5] s.w.s.m.m.a.RequestMappingHandlerMapping : Mapped to com.fsocial.profileservice.controller.AccountProfileController#getProfileResponseByUserId(String)
2025-12-30 00:08:19.586 DEBUG --- [nio-8085-exec-5] o.s.d.n.c.t.Neo4jTransactionManager      : Creating new transaction with name [null]: PROPAGATION_REQUIRED,ISOLATION_DEFAULT
2025-12-30 00:08:19.761 DEBUG --- [nio-8085-exec-5] org.springframework.data.neo4j.cypher    : Executing:
MATCH (accountProfile:`account_profile`) WHERE accountProfile.user_id = $userId RETURN accountProfile{.address, .avatar, .banner, .bio, .createdAt, .created_at, .display_name, .first_name, .gender, .id, .isPublic, .last_name, .updated_at, .user_id, __nodeLabels__: labels(accountProfile), __elementId__: id(accountProfile)}
2025-12-30 00:08:19.814  WARN --- [nio-8085-exec-5] o.s.data.neo4j.cypher.deprecation        : Neo.ClientNotification.Statement.FeatureDeprecationWarning: This feature is deprecated and will be removed in future versions.
	MATCH (accountProfile:`account_profile`) WHERE accountProfile.user_id = $userId RETURN accountProfile{.address, .avatar, .banner, .bio, .createdAt, .created_at, .display_name, .first_name, .gender, .id, .isPublic, .last_name, .updated_at, .user_id, __nodeLabels__: labels(accountProfile), __elementId__: id(accountProfile)}
	                                                                                                                                                                                                                                                                                                                ^
The query used a deprecated function. ('id' has been replaced by 'elementId or consider using an application-generated id')
2025-12-30 00:08:19.815  WARN --- [nio-8085-exec-5] o.s.data.neo4j.cypher.unrecognized       : Neo.ClientNotification.Statement.UnknownPropertyKeyWarning: The provided property key is not in the database
	MATCH (accountProfile:`account_profile`) WHERE accountProfile.user_id = $userId RETURN accountProfile{.address, .avatar, .banner, .bio, .createdAt, .created_at, .display_name, .first_name, .gender, .id, .isPublic, .last_name, .updated_at, .user_id, __nodeLabels__: labels(accountProfile), __elementId__: id(accountProfile)}
	                                                                                                                                                                  ^
One of the property names in your query is not available in the database, make sure you didn't misspell it or that the label is available when you run this statement in your application (the missing property name is: display_name)
2025-12-30 00:08:19.815 DEBUG --- [nio-8085-exec-5] o.s.d.n.c.t.Neo4jTransactionManager      : Initiating transaction commit
2025-12-30 00:08:19.916 DEBUG --- [nio-8085-exec-5] m.m.a.RequestResponseBodyMethodProcessor : Using 'application/json', given [application/json] and supported [application/json, application/*+json, application/yaml]
2025-12-30 00:08:19.916 DEBUG --- [nio-8085-exec-5] m.m.a.RequestResponseBodyMethodProcessor : Writing [ProfileResponse(id=44f71889-7e11-479c-87f6-3e296dea7e40, firstName=Minh, lastName=Nguyen, avatar=)]
2025-12-30 00:08:19.917 DEBUG --- [nio-8085-exec-5] o.s.web.servlet.DispatcherServlet        : Completed 200 OK
2025-12-30 00:08:19.917 DEBUG --- [nio-8085-exec-5] o.s.s.w.a.AnonymousAuthenticationFilter  : Set SecurityContextHolder to anonymous SecurityContext
2025-12-30 00:08:55.198 DEBUG --- [nio-8085-exec-6] o.s.security.web.FilterChainProxy        : Securing GET /profile-page
2025-12-30 00:08:55.199 DEBUG --- [nio-8085-exec-6] o.s.s.o.s.r.a.JwtAuthenticationProvider  : Authenticated token
2025-12-30 00:08:55.199 DEBUG --- [nio-8085-exec-6] .s.r.w.a.BearerTokenAuthenticationFilter : Set SecurityContextHolder to JwtAuthenticationToken [Principal=org.springframework.security.oauth2.jwt.Jwt@97b5795, Credentials=[PROTECTED], Authenticated=true, Details=WebAuthenticationDetails [RemoteIpAddress=127.0.0.1, SessionId=null], Granted Authorities=[ROLE_USER]]
2025-12-30 00:08:55.200 DEBUG --- [nio-8085-exec-6] o.s.security.web.FilterChainProxy        : Secured GET /profile-page
2025-12-30 00:08:55.200  INFO --- [nio-8085-exec-6] c.f.profileservice.config.AppConfig      : Request URI: /profile/profile-page
2025-12-30 00:08:55.200 DEBUG --- [nio-8085-exec-6] o.s.web.servlet.DispatcherServlet        : GET "/profile/profile-page", parameters={}
2025-12-30 00:08:55.200 DEBUG --- [nio-8085-exec-6] s.w.s.m.m.a.RequestMappingHandlerMapping : Mapped to com.fsocial.profileservice.controller.AccountProfileController#getProfilePage()
2025-12-30 00:08:55.200 DEBUG --- [nio-8085-exec-6] o.s.d.n.c.t.Neo4jTransactionManager      : Creating new transaction with name [com.fsocial.profileservice.services.impl.AccountProfileServiceImpl.getProfilePageByUserId]: PROPAGATION_REQUIRED,ISOLATION_DEFAULT,readOnly
2025-12-30 00:08:55.397 DEBUG --- [nio-8085-exec-6] o.s.d.n.c.t.Neo4jTransactionManager      : Participating in existing transaction
2025-12-30 00:08:55.397 DEBUG --- [nio-8085-exec-6] org.springframework.data.neo4j.cypher    : Executing:
    MATCH (a)-[:FOLLOWS]->(b:account_profile {user_id: $userId})
    RETURN a

2025-12-30 00:08:55.462 DEBUG --- [nio-8085-exec-6] o.s.d.n.c.t.Neo4jTransactionManager      : Participating in existing transaction
2025-12-30 00:08:55.465 DEBUG --- [nio-8085-exec-6] org.springframework.data.neo4j.cypher    : Executing:
MATCH (accountProfile:`account_profile`) WHERE accountProfile.user_id = $userId RETURN accountProfile{.address, .avatar, .banner, .bio, .createdAt, .created_at, .display_name, .first_name, .gender, .id, .isPublic, .last_name, .updated_at, .user_id, __nodeLabels__: labels(accountProfile), __elementId__: id(accountProfile)}
2025-12-30 00:08:55.521  WARN --- [nio-8085-exec-6] o.s.data.neo4j.cypher.deprecation        : Neo.ClientNotification.Statement.FeatureDeprecationWarning: This feature is deprecated and will be removed in future versions.
	MATCH (accountProfile:`account_profile`) WHERE accountProfile.user_id = $userId RETURN accountProfile{.address, .avatar, .banner, .bio, .createdAt, .created_at, .display_name, .first_name, .gender, .id, .isPublic, .last_name, .updated_at, .user_id, __nodeLabels__: labels(accountProfile), __elementId__: id(accountProfile)}
	                                                                                                                                                                                                                                                                                                                ^
The query used a deprecated function. ('id' has been replaced by 'elementId or consider using an application-generated id')
2025-12-30 00:08:55.521  WARN --- [nio-8085-exec-6] o.s.data.neo4j.cypher.unrecognized       : Neo.ClientNotification.Statement.UnknownPropertyKeyWarning: The provided property key is not in the database
	MATCH (accountProfile:`account_profile`) WHERE accountProfile.user_id = $userId RETURN accountProfile{.address, .avatar, .banner, .bio, .createdAt, .created_at, .display_name, .first_name, .gender, .id, .isPublic, .last_name, .updated_at, .user_id, __nodeLabels__: labels(accountProfile), __elementId__: id(accountProfile)}
	                                                                                                                                                                  ^
One of the property names in your query is not available in the database, make sure you didn't misspell it or that the label is available when you run this statement in your application (the missing property name is: display_name)
2025-12-30 00:08:55.521  INFO --- [nio-8085-exec-6] c.f.p.s.impl.AccountProfileServiceImpl   : accountProfile AccountProfile(id=c6fefc83-6c7e-4114-80bb-8601aebf3cc9, userId=4ca23af0-999d-40fb-b661-93f72533a685, firstName=Fsocial, lastName= Official, displayName=null, bio=sấds, avatar=https://res.cloudinary.com/dwf2vqohm/image/upload/v1761496065/media_d7611628-72ff-458e-ac10-c9b6573ecdbd_cropped-image-1761496049679.png, banner=https://res.cloudinary.com/dwf2vqohm/image/upload/v1764172449/media_704487fe-3ddf-4569-a3e0-bca1b76eaf7c_cropped-image-1764172439493.png, gender=0, address=Bình Tan, Thành phố Hồ  Chí Minh, dob=2000-02-11, updatedAt=2025-12-16, createdAt=2025-10-16, isPublic=true)
2025-12-30 00:08:55.521  INFO --- [nio-8085-exec-6] c.f.p.s.impl.AccountProfileServiceImpl   : response ProfilePageResponse(firstName=Fsocial, lastName= Official, avatar=https://res.cloudinary.com/dwf2vqohm/image/upload/v1761496065/media_d7611628-72ff-458e-ac10-c9b6573ecdbd_cropped-image-1761496049679.png, banner=https://res.cloudinary.com/dwf2vqohm/image/upload/v1764172449/media_704487fe-3ddf-4569-a3e0-bca1b76eaf7c_cropped-image-1764172439493.png, bio=sấds, dob=2000-02-11, followers=null, address=Bình Tan, Thành phố Hồ  Chí Minh, isPublic=false)
2025-12-30 00:08:55.521 DEBUG --- [nio-8085-exec-6] o.s.d.n.c.t.Neo4jTransactionManager      : Initiating transaction commit
2025-12-30 00:08:55.635 DEBUG --- [nio-8085-exec-6] m.m.a.RequestResponseBodyMethodProcessor : Using 'application/json', given [application/json, text/plain, */*] and supported [application/json, application/*+json, application/yaml]
2025-12-30 00:08:55.636 DEBUG --- [nio-8085-exec-6] m.m.a.RequestResponseBodyMethodProcessor : Writing [ApiResponse(statusCode=200, message=Thao tác thành công., data=ProfilePageResponse(firstName=Fsocial (truncated)...]
2025-12-30 00:08:55.637 DEBUG --- [nio-8085-exec-6] o.s.web.servlet.DispatcherServlet        : Completed 200 OK
2025-12-30 00:08:55.656 DEBUG --- [nio-8085-exec-1] o.s.security.web.FilterChainProxy        : Securing GET /profile-page
2025-12-30 00:08:55.658 DEBUG --- [nio-8085-exec-1] o.s.s.o.s.r.a.JwtAuthenticationProvider  : Authenticated token
2025-12-30 00:08:55.658 DEBUG --- [nio-8085-exec-1] .s.r.w.a.BearerTokenAuthenticationFilter : Set SecurityContextHolder to JwtAuthenticationToken [Principal=org.springframework.security.oauth2.jwt.Jwt@97b5795, Credentials=[PROTECTED], Authenticated=true, Details=WebAuthenticationDetails [RemoteIpAddress=127.0.0.1, SessionId=null], Granted Authorities=[ROLE_USER]]
2025-12-30 00:08:55.658 DEBUG --- [nio-8085-exec-1] o.s.security.web.FilterChainProxy        : Secured GET /profile-page
2025-12-30 00:08:55.659  INFO --- [nio-8085-exec-1] c.f.profileservice.config.AppConfig      : Request URI: /profile/profile-page
2025-12-30 00:08:55.659 DEBUG --- [nio-8085-exec-1] o.s.web.servlet.DispatcherServlet        : GET "/profile/profile-page", parameters={}
2025-12-30 00:08:55.659 DEBUG --- [nio-8085-exec-1] s.w.s.m.m.a.RequestMappingHandlerMapping : Mapped to com.fsocial.profileservice.controller.AccountProfileController#getProfilePage()
2025-12-30 00:08:55.659 DEBUG --- [nio-8085-exec-1] o.s.d.n.c.t.Neo4jTransactionManager      : Creating new transaction with name [com.fsocial.profileservice.services.impl.AccountProfileServiceImpl.getProfilePageByUserId]: PROPAGATION_REQUIRED,ISOLATION_DEFAULT,readOnly
2025-12-30 00:08:55.834 DEBUG --- [nio-8085-exec-1] o.s.d.n.c.t.Neo4jTransactionManager      : Participating in existing transaction
2025-12-30 00:08:55.834 DEBUG --- [nio-8085-exec-1] org.springframework.data.neo4j.cypher    : Executing:
    MATCH (a)-[:FOLLOWS]->(b:account_profile {user_id: $userId})
    RETURN a

2025-12-30 00:08:55.892 DEBUG --- [nio-8085-exec-1] o.s.d.n.c.t.Neo4jTransactionManager      : Participating in existing transaction
2025-12-30 00:08:55.902 DEBUG --- [nio-8085-exec-1] org.springframework.data.neo4j.cypher    : Executing:
MATCH (accountProfile:`account_profile`) WHERE accountProfile.user_id = $userId RETURN accountProfile{.address, .avatar, .banner, .bio, .createdAt, .created_at, .display_name, .first_name, .gender, .id, .isPublic, .last_name, .updated_at, .user_id, __nodeLabels__: labels(accountProfile), __elementId__: id(accountProfile)}
2025-12-30 00:08:55.957  WARN --- [nio-8085-exec-1] o.s.data.neo4j.cypher.deprecation        : Neo.ClientNotification.Statement.FeatureDeprecationWarning: This feature is deprecated and will be removed in future versions.
	MATCH (accountProfile:`account_profile`) WHERE accountProfile.user_id = $userId RETURN accountProfile{.address, .avatar, .banner, .bio, .createdAt, .created_at, .display_name, .first_name, .gender, .id, .isPublic, .last_name, .updated_at, .user_id, __nodeLabels__: labels(accountProfile), __elementId__: id(accountProfile)}
	                                                                                                                                                                                                                                                                                                                ^
The query used a deprecated function. ('id' has been replaced by 'elementId or consider using an application-generated id')
2025-12-30 00:08:55.957  WARN --- [nio-8085-exec-1] o.s.data.neo4j.cypher.unrecognized       : Neo.ClientNotification.Statement.UnknownPropertyKeyWarning: The provided property key is not in the database
	MATCH (accountProfile:`account_profile`) WHERE accountProfile.user_id = $userId RETURN accountProfile{.address, .avatar, .banner, .bio, .createdAt, .created_at, .display_name, .first_name, .gender, .id, .isPublic, .last_name, .updated_at, .user_id, __nodeLabels__: labels(accountProfile), __elementId__: id(accountProfile)}
	                                                                                                                                                                  ^
One of the property names in your query is not available in the database, make sure you didn't misspell it or that the label is available when you run this statement in your application (the missing property name is: display_name)
2025-12-30 00:08:55.957  INFO --- [nio-8085-exec-1] c.f.p.s.impl.AccountProfileServiceImpl   : accountProfile AccountProfile(id=c6fefc83-6c7e-4114-80bb-8601aebf3cc9, userId=4ca23af0-999d-40fb-b661-93f72533a685, firstName=Fsocial, lastName= Official, displayName=null, bio=sấds, avatar=https://res.cloudinary.com/dwf2vqohm/image/upload/v1761496065/media_d7611628-72ff-458e-ac10-c9b6573ecdbd_cropped-image-1761496049679.png, banner=https://res.cloudinary.com/dwf2vqohm/image/upload/v1764172449/media_704487fe-3ddf-4569-a3e0-bca1b76eaf7c_cropped-image-1764172439493.png, gender=0, address=Bình Tan, Thành phố Hồ  Chí Minh, dob=2000-02-11, updatedAt=2025-12-16, createdAt=2025-10-16, isPublic=true)
2025-12-30 00:08:55.958  INFO --- [nio-8085-exec-1] c.f.p.s.impl.AccountProfileServiceImpl   : response ProfilePageResponse(firstName=Fsocial, lastName= Official, avatar=https://res.cloudinary.com/dwf2vqohm/image/upload/v1761496065/media_d7611628-72ff-458e-ac10-c9b6573ecdbd_cropped-image-1761496049679.png, banner=https://res.cloudinary.com/dwf2vqohm/image/upload/v1764172449/media_704487fe-3ddf-4569-a3e0-bca1b76eaf7c_cropped-image-1764172439493.png, bio=sấds, dob=2000-02-11, followers=null, address=Bình Tan, Thành phố Hồ  Chí Minh, isPublic=false)
2025-12-30 00:08:55.958 DEBUG --- [nio-8085-exec-1] o.s.d.n.c.t.Neo4jTransactionManager      : Initiating transaction commit
2025-12-30 00:08:56.060 DEBUG --- [nio-8085-exec-1] m.m.a.RequestResponseBodyMethodProcessor : Using 'application/json', given [application/json, text/plain, */*] and supported [application/json, application/*+json, application/yaml]
2025-12-30 00:08:56.060 DEBUG --- [nio-8085-exec-1] m.m.a.RequestResponseBodyMethodProcessor : Writing [ApiResponse(statusCode=200, message=Thao tác thành công., data=ProfilePageResponse(firstName=Fsocial (truncated)...]
2025-12-30 00:08:56.062 DEBUG --- [nio-8085-exec-1] o.s.web.servlet.DispatcherServlet        : Completed 200 OK
2025-12-30 00:08:56.085 DEBUG --- [nio-8085-exec-2] o.s.security.web.FilterChainProxy        : Securing GET /external/4ca23af0-999d-40fb-b661-93f72533a685
2025-12-30 00:08:56.086 DEBUG --- [nio-8085-exec-2] o.s.security.web.FilterChainProxy        : Secured GET /external/4ca23af0-999d-40fb-b661-93f72533a685
2025-12-30 00:08:56.086  INFO --- [nio-8085-exec-2] c.f.profileservice.config.AppConfig      : Request URI: /profile/external/4ca23af0-999d-40fb-b661-93f72533a685
2025-12-30 00:08:56.086 DEBUG --- [nio-8085-exec-2] o.s.web.servlet.DispatcherServlet        : GET "/profile/external/4ca23af0-999d-40fb-b661-93f72533a685", parameters={}
2025-12-30 00:08:56.087 DEBUG --- [nio-8085-exec-2] s.w.s.m.m.a.RequestMappingHandlerMapping : Mapped to com.fsocial.profileservice.controller.AccountProfileController#getProfileResponseByUserId(String)
2025-12-30 00:08:56.088 DEBUG --- [nio-8085-exec-2] o.s.d.n.c.t.Neo4jTransactionManager      : Creating new transaction with name [null]: PROPAGATION_REQUIRED,ISOLATION_DEFAULT
2025-12-30 00:08:56.269 DEBUG --- [nio-8085-exec-2] org.springframework.data.neo4j.cypher    : Executing:
MATCH (accountProfile:`account_profile`) WHERE accountProfile.user_id = $userId RETURN accountProfile{.address, .avatar, .banner, .bio, .createdAt, .created_at, .display_name, .first_name, .gender, .id, .isPublic, .last_name, .updated_at, .user_id, __nodeLabels__: labels(accountProfile), __elementId__: id(accountProfile)}
2025-12-30 00:08:56.327  WARN --- [nio-8085-exec-2] o.s.data.neo4j.cypher.deprecation        : Neo.ClientNotification.Statement.FeatureDeprecationWarning: This feature is deprecated and will be removed in future versions.
	MATCH (accountProfile:`account_profile`) WHERE accountProfile.user_id = $userId RETURN accountProfile{.address, .avatar, .banner, .bio, .createdAt, .created_at, .display_name, .first_name, .gender, .id, .isPublic, .last_name, .updated_at, .user_id, __nodeLabels__: labels(accountProfile), __elementId__: id(accountProfile)}
	                                                                                                                                                                                                                                                                                                                ^
The query used a deprecated function. ('id' has been replaced by 'elementId or consider using an application-generated id')
2025-12-30 00:08:56.327  WARN --- [nio-8085-exec-2] o.s.data.neo4j.cypher.unrecognized       : Neo.ClientNotification.Statement.UnknownPropertyKeyWarning: The provided property key is not in the database
	MATCH (accountProfile:`account_profile`) WHERE accountProfile.user_id = $userId RETURN accountProfile{.address, .avatar, .banner, .bio, .createdAt, .created_at, .display_name, .first_name, .gender, .id, .isPublic, .last_name, .updated_at, .user_id, __nodeLabels__: labels(accountProfile), __elementId__: id(accountProfile)}
	                                                                                                                                                                  ^
One of the property names in your query is not available in the database, make sure you didn't misspell it or that the label is available when you run this statement in your application (the missing property name is: display_name)
2025-12-30 00:08:56.327 DEBUG --- [nio-8085-exec-2] o.s.d.n.c.t.Neo4jTransactionManager      : Initiating transaction commit
2025-12-30 00:08:56.429 DEBUG --- [nio-8085-exec-2] m.m.a.RequestResponseBodyMethodProcessor : Using 'application/json', given [application/json] and supported [application/json, application/*+json, application/yaml]
2025-12-30 00:08:56.430 DEBUG --- [nio-8085-exec-2] m.m.a.RequestResponseBodyMethodProcessor : Writing [ProfileResponse(id=c6fefc83-6c7e-4114-80bb-8601aebf3cc9, firstName=Fsocial, lastName= Official, avat (truncated)...]
2025-12-30 00:08:56.430 DEBUG --- [nio-8085-exec-2] o.s.web.servlet.DispatcherServlet        : Completed 200 OK
2025-12-30 00:08:56.431 DEBUG --- [nio-8085-exec-2] o.s.s.w.a.AnonymousAuthenticationFilter  : Set SecurityContextHolder to anonymous SecurityContext
2025-12-30 00:08:56.537 DEBUG --- [nio-8085-exec-7] o.s.security.web.FilterChainProxy        : Securing GET /external/e7a4dee5-e7f9-40d2-83d8-621a5082a30d
2025-12-30 00:08:56.537 DEBUG --- [nio-8085-exec-7] o.s.security.web.FilterChainProxy        : Secured GET /external/e7a4dee5-e7f9-40d2-83d8-621a5082a30d
2025-12-30 00:08:56.537  INFO --- [nio-8085-exec-7] c.f.profileservice.config.AppConfig      : Request URI: /profile/external/e7a4dee5-e7f9-40d2-83d8-621a5082a30d
2025-12-30 00:08:56.537 DEBUG --- [nio-8085-exec-7] o.s.web.servlet.DispatcherServlet        : GET "/profile/external/e7a4dee5-e7f9-40d2-83d8-621a5082a30d", parameters={}
2025-12-30 00:08:56.537 DEBUG --- [nio-8085-exec-7] s.w.s.m.m.a.RequestMappingHandlerMapping : Mapped to com.fsocial.profileservice.controller.AccountProfileController#getProfileResponseByUserId(String)
2025-12-30 00:08:56.538 DEBUG --- [nio-8085-exec-7] o.s.d.n.c.t.Neo4jTransactionManager      : Creating new transaction with name [null]: PROPAGATION_REQUIRED,ISOLATION_DEFAULT
2025-12-30 00:08:56.712 DEBUG --- [nio-8085-exec-7] org.springframework.data.neo4j.cypher    : Executing:
MATCH (accountProfile:`account_profile`) WHERE accountProfile.user_id = $userId RETURN accountProfile{.address, .avatar, .banner, .bio, .createdAt, .created_at, .display_name, .first_name, .gender, .id, .isPublic, .last_name, .updated_at, .user_id, __nodeLabels__: labels(accountProfile), __elementId__: id(accountProfile)}
2025-12-30 00:08:56.766  WARN --- [nio-8085-exec-7] o.s.data.neo4j.cypher.deprecation        : Neo.ClientNotification.Statement.FeatureDeprecationWarning: This feature is deprecated and will be removed in future versions.
	MATCH (accountProfile:`account_profile`) WHERE accountProfile.user_id = $userId RETURN accountProfile{.address, .avatar, .banner, .bio, .createdAt, .created_at, .display_name, .first_name, .gender, .id, .isPublic, .last_name, .updated_at, .user_id, __nodeLabels__: labels(accountProfile), __elementId__: id(accountProfile)}
	                                                                                                                                                                                                                                                                                                                ^
The query used a deprecated function. ('id' has been replaced by 'elementId or consider using an application-generated id')
2025-12-30 00:08:56.766  WARN --- [nio-8085-exec-7] o.s.data.neo4j.cypher.unrecognized       : Neo.ClientNotification.Statement.UnknownPropertyKeyWarning: The provided property key is not in the database
	MATCH (accountProfile:`account_profile`) WHERE accountProfile.user_id = $userId RETURN accountProfile{.address, .avatar, .banner, .bio, .createdAt, .created_at, .display_name, .first_name, .gender, .id, .isPublic, .last_name, .updated_at, .user_id, __nodeLabels__: labels(accountProfile), __elementId__: id(accountProfile)}
	                                                                                                                                                                  ^
One of the property names in your query is not available in the database, make sure you didn't misspell it or that the label is available when you run this statement in your application (the missing property name is: display_name)
2025-12-30 00:08:56.766 DEBUG --- [nio-8085-exec-7] o.s.d.n.c.t.Neo4jTransactionManager      : Initiating transaction commit
2025-12-30 00:08:56.866 DEBUG --- [nio-8085-exec-7] m.m.a.RequestResponseBodyMethodProcessor : Using 'application/json', given [application/json] and supported [application/json, application/*+json, application/yaml]
2025-12-30 00:08:56.866 DEBUG --- [nio-8085-exec-7] m.m.a.RequestResponseBodyMethodProcessor : Writing [ProfileResponse(id=44f71889-7e11-479c-87f6-3e296dea7e40, firstName=Minh, lastName=Nguyen, avatar=)]
2025-12-30 00:08:56.867 DEBUG --- [nio-8085-exec-7] o.s.web.servlet.DispatcherServlet        : Completed 200 OK
2025-12-30 00:08:56.867 DEBUG --- [nio-8085-exec-7] o.s.s.w.a.AnonymousAuthenticationFilter  : Set SecurityContextHolder to anonymous SecurityContext
2025-12-30 00:08:56.966 DEBUG --- [nio-8085-exec-8] o.s.security.web.FilterChainProxy        : Securing GET /external/c01a789c-af0c-4bed-a2e6-86bd3f4747ef
2025-12-30 00:08:56.967 DEBUG --- [nio-8085-exec-8] o.s.security.web.FilterChainProxy        : Secured GET /external/c01a789c-af0c-4bed-a2e6-86bd3f4747ef
2025-12-30 00:08:56.967  INFO --- [nio-8085-exec-8] c.f.profileservice.config.AppConfig      : Request URI: /profile/external/c01a789c-af0c-4bed-a2e6-86bd3f4747ef
2025-12-30 00:08:56.967 DEBUG --- [nio-8085-exec-8] o.s.web.servlet.DispatcherServlet        : GET "/profile/external/c01a789c-af0c-4bed-a2e6-86bd3f4747ef", parameters={}
2025-12-30 00:08:56.967 DEBUG --- [nio-8085-exec-8] s.w.s.m.m.a.RequestMappingHandlerMapping : Mapped to com.fsocial.profileservice.controller.AccountProfileController#getProfileResponseByUserId(String)
2025-12-30 00:08:56.968 DEBUG --- [nio-8085-exec-8] o.s.d.n.c.t.Neo4jTransactionManager      : Creating new transaction with name [null]: PROPAGATION_REQUIRED,ISOLATION_DEFAULT
2025-12-30 00:08:57.141 DEBUG --- [nio-8085-exec-8] org.springframework.data.neo4j.cypher    : Executing:
MATCH (accountProfile:`account_profile`) WHERE accountProfile.user_id = $userId RETURN accountProfile{.address, .avatar, .banner, .bio, .createdAt, .created_at, .display_name, .first_name, .gender, .id, .isPublic, .last_name, .updated_at, .user_id, __nodeLabels__: labels(accountProfile), __elementId__: id(accountProfile)}
2025-12-30 00:08:57.198  WARN --- [nio-8085-exec-8] o.s.data.neo4j.cypher.deprecation        : Neo.ClientNotification.Statement.FeatureDeprecationWarning: This feature is deprecated and will be removed in future versions.
	MATCH (accountProfile:`account_profile`) WHERE accountProfile.user_id = $userId RETURN accountProfile{.address, .avatar, .banner, .bio, .createdAt, .created_at, .display_name, .first_name, .gender, .id, .isPublic, .last_name, .updated_at, .user_id, __nodeLabels__: labels(accountProfile), __elementId__: id(accountProfile)}
	                                                                                                                                                                                                                                                                                                                ^
The query used a deprecated function. ('id' has been replaced by 'elementId or consider using an application-generated id')
2025-12-30 00:08:57.198  WARN --- [nio-8085-exec-8] o.s.data.neo4j.cypher.unrecognized       : Neo.ClientNotification.Statement.UnknownPropertyKeyWarning: The provided property key is not in the database
	MATCH (accountProfile:`account_profile`) WHERE accountProfile.user_id = $userId RETURN accountProfile{.address, .avatar, .banner, .bio, .createdAt, .created_at, .display_name, .first_name, .gender, .id, .isPublic, .last_name, .updated_at, .user_id, __nodeLabels__: labels(accountProfile), __elementId__: id(accountProfile)}
	                                                                                                                                                                  ^
One of the property names in your query is not available in the database, make sure you didn't misspell it or that the label is available when you run this statement in your application (the missing property name is: display_name)
2025-12-30 00:08:57.198 DEBUG --- [nio-8085-exec-8] o.s.d.n.c.t.Neo4jTransactionManager      : Initiating transaction commit
2025-12-30 00:08:57.299 DEBUG --- [nio-8085-exec-8] m.m.a.RequestResponseBodyMethodProcessor : Using 'application/json', given [application/json] and supported [application/json, application/*+json, application/yaml]
2025-12-30 00:08:57.299 DEBUG --- [nio-8085-exec-8] m.m.a.RequestResponseBodyMethodProcessor : Writing [ProfileResponse(id=c43fab09-1fd8-47b7-9c25-23f603b721f5, firstName=Max, lastName=Bean, avatar=)]
2025-12-30 00:08:57.299 DEBUG --- [nio-8085-exec-8] o.s.web.servlet.DispatcherServlet        : Completed 200 OK
2025-12-30 00:08:57.299 DEBUG --- [nio-8085-exec-8] o.s.s.w.a.AnonymousAuthenticationFilter  : Set SecurityContextHolder to anonymous SecurityContext
2025-12-30 00:08:57.403 DEBUG --- [nio-8085-exec-4] o.s.security.web.FilterChainProxy        : Securing GET /external/e7a4dee5-e7f9-40d2-83d8-621a5082a30d
2025-12-30 00:08:57.404 DEBUG --- [nio-8085-exec-4] o.s.security.web.FilterChainProxy        : Secured GET /external/e7a4dee5-e7f9-40d2-83d8-621a5082a30d
2025-12-30 00:08:57.404  INFO --- [nio-8085-exec-4] c.f.profileservice.config.AppConfig      : Request URI: /profile/external/e7a4dee5-e7f9-40d2-83d8-621a5082a30d
2025-12-30 00:08:57.404 DEBUG --- [nio-8085-exec-4] o.s.web.servlet.DispatcherServlet        : GET "/profile/external/e7a4dee5-e7f9-40d2-83d8-621a5082a30d", parameters={}
2025-12-30 00:08:57.404 DEBUG --- [nio-8085-exec-4] s.w.s.m.m.a.RequestMappingHandlerMapping : Mapped to com.fsocial.profileservice.controller.AccountProfileController#getProfileResponseByUserId(String)
2025-12-30 00:08:57.405 DEBUG --- [nio-8085-exec-4] o.s.d.n.c.t.Neo4jTransactionManager      : Creating new transaction with name [null]: PROPAGATION_REQUIRED,ISOLATION_DEFAULT
2025-12-30 00:08:57.578 DEBUG --- [nio-8085-exec-4] org.springframework.data.neo4j.cypher    : Executing:
MATCH (accountProfile:`account_profile`) WHERE accountProfile.user_id = $userId RETURN accountProfile{.address, .avatar, .banner, .bio, .createdAt, .created_at, .display_name, .first_name, .gender, .id, .isPublic, .last_name, .updated_at, .user_id, __nodeLabels__: labels(accountProfile), __elementId__: id(accountProfile)}
2025-12-30 00:08:57.635  WARN --- [nio-8085-exec-4] o.s.data.neo4j.cypher.deprecation        : Neo.ClientNotification.Statement.FeatureDeprecationWarning: This feature is deprecated and will be removed in future versions.
	MATCH (accountProfile:`account_profile`) WHERE accountProfile.user_id = $userId RETURN accountProfile{.address, .avatar, .banner, .bio, .createdAt, .created_at, .display_name, .first_name, .gender, .id, .isPublic, .last_name, .updated_at, .user_id, __nodeLabels__: labels(accountProfile), __elementId__: id(accountProfile)}
	                                                                                                                                                                                                                                                                                                                ^
The query used a deprecated function. ('id' has been replaced by 'elementId or consider using an application-generated id')
2025-12-30 00:08:57.635  WARN --- [nio-8085-exec-4] o.s.data.neo4j.cypher.unrecognized       : Neo.ClientNotification.Statement.UnknownPropertyKeyWarning: The provided property key is not in the database
	MATCH (accountProfile:`account_profile`) WHERE accountProfile.user_id = $userId RETURN accountProfile{.address, .avatar, .banner, .bio, .createdAt, .created_at, .display_name, .first_name, .gender, .id, .isPublic, .last_name, .updated_at, .user_id, __nodeLabels__: labels(accountProfile), __elementId__: id(accountProfile)}
	                                                                                                                                                                  ^
One of the property names in your query is not available in the database, make sure you didn't misspell it or that the label is available when you run this statement in your application (the missing property name is: display_name)
2025-12-30 00:08:57.636 DEBUG --- [nio-8085-exec-4] o.s.d.n.c.t.Neo4jTransactionManager      : Initiating transaction commit
2025-12-30 00:08:57.737 DEBUG --- [nio-8085-exec-4] m.m.a.RequestResponseBodyMethodProcessor : Using 'application/json', given [application/json] and supported [application/json, application/*+json, application/yaml]
2025-12-30 00:08:57.737 DEBUG --- [nio-8085-exec-4] m.m.a.RequestResponseBodyMethodProcessor : Writing [ProfileResponse(id=44f71889-7e11-479c-87f6-3e296dea7e40, firstName=Minh, lastName=Nguyen, avatar=)]
2025-12-30 00:08:57.738 DEBUG --- [nio-8085-exec-4] o.s.web.servlet.DispatcherServlet        : Completed 200 OK
2025-12-30 00:08:57.738 DEBUG --- [nio-8085-exec-4] o.s.s.w.a.AnonymousAuthenticationFilter  : Set SecurityContextHolder to anonymous SecurityContext
2025-12-30 00:09:29.705 DEBUG --- [ SIGINT handler] java.lang.Runtime                        : Runtime.exit() called with status: 130
java.lang.Throwable: Runtime.exit(130)
	at java.base/java.lang.Shutdown.logRuntimeExit(Shutdown.java:179)
	at java.base/java.lang.Shutdown.exit(Shutdown.java:160)
	at java.base/java.lang.Terminator$1.handle(Terminator.java:51)
	at java.base/jdk.internal.misc.Signal$1.run(Signal.java:218)
	at java.base/java.lang.Thread.run(Thread.java:1583)
2025-12-30 00:09:29.729 DEBUG --- [ionShutdownHook] o.s.b.a.ApplicationAvailabilityBean      : Application availability state ReadinessState changed from ACCEPTING_TRAFFIC to REFUSING_TRAFFIC
2025-12-30 00:09:29.731 DEBUG --- [ionShutdownHook] ConfigServletWebServerApplicationContext : Closing org.springframework.boot.web.servlet.context.AnnotationConfigServletWebServerApplicationContext@fb4de74, started on Mon Dec 29 23:08:12 ICT 2025
2025-12-30 00:09:29.752 DEBUG --- [ionShutdownHook] o.s.c.support.DefaultLifecycleProcessor  : Stopping beans in phase 2147483647
2025-12-30 00:09:29.763 DEBUG --- [ionShutdownHook] o.s.a.r.l.SimpleMessageListenerContainer : Shutting down Rabbit listener container
2025-12-30 00:09:30.050 DEBUG --- [ntContainer#0-1] o.s.a.r.l.SimpleMessageListenerContainer : Cancelling Consumer@13966b90: tags=[[amq.ctag-_DiNBwg9zweIw5pwuYFusDK7756La7H5]], channel=Cached Rabbit Channel: AMQChannel(amqp://ddvrnvxz@34.237.157.33:5672/ddvrnvxz,1), conn: Proxy@112e9816 Shared Rabbit Connection: SimpleConnection@46c024be [delegate=amqp://ddvrnvxz@34.237.157.33:5672/ddvrnvxz, localPort=63242], acknowledgeMode=AUTO local queue size=0
2025-12-30 00:09:30.050 DEBUG --- [pool-7-thread-4] o.s.a.r.listener.BlockingQueueConsumer   : Received cancelOk for tag amq.ctag-_DiNBwg9zweIw5pwuYFusDK7756La7H5 (profileservice.create-profile); Consumer@13966b90: tags=[[amq.ctag-_DiNBwg9zweIw5pwuYFusDK7756La7H5]], channel=Cached Rabbit Channel: AMQChannel(amqp://ddvrnvxz@34.237.157.33:5672/ddvrnvxz,1), conn: Proxy@112e9816 Shared Rabbit Connection: SimpleConnection@46c024be [delegate=amqp://ddvrnvxz@34.237.157.33:5672/ddvrnvxz, localPort=63242], acknowledgeMode=AUTO local queue size=0
2025-12-30 00:09:30.050 DEBUG --- [ntContainer#0-1] o.s.a.r.listener.BlockingQueueConsumer   : Closing Rabbit Channel: Cached Rabbit Channel: AMQChannel(amqp://ddvrnvxz@34.237.157.33:5672/ddvrnvxz,1), conn: Proxy@112e9816 Shared Rabbit Connection: SimpleConnection@46c024be [delegate=amqp://ddvrnvxz@34.237.157.33:5672/ddvrnvxz, localPort=63242]
2025-12-30 00:09:30.050 DEBUG --- [ntContainer#0-1] o.s.a.r.c.CachingConnectionFactory       : Closing cached Channel: AMQChannel(amqp://ddvrnvxz@34.237.157.33:5672/ddvrnvxz,1)
2025-12-30 00:09:30.050  INFO --- [ntContainer#0-2] o.s.a.r.l.SimpleMessageListenerContainer : Waiting for workers to finish.
2025-12-30 00:09:30.050  INFO --- [ntContainer#0-2] o.s.a.r.l.SimpleMessageListenerContainer : Successfully waited for workers to finish.
2025-12-30 00:09:30.050 DEBUG --- [ntContainer#0-2] o.s.c.support.DefaultLifecycleProcessor  : Bean 'org.springframework.amqp.rabbit.config.internalRabbitListenerEndpointRegistry' completed its stop procedure
2025-12-30 00:09:30.058 DEBUG --- [ionShutdownHook] o.s.d.r.l.RedisMessageListenerContainer  : Stopped RedisMessageListenerContainer
2025-12-30 00:09:30.059 DEBUG --- [ionShutdownHook] o.s.c.support.DefaultLifecycleProcessor  : Bean 'redisKeyValueAdapter' completed its stop procedure
2025-12-30 00:09:30.059 DEBUG --- [ionShutdownHook] o.s.c.support.DefaultLifecycleProcessor  : Stopping beans in phase 2147483547
2025-12-30 00:09:30.059 DEBUG --- [ionShutdownHook] o.s.c.support.DefaultLifecycleProcessor  : Bean 'org.springframework.kafka.config.internalKafkaListenerEndpointRegistry' completed its stop procedure
2025-12-30 00:09:30.059 DEBUG --- [ionShutdownHook] o.s.c.support.DefaultLifecycleProcessor  : Stopping beans in phase 2147482623
2025-12-30 00:09:30.059  INFO --- [ionShutdownHook] o.s.b.w.e.tomcat.GracefulShutdown        : Commencing graceful shutdown. Waiting for active requests to complete
2025-12-30 00:09:30.070  INFO --- [tomcat-shutdown] o.s.b.w.e.tomcat.GracefulShutdown        : Graceful shutdown complete
2025-12-30 00:09:30.070 DEBUG --- [tomcat-shutdown] o.s.c.support.DefaultLifecycleProcessor  : Bean 'webServerGracefulShutdown' completed its stop procedure
2025-12-30 00:09:30.070 DEBUG --- [ionShutdownHook] o.s.c.support.DefaultLifecycleProcessor  : Stopping beans in phase 2147481599
2025-12-30 00:09:30.077 DEBUG --- [ionShutdownHook] o.s.c.support.DefaultLifecycleProcessor  : Bean 'webServerStartStop' completed its stop procedure
2025-12-30 00:09:30.077 DEBUG --- [ionShutdownHook] o.s.c.support.DefaultLifecycleProcessor  : Stopping beans in phase 1073741823
2025-12-30 00:09:30.077 DEBUG --- [ionShutdownHook] o.s.c.support.DefaultLifecycleProcessor  : Bean 'applicationTaskExecutor' completed its stop procedure
2025-12-30 00:09:30.077 DEBUG --- [ionShutdownHook] o.s.c.support.DefaultLifecycleProcessor  : Stopping beans in phase 0
2025-12-30 00:09:30.195 DEBUG --- [ionShutdownHook] o.s.c.support.DefaultLifecycleProcessor  : Bean 'redisConnectionFactory' completed its stop procedure
2025-12-30 00:09:30.195 DEBUG --- [ionShutdownHook] o.s.c.support.DefaultLifecycleProcessor  : Successfully stopped bean 'refreshScopeLifecycle'
2025-12-30 00:09:30.195 DEBUG --- [ionShutdownHook] o.s.c.support.DefaultLifecycleProcessor  : Stopping beans in phase -2147483647
2025-12-30 00:09:30.195 DEBUG --- [ionShutdownHook] o.s.c.support.DefaultLifecycleProcessor  : Bean 'springBootLoggingLifecycle' completed its stop procedure
2025-12-30 00:09:30.195 DEBUG --- [ionShutdownHook] o.s.c.support.DefaultLifecycleProcessor  : Stopping beans in phase -2147483648
2025-12-30 00:09:30.618 DEBUG --- [ionShutdownHook] o.s.c.support.DefaultLifecycleProcessor  : Bean 'rabbitConnectionFactory' completed its stop procedure
2025-12-30 00:09:30.618 DEBUG --- [ionShutdownHook] o.s.c.support.DefaultLifecycleProcessor  : Bean 'kafkaProducerFactory' completed its stop procedure
2025-12-30 00:09:30.621 DEBUG --- [ionShutdownHook] o.s.b.f.support.DisposableBeanAdapter    : Custom destroy method 'shutdown' on bean with name 'lettuceClientResources' completed asynchronously
2025-12-30 00:09:30.621 DEBUG --- [ionShutdownHook] o.s.s.concurrent.ThreadPoolTaskExecutor  : Shutting down ExecutorService 'applicationTaskExecutor'
2025-12-30 00:09:30.621 DEBUG --- [ionShutdownHook] o.s.a.r.l.SimpleMessageListenerContainer : Shutdown ignored - container is not active already
2025-12-30 00:09:30.621 DEBUG --- [ionShutdownHook] s.c.a.AnnotationConfigApplicationContext : Closing FeignClientFactory-postService, started on Mon Dec 29 23:08:13 ICT 2025, parent: org.springframework.boot.web.servlet.context.AnnotationConfigServletWebServerApplicationContext@fb4de74
2025-12-30 00:09:30.627 DEBUG --- [ionShutdownHook] o.s.j.e.a.AnnotationMBeanExporter        : Unregistering JMX-exposed beans on shutdown
2025-12-30 00:09:30.627 DEBUG --- [ionShutdownHook] o.s.j.e.a.AnnotationMBeanExporter        : Unregistering JMX-exposed beans
2025-12-30 22:35:49.922 DEBUG --- [kground-preinit] org.jboss.logging                        : Logging Provider: org.jboss.logging.Slf4jLoggerProvider found via system property
2025-12-30 22:35:49.966  INFO --- [  restartedMain] c.f.p.ProfileServiceApplication          : Starting ProfileServiceApplication using Java 21.0.5 with PID 13416 (C:\Users\acer\OneDrive\Workspace\Fsocial\Fsocial_be\profileService\target\classes started by acer in C:\Users\acer\OneDrive\Workspace\Fsocial\Fsocial_be)
2025-12-30 22:35:49.967 DEBUG --- [  restartedMain] c.f.p.ProfileServiceApplication          : Running with Spring Boot v3.4.1, Spring v6.2.1
2025-12-30 22:35:49.968  INFO --- [  restartedMain] c.f.p.ProfileServiceApplication          : The following 1 profile is active: "dev"
2025-12-30 22:35:49.968 DEBUG --- [  restartedMain] o.s.boot.SpringApplication               : Loading source class com.fsocial.profileservice.ProfileServiceApplication
2025-12-30 22:35:50.030 DEBUG --- [  restartedMain] o.s.b.devtools.restart.ChangeableUrls    : Matching URLs for reloading : [file:/C:/Users/acer/OneDrive/Workspace/Fsocial/Fsocial_be/profileService/target/classes/]
2025-12-30 22:35:50.030 DEBUG --- [  restartedMain] o.s.b.d.settings.DevToolsSettings        : Included patterns for restart : []
2025-12-30 22:35:50.030 DEBUG --- [  restartedMain] o.s.b.d.settings.DevToolsSettings        : Excluded patterns for restart : [/spring-boot-starter-[\w-]+/, /spring-boot/(bin|build|out)/, /spring-boot-starter/(bin|build|out)/, /spring-boot-devtools/(bin|build|out)/, /spring-boot-actuator/(bin|build|out)/, /spring-boot-autoconfigure/(bin|build|out)/]
2025-12-30 22:35:50.030  INFO --- [  restartedMain] .e.DevToolsPropertyDefaultsPostProcessor : Devtools property defaults active! Set 'spring.devtools.add-properties' to 'false' to disable
2025-12-30 22:35:50.031  INFO --- [  restartedMain] .e.DevToolsPropertyDefaultsPostProcessor : For additional web related logging consider setting the 'logging.level.web' property to 'DEBUG'
2025-12-30 22:35:50.032 DEBUG --- [  restartedMain] ConfigServletWebServerApplicationContext : Refreshing org.springframework.boot.web.servlet.context.AnnotationConfigServletWebServerApplicationContext@2afacb41
2025-12-30 22:35:50.052 DEBUG --- [  restartedMain] o.s.b.f.s.DefaultListableBeanFactory     : Creating shared instance of singleton bean 'org.springframework.context.annotation.internalConfigurationAnnotationProcessor'
2025-12-30 22:35:50.073 DEBUG --- [  restartedMain] o.s.b.f.s.DefaultListableBeanFactory     : Creating shared instance of singleton bean 'org.springframework.boot.autoconfigure.internalCachingMetadataReaderFactory'
2025-12-30 22:35:50.178 DEBUG --- [  restartedMain] o.s.c.a.ClassPathBeanDefinitionScanner   : Identified candidate component class: file [C:\Users\acer\OneDrive\Workspace\Fsocial\Fsocial_be\profileService\target\classes\com\fsocial\profileservice\comsumer\ProfileConsumer.class]
2025-12-30 22:35:50.193 DEBUG --- [  restartedMain] o.s.c.a.ClassPathBeanDefinitionScanner   : Identified candidate component class: file [C:\Users\acer\OneDrive\Workspace\Fsocial\Fsocial_be\profileService\target\classes\com\fsocial\profileservice\config\AppConfig.class]
2025-12-30 22:35:50.196 DEBUG --- [  restartedMain] o.s.c.a.ClassPathBeanDefinitionScanner   : Identified candidate component class: file [C:\Users\acer\OneDrive\Workspace\Fsocial\Fsocial_be\profileService\target\classes\com\fsocial\profileservice\config\AuditingConfig.class]
2025-12-30 22:35:50.198 DEBUG --- [  restartedMain] o.s.c.a.ClassPathBeanDefinitionScanner   : Identified candidate component class: file [C:\Users\acer\OneDrive\Workspace\Fsocial\Fsocial_be\profileService\target\classes\com\fsocial\profileservice\config\CorsConfig.class]
2025-12-30 22:35:50.200 DEBUG --- [  restartedMain] o.s.c.a.ClassPathBeanDefinitionScanner   : Identified candidate component class: file [C:\Users\acer\OneDrive\Workspace\Fsocial\Fsocial_be\profileService\target\classes\com\fsocial\profileservice\config\CustomJwtDecode.class]
2025-12-30 22:35:50.204 DEBUG --- [  restartedMain] o.s.c.a.ClassPathBeanDefinitionScanner   : Identified candidate component class: file [C:\Users\acer\OneDrive\Workspace\Fsocial\Fsocial_be\profileService\target\classes\com\fsocial\profileservice\config\OpenAPIConfig.class]
2025-12-30 22:35:50.206 DEBUG --- [  restartedMain] o.s.c.a.ClassPathBeanDefinitionScanner   : Identified candidate component class: file [C:\Users\acer\OneDrive\Workspace\Fsocial\Fsocial_be\profileService\target\classes\com\fsocial\profileservice\config\RabbitMQConfig.class]
2025-12-30 22:35:50.209 DEBUG --- [  restartedMain] o.s.c.a.ClassPathBeanDefinitionScanner   : Identified candidate component class: file [C:\Users\acer\OneDrive\Workspace\Fsocial\Fsocial_be\profileService\target\classes\com\fsocial\profileservice\config\RedisConfig.class]
2025-12-30 22:35:50.211 DEBUG --- [  restartedMain] o.s.c.a.ClassPathBeanDefinitionScanner   : Identified candidate component class: file [C:\Users\acer\OneDrive\Workspace\Fsocial\Fsocial_be\profileService\target\classes\com\fsocial\profileservice\config\RestTemplateConfig.class]
2025-12-30 22:35:50.229 DEBUG --- [  restartedMain] o.s.c.a.ClassPathBeanDefinitionScanner   : Identified candidate component class: file [C:\Users\acer\OneDrive\Workspace\Fsocial\Fsocial_be\profileService\target\classes\com\fsocial\profileservice\controller\AccountProfileController.class]
2025-12-30 22:35:50.232 DEBUG --- [  restartedMain] o.s.c.a.ClassPathBeanDefinitionScanner   : Identified candidate component class: file [C:\Users\acer\OneDrive\Workspace\Fsocial\Fsocial_be\profileService\target\classes\com\fsocial\profileservice\controller\APIProfileInternal.class]
2025-12-30 22:35:50.236 DEBUG --- [  restartedMain] o.s.c.a.ClassPathBeanDefinitionScanner   : Identified candidate component class: file [C:\Users\acer\OneDrive\Workspace\Fsocial\Fsocial_be\profileService\target\classes\com\fsocial\profileservice\controller\CheckConnection.class]
2025-12-30 22:35:50.241 DEBUG --- [  restartedMain] o.s.c.a.ClassPathBeanDefinitionScanner   : Identified candidate component class: file [C:\Users\acer\OneDrive\Workspace\Fsocial\Fsocial_be\profileService\target\classes\com\fsocial\profileservice\controller\FollowController.class]
2025-12-30 22:35:50.243 DEBUG --- [  restartedMain] o.s.c.a.ClassPathBeanDefinitionScanner   : Identified candidate component class: file [C:\Users\acer\OneDrive\Workspace\Fsocial\Fsocial_be\profileService\target\classes\com\fsocial\profileservice\controller\ProfileController.class]
2025-12-30 22:35:50.309 DEBUG --- [  restartedMain] o.s.c.a.ClassPathBeanDefinitionScanner   : Identified candidate component class: file [C:\Users\acer\OneDrive\Workspace\Fsocial\Fsocial_be\profileService\target\classes\com\fsocial\profileservice\exception\GlobalExceptionHandler.class]
2025-12-30 22:35:50.313 DEBUG --- [  restartedMain] o.s.c.a.ClassPathBeanDefinitionScanner   : Identified candidate component class: file [C:\Users\acer\OneDrive\Workspace\Fsocial\Fsocial_be\profileService\target\classes\com\fsocial\profileservice\mapper\AccountProfileMapperImpl.class]
2025-12-30 22:35:50.318 DEBUG --- [  restartedMain] o.s.c.a.ClassPathBeanDefinitionScanner   : Ignored because not a concrete top-level class: file [C:\Users\acer\OneDrive\Workspace\Fsocial\Fsocial_be\profileService\target\classes\com\fsocial\profileservice\repository\AccountProfileRepository.class]
2025-12-30 22:35:50.325 DEBUG --- [  restartedMain] o.s.c.a.ClassPathBeanDefinitionScanner   : Ignored because not a concrete top-level class: file [C:\Users\acer\OneDrive\Workspace\Fsocial\Fsocial_be\profileService\target\classes\com\fsocial\profileservice\repository\ProfileRepository.class]
2025-12-30 22:35:50.332 DEBUG --- [  restartedMain] o.s.c.a.ClassPathBeanDefinitionScanner   : Identified candidate component class: file [C:\Users\acer\OneDrive\Workspace\Fsocial\Fsocial_be\profileService\target\classes\com\fsocial\profileservice\services\impl\AccountProfileServiceImpl.class]
2025-12-30 22:35:50.334 DEBUG --- [  restartedMain] o.s.c.a.ClassPathBeanDefinitionScanner   : Identified candidate component class: file [C:\Users\acer\OneDrive\Workspace\Fsocial\Fsocial_be\profileService\target\classes\com\fsocial\profileservice\services\impl\FollowServiceImpl.class]
2025-12-30 22:35:50.335 DEBUG --- [  restartedMain] o.s.c.a.ClassPathBeanDefinitionScanner   : Identified candidate component class: file [C:\Users\acer\OneDrive\Workspace\Fsocial\Fsocial_be\profileService\target\classes\com\fsocial\profileservice\services\impl\ProfileServiceImpl.class]
2025-12-30 22:35:51.056 DEBUG --- [  restartedMain] o.s.c.openfeign.FeignClientsRegistrar$1  : Identified candidate component class: file [C:\Users\acer\OneDrive\Workspace\Fsocial\Fsocial_be\profileService\target\classes\com\fsocial\profileservice\repository\httpClient\AccountClient.class]
2025-12-30 22:35:51.057 DEBUG --- [  restartedMain] o.s.c.openfeign.FeignClientsRegistrar$1  : Identified candidate component class: file [C:\Users\acer\OneDrive\Workspace\Fsocial\Fsocial_be\profileService\target\classes\com\fsocial\profileservice\repository\httpClient\NotificationClient.class]
2025-12-30 22:35:51.057 DEBUG --- [  restartedMain] o.s.c.openfeign.FeignClientsRegistrar$1  : Identified candidate component class: file [C:\Users\acer\OneDrive\Workspace\Fsocial\Fsocial_be\profileService\target\classes\com\fsocial\profileservice\repository\httpClient\PostClient.class]
2025-12-30 22:35:51.510  INFO --- [  restartedMain] .s.d.r.c.RepositoryConfigurationDelegate : Multiple Spring Data modules found, entering strict repository configuration mode
2025-12-30 22:35:51.514 DEBUG --- [  restartedMain] o.s.d.n.repository.config.StartupLogger  : Bootstrapping reactive Neo4j repositories based on SDN v7.4.1 with Spring Data Commons v3.4.1 and Neo4j Driver v5.25.0.
2025-12-30 22:35:51.515  INFO --- [  restartedMain] .s.d.r.c.RepositoryConfigurationDelegate : Bootstrapping Spring Data Neo4j repositories in DEFAULT mode.
2025-12-30 22:35:51.523 DEBUG --- [  restartedMain] o.s.b.f.s.DefaultListableBeanFactory     : Creating shared instance of singleton bean 'org.springframework.boot.autoconfigure.AutoConfigurationPackages'
2025-12-30 22:35:51.531 DEBUG --- [  restartedMain] o.s.b.a.AutoConfigurationPackages        : @EnableAutoConfiguration was declared on a class in the package 'com.fsocial.profileservice'. Automatic @Repository and @Entity scanning is enabled.
2025-12-30 22:35:51.532 DEBUG --- [  restartedMain] .s.d.r.c.RepositoryConfigurationDelegate : Scanning for Neo4j repositories in packages com.fsocial.profileservice.
2025-12-30 22:35:51.552 DEBUG --- [  restartedMain] o.s.d.r.c.RepositoryComponentProvider    : Identified candidate component class: file [C:\Users\acer\OneDrive\Workspace\Fsocial\Fsocial_be\profileService\target\classes\com\fsocial\profileservice\repository\AccountProfileRepository.class]
2025-12-30 22:35:51.553 DEBUG --- [  restartedMain] o.s.d.r.c.RepositoryComponentProvider    : Identified candidate component class: file [C:\Users\acer\OneDrive\Workspace\Fsocial\Fsocial_be\profileService\target\classes\com\fsocial\profileservice\repository\ProfileRepository.class]
2025-12-30 22:35:51.676  INFO --- [  restartedMain] .s.d.r.c.RepositoryConfigurationDelegate : Finished Spring Data repository scanning in 142 ms. Found 0 Neo4j repository interfaces.
2025-12-30 22:35:51.684  INFO --- [  restartedMain] .s.d.r.c.RepositoryConfigurationDelegate : Multiple Spring Data modules found, entering strict repository configuration mode
2025-12-30 22:35:51.684 DEBUG --- [  restartedMain] o.s.d.n.repository.config.StartupLogger  : Bootstrapping imperative Neo4j repositories based on SDN v7.4.1 with Spring Data Commons v3.4.1 and Neo4j Driver v5.25.0.
2025-12-30 22:35:51.684  INFO --- [  restartedMain] .s.d.r.c.RepositoryConfigurationDelegate : Bootstrapping Spring Data Neo4j repositories in DEFAULT mode.
2025-12-30 22:35:51.686 DEBUG --- [  restartedMain] .s.d.r.c.RepositoryConfigurationDelegate : Scanning for Neo4j repositories in packages com.fsocial.profileservice.
2025-12-30 22:35:51.697 DEBUG --- [  restartedMain] o.s.d.r.c.RepositoryComponentProvider    : Identified candidate component class: file [C:\Users\acer\OneDrive\Workspace\Fsocial\Fsocial_be\profileService\target\classes\com\fsocial\profileservice\repository\AccountProfileRepository.class]
2025-12-30 22:35:51.697 DEBUG --- [  restartedMain] o.s.d.r.c.RepositoryComponentProvider    : Identified candidate component class: file [C:\Users\acer\OneDrive\Workspace\Fsocial\Fsocial_be\profileService\target\classes\com\fsocial\profileservice\repository\ProfileRepository.class]
2025-12-30 22:35:51.710 DEBUG --- [  restartedMain] ssPathScanningCandidateComponentProvider : Identified candidate component class: file [C:\Users\acer\OneDrive\Workspace\Fsocial\Fsocial_be\profileService\target\classes\com\fsocial\profileservice\mapper\AccountProfileMapperImpl.class]
2025-12-30 22:35:51.710 DEBUG --- [  restartedMain] ssPathScanningCandidateComponentProvider : Identified candidate component class: file [C:\Users\acer\OneDrive\Workspace\Fsocial\Fsocial_be\profileService\target\classes\com\fsocial\profileservice\services\impl\AccountProfileServiceImpl.class]
2025-12-30 22:35:51.710 DEBUG --- [  restartedMain] ssPathScanningCandidateComponentProvider : Identified candidate component class: file [C:\Users\acer\OneDrive\Workspace\Fsocial\Fsocial_be\profileService\target\classes\com\fsocial\profileservice\services\impl\FollowServiceImpl.class]
2025-12-30 22:35:51.710 DEBUG --- [  restartedMain] ssPathScanningCandidateComponentProvider : Identified candidate component class: file [C:\Users\acer\OneDrive\Workspace\Fsocial\Fsocial_be\profileService\target\classes\com\fsocial\profileservice\services\impl\ProfileServiceImpl.class]
2025-12-30 22:35:51.728  INFO --- [  restartedMain] .s.d.r.c.RepositoryConfigurationDelegate : Finished Spring Data repository scanning in 42 ms. Found 2 Neo4j repository interfaces.
2025-12-30 22:35:51.744  INFO --- [  restartedMain] .s.d.r.c.RepositoryConfigurationDelegate : Multiple Spring Data modules found, entering strict repository configuration mode
2025-12-30 22:35:51.746  INFO --- [  restartedMain] .s.d.r.c.RepositoryConfigurationDelegate : Bootstrapping Spring Data Redis repositories in DEFAULT mode.
2025-12-30 22:35:51.756 DEBUG --- [  restartedMain] .s.d.r.c.RepositoryConfigurationDelegate : Scanning for Redis repositories in packages com.fsocial.profileservice.
2025-12-30 22:35:51.763 DEBUG --- [  restartedMain] o.s.d.r.c.RepositoryComponentProvider    : Identified candidate component class: file [C:\Users\acer\OneDrive\Workspace\Fsocial\Fsocial_be\profileService\target\classes\com\fsocial\profileservice\repository\AccountProfileRepository.class]
2025-12-30 22:35:51.763 DEBUG --- [  restartedMain] o.s.d.r.c.RepositoryComponentProvider    : Identified candidate component class: file [C:\Users\acer\OneDrive\Workspace\Fsocial\Fsocial_be\profileService\target\classes\com\fsocial\profileservice\repository\ProfileRepository.class]
2025-12-30 22:35:51.765  INFO --- [  restartedMain] .RepositoryConfigurationExtensionSupport : Spring Data Redis - Could not safely identify store assignment for repository candidate interface com.fsocial.profileservice.repository.AccountProfileRepository; If you want this repository to be a Redis repository, consider annotating your entities with one of these annotations: org.springframework.data.redis.core.RedisHash (preferred), or consider extending one of the following types with your repository: org.springframework.data.keyvalue.repository.KeyValueRepository
2025-12-30 22:35:51.765  INFO --- [  restartedMain] .RepositoryConfigurationExtensionSupport : Spring Data Redis - Could not safely identify store assignment for repository candidate interface com.fsocial.profileservice.repository.ProfileRepository; If you want this repository to be a Redis repository, consider annotating your entities with one of these annotations: org.springframework.data.redis.core.RedisHash (preferred), or consider extending one of the following types with your repository: org.springframework.data.keyvalue.repository.KeyValueRepository
2025-12-30 22:35:51.765  INFO --- [  restartedMain] .s.d.r.c.RepositoryConfigurationDelegate : Finished Spring Data repository scanning in 9 ms. Found 0 Redis repository interfaces.
2025-12-30 22:35:51.933 DEBUG --- [  restartedMain] o.s.b.f.s.DefaultListableBeanFactory     : Creating shared instance of singleton bean 'refreshScope'
2025-12-30 22:35:51.936 DEBUG --- [  restartedMain] o.s.b.f.s.DefaultListableBeanFactory     : Creating shared instance of singleton bean 'springSecurityHandlerMappingIntrospectorBeanDefinitionRegistryPostProcessor'
2025-12-30 22:35:51.937 DEBUG --- [  restartedMain] o.s.b.f.s.DefaultListableBeanFactory     : Creating shared instance of singleton bean 'org.springframework.cloud.autoconfigure.RefreshAutoConfiguration$RefreshScopeBeanDefinitionEnhancer'
2025-12-30 22:35:52.054 DEBUG --- [  restartedMain] o.s.cloud.context.scope.GenericScope     : Generating bean factory id from names: [APIProfileInternal, accountProfileController, accountProfileMapperImpl, accountProfileRepository, accountProfileServiceImpl, accountService.FeignClientSpecification, additionalModelsConverter, amqpAdmin, appConfig, applicationAvailability, applicationTaskExecutor, auditingConfig, auditorAware, authenticationEventPublisher, authenticationManagerBuilder, authenticationManagerPostProcessor, basicErrorController, beanNameHandlerMapping, beanNameViewResolver, booleanRedisTemplate, characterEncodingFilter, checkConnection, classPathFileSystemWatcher, classPathRestartStrategy, clientHttpRequestFactoryBuilder, clientHttpRequestFactorySettings, com.fsocial.profileservice.repository.httpClient.AccountClient, com.fsocial.profileservice.repository.httpClient.NotificationClient, com.fsocial.profileservice.repository.httpClient.PostClient, compositeCompatibilityVerifier, compositeDiscoveryClient, conditionEvaluationDeltaLoggingListener, configDataContextRefresher, configurationPropertiesBeans, configurationPropertiesRebinder, conventionErrorViewResolver, conversionServicePostProcessor, corsConfig, corsWebFilter, customJwtDecode, customOpenAPI, data-neo4j.repository-aot-processor#0, data-neo4j.repository-aot-processor#1, data-redis.repository-aot-processor#0, dataRestDelegatingMethodParameterCustomizer, databaseSelectionProvider, default.com.fsocial.profileservice.ProfileServiceApplication.FeignClientSpecification, defaultServletHandlerMapping, defaultValidator, defaultViewResolver, defaultsBindHandlerAdvisor, delegatingApplicationListener, directRabbitListenerContainerFactoryConfigurer, dispatcherServlet, dispatcherServletRegistration, enableGlobalAuthenticationAutowiredConfigurer, environmentManager, error, errorAttributes, errorPageCustomizer, errorPageRegistrarBeanPostProcessor, feignChildContextInitializer, feignClientBeanFactoryInitializationCodeGenerator, feignContext, feignFeature, feignTargeter, fileSupportConverter, fileSystemWatcherFactory, fileWatcher, filterChainDecoratorPostProcessor, flashMapManager, followController, followServiceImpl, forceAutoProxyCreatorToUseClassProxying, formContentFilter, globalExceptionHandler, globalOpenApiCustomizer, handlerExceptionResolver, handlerFunctionAdapter, httpMessageConvertersRestClientCustomizer, httpRequestHandlerAdapter, indexPageTransformer, inetUtils, inetUtilsProperties, initializeAuthenticationProviderBeanManagerConfigurer, initializeUserDetailsBeanManagerConfigurer, jackson2JsonMessageConverter, jacksonGeoModule, jacksonObjectMapper, jacksonObjectMapperBuilder, jsonComponentModule, jsonMixinModule, jsonMixinModuleEntries, kafkaAdmin, kafkaConnectionDetails, kafkaConsumerFactory, kafkaListenerContainerFactory, kafkaListenerContainerFactoryConfigurer, kafkaProducerFactory, kafkaProducerListener, kafkaTemplate, keyValueMappingContext, lettuceClientResources, lifecycleProcessor, liveReloadServer, liveReloadServerEventListener, loadBalancerClientsDefaultsMappingsProvider, localSpringDocParameterNameDiscoverer, localeCharsetMappingsCustomizer, localeResolver, loggingFilter, loggingRebinder, mappingJackson2HttpMessageConverter, mbeanExporter, mbeanServer, messageConverters, methodValidationPostProcessor, modelConverterRegistrar, multipartConfigElement, multipartResolver, mvcContentNegotiationManager, mvcConversionService, mvcHandlerMappingIntrospector, mvcHandlerMappingIntrospectorRequestTransformer, mvcPathMatcher, mvcPatternParser, mvcResourceUrlProvider, mvcUriComponentsContributor, mvcUrlPathHelper, mvcValidator, mvcViewResolver, neo4j.AccountProfileRepository.fragments#0, neo4j.ProfileRepository.fragments#0, neo4j.named-queries#0, neo4j.named-queries#1, neo4jAuditingHandler, neo4jClient, neo4jConnectionDetails, neo4jConversions, neo4jDriver, neo4jManagedTypes, neo4jMappingContext, neo4jTemplate, notification.FeignClientSpecification, nullableKotlinRequestParameterCustomizer, oas31ModelConverter, objectNamingStrategy, objectPostProcessor, offsetResolver, openAPIBuilder, openAPIConfig, openApiResource, operationBuilder, optionalLiveReloadServer, org.springdoc.core.configuration.SpringDocConfiguration, org.springdoc.core.configuration.SpringDocConfiguration$OpenApiResourceAdvice, org.springdoc.core.configuration.SpringDocConfiguration$QuerydslProvider, org.springdoc.core.configuration.SpringDocConfiguration$SpringDocSpringDataWebPropertiesProvider, org.springdoc.core.configuration.SpringDocConfiguration$SpringDocWebFluxSupportConfiguration, org.springdoc.core.configuration.SpringDocConfiguration$WebConversionServiceConfiguration, org.springdoc.core.configuration.SpringDocKotlinConfiguration, org.springdoc.core.configuration.SpringDocPageableConfiguration, org.springdoc.core.configuration.SpringDocSecurityConfiguration, org.springdoc.core.configuration.SpringDocSecurityConfiguration$SpringSecurityLoginEndpointConfiguration, org.springdoc.core.configuration.SpringDocSortConfiguration, org.springdoc.core.properties.SpringDocConfigProperties, org.springdoc.core.properties.SwaggerUiConfigProperties, org.springdoc.core.properties.SwaggerUiOAuthProperties, org.springdoc.webmvc.core.configuration.SpringDocWebMvcConfiguration, org.springdoc.webmvc.core.configuration.SpringDocWebMvcConfiguration$SpringDocWebMvcRouterConfiguration, org.springdoc.webmvc.ui.SwaggerConfig, org.springframework.amqp.rabbit.config.internalRabbitListenerAnnotationProcessor, org.springframework.amqp.rabbit.config.internalRabbitListenerEndpointRegistry, org.springframework.aop.config.internalAutoProxyCreator, org.springframework.boot.autoconfigure.AutoConfigurationPackages, org.springframework.boot.autoconfigure.admin.SpringApplicationAdminJmxAutoConfiguration, org.springframework.boot.autoconfigure.amqp.RabbitAnnotationDrivenConfiguration, org.springframework.boot.autoconfigure.amqp.RabbitAnnotationDrivenConfiguration$EnableRabbitConfiguration, org.springframework.boot.autoconfigure.amqp.RabbitAutoConfiguration, org.springframework.boot.autoconfigure.amqp.RabbitAutoConfiguration$MessagingTemplateConfiguration, org.springframework.boot.autoconfigure.amqp.RabbitAutoConfiguration$RabbitConnectionFactoryCreator, org.springframework.boot.autoconfigure.amqp.RabbitAutoConfiguration$RabbitTemplateConfiguration, org.springframework.boot.autoconfigure.aop.AopAutoConfiguration, org.springframework.boot.autoconfigure.aop.AopAutoConfiguration$ClassProxyingConfiguration, org.springframework.boot.autoconfigure.availability.ApplicationAvailabilityAutoConfiguration, org.springframework.boot.autoconfigure.context.ConfigurationPropertiesAutoConfiguration, org.springframework.boot.autoconfigure.context.LifecycleAutoConfiguration, org.springframework.boot.autoconfigure.context.PropertyPlaceholderAutoConfiguration, org.springframework.boot.autoconfigure.dao.PersistenceExceptionTranslationAutoConfiguration, org.springframework.boot.autoconfigure.data.neo4j.Neo4jDataAutoConfiguration, org.springframework.boot.autoconfigure.data.neo4j.Neo4jReactiveDataAutoConfiguration, org.springframework.boot.autoconfigure.data.neo4j.Neo4jReactiveRepositoriesAutoConfiguration, org.springframework.boot.autoconfigure.data.neo4j.Neo4jRepositoriesAutoConfiguration, org.springframework.boot.autoconfigure.data.redis.LettuceConnectionConfiguration, org.springframework.boot.autoconfigure.data.redis.RedisAutoConfiguration, org.springframework.boot.autoconfigure.data.redis.RedisReactiveAutoConfiguration, org.springframework.boot.autoconfigure.data.redis.RedisRepositoriesAutoConfiguration, org.springframework.boot.autoconfigure.data.web.SpringDataWebAutoConfiguration, org.springframework.boot.autoconfigure.http.HttpMessageConvertersAutoConfiguration, org.springframework.boot.autoconfigure.http.HttpMessageConvertersAutoConfiguration$StringHttpMessageConverterConfiguration, org.springframework.boot.autoconfigure.http.JacksonHttpMessageConvertersConfiguration, org.springframework.boot.autoconfigure.http.JacksonHttpMessageConvertersConfiguration$MappingJackson2HttpMessageConverterConfiguration, org.springframework.boot.autoconfigure.http.client.HttpClientAutoConfiguration, org.springframework.boot.autoconfigure.info.ProjectInfoAutoConfiguration, org.springframework.boot.autoconfigure.internalCachingMetadataReaderFactory, org.springframework.boot.autoconfigure.jackson.JacksonAutoConfiguration, org.springframework.boot.autoconfigure.jackson.JacksonAutoConfiguration$Jackson2ObjectMapperBuilderCustomizerConfiguration, org.springframework.boot.autoconfigure.jackson.JacksonAutoConfiguration$JacksonMixinConfiguration, org.springframework.boot.autoconfigure.jackson.JacksonAutoConfiguration$JacksonObjectMapperBuilderConfiguration, org.springframework.boot.autoconfigure.jackson.JacksonAutoConfiguration$JacksonObjectMapperConfiguration, org.springframework.boot.autoconfigure.jackson.JacksonAutoConfiguration$ParameterNamesModuleConfiguration, org.springframework.boot.autoconfigure.jmx.JmxAutoConfiguration, org.springframework.boot.autoconfigure.kafka.KafkaAnnotationDrivenConfiguration, org.springframework.boot.autoconfigure.kafka.KafkaAnnotationDrivenConfiguration$EnableKafkaConfiguration, org.springframework.boot.autoconfigure.kafka.KafkaAutoConfiguration, org.springframework.boot.autoconfigure.neo4j.Neo4jAutoConfiguration, org.springframework.boot.autoconfigure.netty.NettyAutoConfiguration, org.springframework.boot.autoconfigure.reactor.ReactorAutoConfiguration, org.springframework.boot.autoconfigure.security.oauth2.resource.servlet.OAuth2ResourceServerAutoConfiguration, org.springframework.boot.autoconfigure.security.oauth2.resource.servlet.OAuth2ResourceServerOpaqueTokenConfiguration$OpaqueTokenIntrospectionClientConfiguration, org.springframework.boot.autoconfigure.security.oauth2.resource.servlet.Oauth2ResourceServerConfiguration$JwtConfiguration, org.springframework.boot.autoconfigure.security.oauth2.resource.servlet.Oauth2ResourceServerConfiguration$OpaqueTokenConfiguration, org.springframework.boot.autoconfigure.security.servlet.SecurityAutoConfiguration, org.springframework.boot.autoconfigure.security.servlet.SecurityFilterAutoConfiguration, org.springframework.boot.autoconfigure.security.servlet.SpringBootWebSecurityConfiguration, org.springframework.boot.autoconfigure.sql.init.SqlInitializationAutoConfiguration, org.springframework.boot.autoconfigure.ssl.SslAutoConfiguration, org.springframework.boot.autoconfigure.task.TaskExecutionAutoConfiguration, org.springframework.boot.autoconfigure.task.TaskExecutorConfigurations$SimpleAsyncTaskExecutorBuilderConfiguration, org.springframework.boot.autoconfigure.task.TaskExecutorConfigurations$TaskExecutorConfiguration, org.springframework.boot.autoconfigure.task.TaskExecutorConfigurations$ThreadPoolTaskExecutorBuilderConfiguration, org.springframework.boot.autoconfigure.task.TaskSchedulingAutoConfiguration, org.springframework.boot.autoconfigure.task.TaskSchedulingConfigurations$SimpleAsyncTaskSchedulerBuilderConfiguration, org.springframework.boot.autoconfigure.task.TaskSchedulingConfigurations$ThreadPoolTaskSchedulerBuilderConfiguration, org.springframework.boot.autoconfigure.transaction.TransactionAutoConfiguration, org.springframework.boot.autoconfigure.transaction.TransactionAutoConfiguration$EnableTransactionManagementConfiguration, org.springframework.boot.autoconfigure.transaction.TransactionAutoConfiguration$EnableTransactionManagementConfiguration$CglibAutoProxyConfiguration, org.springframework.boot.autoconfigure.transaction.TransactionAutoConfiguration$TransactionTemplateConfiguration, org.springframework.boot.autoconfigure.transaction.TransactionManagerCustomizationAutoConfiguration, org.springframework.boot.autoconfigure.transaction.jta.JtaAutoConfiguration, org.springframework.boot.autoconfigure.validation.ValidationAutoConfiguration, org.springframework.boot.autoconfigure.web.client.RestClientAutoConfiguration, org.springframework.boot.autoconfigure.web.client.RestTemplateAutoConfiguration, org.springframework.boot.autoconfigure.web.embedded.EmbeddedWebServerFactoryCustomizerAutoConfiguration, org.springframework.boot.autoconfigure.web.embedded.EmbeddedWebServerFactoryCustomizerAutoConfiguration$TomcatWebServerFactoryCustomizerConfiguration, org.springframework.boot.autoconfigure.web.servlet.DispatcherServletAutoConfiguration, org.springframework.boot.autoconfigure.web.servlet.DispatcherServletAutoConfiguration$DispatcherServletConfiguration, org.springframework.boot.autoconfigure.web.servlet.DispatcherServletAutoConfiguration$DispatcherServletRegistrationConfiguration, org.springframework.boot.autoconfigure.web.servlet.HttpEncodingAutoConfiguration, org.springframework.boot.autoconfigure.web.servlet.MultipartAutoConfiguration, org.springframework.boot.autoconfigure.web.servlet.ServletWebServerFactoryAutoConfiguration, org.springframework.boot.autoconfigure.web.servlet.ServletWebServerFactoryConfiguration$EmbeddedTomcat, org.springframework.boot.autoconfigure.web.servlet.WebMvcAutoConfiguration, org.springframework.boot.autoconfigure.web.servlet.WebMvcAutoConfiguration$EnableWebMvcConfiguration, org.springframework.boot.autoconfigure.web.servlet.WebMvcAutoConfiguration$ResourceChainCustomizerConfiguration, org.springframework.boot.autoconfigure.web.servlet.WebMvcAutoConfiguration$WebMvcAutoConfigurationAdapter, org.springframework.boot.autoconfigure.web.servlet.error.ErrorMvcAutoConfiguration, org.springframework.boot.autoconfigure.web.servlet.error.ErrorMvcAutoConfiguration$DefaultErrorViewResolverConfiguration, org.springframework.boot.autoconfigure.web.servlet.error.ErrorMvcAutoConfiguration$WhitelabelErrorViewConfiguration, org.springframework.boot.autoconfigure.websocket.servlet.WebSocketServletAutoConfiguration, org.springframework.boot.autoconfigure.websocket.servlet.WebSocketServletAutoConfiguration$TomcatWebSocketConfiguration, org.springframework.boot.context.internalConfigurationPropertiesBinder, org.springframework.boot.context.properties.BoundConfigurationProperties, org.springframework.boot.context.properties.ConfigurationPropertiesBindingPostProcessor, org.springframework.boot.context.properties.EnableConfigurationPropertiesRegistrar.methodValidationExcludeFilter, org.springframework.boot.devtools.autoconfigure.LocalDevToolsAutoConfiguration, org.springframework.boot.devtools.autoconfigure.LocalDevToolsAutoConfiguration$LiveReloadConfiguration, org.springframework.boot.devtools.autoconfigure.LocalDevToolsAutoConfiguration$RestartConfiguration, org.springframework.boot.sql.init.dependency.DatabaseInitializationDependencyConfigurer$DependsOnDatabaseInitializationPostProcessor, org.springframework.cloud.autoconfigure.ConfigurationPropertiesRebinderAutoConfiguration, org.springframework.cloud.autoconfigure.LifecycleMvcEndpointAutoConfiguration, org.springframework.cloud.autoconfigure.RefreshAutoConfiguration, org.springframework.cloud.autoconfigure.RefreshAutoConfiguration$RefreshScopeBeanDefinitionEnhancer, org.springframework.cloud.client.CommonsClientAutoConfiguration, org.springframework.cloud.client.ReactiveCommonsClientAutoConfiguration, org.springframework.cloud.client.discovery.composite.CompositeDiscoveryClientAutoConfiguration, org.springframework.cloud.client.discovery.simple.SimpleDiscoveryClientAutoConfiguration, org.springframework.cloud.client.loadbalancer.LoadBalancerDefaultMappingsProviderAutoConfiguration, org.springframework.cloud.client.serviceregistry.AutoServiceRegistrationAutoConfiguration, org.springframework.cloud.client.serviceregistry.AutoServiceRegistrationConfiguration, org.springframework.cloud.client.serviceregistry.ServiceRegistryAutoConfiguration, org.springframework.cloud.commons.config.CommonsConfigAutoConfiguration, org.springframework.cloud.commons.security.ResourceServerTokenRelayAutoConfiguration, org.springframework.cloud.commons.security.ResourceServerTokenRelayAutoConfiguration$ResourceServerTokenRelayRegistrationAutoConfiguration, org.springframework.cloud.commons.util.UtilAutoConfiguration, org.springframework.cloud.configuration.CompatibilityVerifierAutoConfiguration, org.springframework.cloud.openfeign.FeignAutoConfiguration, org.springframework.cloud.openfeign.FeignAutoConfiguration$DefaultFeignTargeterConfiguration, org.springframework.cloud.openfeign.FeignAutoConfiguration$FeignJacksonConfiguration, org.springframework.context.annotation.internalAutowiredAnnotationProcessor, org.springframework.context.annotation.internalCommonAnnotationProcessor, org.springframework.context.annotation.internalConfigurationAnnotationProcessor, org.springframework.context.event.internalEventListenerFactory, org.springframework.context.event.internalEventListenerProcessor, org.springframework.data.neo4j.core.mapping.callback.AuditingBeforeBindCallback, org.springframework.data.neo4j.repository.support.Neo4jEvaluationContextExtension, org.springframework.data.web.config.ProjectingArgumentResolverRegistrar, org.springframework.data.web.config.SpringDataJacksonConfiguration, org.springframework.data.web.config.SpringDataWebConfiguration, org.springframework.kafka.config.internalKafkaListenerAnnotationProcessor, org.springframework.kafka.config.internalKafkaListenerEndpointRegistry, org.springframework.security.config.annotation.authentication.configuration.AuthenticationConfiguration, org.springframework.security.config.annotation.configuration.ObjectPostProcessorConfiguration, org.springframework.security.config.annotation.web.configuration.HttpSecurityConfiguration, org.springframework.security.config.annotation.web.configuration.HttpSecurityConfiguration.httpSecurity, org.springframework.security.config.annotation.web.configuration.ObservationConfiguration, org.springframework.security.config.annotation.web.configuration.WebMvcSecurityConfiguration, org.springframework.security.config.annotation.web.configuration.WebSecurityConfiguration, org.springframework.transaction.annotation.ProxyTransactionManagementConfiguration, org.springframework.transaction.config.internalTransactionAdvisor, org.springframework.transaction.config.internalTransactionalEventListenerFactory, pageJacksonModule, pageModule, pageOpenAPIConverter, pageableCustomizer, pageableOpenAPIConverter, pageableResolver, parameterBuilder, parameterNamesModule, parameterObjectNamingStrategyCustomizer, persistenceExceptionTranslationPostProcessor, platformTransactionManagerCustomizers, polymorphicModelConverter, postService.FeignClientSpecification, preserveErrorControllerTargetClassPostProcessor, privilegeEvaluator, profileConsumer, profileController, profileCreateBinding, profileCreateQueue, profileExchange, profileRepository, profileServiceApplication, profileServiceImpl, projectingArgumentResolverBeanPostProcessor, propertyResolverUtils, propertySourcesPlaceholderConfigurer, queryDslQuerydslPredicateOperationCustomizer, rabbitConnectionDetails, rabbitConnectionFactory, rabbitConnectionFactoryBeanConfigurer, rabbitConnectionFactoryConfigurer, rabbitListenerContainerFactory, rabbitMQConfig, rabbitMessagingTemplate, rabbitTemplate, rabbitTemplateConfigurer, reactiveDatabaseSelectionProvider, reactiveNeo4jClient, reactiveNeo4jTemplate, reactiveRedisTemplate, reactiveStringRedisTemplate, redisConfig, redisConnectionDetails, redisConnectionFactory, redisConverter, redisCustomConversions, redisIndexConfiguration#0, redisKeyValueAdapter, redisKeyValueTemplate, redisKeyspaceConfiguration#0, redisMappingConfiguration#0, redisReferenceResolver, redisTemplate, refreshEventListener, refreshScope, refreshScopeLifecycle, requestBodyBuilder, requestBuilder, requestContextFilter, requestDataValueProcessor, requestMappingHandlerAdapter, requestMappingHandlerMapping, resourceHandlerMapping, resourceHandlerRegistrationCustomizer, responseBuilder, responseSupportConverter, restClientBuilder, restClientBuilderConfigurer, restClientSsl, restTemplate, restTemplateBuilder, restTemplateBuilderConfigurer, restTemplateConfig, restartingClassPathChangedEventListener, routerFunctionMapping, routerFunctionProvider, schemaPropertyDeprecatingConverter, securityFilterChain, securityFilterChainRegistration, securityParser, server-org.springframework.boot.autoconfigure.web.ServerProperties, servletWebServerFactoryCustomizer, simpleAsyncTaskExecutorBuilder, simpleAsyncTaskSchedulerBuilder, simpleControllerHandlerAdapter, simpleDiscoveryClient, simpleDiscoveryProperties, simpleRabbitListenerContainerFactoryConfigurer, sleuthPresentVerifier, sortCustomizer, sortModule, sortOpenAPIConverter, sortResolver, spring.cloud.compatibility-verifier-org.springframework.cloud.configuration.CompatibilityVerifierProperties, spring.cloud.openfeign.client-org.springframework.cloud.openfeign.FeignClientProperties, spring.cloud.openfeign.encoder-org.springframework.cloud.openfeign.support.FeignEncoderProperties, spring.cloud.openfeign.httpclient-org.springframework.cloud.openfeign.support.FeignHttpClientProperties, spring.cloud.refresh-org.springframework.cloud.autoconfigure.RefreshAutoConfiguration$RefreshProperties, spring.cloud.service-registry.auto-registration-org.springframework.cloud.client.serviceregistry.AutoServiceRegistrationProperties, spring.data.neo4j-org.springframework.boot.autoconfigure.data.neo4j.Neo4jDataProperties, spring.data.redis-org.springframework.boot.autoconfigure.data.redis.RedisProperties, spring.data.web-org.springframework.boot.autoconfigure.data.web.SpringDataWebProperties, spring.devtools-org.springframework.boot.devtools.autoconfigure.DevToolsProperties, spring.http.client-org.springframework.boot.autoconfigure.http.client.HttpClientProperties, spring.info-org.springframework.boot.autoconfigure.info.ProjectInfoProperties, spring.jackson-org.springframework.boot.autoconfigure.jackson.JacksonProperties, spring.jmx-org.springframework.boot.autoconfigure.jmx.JmxProperties, spring.kafka-org.springframework.boot.autoconfigure.kafka.KafkaProperties, spring.lifecycle-org.springframework.boot.autoconfigure.context.LifecycleProperties, spring.mvc-org.springframework.boot.autoconfigure.web.servlet.WebMvcProperties, spring.neo4j-org.springframework.boot.autoconfigure.neo4j.Neo4jProperties, spring.netty-org.springframework.boot.autoconfigure.netty.NettyProperties, spring.rabbitmq-org.springframework.boot.autoconfigure.amqp.RabbitProperties, spring.reactor-org.springframework.boot.autoconfigure.reactor.ReactorProperties, spring.security-org.springframework.boot.autoconfigure.security.SecurityProperties, spring.security.oauth2.resourceserver-org.springframework.boot.autoconfigure.security.oauth2.resource.OAuth2ResourceServerProperties, spring.servlet.multipart-org.springframework.boot.autoconfigure.web.servlet.MultipartProperties, spring.sql.init-org.springframework.boot.autoconfigure.sql.init.SqlInitializationProperties, spring.ssl-org.springframework.boot.autoconfigure.ssl.SslProperties, spring.task.execution-org.springframework.boot.autoconfigure.task.TaskExecutionProperties, spring.task.scheduling-org.springframework.boot.autoconfigure.task.TaskSchedulingProperties, spring.transaction-org.springframework.boot.autoconfigure.transaction.TransactionProperties, spring.web-org.springframework.boot.autoconfigure.web.WebProperties, springApplicationAdminRegistrar, springBootVersionVerifier, springDataWebPropertiesProvider, springDataWebSettings, springDocCustomizers, springDocProviders, springSecurityFilterChain, springSecurityHandlerMappingIntrospectorBeanDefinitionRegistryPostProcessor, springWebProvider, springdocObjectMapperProvider, sslBundleRegistry, sslPropertiesSslBundleRegistrar, standardJacksonObjectMapperBuilderCustomizer, stringHttpMessageConverter, stringRedisTemplate, swaggerConfigResource, swaggerResourceResolver, swaggerWebMvcConfigurer, swaggerWelcome, themeResolver, threadPoolTaskExecutorBuilder, threadPoolTaskSchedulerBuilder, tomcatServletWebServerFactory, tomcatServletWebServerFactoryCustomizer, tomcatWebServerFactoryCustomizer, transactionAttributeSource, transactionExecutionListeners, transactionInterceptor, transactionManager, transactionTemplate, viewControllerHandlerMapping, viewNameTranslator, viewResolver, webAuthorizationManagerPostProcessor, webConversionServiceProvider, webFluxSupportConverter, webSecurityExpressionHandler, webServerFactoryCustomizerBeanPostProcessor, websocketServletWebServerCustomizer, welcomePageHandlerMapping, welcomePageNotAcceptableHandlerMapping]
2025-12-30 22:35:52.056  INFO --- [  restartedMain] o.s.cloud.context.scope.GenericScope     : BeanFactory id=a0e388a8-f61f-3b1d-bf86-8c141521d06c
2025-12-30 22:35:52.057 DEBUG --- [  restartedMain] o.s.b.f.s.DefaultListableBeanFactory     : Creating shared instance of singleton bean 'propertySourcesPlaceholderConfigurer'
2025-12-30 22:35:52.062 DEBUG --- [  restartedMain] o.s.b.f.s.DefaultListableBeanFactory     : Creating shared instance of singleton bean 'org.springframework.boot.sql.init.dependency.DatabaseInitializationDependencyConfigurer$DependsOnDatabaseInitializationPostProcessor'
2025-12-30 22:35:52.070 DEBUG --- [  restartedMain] o.s.b.f.s.DefaultListableBeanFactory     : Creating shared instance of singleton bean 'org.springframework.context.event.internalEventListenerProcessor'
2025-12-30 22:35:52.072 DEBUG --- [  restartedMain] o.s.b.f.s.DefaultListableBeanFactory     : Creating shared instance of singleton bean 'conversionServicePostProcessor'
2025-12-30 22:35:52.077 DEBUG --- [  restartedMain] o.s.b.f.s.DefaultListableBeanFactory     : Creating shared instance of singleton bean 'preserveErrorControllerTargetClassPostProcessor'
2025-12-30 22:35:52.077 DEBUG --- [  restartedMain] o.s.b.f.s.DefaultListableBeanFactory     : Creating shared instance of singleton bean 'forceAutoProxyCreatorToUseClassProxying'
2025-12-30 22:35:52.078 DEBUG --- [  restartedMain] o.s.b.f.s.DefaultListableBeanFactory     : Creating shared instance of singleton bean 'org.springframework.context.event.internalEventListenerFactory'
2025-12-30 22:35:52.078 DEBUG --- [  restartedMain] o.s.b.f.s.DefaultListableBeanFactory     : Creating shared instance of singleton bean 'org.springframework.transaction.config.internalTransactionalEventListenerFactory'
2025-12-30 22:35:52.082 DEBUG --- [  restartedMain] o.s.b.f.s.DefaultListableBeanFactory     : Creating shared instance of singleton bean 'org.springframework.context.annotation.internalAutowiredAnnotationProcessor'
2025-12-30 22:35:52.084 DEBUG --- [  restartedMain] o.s.b.f.s.DefaultListableBeanFactory     : Creating shared instance of singleton bean 'org.springframework.context.annotation.internalCommonAnnotationProcessor'
2025-12-30 22:35:52.087 DEBUG --- [  restartedMain] o.s.b.f.s.DefaultListableBeanFactory     : Creating shared instance of singleton bean 'org.springframework.boot.context.properties.ConfigurationPropertiesBindingPostProcessor'
2025-12-30 22:35:52.088 DEBUG --- [  restartedMain] o.s.b.f.s.DefaultListableBeanFactory     : Creating shared instance of singleton bean 'org.springframework.boot.context.internalConfigurationPropertiesBinder'
2025-12-30 22:35:52.090 DEBUG --- [  restartedMain] o.s.b.f.s.DefaultListableBeanFactory     : Creating shared instance of singleton bean 'methodValidationPostProcessor'
2025-12-30 22:35:52.094 DEBUG --- [  restartedMain] o.s.b.f.s.DefaultListableBeanFactory     : Autowiring by type from bean name 'methodValidationPostProcessor' via factory method to bean named 'environment'
2025-12-30 22:35:52.109 DEBUG --- [  restartedMain] o.s.b.f.s.DefaultListableBeanFactory     : Creating shared instance of singleton bean 'org.springframework.boot.context.properties.EnableConfigurationPropertiesRegistrar.methodValidationExcludeFilter'
2025-12-30 22:35:52.126 DEBUG --- [  restartedMain] o.s.b.f.s.DefaultListableBeanFactory     : Creating shared instance of singleton bean 'org.springframework.amqp.rabbit.config.internalRabbitListenerAnnotationProcessor'
2025-12-30 22:35:52.132 DEBUG --- [  restartedMain] o.s.b.f.s.DefaultListableBeanFactory     : Creating shared instance of singleton bean 'persistenceExceptionTranslationPostProcessor'
2025-12-30 22:35:52.132 DEBUG --- [  restartedMain] o.s.b.f.s.DefaultListableBeanFactory     : Autowiring by type from bean name 'persistenceExceptionTranslationPostProcessor' via factory method to bean named 'environment'
2025-12-30 22:35:52.134 DEBUG --- [  restartedMain] o.s.b.f.s.DefaultListableBeanFactory     : Creating shared instance of singleton bean 'org.springframework.kafka.config.internalKafkaListenerAnnotationProcessor'
2025-12-30 22:35:52.145 DEBUG --- [  restartedMain] o.s.b.f.s.DefaultListableBeanFactory     : Creating shared instance of singleton bean 'org.springframework.aop.config.internalAutoProxyCreator'
2025-12-30 22:35:52.153 DEBUG --- [  restartedMain] o.s.b.f.s.DefaultListableBeanFactory     : Creating shared instance of singleton bean 'webServerFactoryCustomizerBeanPostProcessor'
2025-12-30 22:35:52.153 DEBUG --- [  restartedMain] o.s.b.f.s.DefaultListableBeanFactory     : Creating shared instance of singleton bean 'errorPageRegistrarBeanPostProcessor'
2025-12-30 22:35:52.154 DEBUG --- [  restartedMain] o.s.b.f.s.DefaultListableBeanFactory     : Creating shared instance of singleton bean 'projectingArgumentResolverBeanPostProcessor'
2025-12-30 22:35:52.168 DEBUG --- [  restartedMain] o.s.b.f.s.DefaultListableBeanFactory     : Creating shared instance of singleton bean 'org.springframework.transaction.config.internalTransactionAdvisor'
2025-12-30 22:35:52.168 DEBUG --- [  restartedMain] o.s.b.f.s.DefaultListableBeanFactory     : Creating shared instance of singleton bean 'org.springframework.transaction.annotation.ProxyTransactionManagementConfiguration'
2025-12-30 22:35:52.180 DEBUG --- [  restartedMain] o.s.b.f.s.DefaultListableBeanFactory     : Creating shared instance of singleton bean 'transactionAttributeSource'
2025-12-30 22:35:52.186 DEBUG --- [  restartedMain] o.s.b.f.s.DefaultListableBeanFactory     : Creating shared instance of singleton bean 'transactionInterceptor'
2025-12-30 22:35:52.186 DEBUG --- [  restartedMain] o.s.b.f.s.DefaultListableBeanFactory     : Autowiring by type from bean name 'transactionInterceptor' via factory method to bean named 'transactionAttributeSource'
2025-12-30 22:35:52.195 DEBUG --- [  restartedMain] o.s.b.f.s.DefaultListableBeanFactory     : Autowiring by type from bean name 'org.springframework.transaction.config.internalTransactionAdvisor' via factory method to bean named 'transactionAttributeSource'
2025-12-30 22:35:52.195 DEBUG --- [  restartedMain] o.s.b.f.s.DefaultListableBeanFactory     : Autowiring by type from bean name 'org.springframework.transaction.config.internalTransactionAdvisor' via factory method to bean named 'transactionInterceptor'
2025-12-30 22:35:52.200 DEBUG --- [  restartedMain] o.s.b.f.s.DefaultListableBeanFactory     : Creating shared instance of singleton bean 'configurationPropertiesBeans'
2025-12-30 22:35:52.204 DEBUG --- [  restartedMain] o.s.u.c.s.UiApplicationContextUtils      : Unable to locate ThemeSource with name 'themeSource': using default [org.springframework.ui.context.support.ResourceBundleThemeSource@cebf2fb]
2025-12-30 22:35:52.205 DEBUG --- [  restartedMain] o.s.b.f.s.DefaultListableBeanFactory     : Creating shared instance of singleton bean 'tomcatServletWebServerFactory'
2025-12-30 22:35:52.205 DEBUG --- [  restartedMain] o.s.b.f.s.DefaultListableBeanFactory     : Creating shared instance of singleton bean 'org.springframework.boot.autoconfigure.web.servlet.ServletWebServerFactoryConfiguration$EmbeddedTomcat'
2025-12-30 22:35:52.244 DEBUG --- [  restartedMain] o.a.catalina.core.AprLifecycleListener   : The Apache Tomcat Native library could not be found using names [tcnative-2, libtcnative-2, tcnative-1, libtcnative-1] on the java.library.path [C:\Users\acer\.jdks\corretto-21.0.5\bin;C:\WINDOWS\Sun\Java\bin;C:\WINDOWS\system32;C:\WINDOWS;C:\Program Files\Common Files\Oracle\Java\javapath;C:\Program Files\Microsoft MPI\Bin\;C:\Windows\system32;C:\Windows;C:\Windows\System32\Wbem;C:\Windows\System32\WindowsPowerShell\v1.0\;C:\Windows\System32\OpenSSH\;C:\Program Files (x86)\NVIDIA Corporation\PhysX\Common;C:\Program Files\NVIDIA Corporation\NVIDIA NvDLISR;C:\WINDOWS\system32;C:\WINDOWS;C:\WINDOWS\System32\Wbem;C:\WINDOWS\System32\WindowsPowerShell\v1.0\;C:\WINDOWS\System32\OpenSSH\;C:\Program Files\Azure Data Studio\bin;C:\ProgramData\chocolatey\bin;C:\Users\acer\bin;C:\mingw64\bin;C:\Program Files (x86)\Microsoft SQL Server\160\Tools\Binn\;C:\Program Files\Microsoft SQL Server\160\Tools\Binn\;C:\Program Files\Microsoft SQL Server\Client SDK\ODBC\170\Tools\Binn\;C:\Program Files\Microsoft SQL Server\160\DTS\Binn\;C:\apache-maven-3.9.8\bin;C:\Program Files\Docker\Docker\resources\bin;C:\Program Files\nodejs\;C:\Program Files\TortoiseGit\bin;C:\Program Files\PostgreSQL\17\bin;C:\Program Files\PuTTY\;c:\Users\acer\AppData\Local\Programs\cursor\resources\app\bin;D:\HocTap\Git\Git\cmd;C:\Program Files\cursor\resources\app\bin;C:\ProgramData\chocolatey\lib\maven\apache-maven-3.9.11\bin;C:\Program Files\apache-maven-3.9.11\bin;C:\Program Files\Java\jdk-25\bin;;C:\WINDOWS\system32;C:\WINDOWS;C:\WINDOWS\System32\Wbem;C:\WINDOWS\System32\WindowsPowerShell\v1.0\;C:\WINDOWS\System32\OpenSSH\;C:\Program Files\Cloudflare\Cloudflare WARP\;C:\Users\acer\AppData\Local\Microsoft\WindowsApps;C:\Program Files\Azure Data Studio\bin;E:\Microsoft VS Code\bin;C:\Program Files\JetBrains\IntelliJ IDEA 2024.2\bin;;C:\Program Files\JetBrains\IntelliJ IDEA Community Edition 2024.2.4\bin;C:\apache-maven-3.9.8\bin;C:\Program Files\JetBrains\WebStorm 2024.2.4\bin;C:\Users\acer\AppData\Roaming\npm;C:\Users\acer\AppData\Local\Programs\Microsoft VS Code\bin;C:\Users\acer\.lmstudio\bin;C:\Program Files\JetBrains\PyCharm 2024.3.4\bin;;C:\Users\acer\AppData\Local\Programs\mongosh\;C:\Program Files\JetBrains\IntelliJ IDEA 2025.2.3\bin;C:\Users\acer\.bun\bin;C:\Users\acer\AppData\Local\Programs\Antigravity\bin;C:\Users\acer\AppData\Local\Microsoft\WindowsApps;.]. The errors reported were [Can't load library: C:\Users\acer\OneDrive\Workspace\Fsocial\Fsocial_be\bin\tcnative-2.dll, Can't load library: C:\Users\acer\OneDrive\Workspace\Fsocial\Fsocial_be\bin\libtcnative-2.dll, Can't load library: C:\Users\acer\OneDrive\Workspace\Fsocial\Fsocial_be\bin\tcnative-1.dll, Can't load library: C:\Users\acer\OneDrive\Workspace\Fsocial\Fsocial_be\bin\libtcnative-1.dll, no tcnative-2 in java.library.path: C:\Users\acer\.jdks\corretto-21.0.5\bin;C:\WINDOWS\Sun\Java\bin;C:\WINDOWS\system32;C:\WINDOWS;C:\Program Files\Common Files\Oracle\Java\javapath;C:\Program Files\Microsoft MPI\Bin\;C:\Windows\system32;C:\Windows;C:\Windows\System32\Wbem;C:\Windows\System32\WindowsPowerShell\v1.0\;C:\Windows\System32\OpenSSH\;C:\Program Files (x86)\NVIDIA Corporation\PhysX\Common;C:\Program Files\NVIDIA Corporation\NVIDIA NvDLISR;C:\WINDOWS\system32;C:\WINDOWS;C:\WINDOWS\System32\Wbem;C:\WINDOWS\System32\WindowsPowerShell\v1.0\;C:\WINDOWS\System32\OpenSSH\;C:\Program Files\Azure Data Studio\bin;C:\ProgramData\chocolatey\bin;C:\Users\acer\bin;C:\mingw64\bin;C:\Program Files (x86)\Microsoft SQL Server\160\Tools\Binn\;C:\Program Files\Microsoft SQL Server\160\Tools\Binn\;C:\Program Files\Microsoft SQL Server\Client SDK\ODBC\170\Tools\Binn\;C:\Program Files\Microsoft SQL Server\160\DTS\Binn\;C:\apache-maven-3.9.8\bin;C:\Program Files\Docker\Docker\resources\bin;C:\Program Files\nodejs\;C:\Program Files\TortoiseGit\bin;C:\Program Files\PostgreSQL\17\bin;C:\Program Files\PuTTY\;c:\Users\acer\AppData\Local\Programs\cursor\resources\app\bin;D:\HocTap\Git\Git\cmd;C:\Program Files\cursor\resources\app\bin;C:\ProgramData\chocolatey\lib\maven\apache-maven-3.9.11\bin;C:\Program Files\apache-maven-3.9.11\bin;C:\Program Files\Java\jdk-25\bin;;C:\WINDOWS\system32;C:\WINDOWS;C:\WINDOWS\System32\Wbem;C:\WINDOWS\System32\WindowsPowerShell\v1.0\;C:\WINDOWS\System32\OpenSSH\;C:\Program Files\Cloudflare\Cloudflare WARP\;C:\Users\acer\AppData\Local\Microsoft\WindowsApps;C:\Program Files\Azure Data Studio\bin;E:\Microsoft VS Code\bin;C:\Program Files\JetBrains\IntelliJ IDEA 2024.2\bin;;C:\Program Files\JetBrains\IntelliJ IDEA Community Edition 2024.2.4\bin;C:\apache-maven-3.9.8\bin;C:\Program Files\JetBrains\WebStorm 2024.2.4\bin;C:\Users\acer\AppData\Roaming\npm;C:\Users\acer\AppData\Local\Programs\Microsoft VS Code\bin;C:\Users\acer\.lmstudio\bin;C:\Program Files\JetBrains\PyCharm 2024.3.4\bin;;C:\Users\acer\AppData\Local\Programs\mongosh\;C:\Program Files\JetBrains\IntelliJ IDEA 2025.2.3\bin;C:\Users\acer\.bun\bin;C:\Users\acer\AppData\Local\Programs\Antigravity\bin;C:\Users\acer\AppData\Local\Microsoft\WindowsApps;., no libtcnative-2 in java.library.path: C:\Users\acer\.jdks\corretto-21.0.5\bin;C:\WINDOWS\Sun\Java\bin;C:\WINDOWS\system32;C:\WINDOWS;C:\Program Files\Common Files\Oracle\Java\javapath;C:\Program Files\Microsoft MPI\Bin\;C:\Windows\system32;C:\Windows;C:\Windows\System32\Wbem;C:\Windows\System32\WindowsPowerShell\v1.0\;C:\Windows\System32\OpenSSH\;C:\Program Files (x86)\NVIDIA Corporation\PhysX\Common;C:\Program Files\NVIDIA Corporation\NVIDIA NvDLISR;C:\WINDOWS\system32;C:\WINDOWS;C:\WINDOWS\System32\Wbem;C:\WINDOWS\System32\WindowsPowerShell\v1.0\;C:\WINDOWS\System32\OpenSSH\;C:\Program Files\Azure Data Studio\bin;C:\ProgramData\chocolatey\bin;C:\Users\acer\bin;C:\mingw64\bin;C:\Program Files (x86)\Microsoft SQL Server\160\Tools\Binn\;C:\Program Files\Microsoft SQL Server\160\Tools\Binn\;C:\Program Files\Microsoft SQL Server\Client SDK\ODBC\170\Tools\Binn\;C:\Program Files\Microsoft SQL Server\160\DTS\Binn\;C:\apache-maven-3.9.8\bin;C:\Program Files\Docker\Docker\resources\bin;C:\Program Files\nodejs\;C:\Program Files\TortoiseGit\bin;C:\Program Files\PostgreSQL\17\bin;C:\Program Files\PuTTY\;c:\Users\acer\AppData\Local\Programs\cursor\resources\app\bin;D:\HocTap\Git\Git\cmd;C:\Program Files\cursor\resources\app\bin;C:\ProgramData\chocolatey\lib\maven\apache-maven-3.9.11\bin;C:\Program Files\apache-maven-3.9.11\bin;C:\Program Files\Java\jdk-25\bin;;C:\WINDOWS\system32;C:\WINDOWS;C:\WINDOWS\System32\Wbem;C:\WINDOWS\System32\WindowsPowerShell\v1.0\;C:\WINDOWS\System32\OpenSSH\;C:\Program Files\Cloudflare\Cloudflare WARP\;C:\Users\acer\AppData\Local\Microsoft\WindowsApps;C:\Program Files\Azure Data Studio\bin;E:\Microsoft VS Code\bin;C:\Program Files\JetBrains\IntelliJ IDEA 2024.2\bin;;C:\Program Files\JetBrains\IntelliJ IDEA Community Edition 2024.2.4\bin;C:\apache-maven-3.9.8\bin;C:\Program Files\JetBrains\WebStorm 2024.2.4\bin;C:\Users\acer\AppData\Roaming\npm;C:\Users\acer\AppData\Local\Programs\Microsoft VS Code\bin;C:\Users\acer\.lmstudio\bin;C:\Program Files\JetBrains\PyCharm 2024.3.4\bin;;C:\Users\acer\AppData\Local\Programs\mongosh\;C:\Program Files\JetBrains\IntelliJ IDEA 2025.2.3\bin;C:\Users\acer\.bun\bin;C:\Users\acer\AppData\Local\Programs\Antigravity\bin;C:\Users\acer\AppData\Local\Microsoft\WindowsApps;., no tcnative-1 in java.library.path: C:\Users\acer\.jdks\corretto-21.0.5\bin;C:\WINDOWS\Sun\Java\bin;C:\WINDOWS\system32;C:\WINDOWS;C:\Program Files\Common Files\Oracle\Java\javapath;C:\Program Files\Microsoft MPI\Bin\;C:\Windows\system32;C:\Windows;C:\Windows\System32\Wbem;C:\Windows\System32\WindowsPowerShell\v1.0\;C:\Windows\System32\OpenSSH\;C:\Program Files (x86)\NVIDIA Corporation\PhysX\Common;C:\Program Files\NVIDIA Corporation\NVIDIA NvDLISR;C:\WINDOWS\system32;C:\WINDOWS;C:\WINDOWS\System32\Wbem;C:\WINDOWS\System32\WindowsPowerShell\v1.0\;C:\WINDOWS\System32\OpenSSH\;C:\Program Files\Azure Data Studio\bin;C:\ProgramData\chocolatey\bin;C:\Users\acer\bin;C:\mingw64\bin;C:\Program Files (x86)\Microsoft SQL Server\160\Tools\Binn\;C:\Program Files\Microsoft SQL Server\160\Tools\Binn\;C:\Program Files\Microsoft SQL Server\Client SDK\ODBC\170\Tools\Binn\;C:\Program Files\Microsoft SQL Server\160\DTS\Binn\;C:\apache-maven-3.9.8\bin;C:\Program Files\Docker\Docker\resources\bin;C:\Program Files\nodejs\;C:\Program Files\TortoiseGit\bin;C:\Program Files\PostgreSQL\17\bin;C:\Program Files\PuTTY\;c:\Users\acer\AppData\Local\Programs\cursor\resources\app\bin;D:\HocTap\Git\Git\cmd;C:\Program Files\cursor\resources\app\bin;C:\ProgramData\chocolatey\lib\maven\apache-maven-3.9.11\bin;C:\Program Files\apache-maven-3.9.11\bin;C:\Program Files\Java\jdk-25\bin;;C:\WINDOWS\system32;C:\WINDOWS;C:\WINDOWS\System32\Wbem;C:\WINDOWS\System32\WindowsPowerShell\v1.0\;C:\WINDOWS\System32\OpenSSH\;C:\Program Files\Cloudflare\Cloudflare WARP\;C:\Users\acer\AppData\Local\Microsoft\WindowsApps;C:\Program Files\Azure Data Studio\bin;E:\Microsoft VS Code\bin;C:\Program Files\JetBrains\IntelliJ IDEA 2024.2\bin;;C:\Program Files\JetBrains\IntelliJ IDEA Community Edition 2024.2.4\bin;C:\apache-maven-3.9.8\bin;C:\Program Files\JetBrains\WebStorm 2024.2.4\bin;C:\Users\acer\AppData\Roaming\npm;C:\Users\acer\AppData\Local\Programs\Microsoft VS Code\bin;C:\Users\acer\.lmstudio\bin;C:\Program Files\JetBrains\PyCharm 2024.3.4\bin;;C:\Users\acer\AppData\Local\Programs\mongosh\;C:\Program Files\JetBrains\IntelliJ IDEA 2025.2.3\bin;C:\Users\acer\.bun\bin;C:\Users\acer\AppData\Local\Programs\Antigravity\bin;C:\Users\acer\AppData\Local\Microsoft\WindowsApps;., no libtcnative-1 in java.library.path: C:\Users\acer\.jdks\corretto-21.0.5\bin;C:\WINDOWS\Sun\Java\bin;C:\WINDOWS\system32;C:\WINDOWS;C:\Program Files\Common Files\Oracle\Java\javapath;C:\Program Files\Microsoft MPI\Bin\;C:\Windows\system32;C:\Windows;C:\Windows\System32\Wbem;C:\Windows\System32\WindowsPowerShell\v1.0\;C:\Windows\System32\OpenSSH\;C:\Program Files (x86)\NVIDIA Corporation\PhysX\Common;C:\Program Files\NVIDIA Corporation\NVIDIA NvDLISR;C:\WINDOWS\system32;C:\WINDOWS;C:\WINDOWS\System32\Wbem;C:\WINDOWS\System32\WindowsPowerShell\v1.0\;C:\WINDOWS\System32\OpenSSH\;C:\Program Files\Azure Data Studio\bin;C:\ProgramData\chocolatey\bin;C:\Users\acer\bin;C:\mingw64\bin;C:\Program Files (x86)\Microsoft SQL Server\160\Tools\Binn\;C:\Program Files\Microsoft SQL Server\160\Tools\Binn\;C:\Program Files\Microsoft SQL Server\Client SDK\ODBC\170\Tools\Binn\;C:\Program Files\Microsoft SQL Server\160\DTS\Binn\;C:\apache-maven-3.9.8\bin;C:\Program Files\Docker\Docker\resources\bin;C:\Program Files\nodejs\;C:\Program Files\TortoiseGit\bin;C:\Program Files\PostgreSQL\17\bin;C:\Program Files\PuTTY\;c:\Users\acer\AppData\Local\Programs\cursor\resources\app\bin;D:\HocTap\Git\Git\cmd;C:\Program Files\cursor\resources\app\bin;C:\ProgramData\chocolatey\lib\maven\apache-maven-3.9.11\bin;C:\Program Files\apache-maven-3.9.11\bin;C:\Program Files\Java\jdk-25\bin;;C:\WINDOWS\system32;C:\WINDOWS;C:\WINDOWS\System32\Wbem;C:\WINDOWS\System32\WindowsPowerShell\v1.0\;C:\WINDOWS\System32\OpenSSH\;C:\Program Files\Cloudflare\Cloudflare WARP\;C:\Users\acer\AppData\Local\Microsoft\WindowsApps;C:\Program Files\Azure Data Studio\bin;E:\Microsoft VS Code\bin;C:\Program Files\JetBrains\IntelliJ IDEA 2024.2\bin;;C:\Program Files\JetBrains\IntelliJ IDEA Community Edition 2024.2.4\bin;C:\apache-maven-3.9.8\bin;C:\Program Files\JetBrains\WebStorm 2024.2.4\bin;C:\Users\acer\AppData\Roaming\npm;C:\Users\acer\AppData\Local\Programs\Microsoft VS Code\bin;C:\Users\acer\.lmstudio\bin;C:\Program Files\JetBrains\PyCharm 2024.3.4\bin;;C:\Users\acer\AppData\Local\Programs\mongosh\;C:\Program Files\JetBrains\IntelliJ IDEA 2025.2.3\bin;C:\Users\acer\.bun\bin;C:\Users\acer\AppData\Local\Programs\Antigravity\bin;C:\Users\acer\AppData\Local\Microsoft\WindowsApps;.]
org.apache.tomcat.jni.LibraryNotFoundError: Can't load library: C:\Users\acer\OneDrive\Workspace\Fsocial\Fsocial_be\bin\tcnative-2.dll, Can't load library: C:\Users\acer\OneDrive\Workspace\Fsocial\Fsocial_be\bin\libtcnative-2.dll, Can't load library: C:\Users\acer\OneDrive\Workspace\Fsocial\Fsocial_be\bin\tcnative-1.dll, Can't load library: C:\Users\acer\OneDrive\Workspace\Fsocial\Fsocial_be\bin\libtcnative-1.dll, no tcnative-2 in java.library.path: C:\Users\acer\.jdks\corretto-21.0.5\bin;C:\WINDOWS\Sun\Java\bin;C:\WINDOWS\system32;C:\WINDOWS;C:\Program Files\Common Files\Oracle\Java\javapath;C:\Program Files\Microsoft MPI\Bin\;C:\Windows\system32;C:\Windows;C:\Windows\System32\Wbem;C:\Windows\System32\WindowsPowerShell\v1.0\;C:\Windows\System32\OpenSSH\;C:\Program Files (x86)\NVIDIA Corporation\PhysX\Common;C:\Program Files\NVIDIA Corporation\NVIDIA NvDLISR;C:\WINDOWS\system32;C:\WINDOWS;C:\WINDOWS\System32\Wbem;C:\WINDOWS\System32\WindowsPowerShell\v1.0\;C:\WINDOWS\System32\OpenSSH\;C:\Program Files\Azure Data Studio\bin;C:\ProgramData\chocolatey\bin;C:\Users\acer\bin;C:\mingw64\bin;C:\Program Files (x86)\Microsoft SQL Server\160\Tools\Binn\;C:\Program Files\Microsoft SQL Server\160\Tools\Binn\;C:\Program Files\Microsoft SQL Server\Client SDK\ODBC\170\Tools\Binn\;C:\Program Files\Microsoft SQL Server\160\DTS\Binn\;C:\apache-maven-3.9.8\bin;C:\Program Files\Docker\Docker\resources\bin;C:\Program Files\nodejs\;C:\Program Files\TortoiseGit\bin;C:\Program Files\PostgreSQL\17\bin;C:\Program Files\PuTTY\;c:\Users\acer\AppData\Local\Programs\cursor\resources\app\bin;D:\HocTap\Git\Git\cmd;C:\Program Files\cursor\resources\app\bin;C:\ProgramData\chocolatey\lib\maven\apache-maven-3.9.11\bin;C:\Program Files\apache-maven-3.9.11\bin;C:\Program Files\Java\jdk-25\bin;;C:\WINDOWS\system32;C:\WINDOWS;C:\WINDOWS\System32\Wbem;C:\WINDOWS\System32\WindowsPowerShell\v1.0\;C:\WINDOWS\System32\OpenSSH\;C:\Program Files\Cloudflare\Cloudflare WARP\;C:\Users\acer\AppData\Local\Microsoft\WindowsApps;C:\Program Files\Azure Data Studio\bin;E:\Microsoft VS Code\bin;C:\Program Files\JetBrains\IntelliJ IDEA 2024.2\bin;;C:\Program Files\JetBrains\IntelliJ IDEA Community Edition 2024.2.4\bin;C:\apache-maven-3.9.8\bin;C:\Program Files\JetBrains\WebStorm 2024.2.4\bin;C:\Users\acer\AppData\Roaming\npm;C:\Users\acer\AppData\Local\Programs\Microsoft VS Code\bin;C:\Users\acer\.lmstudio\bin;C:\Program Files\JetBrains\PyCharm 2024.3.4\bin;;C:\Users\acer\AppData\Local\Programs\mongosh\;C:\Program Files\JetBrains\IntelliJ IDEA 2025.2.3\bin;C:\Users\acer\.bun\bin;C:\Users\acer\AppData\Local\Programs\Antigravity\bin;C:\Users\acer\AppData\Local\Microsoft\WindowsApps;., no libtcnative-2 in java.library.path: C:\Users\acer\.jdks\corretto-21.0.5\bin;C:\WINDOWS\Sun\Java\bin;C:\WINDOWS\system32;C:\WINDOWS;C:\Program Files\Common Files\Oracle\Java\javapath;C:\Program Files\Microsoft MPI\Bin\;C:\Windows\system32;C:\Windows;C:\Windows\System32\Wbem;C:\Windows\System32\WindowsPowerShell\v1.0\;C:\Windows\System32\OpenSSH\;C:\Program Files (x86)\NVIDIA Corporation\PhysX\Common;C:\Program Files\NVIDIA Corporation\NVIDIA NvDLISR;C:\WINDOWS\system32;C:\WINDOWS;C:\WINDOWS\System32\Wbem;C:\WINDOWS\System32\WindowsPowerShell\v1.0\;C:\WINDOWS\System32\OpenSSH\;C:\Program Files\Azure Data Studio\bin;C:\ProgramData\chocolatey\bin;C:\Users\acer\bin;C:\mingw64\bin;C:\Program Files (x86)\Microsoft SQL Server\160\Tools\Binn\;C:\Program Files\Microsoft SQL Server\160\Tools\Binn\;C:\Program Files\Microsoft SQL Server\Client SDK\ODBC\170\Tools\Binn\;C:\Program Files\Microsoft SQL Server\160\DTS\Binn\;C:\apache-maven-3.9.8\bin;C:\Program Files\Docker\Docker\resources\bin;C:\Program Files\nodejs\;C:\Program Files\TortoiseGit\bin;C:\Program Files\PostgreSQL\17\bin;C:\Program Files\PuTTY\;c:\Users\acer\AppData\Local\Programs\cursor\resources\app\bin;D:\HocTap\Git\Git\cmd;C:\Program Files\cursor\resources\app\bin;C:\ProgramData\chocolatey\lib\maven\apache-maven-3.9.11\bin;C:\Program Files\apache-maven-3.9.11\bin;C:\Program Files\Java\jdk-25\bin;;C:\WINDOWS\system32;C:\WINDOWS;C:\WINDOWS\System32\Wbem;C:\WINDOWS\System32\WindowsPowerShell\v1.0\;C:\WINDOWS\System32\OpenSSH\;C:\Program Files\Cloudflare\Cloudflare WARP\;C:\Users\acer\AppData\Local\Microsoft\WindowsApps;C:\Program Files\Azure Data Studio\bin;E:\Microsoft VS Code\bin;C:\Program Files\JetBrains\IntelliJ IDEA 2024.2\bin;;C:\Program Files\JetBrains\IntelliJ IDEA Community Edition 2024.2.4\bin;C:\apache-maven-3.9.8\bin;C:\Program Files\JetBrains\WebStorm 2024.2.4\bin;C:\Users\acer\AppData\Roaming\npm;C:\Users\acer\AppData\Local\Programs\Microsoft VS Code\bin;C:\Users\acer\.lmstudio\bin;C:\Program Files\JetBrains\PyCharm 2024.3.4\bin;;C:\Users\acer\AppData\Local\Programs\mongosh\;C:\Program Files\JetBrains\IntelliJ IDEA 2025.2.3\bin;C:\Users\acer\.bun\bin;C:\Users\acer\AppData\Local\Programs\Antigravity\bin;C:\Users\acer\AppData\Local\Microsoft\WindowsApps;., no tcnative-1 in java.library.path: C:\Users\acer\.jdks\corretto-21.0.5\bin;C:\WINDOWS\Sun\Java\bin;C:\WINDOWS\system32;C:\WINDOWS;C:\Program Files\Common Files\Oracle\Java\javapath;C:\Program Files\Microsoft MPI\Bin\;C:\Windows\system32;C:\Windows;C:\Windows\System32\Wbem;C:\Windows\System32\WindowsPowerShell\v1.0\;C:\Windows\System32\OpenSSH\;C:\Program Files (x86)\NVIDIA Corporation\PhysX\Common;C:\Program Files\NVIDIA Corporation\NVIDIA NvDLISR;C:\WINDOWS\system32;C:\WINDOWS;C:\WINDOWS\System32\Wbem;C:\WINDOWS\System32\WindowsPowerShell\v1.0\;C:\WINDOWS\System32\OpenSSH\;C:\Program Files\Azure Data Studio\bin;C:\ProgramData\chocolatey\bin;C:\Users\acer\bin;C:\mingw64\bin;C:\Program Files (x86)\Microsoft SQL Server\160\Tools\Binn\;C:\Program Files\Microsoft SQL Server\160\Tools\Binn\;C:\Program Files\Microsoft SQL Server\Client SDK\ODBC\170\Tools\Binn\;C:\Program Files\Microsoft SQL Server\160\DTS\Binn\;C:\apache-maven-3.9.8\bin;C:\Program Files\Docker\Docker\resources\bin;C:\Program Files\nodejs\;C:\Program Files\TortoiseGit\bin;C:\Program Files\PostgreSQL\17\bin;C:\Program Files\PuTTY\;c:\Users\acer\AppData\Local\Programs\cursor\resources\app\bin;D:\HocTap\Git\Git\cmd;C:\Program Files\cursor\resources\app\bin;C:\ProgramData\chocolatey\lib\maven\apache-maven-3.9.11\bin;C:\Program Files\apache-maven-3.9.11\bin;C:\Program Files\Java\jdk-25\bin;;C:\WINDOWS\system32;C:\WINDOWS;C:\WINDOWS\System32\Wbem;C:\WINDOWS\System32\WindowsPowerShell\v1.0\;C:\WINDOWS\System32\OpenSSH\;C:\Program Files\Cloudflare\Cloudflare WARP\;C:\Users\acer\AppData\Local\Microsoft\WindowsApps;C:\Program Files\Azure Data Studio\bin;E:\Microsoft VS Code\bin;C:\Program Files\JetBrains\IntelliJ IDEA 2024.2\bin;;C:\Program Files\JetBrains\IntelliJ IDEA Community Edition 2024.2.4\bin;C:\apache-maven-3.9.8\bin;C:\Program Files\JetBrains\WebStorm 2024.2.4\bin;C:\Users\acer\AppData\Roaming\npm;C:\Users\acer\AppData\Local\Programs\Microsoft VS Code\bin;C:\Users\acer\.lmstudio\bin;C:\Program Files\JetBrains\PyCharm 2024.3.4\bin;;C:\Users\acer\AppData\Local\Programs\mongosh\;C:\Program Files\JetBrains\IntelliJ IDEA 2025.2.3\bin;C:\Users\acer\.bun\bin;C:\Users\acer\AppData\Local\Programs\Antigravity\bin;C:\Users\acer\AppData\Local\Microsoft\WindowsApps;., no libtcnative-1 in java.library.path: C:\Users\acer\.jdks\corretto-21.0.5\bin;C:\WINDOWS\Sun\Java\bin;C:\WINDOWS\system32;C:\WINDOWS;C:\Program Files\Common Files\Oracle\Java\javapath;C:\Program Files\Microsoft MPI\Bin\;C:\Windows\system32;C:\Windows;C:\Windows\System32\Wbem;C:\Windows\System32\WindowsPowerShell\v1.0\;C:\Windows\System32\OpenSSH\;C:\Program Files (x86)\NVIDIA Corporation\PhysX\Common;C:\Program Files\NVIDIA Corporation\NVIDIA NvDLISR;C:\WINDOWS\system32;C:\WINDOWS;C:\WINDOWS\System32\Wbem;C:\WINDOWS\System32\WindowsPowerShell\v1.0\;C:\WINDOWS\System32\OpenSSH\;C:\Program Files\Azure Data Studio\bin;C:\ProgramData\chocolatey\bin;C:\Users\acer\bin;C:\mingw64\bin;C:\Program Files (x86)\Microsoft SQL Server\160\Tools\Binn\;C:\Program Files\Microsoft SQL Server\160\Tools\Binn\;C:\Program Files\Microsoft SQL Server\Client SDK\ODBC\170\Tools\Binn\;C:\Program Files\Microsoft SQL Server\160\DTS\Binn\;C:\apache-maven-3.9.8\bin;C:\Program Files\Docker\Docker\resources\bin;C:\Program Files\nodejs\;C:\Program Files\TortoiseGit\bin;C:\Program Files\PostgreSQL\17\bin;C:\Program Files\PuTTY\;c:\Users\acer\AppData\Local\Programs\cursor\resources\app\bin;D:\HocTap\Git\Git\cmd;C:\Program Files\cursor\resources\app\bin;C:\ProgramData\chocolatey\lib\maven\apache-maven-3.9.11\bin;C:\Program Files\apache-maven-3.9.11\bin;C:\Program Files\Java\jdk-25\bin;;C:\WINDOWS\system32;C:\WINDOWS;C:\WINDOWS\System32\Wbem;C:\WINDOWS\System32\WindowsPowerShell\v1.0\;C:\WINDOWS\System32\OpenSSH\;C:\Program Files\Cloudflare\Cloudflare WARP\;C:\Users\acer\AppData\Local\Microsoft\WindowsApps;C:\Program Files\Azure Data Studio\bin;E:\Microsoft VS Code\bin;C:\Program Files\JetBrains\IntelliJ IDEA 2024.2\bin;;C:\Program Files\JetBrains\IntelliJ IDEA Community Edition 2024.2.4\bin;C:\apache-maven-3.9.8\bin;C:\Program Files\JetBrains\WebStorm 2024.2.4\bin;C:\Users\acer\AppData\Roaming\npm;C:\Users\acer\AppData\Local\Programs\Microsoft VS Code\bin;C:\Users\acer\.lmstudio\bin;C:\Program Files\JetBrains\PyCharm 2024.3.4\bin;;C:\Users\acer\AppData\Local\Programs\mongosh\;C:\Program Files\JetBrains\IntelliJ IDEA 2025.2.3\bin;C:\Users\acer\.bun\bin;C:\Users\acer\AppData\Local\Programs\Antigravity\bin;C:\Users\acer\AppData\Local\Microsoft\WindowsApps;.
	at org.apache.tomcat.jni.Library.<init>(Library.java:91)
	at org.apache.tomcat.jni.Library.initialize(Library.java:147)
	at org.apache.catalina.core.AprLifecycleListener.init(AprLifecycleListener.java:211)
	at org.apache.catalina.core.AprLifecycleListener.isAprAvailable(AprLifecycleListener.java:113)
	at org.springframework.boot.web.embedded.tomcat.TomcatServletWebServerFactory.getDefaultServerLifecycleListeners(TomcatServletWebServerFactory.java:191)
	at org.springframework.boot.web.embedded.tomcat.TomcatServletWebServerFactory.<init>(TomcatServletWebServerFactory.java:138)
	at org.springframework.boot.autoconfigure.web.servlet.ServletWebServerFactoryConfiguration$EmbeddedTomcat.tomcatServletWebServerFactory(ServletWebServerFactoryConfiguration.java:73)
	at java.base/jdk.internal.reflect.DirectMethodHandleAccessor.invoke(DirectMethodHandleAccessor.java:103)
	at java.base/java.lang.reflect.Method.invoke(Method.java:580)
	at org.springframework.beans.factory.support.SimpleInstantiationStrategy.lambda$instantiate$0(SimpleInstantiationStrategy.java:171)
	at org.springframework.beans.factory.support.SimpleInstantiationStrategy.instantiateWithFactoryMethod(SimpleInstantiationStrategy.java:88)
	at org.springframework.beans.factory.support.SimpleInstantiationStrategy.instantiate(SimpleInstantiationStrategy.java:168)
	at org.springframework.beans.factory.support.ConstructorResolver.instantiate(ConstructorResolver.java:653)
	at org.springframework.beans.factory.support.ConstructorResolver.instantiateUsingFactoryMethod(ConstructorResolver.java:645)
	at org.springframework.beans.factory.support.AbstractAutowireCapableBeanFactory.instantiateUsingFactoryMethod(AbstractAutowireCapableBeanFactory.java:1357)
	at org.springframework.beans.factory.support.AbstractAutowireCapableBeanFactory.createBeanInstance(AbstractAutowireCapableBeanFactory.java:1187)
	at org.springframework.beans.factory.support.AbstractAutowireCapableBeanFactory.doCreateBean(AbstractAutowireCapableBeanFactory.java:563)
	at org.springframework.beans.factory.support.AbstractAutowireCapableBeanFactory.createBean(AbstractAutowireCapableBeanFactory.java:523)
	at org.springframework.beans.factory.support.AbstractBeanFactory.lambda$doGetBean$0(AbstractBeanFactory.java:336)
	at org.springframework.beans.factory.support.DefaultSingletonBeanRegistry.getSingleton(DefaultSingletonBeanRegistry.java:289)
	at org.springframework.beans.factory.support.AbstractBeanFactory.doGetBean(AbstractBeanFactory.java:334)
	at org.springframework.beans.factory.support.AbstractBeanFactory.getBean(AbstractBeanFactory.java:204)
	at org.springframework.boot.web.servlet.context.ServletWebServerApplicationContext.getWebServerFactory(ServletWebServerApplicationContext.java:223)
	at org.springframework.boot.web.servlet.context.ServletWebServerApplicationContext.createWebServer(ServletWebServerApplicationContext.java:186)
	at org.springframework.boot.web.servlet.context.ServletWebServerApplicationContext.onRefresh(ServletWebServerApplicationContext.java:162)
	at org.springframework.context.support.AbstractApplicationContext.refresh(AbstractApplicationContext.java:621)
	at org.springframework.boot.web.servlet.context.ServletWebServerApplicationContext.refresh(ServletWebServerApplicationContext.java:146)
	at org.springframework.boot.SpringApplication.refresh(SpringApplication.java:752)
	at org.springframework.boot.SpringApplication.refreshContext(SpringApplication.java:439)
	at org.springframework.boot.SpringApplication.run(SpringApplication.java:318)
	at org.springframework.boot.SpringApplication.run(SpringApplication.java:1361)
	at org.springframework.boot.SpringApplication.run(SpringApplication.java:1350)
	at com.fsocial.profileservice.ProfileServiceApplication.main(ProfileServiceApplication.java:13)
	at java.base/jdk.internal.reflect.DirectMethodHandleAccessor.invoke(DirectMethodHandleAccessor.java:103)
	at java.base/java.lang.reflect.Method.invoke(Method.java:580)
	at org.springframework.boot.devtools.restart.RestartLauncher.run(RestartLauncher.java:50)
2025-12-30 22:35:52.258 DEBUG --- [  restartedMain] o.s.b.f.s.DefaultListableBeanFactory     : Creating shared instance of singleton bean 'websocketServletWebServerCustomizer'
2025-12-30 22:35:52.258 DEBUG --- [  restartedMain] o.s.b.f.s.DefaultListableBeanFactory     : Creating shared instance of singleton bean 'org.springframework.boot.autoconfigure.websocket.servlet.WebSocketServletAutoConfiguration$TomcatWebSocketConfiguration'
2025-12-30 22:35:52.260 DEBUG --- [  restartedMain] o.s.b.f.s.DefaultListableBeanFactory     : Creating shared instance of singleton bean 'servletWebServerFactoryCustomizer'
2025-12-30 22:35:52.261 DEBUG --- [  restartedMain] o.s.b.f.s.DefaultListableBeanFactory     : Creating shared instance of singleton bean 'org.springframework.boot.autoconfigure.web.servlet.ServletWebServerFactoryAutoConfiguration'
2025-12-30 22:35:52.264 DEBUG --- [  restartedMain] o.s.b.f.s.DefaultListableBeanFactory     : Creating shared instance of singleton bean 'server-org.springframework.boot.autoconfigure.web.ServerProperties'
2025-12-30 22:35:52.271 DEBUG --- [  restartedMain] o.s.b.f.s.DefaultListableBeanFactory     : Creating shared instance of singleton bean 'org.springframework.boot.context.properties.BoundConfigurationProperties'
2025-12-30 22:35:52.274 DEBUG --- [  restartedMain] o.s.b.f.s.DefaultListableBeanFactory     : Creating shared instance of singleton bean 'defaultsBindHandlerAdvisor'
2025-12-30 22:35:52.275 DEBUG --- [  restartedMain] o.s.b.f.s.DefaultListableBeanFactory     : Creating shared instance of singleton bean 'org.springframework.cloud.commons.config.CommonsConfigAutoConfiguration'
2025-12-30 22:35:52.277 DEBUG --- [  restartedMain] o.s.b.f.s.DefaultListableBeanFactory     : Creating shared instance of singleton bean 'loadBalancerClientsDefaultsMappingsProvider'
2025-12-30 22:35:52.277 DEBUG --- [  restartedMain] o.s.b.f.s.DefaultListableBeanFactory     : Creating shared instance of singleton bean 'org.springframework.cloud.client.loadbalancer.LoadBalancerDefaultMappingsProviderAutoConfiguration'
2025-12-30 22:35:52.279 DEBUG --- [  restartedMain] o.s.b.f.s.DefaultListableBeanFactory     : Autowiring by type from bean name 'defaultsBindHandlerAdvisor' via factory method to bean named 'loadBalancerClientsDefaultsMappingsProvider'
2025-12-30 22:35:52.301 DEBUG --- [  restartedMain] o.s.b.f.s.DefaultListableBeanFactory     : Autowiring by type from bean name 'servletWebServerFactoryCustomizer' via factory method to bean named 'server-org.springframework.boot.autoconfigure.web.ServerProperties'
2025-12-30 22:35:52.303 DEBUG --- [  restartedMain] o.s.b.f.s.DefaultListableBeanFactory     : Creating shared instance of singleton bean 'sslBundleRegistry'
2025-12-30 22:35:52.304 DEBUG --- [  restartedMain] o.s.b.f.s.DefaultListableBeanFactory     : Creating shared instance of singleton bean 'org.springframework.boot.autoconfigure.ssl.SslAutoConfiguration'
2025-12-30 22:35:52.304 DEBUG --- [  restartedMain] o.s.b.f.s.DefaultListableBeanFactory     : Creating shared instance of singleton bean 'spring.ssl-org.springframework.boot.autoconfigure.ssl.SslProperties'
2025-12-30 22:35:52.306 DEBUG --- [  restartedMain] o.s.b.f.s.DefaultListableBeanFactory     : Autowiring by type from bean name 'org.springframework.boot.autoconfigure.ssl.SslAutoConfiguration' via constructor to bean named 'org.springframework.boot.web.servlet.context.AnnotationConfigServletWebServerApplicationContext@2afacb41'
2025-12-30 22:35:52.306 DEBUG --- [  restartedMain] o.s.b.f.s.DefaultListableBeanFactory     : Autowiring by type from bean name 'org.springframework.boot.autoconfigure.ssl.SslAutoConfiguration' via constructor to bean named 'spring.ssl-org.springframework.boot.autoconfigure.ssl.SslProperties'
2025-12-30 22:35:52.307 DEBUG --- [  restartedMain] o.s.b.f.s.DefaultListableBeanFactory     : Creating shared instance of singleton bean 'sslPropertiesSslBundleRegistrar'
2025-12-30 22:35:52.309 DEBUG --- [  restartedMain] o.s.b.f.s.DefaultListableBeanFactory     : Creating shared instance of singleton bean 'fileWatcher'
2025-12-30 22:35:52.311 DEBUG --- [  restartedMain] o.s.b.f.s.DefaultListableBeanFactory     : Autowiring by type from bean name 'sslPropertiesSslBundleRegistrar' via factory method to bean named 'fileWatcher'
2025-12-30 22:35:52.320 DEBUG --- [  restartedMain] o.s.b.f.s.DefaultListableBeanFactory     : Creating shared instance of singleton bean 'tomcatServletWebServerFactoryCustomizer'
2025-12-30 22:35:52.321 DEBUG --- [  restartedMain] o.s.b.f.s.DefaultListableBeanFactory     : Autowiring by type from bean name 'tomcatServletWebServerFactoryCustomizer' via factory method to bean named 'server-org.springframework.boot.autoconfigure.web.ServerProperties'
2025-12-30 22:35:52.322 DEBUG --- [  restartedMain] o.s.b.f.s.DefaultListableBeanFactory     : Creating shared instance of singleton bean 'tomcatWebServerFactoryCustomizer'
2025-12-30 22:35:52.322 DEBUG --- [  restartedMain] o.s.b.f.s.DefaultListableBeanFactory     : Creating shared instance of singleton bean 'org.springframework.boot.autoconfigure.web.embedded.EmbeddedWebServerFactoryCustomizerAutoConfiguration$TomcatWebServerFactoryCustomizerConfiguration'
2025-12-30 22:35:52.324 DEBUG --- [  restartedMain] o.s.b.f.s.DefaultListableBeanFactory     : Autowiring by type from bean name 'tomcatWebServerFactoryCustomizer' via factory method to bean named 'environment'
2025-12-30 22:35:52.324 DEBUG --- [  restartedMain] o.s.b.f.s.DefaultListableBeanFactory     : Autowiring by type from bean name 'tomcatWebServerFactoryCustomizer' via factory method to bean named 'server-org.springframework.boot.autoconfigure.web.ServerProperties'
2025-12-30 22:35:52.327 DEBUG --- [  restartedMain] o.s.b.f.s.DefaultListableBeanFactory     : Creating shared instance of singleton bean 'localeCharsetMappingsCustomizer'
2025-12-30 22:35:52.327 DEBUG --- [  restartedMain] o.s.b.f.s.DefaultListableBeanFactory     : Creating shared instance of singleton bean 'org.springframework.boot.autoconfigure.web.servlet.HttpEncodingAutoConfiguration'
2025-12-30 22:35:52.328 DEBUG --- [  restartedMain] o.s.b.f.s.DefaultListableBeanFactory     : Autowiring by type from bean name 'org.springframework.boot.autoconfigure.web.servlet.HttpEncodingAutoConfiguration' via constructor to bean named 'server-org.springframework.boot.autoconfigure.web.ServerProperties'
2025-12-30 22:35:52.353 DEBUG --- [  restartedMain] o.s.b.f.s.DefaultListableBeanFactory     : Creating shared instance of singleton bean 'errorPageCustomizer'
2025-12-30 22:35:52.353 DEBUG --- [  restartedMain] o.s.b.f.s.DefaultListableBeanFactory     : Creating shared instance of singleton bean 'org.springframework.boot.autoconfigure.web.servlet.error.ErrorMvcAutoConfiguration'
2025-12-30 22:35:52.354 DEBUG --- [  restartedMain] o.s.b.f.s.DefaultListableBeanFactory     : Autowiring by type from bean name 'org.springframework.boot.autoconfigure.web.servlet.error.ErrorMvcAutoConfiguration' via constructor to bean named 'server-org.springframework.boot.autoconfigure.web.ServerProperties'
2025-12-30 22:35:52.356 DEBUG --- [  restartedMain] o.s.b.f.s.DefaultListableBeanFactory     : Creating shared instance of singleton bean 'dispatcherServletRegistration'
2025-12-30 22:35:52.356 DEBUG --- [  restartedMain] o.s.b.f.s.DefaultListableBeanFactory     : Creating shared instance of singleton bean 'org.springframework.boot.autoconfigure.web.servlet.DispatcherServletAutoConfiguration$DispatcherServletRegistrationConfiguration'
2025-12-30 22:35:52.357 DEBUG --- [  restartedMain] o.s.b.f.s.DefaultListableBeanFactory     : Creating shared instance of singleton bean 'dispatcherServlet'
2025-12-30 22:35:52.357 DEBUG --- [  restartedMain] o.s.b.f.s.DefaultListableBeanFactory     : Creating shared instance of singleton bean 'org.springframework.boot.autoconfigure.web.servlet.DispatcherServletAutoConfiguration$DispatcherServletConfiguration'
2025-12-30 22:35:52.359 DEBUG --- [  restartedMain] o.s.b.f.s.DefaultListableBeanFactory     : Creating shared instance of singleton bean 'spring.mvc-org.springframework.boot.autoconfigure.web.servlet.WebMvcProperties'
2025-12-30 22:35:52.366 DEBUG --- [  restartedMain] o.s.b.f.s.DefaultListableBeanFactory     : Autowiring by type from bean name 'dispatcherServlet' via factory method to bean named 'spring.mvc-org.springframework.boot.autoconfigure.web.servlet.WebMvcProperties'
2025-12-30 22:35:52.386 DEBUG --- [  restartedMain] o.s.b.f.s.DefaultListableBeanFactory     : Autowiring by type from bean name 'dispatcherServletRegistration' via factory method to bean named 'dispatcherServlet'
2025-12-30 22:35:52.386 DEBUG --- [  restartedMain] o.s.b.f.s.DefaultListableBeanFactory     : Autowiring by type from bean name 'dispatcherServletRegistration' via factory method to bean named 'spring.mvc-org.springframework.boot.autoconfigure.web.servlet.WebMvcProperties'
2025-12-30 22:35:52.390 DEBUG --- [  restartedMain] o.s.b.f.s.DefaultListableBeanFactory     : Creating shared instance of singleton bean 'multipartConfigElement'
2025-12-30 22:35:52.390 DEBUG --- [  restartedMain] o.s.b.f.s.DefaultListableBeanFactory     : Creating shared instance of singleton bean 'org.springframework.boot.autoconfigure.web.servlet.MultipartAutoConfiguration'
2025-12-30 22:35:52.390 DEBUG --- [  restartedMain] o.s.b.f.s.DefaultListableBeanFactory     : Creating shared instance of singleton bean 'spring.servlet.multipart-org.springframework.boot.autoconfigure.web.servlet.MultipartProperties'
2025-12-30 22:35:52.397 DEBUG --- [  restartedMain] o.s.b.f.s.DefaultListableBeanFactory     : Autowiring by type from bean name 'org.springframework.boot.autoconfigure.web.servlet.MultipartAutoConfiguration' via constructor to bean named 'spring.servlet.multipart-org.springframework.boot.autoconfigure.web.servlet.MultipartProperties'
2025-12-30 22:35:52.402 DEBUG --- [  restartedMain] o.s.b.f.s.DefaultListableBeanFactory     : Autowiring by type from bean name 'errorPageCustomizer' via factory method to bean named 'dispatcherServletRegistration'
2025-12-30 22:35:52.422 DEBUG --- [  restartedMain] o.apache.tomcat.util.compat.Jre22Compat  : Class not found so assuming code is running on a pre-Java 22 JVM
java.lang.ClassNotFoundException: java.text.ListFormat
	at java.base/jdk.internal.loader.BuiltinClassLoader.loadClass(BuiltinClassLoader.java:641)
	at java.base/jdk.internal.loader.ClassLoaders$AppClassLoader.loadClass(ClassLoaders.java:188)
	at java.base/java.lang.ClassLoader.loadClass(ClassLoader.java:526)
	at java.base/java.lang.Class.forName0(Native Method)
	at java.base/java.lang.Class.forName(Class.java:421)
	at java.base/java.lang.Class.forName(Class.java:412)
	at org.apache.tomcat.util.compat.Jre22Compat.<clinit>(Jre22Compat.java:37)
	at org.apache.tomcat.util.compat.JreCompat.<clinit>(JreCompat.java:60)
	at org.apache.catalina.startup.Tomcat.<clinit>(Tomcat.java:1193)
	at org.springframework.boot.web.embedded.tomcat.TomcatServletWebServerFactory.getWebServer(TomcatServletWebServerFactory.java:203)
	at org.springframework.boot.web.servlet.context.ServletWebServerApplicationContext.createWebServer(ServletWebServerApplicationContext.java:188)
	at org.springframework.boot.web.servlet.context.ServletWebServerApplicationContext.onRefresh(ServletWebServerApplicationContext.java:162)
	at org.springframework.context.support.AbstractApplicationContext.refresh(AbstractApplicationContext.java:621)
	at org.springframework.boot.web.servlet.context.ServletWebServerApplicationContext.refresh(ServletWebServerApplicationContext.java:146)
	at org.springframework.boot.SpringApplication.refresh(SpringApplication.java:752)
	at org.springframework.boot.SpringApplication.refreshContext(SpringApplication.java:439)
	at org.springframework.boot.SpringApplication.run(SpringApplication.java:318)
	at org.springframework.boot.SpringApplication.run(SpringApplication.java:1361)
	at org.springframework.boot.SpringApplication.run(SpringApplication.java:1350)
	at com.fsocial.profileservice.ProfileServiceApplication.main(ProfileServiceApplication.java:13)
	at java.base/jdk.internal.reflect.DirectMethodHandleAccessor.invoke(DirectMethodHandleAccessor.java:103)
	at java.base/java.lang.reflect.Method.invoke(Method.java:580)
	at org.springframework.boot.devtools.restart.RestartLauncher.run(RestartLauncher.java:50)
2025-12-30 22:35:52.482 DEBUG --- [  restartedMain] org.apache.catalina.core.ContainerBase   : Add container child [StandardHost[localhost]] to container [StandardEngine[Tomcat]]
2025-12-30 22:35:52.482 DEBUG --- [  restartedMain] .s.b.w.e.t.TomcatServletWebServerFactory : Code archive: C:\Users\acer\.m2\repository\org\springframework\boot\spring-boot\3.4.1\spring-boot-3.4.1.jar
2025-12-30 22:35:52.482 DEBUG --- [  restartedMain] .s.b.w.e.t.TomcatServletWebServerFactory : Code archive: C:\Users\acer\.m2\repository\org\springframework\boot\spring-boot\3.4.1\spring-boot-3.4.1.jar
2025-12-30 22:35:52.483 DEBUG --- [  restartedMain] .s.b.w.e.t.TomcatServletWebServerFactory : None of the document roots [src/main/webapp, public, static] point to a directory and will be ignored.
2025-12-30 22:35:52.505 DEBUG --- [  restartedMain] org.apache.catalina.core.ContainerBase   : Add container child [TomcatEmbeddedContext[/profile]] to container [StandardEngine[Tomcat].StandardHost[localhost]]
2025-12-30 22:35:52.590 DEBUG --- [  restartedMain] jdk.event.security                       : X509Certificate: Alg:SHA256withRSA, Serial:3c9eb1fc89f733d3, Subject:CN=JCE Code Signing CA, OU=Java Software Code Signing, O=Oracle Corporation, Issuer:CN=JCE Code Signing CA, OU=Java Software Code Signing, O=Oracle Corporation, Key type:RSA, Length:2048, Cert Id:3044386973, Valid from:7/7/16, 6:48 AM, Valid until:12/31/30, 7:00 AM
2025-12-30 22:35:52.590 DEBUG --- [  restartedMain] jdk.event.security                       : X509Certificate: Alg:SHA256withRSA, Serial:8874f23f4bbf63bd806a7aeb0a12cf4672bba2a, Subject:CN=Legion of the Bouncy Castle Inc., OU=Java Software Code Signing, O=Oracle Corporation, Issuer:CN=JCE Code Signing CA, OU=Java Software Code Signing, O=Oracle Corporation, Key type:DSA, Length:2048, Cert Id:2266411741, Valid from:1/25/22, 7:58 AM, Valid until:1/25/27, 7:58 AM
2025-12-30 22:35:52.595 DEBUG --- [  restartedMain] jdk.event.security                       : X509Certificate: Alg:SHA256withRSA, Serial:544aff3949d0839a6bfdb3f5fe56116, Subject:CN=DigiCert Timestamp 2023, O="DigiCert, Inc.", C=US, Issuer:CN=DigiCert Trusted G4 RSA4096 SHA256 TimeStamping CA, O="DigiCert, Inc.", C=US, Key type:RSA, Length:4096, Cert Id:85613909, Valid from:7/14/23, 7:00 AM, Valid until:10/14/34, 6:59 AM
2025-12-30 22:35:52.596 DEBUG --- [  restartedMain] jdk.event.security                       : X509Certificate: Alg:SHA256withRSA, Serial:73637b724547cd847acfd28662a5e5b, Subject:CN=DigiCert Trusted G4 RSA4096 SHA256 TimeStamping CA, O="DigiCert, Inc.", C=US, Issuer:CN=DigiCert Trusted Root G4, OU=www.digicert.com, O=DigiCert Inc, C=US, Key type:RSA, Length:4096, Cert Id:3207540671, Valid from:3/23/22, 7:00 AM, Valid until:3/23/37, 6:59 AM
2025-12-30 22:35:52.598 DEBUG --- [  restartedMain] jdk.event.security                       : X509Certificate: Alg:SHA384withRSA, Serial:e9b188ef9d02de7efdb50e20840185a, Subject:CN=DigiCert Trusted Root G4, OU=www.digicert.com, O=DigiCert Inc, C=US, Issuer:CN=DigiCert Assured ID Root CA, OU=www.digicert.com, O=DigiCert Inc, C=US, Key type:RSA, Length:4096, Cert Id:845088433, Valid from:8/1/22, 7:00 AM, Valid until:11/10/31, 6:59 AM
2025-12-30 22:35:52.644  INFO --- [  restartedMain] o.s.b.w.embedded.tomcat.TomcatWebServer  : Tomcat initialized with port 8085 (http)
2025-12-30 22:35:52.647 DEBUG --- [  restartedMain] org.apache.catalina.util.LifecycleBase   : Setting state for [StandardServer[-1]] to [INITIALIZING]
2025-12-30 22:35:52.649 DEBUG --- [  restartedMain] org.apache.catalina.util.LifecycleBase   : Setting state for [org.apache.catalina.deploy.NamingResourcesImpl@69d9f646] to [INITIALIZING]
2025-12-30 22:35:52.649 DEBUG --- [  restartedMain] org.apache.catalina.util.LifecycleBase   : Setting state for [org.apache.catalina.deploy.NamingResourcesImpl@69d9f646] to [INITIALIZED]
2025-12-30 22:35:52.650 DEBUG --- [  restartedMain] org.apache.catalina.util.LifecycleBase   : Setting state for [StandardService[Tomcat]] to [INITIALIZING]
2025-12-30 22:35:52.650 DEBUG --- [  restartedMain] org.apache.catalina.util.LifecycleBase   : Setting state for [StandardEngine[Tomcat]] to [INITIALIZING]
2025-12-30 22:35:52.650 DEBUG --- [  restartedMain] org.apache.catalina.util.LifecycleBase   : Setting state for [StandardEngine[Tomcat]] to [INITIALIZED]
2025-12-30 22:35:52.650 DEBUG --- [  restartedMain] org.apache.catalina.util.LifecycleBase   : Setting state for [org.apache.catalina.mapper.MapperListener@2927bdb1] to [INITIALIZING]
2025-12-30 22:35:52.650 DEBUG --- [  restartedMain] org.apache.catalina.util.LifecycleBase   : Setting state for [org.apache.catalina.mapper.MapperListener@2927bdb1] to [INITIALIZED]
2025-12-30 22:35:52.650 DEBUG --- [  restartedMain] org.apache.catalina.util.LifecycleBase   : Setting state for [Connector["http-nio-8085"]] to [INITIALIZING]
2025-12-30 22:35:52.656  INFO --- [  restartedMain] o.a.coyote.http11.Http11NioProtocol      : Initializing ProtocolHandler ["http-nio-8085"]
2025-12-30 22:35:52.656 DEBUG --- [  restartedMain] org.apache.catalina.util.LifecycleBase   : Setting state for [Connector["http-nio-8085"]] to [INITIALIZED]
2025-12-30 22:35:52.656 DEBUG --- [  restartedMain] org.apache.catalina.util.LifecycleBase   : Setting state for [StandardService[Tomcat]] to [INITIALIZED]
2025-12-30 22:35:52.656 DEBUG --- [  restartedMain] org.apache.catalina.util.LifecycleBase   : Setting state for [StandardServer[-1]] to [INITIALIZED]
2025-12-30 22:35:52.656 DEBUG --- [  restartedMain] org.apache.catalina.util.LifecycleBase   : Setting state for [StandardServer[-1]] to [STARTING_PREP]
2025-12-30 22:35:52.656 DEBUG --- [  restartedMain] org.apache.catalina.util.LifecycleBase   : Setting state for [StandardServer[-1]] to [STARTING]
2025-12-30 22:35:52.658 DEBUG --- [  restartedMain] org.apache.catalina.util.LifecycleBase   : Setting state for [org.apache.catalina.deploy.NamingResourcesImpl@69d9f646] to [STARTING_PREP]
2025-12-30 22:35:52.658 DEBUG --- [  restartedMain] org.apache.catalina.util.LifecycleBase   : Setting state for [org.apache.catalina.deploy.NamingResourcesImpl@69d9f646] to [STARTING]
2025-12-30 22:35:52.658 DEBUG --- [  restartedMain] org.apache.catalina.util.LifecycleBase   : Setting state for [org.apache.catalina.deploy.NamingResourcesImpl@69d9f646] to [STARTED]
2025-12-30 22:35:52.658 DEBUG --- [  restartedMain] org.apache.catalina.util.LifecycleBase   : Setting state for [StandardService[Tomcat]] to [STARTING_PREP]
2025-12-30 22:35:52.658  INFO --- [  restartedMain] o.apache.catalina.core.StandardService   : Starting service [Tomcat]
2025-12-30 22:35:52.658 DEBUG --- [  restartedMain] org.apache.catalina.util.LifecycleBase   : Setting state for [StandardService[Tomcat]] to [STARTING]
2025-12-30 22:35:52.658 DEBUG --- [  restartedMain] org.apache.catalina.util.LifecycleBase   : Setting state for [StandardEngine[Tomcat]] to [STARTING_PREP]
2025-12-30 22:35:52.658  INFO --- [  restartedMain] o.apache.catalina.core.StandardEngine    : Starting Servlet engine: [Apache Tomcat/10.1.34]
2025-12-30 22:35:52.659 DEBUG --- [  restartedMain] org.apache.catalina.util.LifecycleBase   : Setting state for [SimpleRealm[StandardEngine[Tomcat]]] to [INITIALIZING]
2025-12-30 22:35:52.661 DEBUG --- [  restartedMain] org.apache.catalina.util.LifecycleBase   : Setting state for [SimpleRealm[StandardEngine[Tomcat]]] to [INITIALIZED]
2025-12-30 22:35:52.661 DEBUG --- [  restartedMain] org.apache.catalina.util.LifecycleBase   : Setting state for [SimpleRealm[StandardEngine[Tomcat]]] to [STARTING_PREP]
2025-12-30 22:35:52.661 DEBUG --- [  restartedMain] org.apache.catalina.util.LifecycleBase   : Setting state for [SimpleRealm[StandardEngine[Tomcat]]] to [STARTING]
2025-12-30 22:35:52.662 DEBUG --- [  restartedMain] org.apache.catalina.util.LifecycleBase   : Setting state for [SimpleRealm[StandardEngine[Tomcat]]] to [STARTED]
2025-12-30 22:35:52.662 DEBUG --- [  restartedMain] org.apache.catalina.util.LifecycleBase   : Setting state for [StandardEngine[Tomcat].StandardHost[localhost]] to [INITIALIZING]
2025-12-30 22:35:52.662 DEBUG --- [  restartedMain] org.apache.catalina.util.LifecycleBase   : Setting state for [StandardEngine[Tomcat].StandardHost[localhost]] to [INITIALIZED]
2025-12-30 22:35:52.662 DEBUG --- [  restartedMain] org.apache.catalina.util.LifecycleBase   : Setting state for [StandardEngine[Tomcat].StandardHost[localhost]] to [STARTING_PREP]
2025-12-30 22:35:52.664 DEBUG --- [  restartedMain] org.apache.catalina.util.LifecycleBase   : Setting state for [StandardEngine[Tomcat].StandardHost[localhost].TomcatEmbeddedContext[/profile]] to [INITIALIZING]
2025-12-30 22:35:52.664 DEBUG --- [  restartedMain] org.apache.catalina.util.LifecycleBase   : Setting state for [StandardEngine[Tomcat].StandardHost[localhost].TomcatEmbeddedContext[/profile]] to [INITIALIZED]
2025-12-30 22:35:52.664 DEBUG --- [  restartedMain] org.apache.catalina.util.LifecycleBase   : Setting state for [StandardEngine[Tomcat].StandardHost[localhost].TomcatEmbeddedContext[/profile]] to [STARTING_PREP]
2025-12-30 22:35:52.678 DEBUG --- [  restartedMain] org.apache.catalina.util.LifecycleBase   : Setting state for [org.apache.catalina.webresources.StandardRoot@322b8ab] to [INITIALIZING]
2025-12-30 22:35:52.679 DEBUG --- [  restartedMain] org.apache.catalina.util.LifecycleBase   : Setting state for [org.apache.catalina.webresources.StandardRoot@322b8ab] to [INITIALIZED]
2025-12-30 22:35:52.679 DEBUG --- [  restartedMain] org.apache.catalina.util.LifecycleBase   : Setting state for [org.apache.catalina.webresources.StandardRoot@322b8ab] to [STARTING_PREP]
2025-12-30 22:35:52.681 DEBUG --- [  restartedMain] org.apache.catalina.util.LifecycleBase   : Setting state for [org.apache.catalina.webresources.DirResourceSet@705bccc1] to [INITIALIZING]
2025-12-30 22:35:52.683 DEBUG --- [  restartedMain] org.apache.catalina.util.LifecycleBase   : Setting state for [org.apache.catalina.webresources.DirResourceSet@705bccc1] to [INITIALIZED]
2025-12-30 22:35:52.683 DEBUG --- [  restartedMain] org.apache.catalina.util.LifecycleBase   : Setting state for [org.apache.catalina.webresources.DirResourceSet@705bccc1] to [STARTING_PREP]
2025-12-30 22:35:52.684 DEBUG --- [  restartedMain] org.apache.catalina.util.LifecycleBase   : Setting state for [org.apache.catalina.webresources.DirResourceSet@705bccc1] to [STARTING]
2025-12-30 22:35:52.684 DEBUG --- [  restartedMain] org.apache.catalina.util.LifecycleBase   : Setting state for [org.apache.catalina.webresources.DirResourceSet@705bccc1] to [STARTED]
2025-12-30 22:35:52.684 DEBUG --- [  restartedMain] org.apache.catalina.util.LifecycleBase   : Setting state for [org.apache.catalina.webresources.StandardRoot@322b8ab] to [STARTING]
2025-12-30 22:35:52.684 DEBUG --- [  restartedMain] org.apache.catalina.util.LifecycleBase   : Setting state for [org.apache.catalina.webresources.StandardRoot@322b8ab] to [STARTED]
2025-12-30 22:35:52.685 DEBUG --- [  restartedMain] org.apache.catalina.util.LifecycleBase   : Setting state for [WebappLoader[StandardEngine[Tomcat].StandardHost[localhost].TomcatEmbeddedContext[/profile]]] to [INITIALIZING]
2025-12-30 22:35:52.685 DEBUG --- [  restartedMain] org.apache.catalina.util.LifecycleBase   : Setting state for [WebappLoader[StandardEngine[Tomcat].StandardHost[localhost].TomcatEmbeddedContext[/profile]]] to [INITIALIZED]
2025-12-30 22:35:52.685 DEBUG --- [  restartedMain] org.apache.catalina.util.LifecycleBase   : Setting state for [WebappLoader[StandardEngine[Tomcat].StandardHost[localhost].TomcatEmbeddedContext[/profile]]] to [STARTING_PREP]
2025-12-30 22:35:52.685 DEBUG --- [  restartedMain] o.apache.catalina.loader.WebappLoader    : Starting this Loader
2025-12-30 22:35:52.691 DEBUG --- [  restartedMain] org.apache.catalina.webresources.Cache   : Increased cache size by [532] for item [org.apache.catalina.webresources.CachedResource@7fb9eaf2] at [/WEB-INF/classes] making total cache size [532]
2025-12-30 22:35:52.693 DEBUG --- [  restartedMain] org.apache.catalina.util.LifecycleBase   : Setting state for [WebappLoader[StandardEngine[Tomcat].StandardHost[localhost].TomcatEmbeddedContext[/profile]]] to [STARTING]
2025-12-30 22:35:52.693 DEBUG --- [  restartedMain] org.apache.catalina.util.LifecycleBase   : Setting state for [WebappLoader[StandardEngine[Tomcat].StandardHost[localhost].TomcatEmbeddedContext[/profile]]] to [STARTED]
2025-12-30 22:35:52.732 DEBUG --- [  restartedMain] org.apache.catalina.util.LifecycleBase   : Setting state for [org.apache.catalina.webresources.JarResourceSet@3cf06c2d] to [INITIALIZING]
2025-12-30 22:35:52.734 DEBUG --- [  restartedMain] org.apache.catalina.util.LifecycleBase   : Setting state for [org.apache.catalina.webresources.JarResourceSet@3cf06c2d] to [INITIALIZED]
2025-12-30 22:35:52.734 DEBUG --- [  restartedMain] org.apache.catalina.util.LifecycleBase   : Setting state for [org.apache.catalina.webresources.JarResourceSet@3cf06c2d] to [STARTING_PREP]
2025-12-30 22:35:52.734 DEBUG --- [  restartedMain] org.apache.catalina.util.LifecycleBase   : Setting state for [org.apache.catalina.webresources.JarResourceSet@3cf06c2d] to [STARTING]
2025-12-30 22:35:52.734 DEBUG --- [  restartedMain] org.apache.catalina.util.LifecycleBase   : Setting state for [org.apache.catalina.webresources.JarResourceSet@3cf06c2d] to [STARTED]
2025-12-30 22:35:52.734 DEBUG --- [  restartedMain] org.apache.catalina.util.LifecycleBase   : Setting state for [StandardPipeline[StandardEngine[Tomcat].StandardHost[localhost].TomcatEmbeddedContext[/profile]]] to [INITIALIZING]
2025-12-30 22:35:52.734 DEBUG --- [  restartedMain] org.apache.catalina.util.LifecycleBase   : Setting state for [StandardPipeline[StandardEngine[Tomcat].StandardHost[localhost].TomcatEmbeddedContext[/profile]]] to [INITIALIZED]
2025-12-30 22:35:52.734 DEBUG --- [  restartedMain] org.apache.catalina.util.LifecycleBase   : Setting state for [StandardPipeline[StandardEngine[Tomcat].StandardHost[localhost].TomcatEmbeddedContext[/profile]]] to [STARTING_PREP]
2025-12-30 22:35:52.734 DEBUG --- [  restartedMain] org.apache.catalina.util.LifecycleBase   : Setting state for [NonLoginAuthenticator[StandardEngine[Tomcat].StandardHost[localhost].TomcatEmbeddedContext[/profile]]] to [INITIALIZING]
2025-12-30 22:35:52.735 DEBUG --- [  restartedMain] org.apache.catalina.util.LifecycleBase   : Setting state for [NonLoginAuthenticator[StandardEngine[Tomcat].StandardHost[localhost].TomcatEmbeddedContext[/profile]]] to [INITIALIZED]
2025-12-30 22:35:52.735 DEBUG --- [  restartedMain] org.apache.catalina.util.LifecycleBase   : Setting state for [NonLoginAuthenticator[StandardEngine[Tomcat].StandardHost[localhost].TomcatEmbeddedContext[/profile]]] to [STARTING_PREP]
2025-12-30 22:35:52.737 DEBUG --- [  restartedMain] org.apache.catalina.util.LifecycleBase   : Setting state for [NonLoginAuthenticator[StandardEngine[Tomcat].StandardHost[localhost].TomcatEmbeddedContext[/profile]]] to [STARTING]
2025-12-30 22:35:52.737 DEBUG --- [  restartedMain] org.apache.catalina.util.LifecycleBase   : Setting state for [NonLoginAuthenticator[StandardEngine[Tomcat].StandardHost[localhost].TomcatEmbeddedContext[/profile]]] to [STARTED]
2025-12-30 22:35:52.737 DEBUG --- [  restartedMain] org.apache.catalina.util.LifecycleBase   : Setting state for [StandardContextValve[StandardEngine[Tomcat].StandardHost[localhost].TomcatEmbeddedContext[/profile]]] to [INITIALIZING]
2025-12-30 22:35:52.737 DEBUG --- [  restartedMain] org.apache.catalina.util.LifecycleBase   : Setting state for [StandardContextValve[StandardEngine[Tomcat].StandardHost[localhost].TomcatEmbeddedContext[/profile]]] to [INITIALIZED]
2025-12-30 22:35:52.737 DEBUG --- [  restartedMain] org.apache.catalina.util.LifecycleBase   : Setting state for [StandardContextValve[StandardEngine[Tomcat].StandardHost[localhost].TomcatEmbeddedContext[/profile]]] to [STARTING_PREP]
2025-12-30 22:35:52.737 DEBUG --- [  restartedMain] org.apache.catalina.util.LifecycleBase   : Setting state for [StandardContextValve[StandardEngine[Tomcat].StandardHost[localhost].TomcatEmbeddedContext[/profile]]] to [STARTING]
2025-12-30 22:35:52.738 DEBUG --- [  restartedMain] org.apache.catalina.util.LifecycleBase   : Setting state for [StandardContextValve[StandardEngine[Tomcat].StandardHost[localhost].TomcatEmbeddedContext[/profile]]] to [STARTED]
2025-12-30 22:35:52.738 DEBUG --- [  restartedMain] org.apache.catalina.util.LifecycleBase   : Setting state for [StandardPipeline[StandardEngine[Tomcat].StandardHost[localhost].TomcatEmbeddedContext[/profile]]] to [STARTING]
2025-12-30 22:35:52.738 DEBUG --- [  restartedMain] org.apache.catalina.util.LifecycleBase   : Setting state for [StandardPipeline[StandardEngine[Tomcat].StandardHost[localhost].TomcatEmbeddedContext[/profile]]] to [STARTED]
2025-12-30 22:35:52.738 DEBUG --- [  restartedMain] org.apache.catalina.util.LifecycleBase   : Setting state for [org.apache.catalina.deploy.NamingResourcesImpl@5c8bc356] to [INITIALIZING]
2025-12-30 22:35:52.738 DEBUG --- [  restartedMain] org.apache.catalina.util.LifecycleBase   : Setting state for [org.apache.catalina.deploy.NamingResourcesImpl@5c8bc356] to [INITIALIZED]
2025-12-30 22:35:52.738 DEBUG --- [  restartedMain] org.apache.catalina.util.LifecycleBase   : Setting state for [org.apache.catalina.deploy.NamingResourcesImpl@5c8bc356] to [STARTING_PREP]
2025-12-30 22:35:52.739 DEBUG --- [  restartedMain] org.apache.catalina.util.LifecycleBase   : Setting state for [org.apache.catalina.deploy.NamingResourcesImpl@5c8bc356] to [STARTING]
2025-12-30 22:35:52.739 DEBUG --- [  restartedMain] org.apache.catalina.util.LifecycleBase   : Setting state for [org.apache.catalina.deploy.NamingResourcesImpl@5c8bc356] to [STARTED]
2025-12-30 22:35:52.746  INFO --- [  restartedMain] o.a.c.c.C.[.[localhost].[/profile]       : Initializing Spring embedded WebApplicationContext
2025-12-30 22:35:52.747 DEBUG --- [  restartedMain] w.s.c.ServletWebServerApplicationContext : Published root WebApplicationContext as ServletContext attribute with name [org.springframework.web.context.WebApplicationContext.ROOT]
2025-12-30 22:35:52.747  INFO --- [  restartedMain] w.s.c.ServletWebServerApplicationContext : Root WebApplicationContext: initialization completed in 2715 ms
2025-12-30 22:35:52.750 DEBUG --- [  restartedMain] o.s.b.f.s.DefaultListableBeanFactory     : Creating shared instance of singleton bean 'loggingFilter'
2025-12-30 22:35:52.750 DEBUG --- [  restartedMain] o.s.b.f.s.DefaultListableBeanFactory     : Creating shared instance of singleton bean 'appConfig'
2025-12-30 22:35:52.751 DEBUG --- [  restartedMain] o.s.b.f.s.DefaultListableBeanFactory     : Creating shared instance of singleton bean 'customJwtDecode'
2025-12-30 22:35:52.754 DEBUG --- [  restartedMain] o.s.b.f.s.DefaultListableBeanFactory     : Autowiring by type from bean name 'appConfig' via constructor to bean named 'customJwtDecode'
2025-12-30 22:35:52.761 DEBUG --- [  restartedMain] o.s.b.f.s.DefaultListableBeanFactory     : Creating shared instance of singleton bean 'securityFilterChainRegistration'
2025-12-30 22:35:52.761 DEBUG --- [  restartedMain] o.s.b.f.s.DefaultListableBeanFactory     : Creating shared instance of singleton bean 'org.springframework.boot.autoconfigure.security.servlet.SecurityFilterAutoConfiguration'
2025-12-30 22:35:52.763 DEBUG --- [  restartedMain] o.s.b.f.s.DefaultListableBeanFactory     : Creating shared instance of singleton bean 'spring.security-org.springframework.boot.autoconfigure.security.SecurityProperties'
2025-12-30 22:35:52.764 DEBUG --- [  restartedMain] o.s.b.f.s.DefaultListableBeanFactory     : Autowiring by type from bean name 'securityFilterChainRegistration' via factory method to bean named 'spring.security-org.springframework.boot.autoconfigure.security.SecurityProperties'
2025-12-30 22:35:52.769 DEBUG --- [  restartedMain] o.s.b.f.s.DefaultListableBeanFactory     : Creating shared instance of singleton bean 'requestContextFilter'
2025-12-30 22:35:52.772 DEBUG --- [  restartedMain] o.s.b.f.s.DefaultListableBeanFactory     : Creating shared instance of singleton bean 'formContentFilter'
2025-12-30 22:35:52.772 DEBUG --- [  restartedMain] o.s.b.f.s.DefaultListableBeanFactory     : Creating shared instance of singleton bean 'org.springframework.boot.autoconfigure.web.servlet.WebMvcAutoConfiguration'
2025-12-30 22:35:52.777 DEBUG --- [  restartedMain] o.s.b.f.s.DefaultListableBeanFactory     : Creating shared instance of singleton bean 'characterEncodingFilter'
2025-12-30 22:35:52.788 DEBUG --- [  restartedMain] o.s.b.w.s.ServletContextInitializerBeans : Mapping filters: springSecurityFilterChain urls=[/*] order=-100, loggingFilter urls=[/*] order=2147483647, characterEncodingFilter urls=[/*] order=-2147483648, formContentFilter urls=[/*] order=-9900, requestContextFilter urls=[/*] order=-105
2025-12-30 22:35:52.789 DEBUG --- [  restartedMain] o.s.b.w.s.ServletContextInitializerBeans : Mapping servlets: dispatcherServlet urls=[/]
2025-12-30 22:35:52.795 DEBUG --- [  restartedMain] org.apache.catalina.core.ContainerBase   : Add container child [StandardWrapper[dispatcherServlet]] to container [StandardEngine[Tomcat].StandardHost[localhost].TomcatEmbeddedContext[/profile]]
2025-12-30 22:35:52.795 DEBUG --- [  restartedMain] org.apache.catalina.util.LifecycleBase   : Setting state for [StandardEngine[Tomcat].StandardHost[localhost].TomcatEmbeddedContext[/profile].StandardWrapper[dispatcherServlet]] to [INITIALIZING]
2025-12-30 22:35:52.796 DEBUG --- [  restartedMain] org.apache.catalina.util.LifecycleBase   : Setting state for [StandardEngine[Tomcat].StandardHost[localhost].TomcatEmbeddedContext[/profile].StandardWrapper[dispatcherServlet]] to [INITIALIZED]
2025-12-30 22:35:52.796 DEBUG --- [  restartedMain] org.apache.catalina.util.LifecycleBase   : Setting state for [StandardEngine[Tomcat].StandardHost[localhost].TomcatEmbeddedContext[/profile].StandardWrapper[dispatcherServlet]] to [STARTING_PREP]
2025-12-30 22:35:52.797 DEBUG --- [  restartedMain] org.apache.catalina.util.LifecycleBase   : Setting state for [StandardPipeline[StandardEngine[Tomcat].StandardHost[localhost].TomcatEmbeddedContext[/profile].StandardWrapper[dispatcherServlet]]] to [INITIALIZING]
2025-12-30 22:35:52.797 DEBUG --- [  restartedMain] org.apache.catalina.util.LifecycleBase   : Setting state for [StandardPipeline[StandardEngine[Tomcat].StandardHost[localhost].TomcatEmbeddedContext[/profile].StandardWrapper[dispatcherServlet]]] to [INITIALIZED]
2025-12-30 22:35:52.797 DEBUG --- [  restartedMain] org.apache.catalina.util.LifecycleBase   : Setting state for [StandardPipeline[StandardEngine[Tomcat].StandardHost[localhost].TomcatEmbeddedContext[/profile].StandardWrapper[dispatcherServlet]]] to [STARTING_PREP]
2025-12-30 22:35:52.797 DEBUG --- [  restartedMain] org.apache.catalina.util.LifecycleBase   : Setting state for [StandardWrapperValve[StandardEngine[Tomcat].StandardHost[localhost].TomcatEmbeddedContext[/profile].StandardWrapper[dispatcherServlet]]] to [INITIALIZING]
2025-12-30 22:35:52.797 DEBUG --- [  restartedMain] org.apache.catalina.util.LifecycleBase   : Setting state for [StandardWrapperValve[StandardEngine[Tomcat].StandardHost[localhost].TomcatEmbeddedContext[/profile].StandardWrapper[dispatcherServlet]]] to [INITIALIZED]
2025-12-30 22:35:52.797 DEBUG --- [  restartedMain] org.apache.catalina.util.LifecycleBase   : Setting state for [StandardWrapperValve[StandardEngine[Tomcat].StandardHost[localhost].TomcatEmbeddedContext[/profile].StandardWrapper[dispatcherServlet]]] to [STARTING_PREP]
2025-12-30 22:35:52.797 DEBUG --- [  restartedMain] org.apache.catalina.util.LifecycleBase   : Setting state for [StandardWrapperValve[StandardEngine[Tomcat].StandardHost[localhost].TomcatEmbeddedContext[/profile].StandardWrapper[dispatcherServlet]]] to [STARTING]
2025-12-30 22:35:52.798 DEBUG --- [  restartedMain] org.apache.catalina.util.LifecycleBase   : Setting state for [StandardWrapperValve[StandardEngine[Tomcat].StandardHost[localhost].TomcatEmbeddedContext[/profile].StandardWrapper[dispatcherServlet]]] to [STARTED]
2025-12-30 22:35:52.798 DEBUG --- [  restartedMain] org.apache.catalina.util.LifecycleBase   : Setting state for [StandardPipeline[StandardEngine[Tomcat].StandardHost[localhost].TomcatEmbeddedContext[/profile].StandardWrapper[dispatcherServlet]]] to [STARTING]
2025-12-30 22:35:52.798 DEBUG --- [  restartedMain] org.apache.catalina.util.LifecycleBase   : Setting state for [StandardPipeline[StandardEngine[Tomcat].StandardHost[localhost].TomcatEmbeddedContext[/profile].StandardWrapper[dispatcherServlet]]] to [STARTED]
2025-12-30 22:35:52.798 DEBUG --- [  restartedMain] org.apache.catalina.util.LifecycleBase   : Setting state for [StandardEngine[Tomcat].StandardHost[localhost].TomcatEmbeddedContext[/profile].StandardWrapper[dispatcherServlet]] to [STARTING]
2025-12-30 22:35:52.798 DEBUG --- [  restartedMain] org.apache.catalina.util.LifecycleBase   : Setting state for [StandardEngine[Tomcat].StandardHost[localhost].TomcatEmbeddedContext[/profile].StandardWrapper[dispatcherServlet]] to [STARTED]
2025-12-30 22:35:52.820 DEBUG --- [  restartedMain] org.apache.catalina.util.LifecycleBase   : Setting state for [StandardManager[StandardEngine[Tomcat].StandardHost[localhost].TomcatEmbeddedContext[/profile]]] to [INITIALIZING]
2025-12-30 22:35:52.820 DEBUG --- [  restartedMain] org.apache.catalina.util.LifecycleBase   : Setting state for [StandardManager[StandardEngine[Tomcat].StandardHost[localhost].TomcatEmbeddedContext[/profile]]] to [INITIALIZED]
2025-12-30 22:35:52.820 DEBUG --- [  restartedMain] org.apache.catalina.util.LifecycleBase   : Setting state for [StandardManager[StandardEngine[Tomcat].StandardHost[localhost].TomcatEmbeddedContext[/profile]]] to [STARTING_PREP]
2025-12-30 22:35:52.821 DEBUG --- [  restartedMain] org.apache.catalina.util.LifecycleBase   : Setting state for [org.springframework.boot.web.embedded.tomcat.LazySessionIdGenerator@7e6ee7e6] to [INITIALIZING]
2025-12-30 22:35:52.821 DEBUG --- [  restartedMain] org.apache.catalina.util.LifecycleBase   : Setting state for [org.springframework.boot.web.embedded.tomcat.LazySessionIdGenerator@7e6ee7e6] to [INITIALIZED]
2025-12-30 22:35:52.821 DEBUG --- [  restartedMain] org.apache.catalina.util.LifecycleBase   : Setting state for [org.springframework.boot.web.embedded.tomcat.LazySessionIdGenerator@7e6ee7e6] to [STARTING_PREP]
2025-12-30 22:35:52.821 DEBUG --- [  restartedMain] org.apache.catalina.util.LifecycleBase   : Setting state for [org.springframework.boot.web.embedded.tomcat.LazySessionIdGenerator@7e6ee7e6] to [STARTING]
2025-12-30 22:35:52.821 DEBUG --- [  restartedMain] org.apache.catalina.util.LifecycleBase   : Setting state for [org.springframework.boot.web.embedded.tomcat.LazySessionIdGenerator@7e6ee7e6] to [STARTED]
2025-12-30 22:35:52.821 DEBUG --- [  restartedMain] o.a.catalina.session.StandardManager     : Persisted data file [C:\Users\acer\AppData\Local\Temp\C871B652C454296C92B36F220EC84ED2409901E3\servlet-sessions\SESSIONS.ser] was not found
2025-12-30 22:35:52.821 DEBUG --- [  restartedMain] org.apache.catalina.util.LifecycleBase   : Setting state for [StandardManager[StandardEngine[Tomcat].StandardHost[localhost].TomcatEmbeddedContext[/profile]]] to [STARTING]
2025-12-30 22:35:52.821 DEBUG --- [  restartedMain] org.apache.catalina.util.LifecycleBase   : Setting state for [StandardManager[StandardEngine[Tomcat].StandardHost[localhost].TomcatEmbeddedContext[/profile]]] to [STARTED]
2025-12-30 22:35:52.825 DEBUG --- [  restartedMain] o.s.b.w.s.f.OrderedRequestContextFilter  : Filter 'requestContextFilter' configured for use
2025-12-30 22:35:52.827 DEBUG --- [  restartedMain] c.f.profileservice.config.AppConfig$1    : Filter 'loggingFilter' configured for use
2025-12-30 22:35:52.827 DEBUG --- [  restartedMain] s.b.w.s.f.OrderedCharacterEncodingFilter : Filter 'characterEncodingFilter' configured for use
2025-12-30 22:35:52.827 DEBUG --- [  restartedMain] .DelegatingFilterProxyRegistrationBean$1 : Filter 'springSecurityFilterChain' configured for use
2025-12-30 22:35:52.827 DEBUG --- [  restartedMain] o.s.b.w.s.f.OrderedFormContentFilter     : Filter 'formContentFilter' configured for use
2025-12-30 22:35:52.828 DEBUG --- [  restartedMain] org.apache.catalina.util.LifecycleBase   : Setting state for [StandardEngine[Tomcat].StandardHost[localhost].TomcatEmbeddedContext[/profile]] to [STARTING]
2025-12-30 22:35:52.828 DEBUG --- [  restartedMain] org.apache.catalina.util.LifecycleBase   : Setting state for [StandardEngine[Tomcat].StandardHost[localhost].TomcatEmbeddedContext[/profile]] to [STARTED]
2025-12-30 22:35:52.829 DEBUG --- [  restartedMain] org.apache.catalina.util.LifecycleBase   : Setting state for [StandardPipeline[StandardEngine[Tomcat].StandardHost[localhost]]] to [INITIALIZING]
2025-12-30 22:35:52.829 DEBUG --- [  restartedMain] org.apache.catalina.util.LifecycleBase   : Setting state for [StandardPipeline[StandardEngine[Tomcat].StandardHost[localhost]]] to [INITIALIZED]
2025-12-30 22:35:52.829 DEBUG --- [  restartedMain] org.apache.catalina.util.LifecycleBase   : Setting state for [StandardPipeline[StandardEngine[Tomcat].StandardHost[localhost]]] to [STARTING_PREP]
2025-12-30 22:35:52.829 DEBUG --- [  restartedMain] org.apache.catalina.util.LifecycleBase   : Setting state for [ErrorReportValve[StandardEngine[Tomcat].StandardHost[localhost]]] to [INITIALIZING]
2025-12-30 22:35:52.829 DEBUG --- [  restartedMain] org.apache.catalina.util.LifecycleBase   : Setting state for [ErrorReportValve[StandardEngine[Tomcat].StandardHost[localhost]]] to [INITIALIZED]
2025-12-30 22:35:52.829 DEBUG --- [  restartedMain] org.apache.catalina.util.LifecycleBase   : Setting state for [ErrorReportValve[StandardEngine[Tomcat].StandardHost[localhost]]] to [STARTING_PREP]
2025-12-30 22:35:52.829 DEBUG --- [  restartedMain] org.apache.catalina.util.LifecycleBase   : Setting state for [ErrorReportValve[StandardEngine[Tomcat].StandardHost[localhost]]] to [STARTING]
2025-12-30 22:35:52.829 DEBUG --- [  restartedMain] org.apache.catalina.util.LifecycleBase   : Setting state for [ErrorReportValve[StandardEngine[Tomcat].StandardHost[localhost]]] to [STARTED]
2025-12-30 22:35:52.829 DEBUG --- [  restartedMain] org.apache.catalina.util.LifecycleBase   : Setting state for [StandardHostValve[StandardEngine[Tomcat].StandardHost[localhost]]] to [INITIALIZING]
2025-12-30 22:35:52.830 DEBUG --- [  restartedMain] org.apache.catalina.util.LifecycleBase   : Setting state for [StandardHostValve[StandardEngine[Tomcat].StandardHost[localhost]]] to [INITIALIZED]
2025-12-30 22:35:52.830 DEBUG --- [  restartedMain] org.apache.catalina.util.LifecycleBase   : Setting state for [StandardHostValve[StandardEngine[Tomcat].StandardHost[localhost]]] to [STARTING_PREP]
2025-12-30 22:35:52.830 DEBUG --- [  restartedMain] org.apache.catalina.util.LifecycleBase   : Setting state for [StandardHostValve[StandardEngine[Tomcat].StandardHost[localhost]]] to [STARTING]
2025-12-30 22:35:52.830 DEBUG --- [  restartedMain] org.apache.catalina.util.LifecycleBase   : Setting state for [StandardHostValve[StandardEngine[Tomcat].StandardHost[localhost]]] to [STARTED]
2025-12-30 22:35:52.830 DEBUG --- [  restartedMain] org.apache.catalina.util.LifecycleBase   : Setting state for [StandardPipeline[StandardEngine[Tomcat].StandardHost[localhost]]] to [STARTING]
2025-12-30 22:35:52.830 DEBUG --- [  restartedMain] org.apache.catalina.util.LifecycleBase   : Setting state for [StandardPipeline[StandardEngine[Tomcat].StandardHost[localhost]]] to [STARTED]
2025-12-30 22:35:52.831 DEBUG --- [  restartedMain] org.apache.catalina.util.LifecycleBase   : Setting state for [StandardEngine[Tomcat].StandardHost[localhost]] to [STARTING]
2025-12-30 22:35:52.831 DEBUG --- [  restartedMain] org.apache.catalina.util.LifecycleBase   : Setting state for [StandardEngine[Tomcat].StandardHost[localhost]] to [STARTED]
2025-12-30 22:35:52.831 DEBUG --- [  restartedMain] org.apache.catalina.util.LifecycleBase   : Setting state for [StandardPipeline[StandardEngine[Tomcat]]] to [INITIALIZING]
2025-12-30 22:35:52.831 DEBUG --- [  restartedMain] org.apache.catalina.util.LifecycleBase   : Setting state for [StandardPipeline[StandardEngine[Tomcat]]] to [INITIALIZED]
2025-12-30 22:35:52.831 DEBUG --- [  restartedMain] org.apache.catalina.util.LifecycleBase   : Setting state for [StandardPipeline[StandardEngine[Tomcat]]] to [STARTING_PREP]
2025-12-30 22:35:52.831 DEBUG --- [  restartedMain] org.apache.catalina.util.LifecycleBase   : Setting state for [StandardEngineValve[StandardEngine[Tomcat]]] to [INITIALIZING]
2025-12-30 22:35:52.831 DEBUG --- [  restartedMain] org.apache.catalina.util.LifecycleBase   : Setting state for [StandardEngineValve[StandardEngine[Tomcat]]] to [INITIALIZED]
2025-12-30 22:35:52.831 DEBUG --- [  restartedMain] org.apache.catalina.util.LifecycleBase   : Setting state for [StandardEngineValve[StandardEngine[Tomcat]]] to [STARTING_PREP]
2025-12-30 22:35:52.831 DEBUG --- [  restartedMain] org.apache.catalina.util.LifecycleBase   : Setting state for [StandardEngineValve[StandardEngine[Tomcat]]] to [STARTING]
2025-12-30 22:35:52.831 DEBUG --- [  restartedMain] org.apache.catalina.util.LifecycleBase   : Setting state for [StandardEngineValve[StandardEngine[Tomcat]]] to [STARTED]
2025-12-30 22:35:52.831 DEBUG --- [  restartedMain] org.apache.catalina.util.LifecycleBase   : Setting state for [StandardPipeline[StandardEngine[Tomcat]]] to [STARTING]
2025-12-30 22:35:52.831 DEBUG --- [  restartedMain] org.apache.catalina.util.LifecycleBase   : Setting state for [StandardPipeline[StandardEngine[Tomcat]]] to [STARTED]
2025-12-30 22:35:52.831 DEBUG --- [  restartedMain] org.apache.catalina.util.LifecycleBase   : Setting state for [StandardEngine[Tomcat]] to [STARTING]
2025-12-30 22:35:52.834 DEBUG --- [  restartedMain] org.apache.catalina.util.LifecycleBase   : Setting state for [StandardEngine[Tomcat]] to [STARTED]
2025-12-30 22:35:52.835 DEBUG --- [  restartedMain] org.apache.catalina.util.LifecycleBase   : Setting state for [org.apache.catalina.mapper.MapperListener@2927bdb1] to [STARTING_PREP]
2025-12-30 22:35:52.835 DEBUG --- [  restartedMain] org.apache.catalina.util.LifecycleBase   : Setting state for [org.apache.catalina.mapper.MapperListener@2927bdb1] to [STARTING]
2025-12-30 22:35:52.835 DEBUG --- [  restartedMain] org.apache.catalina.mapper.Mapper        : Registered host [localhost]
2025-12-30 22:35:52.836 DEBUG --- [  restartedMain] o.apache.catalina.mapper.MapperListener  : Register Wrapper [dispatcherServlet] in Context [/profile] for service [StandardService[Tomcat]]
2025-12-30 22:35:52.836 DEBUG --- [  restartedMain] o.apache.catalina.mapper.MapperListener  : Register Context [/profile] for service [StandardService[Tomcat]]
2025-12-30 22:35:52.836 DEBUG --- [  restartedMain] o.apache.catalina.mapper.MapperListener  : Register host [localhost] at domain [null] for service [StandardService[Tomcat]]
2025-12-30 22:35:52.836 DEBUG --- [  restartedMain] org.apache.catalina.util.LifecycleBase   : Setting state for [org.apache.catalina.mapper.MapperListener@2927bdb1] to [STARTED]
2025-12-30 22:35:52.837 DEBUG --- [  restartedMain] org.apache.catalina.util.LifecycleBase   : Setting state for [StandardService[Tomcat]] to [STARTED]
2025-12-30 22:35:52.837 DEBUG --- [  restartedMain] org.apache.catalina.util.LifecycleBase   : Setting state for [StandardServer[-1]] to [STARTED]
2025-12-30 22:35:52.844 DEBUG --- [  restartedMain] o.s.b.f.s.DefaultListableBeanFactory     : Creating shared instance of singleton bean 'profileServiceApplication'
2025-12-30 22:35:52.846 DEBUG --- [  restartedMain] o.s.b.f.s.DefaultListableBeanFactory     : Creating shared instance of singleton bean 'profileConsumer'
2025-12-30 22:35:52.850 DEBUG --- [  restartedMain] o.s.b.f.s.DefaultListableBeanFactory     : Creating shared instance of singleton bean 'accountProfileServiceImpl'
2025-12-30 22:35:52.858 DEBUG --- [  restartedMain] o.s.b.f.s.DefaultListableBeanFactory     : Creating shared instance of singleton bean 'followServiceImpl'
2025-12-30 22:35:52.859 DEBUG --- [  restartedMain] o.s.b.f.s.DefaultListableBeanFactory     : Creating shared instance of singleton bean 'accountProfileMapperImpl'
2025-12-30 22:35:52.861 DEBUG --- [  restartedMain] o.s.b.f.s.DefaultListableBeanFactory     : Creating shared instance of singleton bean 'accountProfileRepository'
2025-12-30 22:35:52.864 DEBUG --- [  restartedMain] o.s.b.f.s.DefaultListableBeanFactory     : Creating shared instance of singleton bean 'neo4j.named-queries#0'
2025-12-30 22:35:52.866 DEBUG --- [  restartedMain] o.s.b.f.s.DefaultListableBeanFactory     : Creating shared instance of singleton bean 'neo4j.AccountProfileRepository.fragments#0'
2025-12-30 22:35:52.872 DEBUG --- [  restartedMain] o.s.b.f.s.DefaultListableBeanFactory     : Creating shared instance of singleton bean 'neo4jTemplate'
2025-12-30 22:35:52.872 DEBUG --- [  restartedMain] o.s.b.f.s.DefaultListableBeanFactory     : Creating shared instance of singleton bean 'org.springframework.boot.autoconfigure.data.neo4j.Neo4jDataAutoConfiguration'
2025-12-30 22:35:52.873 DEBUG --- [  restartedMain] o.s.b.f.s.DefaultListableBeanFactory     : Creating shared instance of singleton bean 'neo4jClient'
2025-12-30 22:35:52.875 DEBUG --- [  restartedMain] o.s.b.f.s.DefaultListableBeanFactory     : Creating shared instance of singleton bean 'neo4jDriver'
2025-12-30 22:35:52.875 DEBUG --- [  restartedMain] o.s.b.f.s.DefaultListableBeanFactory     : Creating shared instance of singleton bean 'org.springframework.boot.autoconfigure.neo4j.Neo4jAutoConfiguration'
2025-12-30 22:35:52.876 DEBUG --- [  restartedMain] o.s.b.f.s.DefaultListableBeanFactory     : Creating shared instance of singleton bean 'spring.neo4j-org.springframework.boot.autoconfigure.neo4j.Neo4jProperties'
2025-12-30 22:35:52.879 DEBUG --- [  restartedMain] ySourcesPropertyResolver$DefaultResolver : Found key 'NEO4J_PASSWORD' in PropertySource 'Config resource 'file [.env]' via location 'optional:file:.env[.properties]'' with value of type String
2025-12-30 22:35:52.879 DEBUG --- [  restartedMain] ySourcesPropertyResolver$DefaultResolver : Found key 'NEO4J_USERNAME' in PropertySource 'Config resource 'file [.env]' via location 'optional:file:.env[.properties]'' with value of type String
2025-12-30 22:35:52.880 DEBUG --- [  restartedMain] ySourcesPropertyResolver$DefaultResolver : Found key 'NEO4J_URL' in PropertySource 'Config resource 'file [.env]' via location 'optional:file:.env[.properties]'' with value of type String
2025-12-30 22:35:52.882 DEBUG --- [  restartedMain] o.s.b.f.s.DefaultListableBeanFactory     : Creating shared instance of singleton bean 'neo4jConnectionDetails'
2025-12-30 22:35:52.884 DEBUG --- [  restartedMain] o.s.b.f.s.DefaultListableBeanFactory     : Autowiring by type from bean name 'neo4jConnectionDetails' via factory method to bean named 'spring.neo4j-org.springframework.boot.autoconfigure.neo4j.Neo4jProperties'
2025-12-30 22:35:52.886 DEBUG --- [  restartedMain] o.s.b.f.s.DefaultListableBeanFactory     : Autowiring by type from bean name 'neo4jDriver' via factory method to bean named 'spring.neo4j-org.springframework.boot.autoconfigure.neo4j.Neo4jProperties'
2025-12-30 22:35:52.886 DEBUG --- [  restartedMain] o.s.b.f.s.DefaultListableBeanFactory     : Autowiring by type from bean name 'neo4jDriver' via factory method to bean named 'environment'
2025-12-30 22:35:52.887 DEBUG --- [  restartedMain] o.s.b.f.s.DefaultListableBeanFactory     : Autowiring by type from bean name 'neo4jDriver' via factory method to bean named 'neo4jConnectionDetails'
2025-12-30 22:35:52.923 DEBUG --- [  restartedMain] i.n.u.i.logging.InternalLoggerFactory    : Using SLF4J as the default logging framework
2025-12-30 22:35:52.923 DEBUG --- [  restartedMain] i.n.channel.MultithreadEventLoopGroup    : -Dio.netty.eventLoopThreads: 24
2025-12-30 22:35:52.933 DEBUG --- [  restartedMain] i.n.util.concurrent.GlobalEventExecutor  : -Dio.netty.globalEventExecutor.quietPeriodSeconds: 1
2025-12-30 22:35:52.941 DEBUG --- [  restartedMain] i.n.u.internal.InternalThreadLocalMap    : -Dio.netty.threadLocalMap.stringBuilder.initialSize: 1024
2025-12-30 22:35:52.941 DEBUG --- [  restartedMain] i.n.u.internal.InternalThreadLocalMap    : -Dio.netty.threadLocalMap.stringBuilder.maxSize: 4096
2025-12-30 22:35:52.967 DEBUG --- [  restartedMain] i.n.util.internal.PlatformDependent0     : -Dio.netty.noUnsafe: false
2025-12-30 22:35:52.967 DEBUG --- [  restartedMain] i.n.util.internal.PlatformDependent0     : Java version: 21
2025-12-30 22:35:52.968 DEBUG --- [  restartedMain] i.n.util.internal.PlatformDependent0     : sun.misc.Unsafe.theUnsafe: available
2025-12-30 22:35:52.969 DEBUG --- [  restartedMain] i.n.util.internal.PlatformDependent0     : sun.misc.Unsafe base methods: all available
2025-12-30 22:35:52.969 DEBUG --- [  restartedMain] i.n.util.internal.PlatformDependent0     : sun.misc.Unsafe.storeFence: available
2025-12-30 22:35:52.969 DEBUG --- [  restartedMain] i.n.util.internal.PlatformDependent0     : java.nio.Buffer.address: available
2025-12-30 22:35:52.970 DEBUG --- [  restartedMain] i.n.util.internal.PlatformDependent0     : direct buffer constructor: unavailable: Reflective setAccessible(true) disabled
2025-12-30 22:35:52.970 DEBUG --- [  restartedMain] i.n.util.internal.PlatformDependent0     : java.nio.Bits.unaligned: available, true
2025-12-30 22:35:52.971 DEBUG --- [  restartedMain] i.n.util.internal.PlatformDependent0     : jdk.internal.misc.Unsafe.allocateUninitializedArray(int): unavailable: class io.netty.util.internal.PlatformDependent0$7 cannot access class jdk.internal.misc.Unsafe (in module java.base) because module java.base does not export jdk.internal.misc to unnamed module @27fa01e0
2025-12-30 22:35:52.972 DEBUG --- [  restartedMain] i.n.util.internal.PlatformDependent0     : java.nio.DirectByteBuffer.<init>(long, {int,long}): unavailable
2025-12-30 22:35:52.972 DEBUG --- [  restartedMain] i.netty.util.internal.PlatformDependent  : sun.misc.Unsafe: available
2025-12-30 22:35:52.973 DEBUG --- [  restartedMain] i.netty.util.internal.PlatformDependent  : -Dio.netty.tmpdir: C:\Users\acer\AppData\Local\Temp (java.io.tmpdir)
2025-12-30 22:35:52.973 DEBUG --- [  restartedMain] i.netty.util.internal.PlatformDependent  : -Dio.netty.bitMode: 64 (sun.arch.data.model)
2025-12-30 22:35:52.973 DEBUG --- [  restartedMain] i.netty.util.internal.PlatformDependent  : Platform: Windows
2025-12-30 22:35:52.974 DEBUG --- [  restartedMain] i.netty.util.internal.PlatformDependent  : -Dio.netty.maxDirectMemory: -1 bytes
2025-12-30 22:35:52.974 DEBUG --- [  restartedMain] i.netty.util.internal.PlatformDependent  : -Dio.netty.uninitializedArrayAllocationThreshold: -1
2025-12-30 22:35:52.974 DEBUG --- [  restartedMain] io.netty.util.internal.CleanerJava9      : java.nio.ByteBuffer.cleaner(): available
2025-12-30 22:35:52.974 DEBUG --- [  restartedMain] i.netty.util.internal.PlatformDependent  : -Dio.netty.noPreferDirect: false
2025-12-30 22:35:52.975 DEBUG --- [  restartedMain] io.netty.channel.nio.NioEventLoop        : -Dio.netty.noKeySetOptimization: false
2025-12-30 22:35:52.975 DEBUG --- [  restartedMain] io.netty.channel.nio.NioEventLoop        : -Dio.netty.selectorAutoRebuildThreshold: 512
2025-12-30 22:35:52.983 DEBUG --- [  restartedMain] i.netty.util.internal.PlatformDependent  : org.jctools-core.MpscChunkedArrayQueue: available
2025-12-30 22:35:53.060 DEBUG --- [  restartedMain] jdk.event.security                       : X509Certificate: Alg:SHA256withRSA, Serial:570a119742c4e3cc, Subject:CN=Actalis Authentication Root CA, O=Actalis S.p.A./03358520967, L=Milan, C=IT, Issuer:CN=Actalis Authentication Root CA, O=Actalis S.p.A./03358520967, L=Milan, C=IT, Key type:RSA, Length:4096, Cert Id:1729119956, Valid from:9/22/11, 6:22 PM, Valid until:9/22/30, 6:22 PM
2025-12-30 22:35:53.062 DEBUG --- [  restartedMain] jdk.event.security                       : X509Certificate: Alg:SHA1withRSA, Serial:1, Subject:CN=AddTrust External CA Root, OU=AddTrust External TTP Network, O=AddTrust AB, C=SE, Issuer:CN=AddTrust External CA Root, OU=AddTrust External TTP Network, O=AddTrust AB, C=SE, Key type:RSA, Length:2048, Cert Id:3968614624, Valid from:5/30/00, 5:48 PM, Valid until:5/30/20, 5:48 PM
2025-12-30 22:35:53.063 DEBUG --- [  restartedMain] jdk.event.security                       : X509Certificate: Alg:SHA1withRSA, Serial:1, Subject:CN=AddTrust Qualified CA Root, OU=AddTrust TTP Network, O=AddTrust AB, C=SE, Issuer:CN=AddTrust Qualified CA Root, OU=AddTrust TTP Network, O=AddTrust AB, C=SE, Key type:RSA, Length:2048, Cert Id:607365522, Valid from:5/30/00, 5:44 PM, Valid until:5/30/20, 5:44 PM
2025-12-30 22:35:53.064 DEBUG --- [  restartedMain] jdk.event.security                       : X509Certificate: Alg:SHA256withRSA, Serial:7777062726a9b17c, Subject:CN=AffirmTrust Commercial, O=AffirmTrust, C=US, Issuer:CN=AffirmTrust Commercial, O=AffirmTrust, C=US, Key type:RSA, Length:2048, Cert Id:630485644, Valid from:1/29/10, 9:06 PM, Valid until:12/31/30, 9:06 PM
2025-12-30 22:35:53.065 DEBUG --- [  restartedMain] jdk.event.security                       : X509Certificate: Alg:SHA1withRSA, Serial:7c4f04391cd4992d, Subject:CN=AffirmTrust Networking, O=AffirmTrust, C=US, Issuer:CN=AffirmTrust Networking, O=AffirmTrust, C=US, Key type:RSA, Length:2048, Cert Id:651670175, Valid from:1/29/10, 9:08 PM, Valid until:12/31/30, 9:08 PM
2025-12-30 22:35:53.066 DEBUG --- [  restartedMain] jdk.event.security                       : X509Certificate: Alg:SHA384withRSA, Serial:6d8c1446b1a60aee, Subject:CN=AffirmTrust Premium, O=AffirmTrust, C=US, Issuer:CN=AffirmTrust Premium, O=AffirmTrust, C=US, Key type:RSA, Length:4096, Cert Id:2164683341, Valid from:1/29/10, 9:10 PM, Valid until:12/31/40, 9:10 PM
2025-12-30 22:35:53.068 DEBUG --- [  restartedMain] jdk.event.security                       : X509Certificate: Alg:SHA384withECDSA, Serial:7497258ac73f7a54, Subject:CN=AffirmTrust Premium ECC, O=AffirmTrust, C=US, Issuer:CN=AffirmTrust Premium ECC, O=AffirmTrust, C=US, Key type:EC, Length:384, Cert Id:2214603510, Valid from:1/29/10, 9:20 PM, Valid until:12/31/40, 9:20 PM
2025-12-30 22:35:53.069 DEBUG --- [  restartedMain] jdk.event.security                       : X509Certificate: Alg:SHA256withRSA, Serial:66c9fcf99bf8c0a39e2f0788a43e696365bca, Subject:CN=Amazon Root CA 1, O=Amazon, C=US, Issuer:CN=Amazon Root CA 1, O=Amazon, C=US, Key type:RSA, Length:2048, Cert Id:2822522334, Valid from:5/26/15, 7:00 AM, Valid until:1/17/38, 7:00 AM
2025-12-30 22:35:53.070 DEBUG --- [  restartedMain] jdk.event.security                       : X509Certificate: Alg:SHA384withRSA, Serial:66c9fd29635869f0a0fe58678f85b26bb8a37, Subject:CN=Amazon Root CA 2, O=Amazon, C=US, Issuer:CN=Amazon Root CA 2, O=Amazon, C=US, Key type:RSA, Length:4096, Cert Id:2528834908, Valid from:5/26/15, 7:00 AM, Valid until:5/26/40, 7:00 AM
2025-12-30 22:35:53.071 DEBUG --- [  restartedMain] jdk.event.security                       : X509Certificate: Alg:SHA256withECDSA, Serial:66c9fd5749736663f3b0b9ad9e89e7603f24a, Subject:CN=Amazon Root CA 3, O=Amazon, C=US, Issuer:CN=Amazon Root CA 3, O=Amazon, C=US, Key type:EC, Length:256, Cert Id:2732679773, Valid from:5/26/15, 7:00 AM, Valid until:5/26/40, 7:00 AM
2025-12-30 22:35:53.072 DEBUG --- [  restartedMain] jdk.event.security                       : X509Certificate: Alg:SHA384withECDSA, Serial:66c9fd7c1bb104c2943e5717b7b2cc81ac10e, Subject:CN=Amazon Root CA 4, O=Amazon, C=US, Issuer:CN=Amazon Root CA 4, O=Amazon, C=US, Key type:EC, Length:384, Cert Id:2640694783, Valid from:5/26/15, 7:00 AM, Valid until:5/26/40, 7:00 AM
2025-12-30 22:35:53.073 DEBUG --- [  restartedMain] jdk.event.security                       : X509Certificate: Alg:SHA1withRSA, Serial:20000b9, Subject:CN=Baltimore CyberTrust Root, OU=CyberTrust, O=Baltimore, C=IE, Issuer:CN=Baltimore CyberTrust Root, OU=CyberTrust, O=Baltimore, C=IE, Key type:RSA, Length:2048, Cert Id:1425294543, Valid from:5/13/00, 1:46 AM, Valid until:5/13/25, 6:59 AM
2025-12-30 22:35:53.074 DEBUG --- [  restartedMain] jdk.event.security                       : X509Certificate: Alg:SHA256withRSA, Serial:2, Subject:CN=Buypass Class 2 Root CA, O=Buypass AS-983163327, C=NO, Issuer:CN=Buypass Class 2 Root CA, O=Buypass AS-983163327, C=NO, Key type:RSA, Length:4096, Cert Id:969960563, Valid from:10/26/10, 3:38 PM, Valid until:10/26/40, 3:38 PM
2025-12-30 22:35:53.075 DEBUG --- [  restartedMain] jdk.event.security                       : X509Certificate: Alg:SHA256withRSA, Serial:2, Subject:CN=Buypass Class 3 Root CA, O=Buypass AS-983163327, C=NO, Issuer:CN=Buypass Class 3 Root CA, O=Buypass AS-983163327, C=NO, Key type:RSA, Length:4096, Cert Id:1264269967, Valid from:10/26/10, 3:28 PM, Valid until:10/26/40, 3:28 PM
2025-12-30 22:35:53.076 DEBUG --- [  restartedMain] jdk.event.security                       : X509Certificate: Alg:SHA1withRSA, Serial:a3da427ea4b1aeda, Subject:CN=Chambers of Commerce Root - 2008, O=AC Camerfirma S.A., SERIALNUMBER=A82743287, L=Madrid (see current address at www.camerfirma.com/address), C=EU, Issuer:CN=Chambers of Commerce Root - 2008, O=AC Camerfirma S.A., SERIALNUMBER=A82743287, L=Madrid (see current address at www.camerfirma.com/address), C=EU, Key type:RSA, Length:4096, Cert Id:4266703372, Valid from:8/1/08, 7:29 PM, Valid until:7/31/38, 7:29 PM
2025-12-30 22:35:53.079 DEBUG --- [  restartedMain] jdk.event.security                       : X509Certificate: Alg:SHA1withRSA, Serial:0, Subject:CN=Chambers of Commerce Root, OU=http://www.chambersign.org, O=AC Camerfirma SA CIF A82743287, C=EU, Issuer:CN=Chambers of Commerce Root, OU=http://www.chambersign.org, O=AC Camerfirma SA CIF A82743287, C=EU, Key type:RSA, Length:2048, Cert Id:1827306452, Valid from:9/30/03, 11:13 PM, Valid until:9/30/37, 11:13 PM
2025-12-30 22:35:53.080 DEBUG --- [  restartedMain] jdk.event.security                       : X509Certificate: Alg:SHA1withRSA, Serial:c9cdd3e9d57d23ce, Subject:CN=Global Chambersign Root - 2008, O=AC Camerfirma S.A., SERIALNUMBER=A82743287, L=Madrid (see current address at www.camerfirma.com/address), C=EU, Issuer:CN=Global Chambersign Root - 2008, O=AC Camerfirma S.A., SERIALNUMBER=A82743287, L=Madrid (see current address at www.camerfirma.com/address), C=EU, Key type:RSA, Length:4096, Cert Id:1271252776, Valid from:8/1/08, 7:31 PM, Valid until:7/31/38, 7:31 PM
2025-12-30 22:35:53.081 DEBUG --- [  restartedMain] jdk.event.security                       : X509Certificate: Alg:SHA384withECDSA, Serial:62533b1470333275cf98d9ab9bfccf8, Subject:CN=Certainly Root E1, O=Certainly, C=US, Issuer:CN=Certainly Root E1, O=Certainly, C=US, Key type:EC, Length:384, Cert Id:792571453, Valid from:4/1/21, 7:00 AM, Valid until:4/1/46, 7:00 AM
2025-12-30 22:35:53.082 DEBUG --- [  restartedMain] jdk.event.security                       : X509Certificate: Alg:SHA256withRSA, Serial:8e0ff94b907168653354f4d44439b7e0, Subject:CN=Certainly Root R1, O=Certainly, C=US, Issuer:CN=Certainly Root R1, O=Certainly, C=US, Key type:RSA, Length:4096, Cert Id:2255958535, Valid from:4/1/21, 7:00 AM, Valid until:4/1/46, 7:00 AM
2025-12-30 22:35:53.082 DEBUG --- [  restartedMain] jdk.event.security                       : X509Certificate: Alg:SHA1withRSA, Serial:fedce3010fc948ff, Subject:CN=Certigna, O=Dhimyotis, C=FR, Issuer:CN=Certigna, O=Dhimyotis, C=FR, Key type:RSA, Length:2048, Cert Id:3506875840, Valid from:6/29/07, 10:13 PM, Valid until:6/29/27, 10:13 PM
2025-12-30 22:35:53.083 DEBUG --- [  restartedMain] jdk.event.security                       : X509Certificate: Alg:SHA256withRSA, Serial:cae91b89f155030da3e6416dc4e3a6e1, Subject:CN=Certigna Root CA, OU=0002 48146308100036, O=Dhimyotis, C=FR, Issuer:CN=Certigna Root CA, OU=0002 48146308100036, O=Dhimyotis, C=FR, Key type:RSA, Length:4096, Cert Id:356684591, Valid from:10/1/13, 3:32 PM, Valid until:10/1/33, 3:32 PM
2025-12-30 22:35:53.084 DEBUG --- [  restartedMain] jdk.event.security                       : X509Certificate: Alg:SHA1withRSA, Serial:10020, Subject:CN=Certum CA, O=Unizeto Sp. z o.o., C=PL, Issuer:CN=Certum CA, O=Unizeto Sp. z o.o., C=PL, Key type:RSA, Length:2048, Cert Id:3550516030, Valid from:6/11/02, 5:46 PM, Valid until:6/11/27, 5:46 PM
2025-12-30 22:35:53.085 DEBUG --- [  restartedMain] jdk.event.security                       : X509Certificate: Alg:SHA1withRSA, Serial:444c0, Subject:CN=Certum Trusted Network CA, OU=Certum Certification Authority, O=Unizeto Technologies S.A., C=PL, Issuer:CN=Certum Trusted Network CA, OU=Certum Certification Authority, O=Unizeto Technologies S.A., C=PL, Key type:RSA, Length:2048, Cert Id:2014002193, Valid from:10/22/08, 7:07 PM, Valid until:12/31/29, 7:07 PM
2025-12-30 22:35:53.085 DEBUG --- [  restartedMain] jdk.event.security                       : X509Certificate: Alg:SHA1withRSA, Serial:15c8bd65475cafb897005ee406d2bc9d, Subject:OU=ePKI Root Certification Authority, O="Chunghwa Telecom Co., Ltd.", C=TW, Issuer:OU=ePKI Root Certification Authority, O="Chunghwa Telecom Co., Ltd.", C=TW, Key type:RSA, Length:4096, Cert Id:3632331159, Valid from:12/20/04, 9:31 AM, Valid until:12/20/34, 9:31 AM
2025-12-30 22:35:53.086 DEBUG --- [  restartedMain] jdk.event.security                       : X509Certificate: Alg:SHA1withRSA, Serial:1, Subject:CN=AAA Certificate Services, O=Comodo CA Limited, L=Salford, ST=Greater Manchester, C=GB, Issuer:CN=AAA Certificate Services, O=Comodo CA Limited, L=Salford, ST=Greater Manchester, C=GB, Key type:RSA, Length:2048, Cert Id:3097386402, Valid from:1/1/04, 7:00 AM, Valid until:1/1/29, 6:59 AM
2025-12-30 22:35:53.087 DEBUG --- [  restartedMain] jdk.event.security                       : X509Certificate: Alg:SHA384withECDSA, Serial:1f47afaa62007050544c019e9b63992a, Subject:CN=COMODO ECC Certification Authority, O=COMODO CA Limited, L=Salford, ST=Greater Manchester, C=GB, Issuer:CN=COMODO ECC Certification Authority, O=COMODO CA Limited, L=Salford, ST=Greater Manchester, C=GB, Key type:EC, Length:384, Cert Id:1146488932, Valid from:3/6/08, 7:00 AM, Valid until:1/19/38, 6:59 AM
2025-12-30 22:35:53.088 DEBUG --- [  restartedMain] jdk.event.security                       : X509Certificate: Alg:SHA384withRSA, Serial:4caaf9cadb636fe01ff74ed85b03869d, Subject:CN=COMODO RSA Certification Authority, O=COMODO CA Limited, L=Salford, ST=Greater Manchester, C=GB, Issuer:CN=COMODO RSA Certification Authority, O=COMODO CA Limited, L=Salford, ST=Greater Manchester, C=GB, Key type:RSA, Length:4096, Cert Id:1769425049, Valid from:1/19/10, 7:00 AM, Valid until:1/19/38, 6:59 AM
2025-12-30 22:35:53.090 DEBUG --- [  restartedMain] jdk.event.security                       : X509Certificate: Alg:SHA256withRSA, Serial:b931c3ad63967ea6723bfc3af9af44b, Subject:CN=DigiCert Assured ID Root G2, OU=www.digicert.com, O=DigiCert Inc, C=US, Issuer:CN=DigiCert Assured ID Root G2, OU=www.digicert.com, O=DigiCert Inc, C=US, Key type:RSA, Length:2048, Cert Id:3909568913, Valid from:8/1/13, 7:00 PM, Valid until:1/15/38, 7:00 PM
2025-12-30 22:35:53.091 DEBUG --- [  restartedMain] jdk.event.security                       : X509Certificate: Alg:SHA384withECDSA, Serial:ba15afa1ddfa0b54944afcd24a06cec, Subject:CN=DigiCert Assured ID Root G3, OU=www.digicert.com, O=DigiCert Inc, C=US, Issuer:CN=DigiCert Assured ID Root G3, OU=www.digicert.com, O=DigiCert Inc, C=US, Key type:EC, Length:384, Cert Id:3649430051, Valid from:8/1/13, 7:00 PM, Valid until:1/15/38, 7:00 PM
2025-12-30 22:35:53.092 DEBUG --- [  restartedMain] jdk.event.security                       : X509Certificate: Alg:SHA1withRSA, Serial:ce7e0e517d846fe8fe560fc1bf03039, Subject:CN=DigiCert Assured ID Root CA, OU=www.digicert.com, O=DigiCert Inc, C=US, Issuer:CN=DigiCert Assured ID Root CA, OU=www.digicert.com, O=DigiCert Inc, C=US, Key type:RSA, Length:2048, Cert Id:3434562768, Valid from:11/10/06, 7:00 AM, Valid until:11/10/31, 7:00 AM
2025-12-30 22:35:53.092 DEBUG --- [  restartedMain] jdk.event.security                       : X509Certificate: Alg:SHA384withECDSA, Serial:3698fe712d519f3ced0fdb7b1643011, Subject:CN=DigiCert CS ECC P384 Root G5, O="DigiCert, Inc.", C=US, Issuer:CN=DigiCert CS ECC P384 Root G5, O="DigiCert, Inc.", C=US, Key type:EC, Length:384, Cert Id:381797637, Valid from:1/15/21, 7:00 AM, Valid until:1/15/46, 6:59 AM
2025-12-30 22:35:53.093 DEBUG --- [  restartedMain] jdk.event.security                       : X509Certificate: Alg:SHA384withRSA, Serial:6cee131be6d55c807f7c0c7fb44e620, Subject:CN=DigiCert CS RSA4096 Root G5, O="DigiCert, Inc.", C=US, Issuer:CN=DigiCert CS RSA4096 Root G5, O="DigiCert, Inc.", C=US, Key type:RSA, Length:4096, Cert Id:1193514382, Valid from:1/15/21, 7:00 AM, Valid until:1/15/46, 6:59 AM
2025-12-30 22:35:53.094 DEBUG --- [  restartedMain] jdk.event.security                       : X509Certificate: Alg:SHA1withRSA, Serial:83be056904246b1a1756ac95991c74a, Subject:CN=DigiCert Global Root CA, OU=www.digicert.com, O=DigiCert Inc, C=US, Issuer:CN=DigiCert Global Root CA, OU=www.digicert.com, O=DigiCert Inc, C=US, Key type:RSA, Length:2048, Cert Id:1341898239, Valid from:11/10/06, 7:00 AM, Valid until:11/10/31, 7:00 AM
2025-12-30 22:35:53.094 DEBUG --- [  restartedMain] jdk.event.security                       : X509Certificate: Alg:SHA256withRSA, Serial:33af1e6a711a9a0bb2864b11d09fae5, Subject:CN=DigiCert Global Root G2, OU=www.digicert.com, O=DigiCert Inc, C=US, Issuer:CN=DigiCert Global Root G2, OU=www.digicert.com, O=DigiCert Inc, C=US, Key type:RSA, Length:2048, Cert Id:1136084297, Valid from:8/1/13, 7:00 PM, Valid until:1/15/38, 7:00 PM
2025-12-30 22:35:53.095 DEBUG --- [  restartedMain] jdk.event.security                       : X509Certificate: Alg:SHA384withECDSA, Serial:55556bcf25ea43535c3a40fd5ab4572, Subject:CN=DigiCert Global Root G3, OU=www.digicert.com, O=DigiCert Inc, C=US, Issuer:CN=DigiCert Global Root G3, OU=www.digicert.com, O=DigiCert Inc, C=US, Key type:EC, Length:384, Cert Id:3498998753, Valid from:8/1/13, 7:00 PM, Valid until:1/15/38, 7:00 PM
2025-12-30 22:35:53.096 DEBUG --- [  restartedMain] jdk.event.security                       : X509Certificate: Alg:SHA1withRSA, Serial:2ac5c266a0b409b8f0b79f2ae462577, Subject:CN=DigiCert High Assurance EV Root CA, OU=www.digicert.com, O=DigiCert Inc, C=US, Issuer:CN=DigiCert High Assurance EV Root CA, OU=www.digicert.com, O=DigiCert Inc, C=US, Key type:RSA, Length:2048, Cert Id:2884286942, Valid from:11/10/06, 7:00 AM, Valid until:11/10/31, 7:00 AM
2025-12-30 22:35:53.097 DEBUG --- [  restartedMain] jdk.event.security                       : X509Certificate: Alg:SHA384withECDSA, Serial:9e09365acf7d9c8b93e1c0b042a2ef3, Subject:CN=DigiCert TLS ECC P384 Root G5, O="DigiCert, Inc.", C=US, Issuer:CN=DigiCert TLS ECC P384 Root G5, O="DigiCert, Inc.", C=US, Key type:EC, Length:384, Cert Id:3940772018, Valid from:1/15/21, 7:00 AM, Valid until:1/15/46, 6:59 AM
2025-12-30 22:35:53.097 DEBUG --- [  restartedMain] jdk.event.security                       : X509Certificate: Alg:SHA384withRSA, Serial:8f9b478a8fa7eda6a333789de7ccf8a, Subject:CN=DigiCert TLS RSA4096 Root G5, O="DigiCert, Inc.", C=US, Issuer:CN=DigiCert TLS RSA4096 Root G5, O="DigiCert, Inc.", C=US, Key type:RSA, Length:4096, Cert Id:165956757, Valid from:1/15/21, 7:00 AM, Valid until:1/15/46, 6:59 AM
2025-12-30 22:35:53.098 DEBUG --- [  restartedMain] jdk.event.security                       : X509Certificate: Alg:SHA384withRSA, Serial:59b1b579e8e2132e23907bda777755c, Subject:CN=DigiCert Trusted Root G4, OU=www.digicert.com, O=DigiCert Inc, C=US, Issuer:CN=DigiCert Trusted Root G4, OU=www.digicert.com, O=DigiCert Inc, C=US, Key type:RSA, Length:4096, Cert Id:1057369358, Valid from:8/1/13, 7:00 PM, Valid until:1/15/38, 7:00 PM
2025-12-30 22:35:53.099 DEBUG --- [  restartedMain] jdk.event.security                       : X509Certificate: Alg:SHA256withRSA, Serial:983f3, Subject:CN=D-TRUST Root Class 3 CA 2 2009, O=D-Trust GmbH, C=DE, Issuer:CN=D-TRUST Root Class 3 CA 2 2009, O=D-Trust GmbH, C=DE, Key type:RSA, Length:2048, Cert Id:1430153102, Valid from:11/5/09, 3:35 PM, Valid until:11/5/29, 3:35 PM
2025-12-30 22:35:53.099 DEBUG --- [  restartedMain] jdk.event.security                       : X509Certificate: Alg:SHA256withRSA, Serial:983f4, Subject:CN=D-TRUST Root Class 3 CA 2 EV 2009, O=D-Trust GmbH, C=DE, Issuer:CN=D-TRUST Root Class 3 CA 2 EV 2009, O=D-Trust GmbH, C=DE, Key type:RSA, Length:2048, Cert Id:971313728, Valid from:11/5/09, 3:50 PM, Valid until:11/5/29, 3:50 PM
2025-12-30 22:35:53.100 DEBUG --- [  restartedMain] jdk.event.security                       : X509Certificate: Alg:SHA384withECDSA, Serial:3cf607a968700eda8b84, Subject:CN=emSign ECC Root CA - G3, O=eMudhra Technologies Limited, OU=emSign PKI, C=IN, Issuer:CN=emSign ECC Root CA - G3, O=eMudhra Technologies Limited, OU=emSign PKI, C=IN, Key type:EC, Length:384, Cert Id:3832035707, Valid from:2/19/18, 1:30 AM, Valid until:2/19/43, 1:30 AM
2025-12-30 22:35:53.100 DEBUG --- [  restartedMain] jdk.event.security                       : X509Certificate: Alg:SHA256withRSA, Serial:31f5e4620c6c58edd6d8, Subject:CN=emSign Root CA - G1, O=eMudhra Technologies Limited, OU=emSign PKI, C=IN, Issuer:CN=emSign Root CA - G1, O=eMudhra Technologies Limited, OU=emSign PKI, C=IN, Key type:RSA, Length:2048, Cert Id:392709196, Valid from:2/19/18, 1:30 AM, Valid until:2/19/43, 1:30 AM
2025-12-30 22:35:53.101 DEBUG --- [  restartedMain] jdk.event.security                       : X509Certificate: Alg:SHA384withRSA, Serial:864dbf0fe35ed77d8ed8, Subject:CN=emSign Root CA - G2, O=eMudhra Technologies Limited, OU=emSign PKI, C=IN, Issuer:CN=emSign Root CA - G2, O=eMudhra Technologies Limited, OU=emSign PKI, C=IN, Key type:RSA, Length:4096, Cert Id:3373940126, Valid from:2/19/18, 1:30 AM, Valid until:2/19/43, 1:30 AM
2025-12-30 22:35:53.102 DEBUG --- [  restartedMain] jdk.event.security                       : X509Certificate: Alg:SHA1withRSA, Serial:3863def8, Subject:CN=Entrust.net Certification Authority (2048), OU=(c) 1999 Entrust.net Limited, OU=www.entrust.net/CPS_2048 incorp. by ref. (limits liab.), O=Entrust.net, Issuer:CN=Entrust.net Certification Authority (2048), OU=(c) 1999 Entrust.net Limited, OU=www.entrust.net/CPS_2048 incorp. by ref. (limits liab.), O=Entrust.net, Key type:RSA, Length:2048, Cert Id:3966431214, Valid from:12/25/99, 12:50 AM, Valid until:7/24/29, 9:15 PM
2025-12-30 22:35:53.102 DEBUG --- [  restartedMain] jdk.event.security                       : X509Certificate: Alg:SHA1withRSA, Serial:456b5054, Subject:CN=Entrust Root Certification Authority, OU="(c) 2006 Entrust, Inc.", OU=www.entrust.net/CPS is incorporated by reference, O="Entrust, Inc.", C=US, Issuer:CN=Entrust Root Certification Authority, OU="(c) 2006 Entrust, Inc.", OU=www.entrust.net/CPS is incorporated by reference, O="Entrust, Inc.", C=US, Key type:RSA, Length:2048, Cert Id:3033563200, Valid from:11/28/06, 3:23 AM, Valid until:11/28/26, 3:53 AM
2025-12-30 22:35:53.103 DEBUG --- [  restartedMain] jdk.event.security                       : X509Certificate: Alg:SHA384withECDSA, Serial:a68b79290000000050d091f9, Subject:CN=Entrust Root Certification Authority - EC1, OU="(c) 2012 Entrust, Inc. - for authorized use only", OU=See www.entrust.net/legal-terms, O="Entrust, Inc.", C=US, Issuer:CN=Entrust Root Certification Authority - EC1, OU="(c) 2012 Entrust, Inc. - for authorized use only", OU=See www.entrust.net/legal-terms, O="Entrust, Inc.", C=US, Key type:EC, Length:384, Cert Id:924514073, Valid from:12/18/12, 10:25 PM, Valid until:12/18/37, 10:55 PM
2025-12-30 22:35:53.103 DEBUG --- [  restartedMain] jdk.event.security                       : X509Certificate: Alg:SHA256withRSA, Serial:4a538c28, Subject:CN=Entrust Root Certification Authority - G2, OU="(c) 2009 Entrust, Inc. - for authorized use only", OU=See www.entrust.net/legal-terms, O="Entrust, Inc.", C=US, Issuer:CN=Entrust Root Certification Authority - G2, OU="(c) 2009 Entrust, Inc. - for authorized use only", OU=See www.entrust.net/legal-terms, O="Entrust, Inc.", C=US, Key type:RSA, Length:2048, Cert Id:1936920337, Valid from:7/8/09, 12:25 AM, Valid until:12/8/30, 12:55 AM
2025-12-30 22:35:53.104 DEBUG --- [  restartedMain] jdk.event.security                       : X509Certificate: Alg:SHA256withRSA, Serial:d9b5437fafa9390f000000005565ad58, Subject:CN=Entrust Root Certification Authority - G4, OU="(c) 2015 Entrust, Inc. - for authorized use only", OU=See www.entrust.net/legal-terms, O="Entrust, Inc.", C=US, Issuer:CN=Entrust Root Certification Authority - G4, OU="(c) 2015 Entrust, Inc. - for authorized use only", OU=See www.entrust.net/legal-terms, O="Entrust, Inc.", C=US, Key type:RSA, Length:4096, Cert Id:1368037548, Valid from:5/27/15, 6:11 PM, Valid until:12/27/37, 6:41 PM
2025-12-30 22:35:53.104 DEBUG --- [  restartedMain] jdk.event.security                       : X509Certificate: Alg:SHA1withRSA, Serial:23456, Subject:CN=GeoTrust Global CA, O=GeoTrust Inc., C=US, Issuer:CN=GeoTrust Global CA, O=GeoTrust Inc., C=US, Key type:RSA, Length:2048, Cert Id:2266349922, Valid from:5/21/02, 11:00 AM, Valid until:5/21/22, 11:00 AM
2025-12-30 22:35:53.105 DEBUG --- [  restartedMain] jdk.event.security                       : X509Certificate: Alg:SHA1withRSA, Serial:18acb56afd69b6153a636cafdafac4a1, Subject:CN=GeoTrust Primary Certification Authority, O=GeoTrust Inc., C=US, Issuer:CN=GeoTrust Primary Certification Authority, O=GeoTrust Inc., C=US, Key type:RSA, Length:2048, Cert Id:3329622139, Valid from:11/27/06, 7:00 AM, Valid until:7/17/36, 6:59 AM
2025-12-30 22:35:53.105 DEBUG --- [  restartedMain] jdk.event.security                       : X509Certificate: Alg:SHA384withECDSA, Serial:3cb2f4480a00e2feeb243b5e603ec36b, Subject:CN=GeoTrust Primary Certification Authority - G2, OU=(c) 2007 GeoTrust Inc. - For authorized use only, O=GeoTrust Inc., C=US, Issuer:CN=GeoTrust Primary Certification Authority - G2, OU=(c) 2007 GeoTrust Inc. - For authorized use only, O=GeoTrust Inc., C=US, Key type:EC, Length:384, Cert Id:3180663474, Valid from:11/5/07, 7:00 AM, Valid until:1/19/38, 6:59 AM
2025-12-30 22:35:53.106 DEBUG --- [  restartedMain] jdk.event.security                       : X509Certificate: Alg:SHA256withRSA, Serial:15ac6e9419b2794b41f627a9c3180f1f, Subject:CN=GeoTrust Primary Certification Authority - G3, OU=(c) 2008 GeoTrust Inc. - For authorized use only, O=GeoTrust Inc., C=US, Issuer:CN=GeoTrust Primary Certification Authority - G3, OU=(c) 2008 GeoTrust Inc. - For authorized use only, O=GeoTrust Inc., C=US, Key type:RSA, Length:2048, Cert Id:2964813538, Valid from:4/2/08, 7:00 AM, Valid until:12/2/37, 6:59 AM
2025-12-30 22:35:53.106 DEBUG --- [  restartedMain] jdk.event.security                       : X509Certificate: Alg:SHA1withRSA, Serial:1, Subject:CN=GeoTrust Universal CA, O=GeoTrust Inc., C=US, Issuer:CN=GeoTrust Universal CA, O=GeoTrust Inc., C=US, Key type:RSA, Length:4096, Cert Id:313566089, Valid from:3/4/04, 12:00 PM, Valid until:3/4/29, 12:00 PM
2025-12-30 22:35:53.107 DEBUG --- [  restartedMain] jdk.event.security                       : X509Certificate: Alg:SHA1withRSA, Serial:40000000001154b5ac394, Subject:CN=GlobalSign Root CA, OU=Root CA, O=GlobalSign nv-sa, C=BE, Issuer:CN=GlobalSign Root CA, OU=Root CA, O=GlobalSign nv-sa, C=BE, Key type:RSA, Length:2048, Cert Id:536948034, Valid from:9/1/98, 7:00 PM, Valid until:1/28/28, 7:00 PM
2025-12-30 22:35:53.108 DEBUG --- [  restartedMain] jdk.event.security                       : X509Certificate: Alg:SHA384withECDSA, Serial:11d2bbba336ed4bce62468c50d841d98e843, Subject:CN=GlobalSign Root E46, O=GlobalSign nv-sa, C=BE, Issuer:CN=GlobalSign Root E46, O=GlobalSign nv-sa, C=BE, Key type:EC, Length:384, Cert Id:3405603905, Valid from:3/20/19, 7:00 AM, Valid until:3/20/46, 7:00 AM
2025-12-30 22:35:53.108 DEBUG --- [  restartedMain] jdk.event.security                       : X509Certificate: Alg:SHA256withECDSA, Serial:2a38a41c960a04de42b228a50be8349802, Subject:CN=GlobalSign, O=GlobalSign, OU=GlobalSign ECC Root CA - R4, Issuer:CN=GlobalSign, O=GlobalSign, OU=GlobalSign ECC Root CA - R4, Key type:EC, Length:256, Cert Id:2371693751, Valid from:11/13/12, 7:00 AM, Valid until:1/19/38, 10:14 AM
2025-12-30 22:35:53.109 DEBUG --- [  restartedMain] jdk.event.security                       : X509Certificate: Alg:SHA384withECDSA, Serial:605949e0262ebb55f90a778a71f94ad86c, Subject:CN=GlobalSign, O=GlobalSign, OU=GlobalSign ECC Root CA - R5, Issuer:CN=GlobalSign, O=GlobalSign, OU=GlobalSign ECC Root CA - R5, Key type:EC, Length:384, Cert Id:1997048439, Valid from:11/13/12, 7:00 AM, Valid until:1/19/38, 10:14 AM
2025-12-30 22:35:53.110 DEBUG --- [  restartedMain] jdk.event.security                       : X509Certificate: Alg:SHA256withRSA, Serial:4000000000121585308a2, Subject:CN=GlobalSign, O=GlobalSign, OU=GlobalSign Root CA - R3, Issuer:CN=GlobalSign, O=GlobalSign, OU=GlobalSign Root CA - R3, Key type:RSA, Length:2048, Cert Id:733875591, Valid from:3/18/09, 5:00 PM, Valid until:3/18/29, 5:00 PM
2025-12-30 22:35:53.110 DEBUG --- [  restartedMain] jdk.event.security                       : X509Certificate: Alg:SHA384withRSA, Serial:11d2bbb9d723189e405f0a9d2dd0df2567d1, Subject:CN=GlobalSign Root R46, O=GlobalSign nv-sa, C=BE, Issuer:CN=GlobalSign Root R46, O=GlobalSign nv-sa, C=BE, Key type:RSA, Length:4096, Cert Id:1275948927, Valid from:3/20/19, 7:00 AM, Valid until:3/20/46, 7:00 AM
2025-12-30 22:35:53.111 DEBUG --- [  restartedMain] jdk.event.security                       : X509Certificate: Alg:SHA384withRSA, Serial:45e6bb038333c3856548e6ff4551, Subject:CN=GlobalSign, O=GlobalSign, OU=GlobalSign Root CA - R6, Issuer:CN=GlobalSign, O=GlobalSign, OU=GlobalSign Root CA - R6, Key type:RSA, Length:4096, Cert Id:3788339543, Valid from:12/10/14, 7:00 AM, Valid until:12/10/34, 7:00 AM
2025-12-30 22:35:53.112 DEBUG --- [  restartedMain] jdk.event.security                       : X509Certificate: Alg:SHA1withRSA, Serial:0, Subject:OU=Go Daddy Class 2 Certification Authority, O="The Go Daddy Group, Inc.", C=US, Issuer:OU=Go Daddy Class 2 Certification Authority, O="The Go Daddy Group, Inc.", C=US, Key type:RSA, Length:2048, Cert Id:4023522997, Valid from:6/30/04, 12:06 AM, Valid until:6/30/34, 12:06 AM
2025-12-30 22:35:53.112 DEBUG --- [  restartedMain] jdk.event.security                       : X509Certificate: Alg:SHA256withRSA, Serial:0, Subject:CN=Go Daddy Root Certificate Authority - G2, O="GoDaddy.com, Inc.", L=Scottsdale, ST=Arizona, C=US, Issuer:CN=Go Daddy Root Certificate Authority - G2, O="GoDaddy.com, Inc.", L=Scottsdale, ST=Arizona, C=US, Key type:RSA, Length:2048, Cert Id:439600313, Valid from:9/1/09, 7:00 AM, Valid until:1/1/38, 6:59 AM
2025-12-30 22:35:53.112 DEBUG --- [  restartedMain] jdk.event.security                       : X509Certificate: Alg:SHA384withRSA, Serial:203e5936f31b01349886ba217, Subject:CN=GTS Root R1, O=Google Trust Services LLC, C=US, Issuer:CN=GTS Root R1, O=Google Trust Services LLC, C=US, Key type:RSA, Length:4096, Cert Id:657172038, Valid from:6/22/16, 7:00 AM, Valid until:6/22/36, 7:00 AM
2025-12-30 22:35:53.113 DEBUG --- [  restartedMain] jdk.event.security                       : X509Certificate: Alg:SHA384withRSA, Serial:203e5aec58d04251aab1125aa, Subject:CN=GTS Root R2, O=Google Trust Services LLC, C=US, Issuer:CN=GTS Root R2, O=Google Trust Services LLC, C=US, Key type:RSA, Length:4096, Cert Id:948387669, Valid from:6/22/16, 7:00 AM, Valid until:6/22/36, 7:00 AM
2025-12-30 22:35:53.113 DEBUG --- [  restartedMain] jdk.event.security                       : X509Certificate: Alg:SHA384withECDSA, Serial:203e5b882eb20f825276d3d66, Subject:CN=GTS Root R3, O=Google Trust Services LLC, C=US, Issuer:CN=GTS Root R3, O=Google Trust Services LLC, C=US, Key type:EC, Length:384, Cert Id:1163081155, Valid from:6/22/16, 7:00 AM, Valid until:6/22/36, 7:00 AM
2025-12-30 22:35:53.114 DEBUG --- [  restartedMain] jdk.event.security                       : X509Certificate: Alg:SHA384withECDSA, Serial:203e5c068ef631a9c72905052, Subject:CN=GTS Root R4, O=Google Trust Services LLC, C=US, Issuer:CN=GTS Root R4, O=Google Trust Services LLC, C=US, Key type:EC, Length:384, Cert Id:1326433111, Valid from:6/22/16, 7:00 AM, Valid until:6/22/36, 7:00 AM
2025-12-30 22:35:53.114 DEBUG --- [  restartedMain] jdk.event.security                       : X509Certificate: Alg:SHA256withECDSA, Serial:0, Subject:CN=Hellenic Academic and Research Institutions ECC RootCA 2015, O=Hellenic Academic and Research Institutions Cert. Authority, L=Athens, C=GR, Issuer:CN=Hellenic Academic and Research Institutions ECC RootCA 2015, O=Hellenic Academic and Research Institutions Cert. Authority, L=Athens, C=GR, Key type:EC, Length:384, Cert Id:513613456, Valid from:7/7/15, 5:37 PM, Valid until:6/30/40, 5:37 PM
2025-12-30 22:35:53.115 DEBUG --- [  restartedMain] jdk.event.security                       : X509Certificate: Alg:SHA256withRSA, Serial:0, Subject:CN=Hellenic Academic and Research Institutions RootCA 2015, O=Hellenic Academic and Research Institutions Cert. Authority, L=Athens, C=GR, Issuer:CN=Hellenic Academic and Research Institutions RootCA 2015, O=Hellenic Academic and Research Institutions Cert. Authority, L=Athens, C=GR, Key type:RSA, Length:4096, Cert Id:3491990565, Valid from:7/7/15, 5:11 PM, Valid until:6/30/40, 5:11 PM
2025-12-30 22:35:53.115 DEBUG --- [  restartedMain] jdk.event.security                       : X509Certificate: Alg:SHA256withRSA, Serial:a0142800000014523c844b500000002, Subject:CN=IdenTrust Commercial Root CA 1, O=IdenTrust, C=US, Issuer:CN=IdenTrust Commercial Root CA 1, O=IdenTrust, C=US, Key type:RSA, Length:4096, Cert Id:1232565210, Valid from:1/17/14, 1:12 AM, Valid until:1/17/34, 1:12 AM
2025-12-30 22:35:53.116 DEBUG --- [  restartedMain] jdk.event.security                       : X509Certificate: Alg:SHA256withRSA, Serial:a0142800000014523cf467c00000002, Subject:CN=IdenTrust Public Sector Root CA 1, O=IdenTrust, C=US, Issuer:CN=IdenTrust Public Sector Root CA 1, O=IdenTrust, C=US, Key type:RSA, Length:4096, Cert Id:2123370772, Valid from:1/17/14, 12:53 AM, Valid until:1/17/34, 12:53 AM
2025-12-30 22:35:53.116 DEBUG --- [  restartedMain] jdk.event.security                       : X509Certificate: Alg:SHA256withRSA, Serial:8210cfb0d240e3594463e0bb63828b00, Subject:CN=ISRG Root X1, O=Internet Security Research Group, C=US, Issuer:CN=ISRG Root X1, O=Internet Security Research Group, C=US, Key type:RSA, Length:4096, Cert Id:1521974916, Valid from:6/4/15, 6:04 PM, Valid until:6/4/35, 6:04 PM
2025-12-30 22:35:53.116 DEBUG --- [  restartedMain] jdk.event.security                       : X509Certificate: Alg:SHA384withECDSA, Serial:41d29dd172eaeea780c12c6ce92f8752, Subject:CN=ISRG Root X2, O=Internet Security Research Group, C=US, Issuer:CN=ISRG Root X2, O=Internet Security Research Group, C=US, Key type:EC, Length:384, Cert Id:3398642244, Valid from:9/4/20, 7:00 AM, Valid until:9/17/40, 11:00 PM
2025-12-30 22:35:53.117 DEBUG --- [  restartedMain] jdk.event.security                       : X509Certificate: Alg:SHA256withRSA, Serial:a7ea6df4b449eda6a24859ee6b815d3167fbbb1, Subject:CN=LuxTrust Global Root 2, O=LuxTrust S.A., C=LU, Issuer:CN=LuxTrust Global Root 2, O=LuxTrust S.A., C=LU, Key type:RSA, Length:4096, Cert Id:3055636602, Valid from:3/5/15, 8:21 PM, Valid until:3/5/35, 8:21 PM
2025-12-30 22:35:53.117 DEBUG --- [  restartedMain] jdk.event.security                       : X509Certificate: Alg:SHA256withRSA, Serial:bb8, Subject:CN=LuxTrust Global Root, O=LuxTrust s.a., C=LU, Issuer:CN=LuxTrust Global Root, O=LuxTrust s.a., C=LU, Key type:RSA, Length:2048, Cert Id:1714819687, Valid from:3/17/11, 4:51 PM, Valid until:3/17/21, 4:51 PM
2025-12-30 22:35:53.118 DEBUG --- [  restartedMain] jdk.event.security                       : X509Certificate: Alg:SHA384withECDSA, Serial:66f23daf87de8bb14aea0c573101c2ec, Subject:CN=Microsoft ECC Root Certificate Authority 2017, O=Microsoft Corporation, C=US, Issuer:CN=Microsoft ECC Root Certificate Authority 2017, O=Microsoft Corporation, C=US, Key type:EC, Length:384, Cert Id:3240761285, Valid from:12/19/19, 6:06 AM, Valid until:7/19/42, 6:16 AM
2025-12-30 22:35:53.119 DEBUG --- [  restartedMain] jdk.event.security                       : X509Certificate: Alg:SHA384withRSA, Serial:1ed397095fd8b4b347701eaabe7f45b3, Subject:CN=Microsoft RSA Root Certificate Authority 2017, O=Microsoft Corporation, C=US, Issuer:CN=Microsoft RSA Root Certificate Authority 2017, O=Microsoft Corporation, C=US, Key type:RSA, Length:4096, Cert Id:2848349048, Valid from:12/19/19, 5:51 AM, Valid until:7/19/42, 6:00 AM
2025-12-30 22:35:53.119 DEBUG --- [  restartedMain] jdk.event.security                       : X509Certificate: Alg:SHA1withRSA, Serial:3ab6508b, Subject:CN=QuoVadis Root Certification Authority, OU=Root Certification Authority, O=QuoVadis Limited, C=BM, Issuer:CN=QuoVadis Root Certification Authority, OU=Root Certification Authority, O=QuoVadis Limited, C=BM, Key type:RSA, Length:2048, Cert Id:2412561694, Valid from:3/20/01, 1:33 AM, Valid until:3/18/21, 1:33 AM
2025-12-30 22:35:53.120 DEBUG --- [  restartedMain] jdk.event.security                       : X509Certificate: Alg:SHA256withRSA, Serial:78585f2ead2c194be3370735341328b596d46593, Subject:CN=QuoVadis Root CA 1 G3, O=QuoVadis Limited, C=BM, Issuer:CN=QuoVadis Root CA 1 G3, O=QuoVadis Limited, C=BM, Key type:RSA, Length:4096, Cert Id:3532531262, Valid from:1/13/12, 12:27 AM, Valid until:1/13/42, 12:27 AM
2025-12-30 22:35:53.120 DEBUG --- [  restartedMain] jdk.event.security                       : X509Certificate: Alg:SHA1withRSA, Serial:509, Subject:CN=QuoVadis Root CA 2, O=QuoVadis Limited, C=BM, Issuer:CN=QuoVadis Root CA 2, O=QuoVadis Limited, C=BM, Key type:RSA, Length:4096, Cert Id:338250116, Valid from:11/25/06, 1:27 AM, Valid until:11/25/31, 1:23 AM
2025-12-30 22:35:53.121 DEBUG --- [  restartedMain] jdk.event.security                       : X509Certificate: Alg:SHA256withRSA, Serial:445734245b81899b35f2ceb82b3b5ba726f07528, Subject:CN=QuoVadis Root CA 2 G3, O=QuoVadis Limited, C=BM, Issuer:CN=QuoVadis Root CA 2 G3, O=QuoVadis Limited, C=BM, Key type:RSA, Length:4096, Cert Id:696763521, Valid from:1/13/12, 1:59 AM, Valid until:1/13/42, 1:59 AM
2025-12-30 22:35:53.122 DEBUG --- [  restartedMain] jdk.event.security                       : X509Certificate: Alg:SHA1withRSA, Serial:5c6, Subject:CN=QuoVadis Root CA 3, O=QuoVadis Limited, C=BM, Issuer:CN=QuoVadis Root CA 3, O=QuoVadis Limited, C=BM, Key type:RSA, Length:4096, Cert Id:1470392860, Valid from:11/25/06, 2:11 AM, Valid until:11/25/31, 2:06 AM
2025-12-30 22:35:53.122 DEBUG --- [  restartedMain] jdk.event.security                       : X509Certificate: Alg:SHA256withRSA, Serial:2ef59b0228a7db7affd5a3a9eebd03a0cf126a1d, Subject:CN=QuoVadis Root CA 3 G3, O=QuoVadis Limited, C=BM, Issuer:CN=QuoVadis Root CA 3 G3, O=QuoVadis Limited, C=BM, Key type:RSA, Length:4096, Cert Id:3589344305, Valid from:1/13/12, 3:26 AM, Valid until:1/13/42, 3:26 AM
2025-12-30 22:35:53.122 DEBUG --- [  restartedMain] jdk.event.security                       : X509Certificate: Alg:SHA256withRSA, Serial:0, Subject:OU=Security Communication RootCA2, O="SECOM Trust Systems CO.,LTD.", C=JP, Issuer:OU=Security Communication RootCA2, O="SECOM Trust Systems CO.,LTD.", C=JP, Key type:RSA, Length:2048, Cert Id:1521072570, Valid from:5/29/09, 12:00 PM, Valid until:5/29/29, 12:00 PM
2025-12-30 22:35:53.123 DEBUG --- [  restartedMain] jdk.event.security                       : X509Certificate: Alg:SHA1withRSA, Serial:cf08e5c0816a5ad427ff0eb271859d0, Subject:CN=SecureTrust CA, O=SecureTrust Corporation, C=US, Issuer:CN=SecureTrust CA, O=SecureTrust Corporation, C=US, Key type:RSA, Length:2048, Cert Id:2034155325, Valid from:11/8/06, 2:31 AM, Valid until:1/1/30, 2:40 AM
2025-12-30 22:35:53.123 DEBUG --- [  restartedMain] jdk.event.security                       : X509Certificate: Alg:SHA256withECDSA, Serial:75e6dfcbc1685ba8, Subject:CN=SSL.com Root Certification Authority ECC, O=SSL Corporation, L=Houston, ST=Texas, C=US, Issuer:CN=SSL.com Root Certification Authority ECC, O=SSL Corporation, L=Houston, ST=Texas, C=US, Key type:EC, Length:384, Cert Id:2926673683, Valid from:2/13/16, 1:14 AM, Valid until:2/13/41, 1:14 AM
2025-12-30 22:35:53.123 DEBUG --- [  restartedMain] jdk.event.security                       : X509Certificate: Alg:SHA256withRSA, Serial:56b629cd34bc78f6, Subject:CN=SSL.com EV Root Certification Authority RSA R2, O=SSL Corporation, L=Houston, ST=Texas, C=US, Issuer:CN=SSL.com EV Root Certification Authority RSA R2, O=SSL Corporation, L=Houston, ST=Texas, C=US, Key type:RSA, Length:4096, Cert Id:1381862403, Valid from:6/1/17, 1:14 AM, Valid until:5/31/42, 1:14 AM
2025-12-30 22:35:53.124 DEBUG --- [  restartedMain] jdk.event.security                       : X509Certificate: Alg:SHA256withRSA, Serial:7b2c9bd316803299, Subject:CN=SSL.com Root Certification Authority RSA, O=SSL Corporation, L=Houston, ST=Texas, C=US, Issuer:CN=SSL.com Root Certification Authority RSA, O=SSL Corporation, L=Houston, ST=Texas, C=US, Key type:RSA, Length:4096, Cert Id:156725711, Valid from:2/13/16, 12:39 AM, Valid until:2/13/41, 12:39 AM
2025-12-30 22:35:53.124 DEBUG --- [  restartedMain] jdk.event.security                       : X509Certificate: Alg:SHA384withECDSA, Serial:1403f5abfb378b17405be243b2a5d1c4, Subject:CN=SSL.com TLS ECC Root CA 2022, O=SSL Corporation, C=US, Issuer:CN=SSL.com TLS ECC Root CA 2022, O=SSL Corporation, C=US, Key type:EC, Length:384, Cert Id:683561703, Valid from:8/25/22, 11:33 PM, Valid until:8/19/46, 11:33 PM
2025-12-30 22:35:53.125 DEBUG --- [  restartedMain] jdk.event.security                       : X509Certificate: Alg:SHA256withRSA, Serial:6fbedaad73bd0840e28b4dbed4f75b91, Subject:CN=SSL.com TLS RSA Root CA 2022, O=SSL Corporation, C=US, Issuer:CN=SSL.com TLS RSA Root CA 2022, O=SSL Corporation, C=US, Key type:RSA, Length:4096, Cert Id:556880013, Valid from:8/25/22, 11:34 PM, Valid until:8/19/46, 11:34 PM
2025-12-30 22:35:53.125 DEBUG --- [  restartedMain] jdk.event.security                       : X509Certificate: Alg:SHA1withRSA, Serial:0, Subject:OU=Starfield Class 2 Certification Authority, O="Starfield Technologies, Inc.", C=US, Issuer:OU=Starfield Class 2 Certification Authority, O="Starfield Technologies, Inc.", C=US, Key type:RSA, Length:2048, Cert Id:1825617644, Valid from:6/30/04, 12:39 AM, Valid until:6/30/34, 12:39 AM
2025-12-30 22:35:53.125 DEBUG --- [  restartedMain] jdk.event.security                       : X509Certificate: Alg:SHA256withRSA, Serial:0, Subject:CN=Starfield Root Certificate Authority - G2, O="Starfield Technologies, Inc.", L=Scottsdale, ST=Arizona, C=US, Issuer:CN=Starfield Root Certificate Authority - G2, O="Starfield Technologies, Inc.", L=Scottsdale, ST=Arizona, C=US, Key type:RSA, Length:2048, Cert Id:3268325709, Valid from:9/1/09, 7:00 AM, Valid until:1/1/38, 6:59 AM
2025-12-30 22:35:53.126 DEBUG --- [  restartedMain] jdk.event.security                       : X509Certificate: Alg:SHA256withRSA, Serial:0, Subject:CN=Starfield Services Root Certificate Authority - G2, O="Starfield Technologies, Inc.", L=Scottsdale, ST=Arizona, C=US, Issuer:CN=Starfield Services Root Certificate Authority - G2, O="Starfield Technologies, Inc.", L=Scottsdale, ST=Arizona, C=US, Key type:RSA, Length:2048, Cert Id:1964785574, Valid from:9/1/09, 7:00 AM, Valid until:1/1/38, 6:59 AM
2025-12-30 22:35:53.126 DEBUG --- [  restartedMain] jdk.event.security                       : X509Certificate: Alg:SHA1withRSA, Serial:bb401c43f55e4fb0, Subject:CN=SwissSign Gold CA - G2, O=SwissSign AG, C=CH, Issuer:CN=SwissSign Gold CA - G2, O=SwissSign AG, C=CH, Key type:RSA, Length:4096, Cert Id:1516221943, Valid from:10/25/06, 3:30 PM, Valid until:10/25/36, 3:30 PM
2025-12-30 22:35:53.127 DEBUG --- [  restartedMain] jdk.event.security                       : X509Certificate: Alg:SHA1withRSA, Serial:4eb200670c035d4f, Subject:CN=SwissSign Platinum CA - G2, O=SwissSign AG, C=CH, Issuer:CN=SwissSign Platinum CA - G2, O=SwissSign AG, C=CH, Key type:RSA, Length:4096, Cert Id:771312514, Valid from:10/25/06, 3:36 PM, Valid until:10/25/36, 3:36 PM
2025-12-30 22:35:53.127 DEBUG --- [  restartedMain] jdk.event.security                       : X509Certificate: Alg:SHA1withRSA, Serial:4f1bd42f54bb2f4b, Subject:CN=SwissSign Silver CA - G2, O=SwissSign AG, C=CH, Issuer:CN=SwissSign Silver CA - G2, O=SwissSign AG, C=CH, Key type:RSA, Length:4096, Cert Id:126726124, Valid from:10/25/06, 3:32 PM, Valid until:10/25/36, 3:32 PM
2025-12-30 22:35:53.128 DEBUG --- [  restartedMain] jdk.event.security                       : X509Certificate: Alg:SHA256withRSA, Serial:1675f27d6fe7ae3e4acbe095b059e, Subject:CN=Telia Root CA v2, O=Telia Finland Oyj, C=FI, Issuer:CN=Telia Root CA v2, O=Telia Finland Oyj, C=FI, Key type:RSA, Length:4096, Cert Id:3473063976, Valid from:11/29/18, 6:55 PM, Valid until:11/29/43, 6:55 PM
2025-12-30 22:35:53.128 DEBUG --- [  restartedMain] jdk.event.security                       : X509Certificate: Alg:SHA1withRSA, Serial:95be16a0f72e46f17b398272fa8bcd96, Subject:CN=TeliaSonera Root CA v1, O=TeliaSonera, Issuer:CN=TeliaSonera Root CA v1, O=TeliaSonera, Key type:RSA, Length:4096, Cert Id:1495358374, Valid from:10/18/07, 7:00 PM, Valid until:10/18/32, 7:00 PM
2025-12-30 22:35:53.128 DEBUG --- [  restartedMain] jdk.event.security                       : X509Certificate: Alg:SHA1withRSA, Serial:344ed55720d5edec49f42fce37db2b6d, Subject:CN=thawte Primary Root CA, OU="(c) 2006 thawte, Inc. - For authorized use only", OU=Certification Services Division, O="thawte, Inc.", C=US, Issuer:CN=thawte Primary Root CA, OU="(c) 2006 thawte, Inc. - For authorized use only", OU=Certification Services Division, O="thawte, Inc.", C=US, Key type:RSA, Length:2048, Cert Id:643000026, Valid from:11/17/06, 7:00 AM, Valid until:7/17/36, 6:59 AM
2025-12-30 22:35:53.129 DEBUG --- [  restartedMain] jdk.event.security                       : X509Certificate: Alg:SHA384withECDSA, Serial:35fc265cd9844fc93d263d579baed756, Subject:CN=thawte Primary Root CA - G2, OU="(c) 2007 thawte, Inc. - For authorized use only", O="thawte, Inc.", C=US, Issuer:CN=thawte Primary Root CA - G2, OU="(c) 2007 thawte, Inc. - For authorized use only", O="thawte, Inc.", C=US, Key type:EC, Length:384, Cert Id:2068083090, Valid from:11/5/07, 7:00 AM, Valid until:1/19/38, 6:59 AM
2025-12-30 22:35:53.129 DEBUG --- [  restartedMain] jdk.event.security                       : X509Certificate: Alg:SHA256withRSA, Serial:600197b746a7eab4b49ad64b2ff790fb, Subject:CN=thawte Primary Root CA - G3, OU="(c) 2008 thawte, Inc. - For authorized use only", OU=Certification Services Division, O="thawte, Inc.", C=US, Issuer:CN=thawte Primary Root CA - G3, OU="(c) 2008 thawte, Inc. - For authorized use only", OU=Certification Services Division, O="thawte, Inc.", C=US, Key type:RSA, Length:2048, Cert Id:1032730720, Valid from:4/2/08, 7:00 AM, Valid until:12/2/37, 6:59 AM
2025-12-30 22:35:53.130 DEBUG --- [  restartedMain] jdk.event.security                       : X509Certificate: Alg:SHA256withRSA, Serial:1, Subject:CN=T-TeleSec GlobalRoot Class 2, OU=T-Systems Trust Center, O=T-Systems Enterprise Services GmbH, C=DE, Issuer:CN=T-TeleSec GlobalRoot Class 2, OU=T-Systems Trust Center, O=T-Systems Enterprise Services GmbH, C=DE, Key type:RSA, Length:2048, Cert Id:3056503257, Valid from:10/1/08, 5:40 PM, Valid until:10/2/33, 6:59 AM
2025-12-30 22:35:53.130 DEBUG --- [  restartedMain] jdk.event.security                       : X509Certificate: Alg:SHA256withRSA, Serial:1, Subject:CN=T-TeleSec GlobalRoot Class 3, OU=T-Systems Trust Center, O=T-Systems Enterprise Services GmbH, C=DE, Issuer:CN=T-TeleSec GlobalRoot Class 3, OU=T-Systems Trust Center, O=T-Systems Enterprise Services GmbH, C=DE, Key type:RSA, Length:2048, Cert Id:1894096264, Valid from:10/1/08, 5:29 PM, Valid until:10/2/33, 6:59 AM
2025-12-30 22:35:53.131 DEBUG --- [  restartedMain] jdk.event.security                       : X509Certificate: Alg:SHA256withRSA, Serial:cbe, Subject:CN=TWCA Global Root CA, OU=Root CA, O=TAIWAN-CA, C=TW, Issuer:CN=TWCA Global Root CA, OU=Root CA, O=TAIWAN-CA, C=TW, Key type:RSA, Length:4096, Cert Id:861175838, Valid from:6/27/12, 1:28 PM, Valid until:12/31/30, 10:59 PM
2025-12-30 22:35:53.131 DEBUG --- [  restartedMain] jdk.event.security                       : X509Certificate: Alg:SHA384withECDSA, Serial:5c8b99c55a94c5d27156decd8980cc26, Subject:CN=USERTrust ECC Certification Authority, O=The USERTRUST Network, L=Jersey City, ST=New Jersey, C=US, Issuer:CN=USERTrust ECC Certification Authority, O=The USERTRUST Network, L=Jersey City, ST=New Jersey, C=US, Key type:EC, Length:384, Cert Id:3329287386, Valid from:2/1/10, 7:00 AM, Valid until:1/19/38, 6:59 AM
2025-12-30 22:35:53.131 DEBUG --- [  restartedMain] jdk.event.security                       : X509Certificate: Alg:SHA384withRSA, Serial:1fd6d30fca3ca51a81bbc640e35032d, Subject:CN=USERTrust RSA Certification Authority, O=The USERTRUST Network, L=Jersey City, ST=New Jersey, C=US, Issuer:CN=USERTrust RSA Certification Authority, O=The USERTRUST Network, L=Jersey City, ST=New Jersey, C=US, Key type:RSA, Length:4096, Cert Id:3947601401, Valid from:2/1/10, 7:00 AM, Valid until:1/19/38, 6:59 AM
2025-12-30 22:35:53.132 DEBUG --- [  restartedMain] jdk.event.security                       : X509Certificate: Alg:SHA1withRSA, Serial:44be0c8b500024b411d3362de0b35f1b, Subject:CN=UTN-USERFirst-Object, OU=http://www.usertrust.com, O=The USERTRUST Network, L=Salt Lake City, ST=UT, C=US, Issuer:CN=UTN-USERFirst-Object, OU=http://www.usertrust.com, O=The USERTRUST Network, L=Salt Lake City, ST=UT, C=US, Key type:RSA, Length:2048, Cert Id:3997913868, Valid from:7/10/99, 1:31 AM, Valid until:7/10/19, 1:40 AM
2025-12-30 22:35:53.132 DEBUG --- [  restartedMain] jdk.event.security                       : X509Certificate: Alg:SHA1withRSA, Serial:9b7e0649a33e62b9d5ee90487129ef57, Subject:CN=VeriSign Class 3 Public Primary Certification Authority - G3, OU="(c) 1999 VeriSign, Inc. - For authorized use only", OU=VeriSign Trust Network, O="VeriSign, Inc.", C=US, Issuer:CN=VeriSign Class 3 Public Primary Certification Authority - G3, OU="(c) 1999 VeriSign, Inc. - For authorized use only", OU=VeriSign Trust Network, O="VeriSign, Inc.", C=US, Key type:RSA, Length:2048, Cert Id:2057300190, Valid from:10/1/99, 7:00 AM, Valid until:7/17/36, 6:59 AM
2025-12-30 22:35:53.133 DEBUG --- [  restartedMain] jdk.event.security                       : X509Certificate: Alg:SHA384withECDSA, Serial:2f80fe238c0e220f486712289187acb3, Subject:CN=VeriSign Class 3 Public Primary Certification Authority - G4, OU="(c) 2007 VeriSign, Inc. - For authorized use only", OU=VeriSign Trust Network, O="VeriSign, Inc.", C=US, Issuer:CN=VeriSign Class 3 Public Primary Certification Authority - G4, OU="(c) 2007 VeriSign, Inc. - For authorized use only", OU=VeriSign Trust Network, O="VeriSign, Inc.", C=US, Key type:EC, Length:384, Cert Id:4163473319, Valid from:11/5/07, 7:00 AM, Valid until:1/19/38, 6:59 AM
2025-12-30 22:35:53.134 DEBUG --- [  restartedMain] jdk.event.security                       : X509Certificate: Alg:SHA1withRSA, Serial:18dad19e267de8bb4a2158cdcc6b3b4a, Subject:CN=VeriSign Class 3 Public Primary Certification Authority - G5, OU="(c) 2006 VeriSign, Inc. - For authorized use only", OU=VeriSign Trust Network, O="VeriSign, Inc.", C=US, Issuer:CN=VeriSign Class 3 Public Primary Certification Authority - G5, OU="(c) 2006 VeriSign, Inc. - For authorized use only", OU=VeriSign Trust Network, O="VeriSign, Inc.", C=US, Key type:RSA, Length:2048, Cert Id:303010488, Valid from:11/8/06, 7:00 AM, Valid until:7/17/36, 6:59 AM
2025-12-30 22:35:53.134 DEBUG --- [  restartedMain] jdk.event.security                       : X509Certificate: Alg:SHA256withRSA, Serial:401ac46421b31321030ebbe4121ac51d, Subject:CN=VeriSign Universal Root Certification Authority, OU="(c) 2008 VeriSign, Inc. - For authorized use only", OU=VeriSign Trust Network, O="VeriSign, Inc.", C=US, Issuer:CN=VeriSign Universal Root Certification Authority, OU="(c) 2008 VeriSign, Inc. - For authorized use only", OU=VeriSign Trust Network, O="VeriSign, Inc.", C=US, Key type:RSA, Length:2048, Cert Id:2318285810, Valid from:4/2/08, 7:00 AM, Valid until:12/2/37, 6:59 AM
2025-12-30 22:35:53.135 DEBUG --- [  restartedMain] jdk.event.security                       : X509Certificate: Alg:SHA1withRSA, Serial:50946cec18ead59c4dd597ef758fa0ad, Subject:CN=XRamp Global Certification Authority, O=XRamp Security Services Inc, OU=www.xrampsecurity.com, C=US, Issuer:CN=XRamp Global Certification Authority, O=XRamp Security Services Inc, OU=www.xrampsecurity.com, C=US, Key type:RSA, Length:2048, Cert Id:3342493210, Valid from:11/2/04, 12:14 AM, Valid until:1/1/35, 12:37 PM
2025-12-30 22:35:53.136 DEBUG --- [  restartedMain] jdk.event.security                       : X509Certificate: Alg:SHA256withRSA, Serial:5f70e86da49f346352ebab2, Subject:CN=Trustwave Global Certification Authority, O="Trustwave Holdings, Inc.", L=Chicago, ST=Illinois, C=US, Issuer:CN=Trustwave Global Certification Authority, O="Trustwave Holdings, Inc.", L=Chicago, ST=Illinois, C=US, Key type:RSA, Length:4096, Cert Id:416366836, Valid from:8/24/17, 2:34 AM, Valid until:8/24/42, 2:34 AM
2025-12-30 22:35:53.136 DEBUG --- [  restartedMain] jdk.event.security                       : X509Certificate: Alg:SHA256withRSA, Serial:cbe, Subject:CN=TWCA Global Root CA, OU=Root CA, O=TAIWAN-CA, C=TW, Issuer:CN=TWCA Global Root CA, OU=Root CA, O=TAIWAN-CA, C=TW, Key type:RSA, Length:4096, Cert Id:861175838, Valid from:6/27/12, 1:28 PM, Valid until:12/31/30, 10:59 PM
2025-12-30 22:35:53.137 DEBUG --- [  restartedMain] jdk.event.security                       : X509Certificate: Alg:SHA256withRSA, Serial:5ddfb1da5aa3ed5dbe5a6520650390ef, Subject:CN=UCA Global G2 Root, O=UniTrust, C=CN, Issuer:CN=UCA Global G2 Root, O=UniTrust, C=CN, Key type:RSA, Length:4096, Cert Id:1844967193, Valid from:3/11/16, 7:00 AM, Valid until:12/31/40, 7:00 AM
2025-12-30 22:35:53.137 DEBUG --- [  restartedMain] jdk.event.security                       : X509Certificate: Alg:SHA256withRSA, Serial:31f5e4620c6c58edd6d8, Subject:CN=emSign Root CA - G1, O=eMudhra Technologies Limited, OU=emSign PKI, C=IN, Issuer:CN=emSign Root CA - G1, O=eMudhra Technologies Limited, OU=emSign PKI, C=IN, Key type:RSA, Length:2048, Cert Id:392709196, Valid from:2/19/18, 1:30 AM, Valid until:2/19/43, 1:30 AM
2025-12-30 22:35:53.138 DEBUG --- [  restartedMain] jdk.event.security                       : X509Certificate: Alg:SHA384withECDSA, Serial:203e5c068ef631a9c72905052, Subject:CN=GTS Root R4, O=Google Trust Services LLC, C=US, Issuer:CN=GTS Root R4, O=Google Trust Services LLC, C=US, Key type:EC, Length:384, Cert Id:1326433111, Valid from:6/22/16, 7:00 AM, Valid until:6/22/36, 7:00 AM
2025-12-30 22:35:53.138 DEBUG --- [  restartedMain] jdk.event.security                       : X509Certificate: Alg:SHA384withECDSA, Serial:3cf607a968700eda8b84, Subject:CN=emSign ECC Root CA - G3, O=eMudhra Technologies Limited, OU=emSign PKI, C=IN, Issuer:CN=emSign ECC Root CA - G3, O=eMudhra Technologies Limited, OU=emSign PKI, C=IN, Key type:EC, Length:384, Cert Id:3832035707, Valid from:2/19/18, 1:30 AM, Valid until:2/19/43, 1:30 AM
2025-12-30 22:35:53.139 DEBUG --- [  restartedMain] jdk.event.security                       : X509Certificate: Alg:SHA384withECDSA, Serial:203e5b882eb20f825276d3d66, Subject:CN=GTS Root R3, O=Google Trust Services LLC, C=US, Issuer:CN=GTS Root R3, O=Google Trust Services LLC, C=US, Key type:EC, Length:384, Cert Id:1163081155, Valid from:6/22/16, 7:00 AM, Valid until:6/22/36, 7:00 AM
2025-12-30 22:35:53.139 DEBUG --- [  restartedMain] jdk.event.security                       : X509Certificate: Alg:SHA384withRSA, Serial:203e5aec58d04251aab1125aa, Subject:CN=GTS Root R2, O=Google Trust Services LLC, C=US, Issuer:CN=GTS Root R2, O=Google Trust Services LLC, C=US, Key type:RSA, Length:4096, Cert Id:948387669, Valid from:6/22/16, 7:00 AM, Valid until:6/22/36, 7:00 AM
2025-12-30 22:35:53.139 DEBUG --- [  restartedMain] jdk.event.security                       : X509Certificate: Alg:SHA384withRSA, Serial:11d2bbb9d723189e405f0a9d2dd0df2567d1, Subject:CN=GlobalSign Root R46, O=GlobalSign nv-sa, C=BE, Issuer:CN=GlobalSign Root R46, O=GlobalSign nv-sa, C=BE, Key type:RSA, Length:4096, Cert Id:1275948927, Valid from:3/20/19, 7:00 AM, Valid until:3/20/46, 7:00 AM
2025-12-30 22:35:53.140 DEBUG --- [  restartedMain] jdk.event.security                       : X509Certificate: Alg:SHA384withRSA, Serial:203e5936f31b01349886ba217, Subject:CN=GTS Root R1, O=Google Trust Services LLC, C=US, Issuer:CN=GTS Root R1, O=Google Trust Services LLC, C=US, Key type:RSA, Length:4096, Cert Id:657172038, Valid from:6/22/16, 7:00 AM, Valid until:6/22/36, 7:00 AM
2025-12-30 22:35:53.141 DEBUG --- [  restartedMain] jdk.event.security                       : X509Certificate: Alg:SHA256withRSA, Serial:dd3e3bc6cf96bb1, Subject:CN=ANF Secure Server Root CA, OU=ANF CA Raiz, O=ANF Autoridad de Certificacion, C=ES, SERIALNUMBER=G63287510, Issuer:CN=ANF Secure Server Root CA, OU=ANF CA Raiz, O=ANF Autoridad de Certificacion, C=ES, SERIALNUMBER=G63287510, Key type:RSA, Length:4096, Cert Id:3453317601, Valid from:9/4/19, 5:00 PM, Valid until:8/30/39, 5:00 PM
2025-12-30 22:35:53.141 DEBUG --- [  restartedMain] jdk.event.security                       : X509Certificate: Alg:SHA384withECDSA, Serial:212a560caeda0cab4045bf2ba22d3aea, Subject:CN=OISTE WISeKey Global Root GC CA, OU=OISTE Foundation Endorsed, O=WISeKey, C=CH, Issuer:CN=OISTE WISeKey Global Root GC CA, OU=OISTE Foundation Endorsed, O=WISeKey, C=CH, Key type:EC, Length:384, Cert Id:2781801839, Valid from:5/9/17, 4:48 PM, Valid until:5/9/42, 4:58 PM
2025-12-30 22:35:53.142 DEBUG --- [  restartedMain] jdk.event.security                       : X509Certificate: Alg:SHA256withRSA, Serial:b0b75a16485fbfe1cbf58bd719e67d, Subject:CN=Izenpe.com, O=IZENPE S.A., C=ES, Issuer:CN=Izenpe.com, O=IZENPE S.A., C=ES, Key type:RSA, Length:4096, Cert Id:2449386312, Valid from:12/13/07, 8:08 PM, Valid until:12/13/37, 3:27 PM
2025-12-30 22:35:53.142 DEBUG --- [  restartedMain] jdk.event.security                       : X509Certificate: Alg:SHA256withECDSA, Serial:15448ef21fd97590df5040a, Subject:CN=e-Szigno Root CA 2017, OID.2.5.4.97=VATHU-23584497, O=Microsec Ltd., L=Budapest, C=HU, Issuer:CN=e-Szigno Root CA 2017, OID.2.5.4.97=VATHU-23584497, O=Microsec Ltd., L=Budapest, C=HU, Key type:EC, Length:256, Cert Id:3303793581, Valid from:8/22/17, 7:07 PM, Valid until:8/22/42, 7:07 PM
2025-12-30 22:35:53.142 DEBUG --- [  restartedMain] jdk.event.security                       : X509Certificate: Alg:SHA256withRSA, Serial:1, Subject:CN=TUBITAK Kamu SM SSL Kok Sertifikasi - Surum 1, OU=Kamu Sertifikasyon Merkezi - Kamu SM, O=Turkiye Bilimsel ve Teknolojik Arastirma Kurumu - TUBITAK, L=Gebze - Kocaeli, C=TR, Issuer:CN=TUBITAK Kamu SM SSL Kok Sertifikasi - Surum 1, OU=Kamu Sertifikasyon Merkezi - Kamu SM, O=Turkiye Bilimsel ve Teknolojik Arastirma Kurumu - TUBITAK, L=Gebze - Kocaeli, C=TR, Key type:RSA, Length:2048, Cert Id:1093603654, Valid from:11/25/13, 3:25 PM, Valid until:10/25/43, 3:25 PM
2025-12-30 22:35:53.143 DEBUG --- [  restartedMain] jdk.event.security                       : X509Certificate: Alg:SHA256withRSA, Serial:5d938d306736c8061d1ac754846907, Subject:OU=AC RAIZ FNMT-RCM, O=FNMT-RCM, C=ES, Issuer:OU=AC RAIZ FNMT-RCM, O=FNMT-RCM, C=ES, Key type:RSA, Length:4096, Cert Id:1555523573, Valid from:10/29/08, 10:59 PM, Valid until:1/1/30, 7:00 AM
2025-12-30 22:35:53.143 DEBUG --- [  restartedMain] jdk.event.security                       : X509Certificate: Alg:SHA256withRSA, Serial:76b1205274f0858746b3f8231af6c2c0, Subject:CN=OISTE WISeKey Global Root GB CA, OU=OISTE Foundation Endorsed, O=WISeKey, C=CH, Issuer:CN=OISTE WISeKey Global Root GB CA, OU=OISTE Foundation Endorsed, O=WISeKey, C=CH, Key type:RSA, Length:2048, Cert Id:3681485780, Valid from:12/1/14, 10:00 PM, Valid until:12/1/39, 10:10 PM
2025-12-30 22:35:53.144 DEBUG --- [  restartedMain] jdk.event.security                       : X509Certificate: Alg:SHA256withRSA, Serial:5c33cb622c5fb332, Subject:C=DE, O=Atos, CN=Atos TrustedRoot 2011, Issuer:C=DE, O=Atos, CN=Atos TrustedRoot 2011, Key type:RSA, Length:2048, Cert Id:4266438672, Valid from:7/7/11, 9:58 PM, Valid until:1/1/31, 6:59 AM
2025-12-30 22:35:53.144 DEBUG --- [  restartedMain] jdk.event.security                       : X509Certificate: Alg:SHA512withRSA, Serial:1ebf5950b8c980374c06f7eb554fb5ed, Subject:CN=Certum Trusted Root CA, OU=Certum Certification Authority, O=Asseco Data Systems S.A., C=PL, Issuer:CN=Certum Trusted Root CA, OU=Certum Certification Authority, O=Asseco Data Systems S.A., C=PL, Key type:RSA, Length:4096, Cert Id:3520640245, Valid from:3/16/18, 7:10 PM, Valid until:3/16/43, 7:10 PM
2025-12-30 22:35:53.145 DEBUG --- [  restartedMain] jdk.event.security                       : X509Certificate: Alg:SHA1withRSA, Serial:200605167002, Subject:OU=certSIGN ROOT CA, O=certSIGN, C=RO, Issuer:OU=certSIGN ROOT CA, O=certSIGN, C=RO, Key type:RSA, Length:2048, Cert Id:4005006620, Valid from:7/5/06, 12:20 AM, Valid until:7/5/31, 12:20 AM
2025-12-30 22:35:53.145 DEBUG --- [  restartedMain] jdk.event.security                       : X509Certificate: Alg:SHA384withRSA, Serial:194301ea20bddf5c5332ab1434471f8d6504d0d, Subject:CN=NAVER Global Root Certification Authority, O=NAVER BUSINESS PLATFORM Corp., C=KR, Issuer:CN=NAVER Global Root Certification Authority, O=NAVER BUSINESS PLATFORM Corp., C=KR, Key type:RSA, Length:4096, Cert Id:1777546867, Valid from:8/18/17, 3:58 PM, Valid until:8/19/37, 6:59 AM
2025-12-30 22:35:53.146 DEBUG --- [  restartedMain] jdk.event.security                       : X509Certificate: Alg:SHA256withRSA, Serial:184accd6, Subject:CN=CFCA EV ROOT, O=China Financial Certification Authority, C=CN, Issuer:CN=CFCA EV ROOT, O=China Financial Certification Authority, C=CN, Key type:RSA, Length:4096, Cert Id:551407782, Valid from:8/8/12, 10:07 AM, Valid until:12/31/29, 10:07 AM
2025-12-30 22:35:53.146 DEBUG --- [  restartedMain] jdk.event.security                       : X509Certificate: Alg:SHA1withRSA, Serial:1, Subject:CN=SecureSign RootCA11, O="Japan Certification Services, Inc.", C=JP, Issuer:CN=SecureSign RootCA11, O="Japan Certification Services, Inc.", C=JP, Key type:RSA, Length:2048, Cert Id:2079057034, Valid from:4/8/09, 11:56 AM, Valid until:4/8/29, 11:56 AM
2025-12-30 22:35:53.147 DEBUG --- [  restartedMain] jdk.event.security                       : X509Certificate: Alg:SHA1withRSA, Serial:5ec3b7a6437fa4e0, Subject:C=ES, O=ACCV, OU=PKIACCV, CN=ACCVRAIZ1, Issuer:C=ES, O=ACCV, OU=PKIACCV, CN=ACCVRAIZ1, Key type:RSA, Length:4096, Cert Id:3702856060, Valid from:5/5/11, 4:37 PM, Valid until:12/31/30, 4:37 PM
2025-12-30 22:35:53.147 DEBUG --- [  restartedMain] jdk.event.security                       : X509Certificate: Alg:SHA384withRSA, Serial:1ed397095fd8b4b347701eaabe7f45b3, Subject:CN=Microsoft RSA Root Certificate Authority 2017, O=Microsoft Corporation, C=US, Issuer:CN=Microsoft RSA Root Certificate Authority 2017, O=Microsoft Corporation, C=US, Key type:RSA, Length:4096, Cert Id:2848349048, Valid from:12/19/19, 5:51 AM, Valid until:7/19/42, 6:00 AM
2025-12-30 22:35:53.148 DEBUG --- [  restartedMain] jdk.event.security                       : X509Certificate: Alg:SHA256withRSA, Serial:aecf00bac4cf32f843b2, Subject:CN=emSign Root CA - C1, O=eMudhra Inc, OU=emSign PKI, C=US, Issuer:CN=emSign Root CA - C1, O=eMudhra Inc, OU=emSign PKI, C=US, Key type:RSA, Length:2048, Cert Id:3026103940, Valid from:2/19/18, 1:30 AM, Valid until:2/19/43, 1:30 AM
2025-12-30 22:35:53.148 DEBUG --- [  restartedMain] jdk.event.security                       : X509Certificate: Alg:SHA256withRSA, Serial:7d0997fef047ea7a, Subject:CN=GDCA TrustAUTH R5 ROOT, O="GUANG DONG CERTIFICATE AUTHORITY CO.,LTD.", C=CN, Issuer:CN=GDCA TrustAUTH R5 ROOT, O="GUANG DONG CERTIFICATE AUTHORITY CO.,LTD.", C=CN, Key type:RSA, Length:4096, Cert Id:494136981, Valid from:11/26/14, 12:13 PM, Valid until:12/31/40, 10:59 PM
2025-12-30 22:35:53.148 DEBUG --- [  restartedMain] jdk.event.security                       : X509Certificate: Alg:SHA384withECDSA, Serial:7b71b68256b8127c9ca8, Subject:CN=emSign ECC Root CA - C3, O=eMudhra Inc, OU=emSign PKI, C=US, Issuer:CN=emSign ECC Root CA - C3, O=eMudhra Inc, OU=emSign PKI, C=US, Key type:EC, Length:384, Cert Id:3346510540, Valid from:2/19/18, 1:30 AM, Valid until:2/19/43, 1:30 AM
2025-12-30 22:35:53.149 DEBUG --- [  restartedMain] jdk.event.security                       : X509Certificate: Alg:SHA256withRSA, Serial:110034b64ec6362d36, Subject:OU=certSIGN ROOT CA G2, O=CERTSIGN SA, C=RO, Issuer:OU=certSIGN ROOT CA G2, O=CERTSIGN SA, C=RO, Key type:RSA, Length:4096, Cert Id:2181086866, Valid from:2/6/17, 4:27 PM, Valid until:2/6/42, 4:27 PM
2025-12-30 22:35:53.149 DEBUG --- [  restartedMain] jdk.event.security                       : X509Certificate: Alg:SHA256withRSA, Serial:92b888dbb08ac163, Subject:CN=CA Disig Root R2, O=Disig a.s., L=Bratislava, C=SK, Issuer:CN=CA Disig Root R2, O=Disig a.s., L=Bratislava, C=SK, Key type:RSA, Length:4096, Cert Id:747175721, Valid from:7/19/12, 4:15 PM, Valid until:7/19/42, 4:15 PM
2025-12-30 22:35:53.149 DEBUG --- [  restartedMain] jdk.event.security                       : X509Certificate: Alg:SHA256withRSA, Serial:8165f8a4ca5ec00c99340dfc4c6ae23b81c5aa4, Subject:CN=Hongkong Post Root CA 3, O=Hongkong Post, L=Hong Kong, ST=Hong Kong, C=HK, Issuer:CN=Hongkong Post Root CA 3, O=Hongkong Post, L=Hong Kong, ST=Hong Kong, C=HK, Key type:RSA, Length:4096, Cert Id:3393016216, Valid from:6/3/17, 9:29 AM, Valid until:6/3/42, 9:29 AM
2025-12-30 22:35:53.150 DEBUG --- [  restartedMain] jdk.event.security                       : X509Certificate: Alg:SHA256withRSA, Serial:5a4bbd5afb4f8a5bfa65e5, Subject:CN=GLOBALTRUST 2020, O=e-commerce monitoring GmbH, C=AT, Issuer:CN=GLOBALTRUST 2020, O=e-commerce monitoring GmbH, C=AT, Key type:RSA, Length:4096, Cert Id:3772720413, Valid from:2/10/20, 7:00 AM, Valid until:6/10/40, 7:00 AM
2025-12-30 22:35:53.150 DEBUG --- [  restartedMain] jdk.event.security                       : X509Certificate: Alg:SHA384withECDSA, Serial:66f23daf87de8bb14aea0c573101c2ec, Subject:CN=Microsoft ECC Root Certificate Authority 2017, O=Microsoft Corporation, C=US, Issuer:CN=Microsoft ECC Root Certificate Authority 2017, O=Microsoft Corporation, C=US, Key type:EC, Length:384, Cert Id:3240761285, Valid from:12/19/19, 6:06 AM, Valid until:7/19/42, 6:16 AM
2025-12-30 22:35:53.150 DEBUG --- [  restartedMain] jdk.event.security                       : X509Certificate: Alg:SHA1withRSA, Serial:75622a4e8d48a894df413c8f0f8eaa5, Subject:CN=Secure Global CA, O=SecureTrust Corporation, C=US, Issuer:CN=Secure Global CA, O=SecureTrust Corporation, C=US, Key type:RSA, Length:2048, Cert Id:2818194321, Valid from:11/8/06, 2:42 AM, Valid until:1/1/30, 2:52 AM
2025-12-30 22:35:53.151 DEBUG --- [  restartedMain] jdk.event.security                       : X509Certificate: Alg:SHA256withRSA, Serial:4fd22b8ff564c8339e4f345866237060, Subject:CN=UCA Extended Validation Root, O=UniTrust, C=CN, Issuer:CN=UCA Extended Validation Root, O=UniTrust, C=CN, Key type:RSA, Length:4096, Cert Id:649181271, Valid from:3/13/15, 7:00 AM, Valid until:12/31/38, 7:00 AM
2025-12-30 22:35:53.151 DEBUG --- [  restartedMain] jdk.event.security                       : X509Certificate: Alg:SHA256withECDSA, Serial:d6a5f083f285c3e5195df5d, Subject:CN=Trustwave Global ECC P256 Certification Authority, O="Trustwave Holdings, Inc.", L=Chicago, ST=Illinois, C=US, Issuer:CN=Trustwave Global ECC P256 Certification Authority, O="Trustwave Holdings, Inc.", L=Chicago, ST=Illinois, C=US, Key type:EC, Length:256, Cert Id:948272517, Valid from:8/24/17, 2:35 AM, Valid until:8/24/42, 2:35 AM
2025-12-30 22:35:53.151 DEBUG --- [  restartedMain] jdk.event.security                       : X509Certificate: Alg:SHA384withECDSA, Serial:11d2bbba336ed4bce62468c50d841d98e843, Subject:CN=GlobalSign Root E46, O=GlobalSign nv-sa, C=BE, Issuer:CN=GlobalSign Root E46, O=GlobalSign nv-sa, C=BE, Key type:EC, Length:384, Cert Id:3405603905, Valid from:3/20/19, 7:00 AM, Valid until:3/20/46, 7:00 AM
2025-12-30 22:35:53.152 DEBUG --- [  restartedMain] jdk.event.security                       : X509Certificate: Alg:SHA256withRSA, Serial:c27e43044e473f19, Subject:EMAILADDRESS=info@e-szigno.hu, CN=Microsec e-Szigno Root CA 2009, O=Microsec Ltd., L=Budapest, C=HU, Issuer:EMAILADDRESS=info@e-szigno.hu, CN=Microsec e-Szigno Root CA 2009, O=Microsec Ltd., L=Budapest, C=HU, Key type:RSA, Length:2048, Cert Id:2391017284, Valid from:6/16/09, 6:30 PM, Valid until:12/30/29, 6:30 PM
2025-12-30 22:35:53.152 DEBUG --- [  restartedMain] jdk.event.security                       : X509Certificate: Alg:SHA256withRSA, Serial:3e8a5d07ec55d232d5b7e3b65f01eb2ddce4d6e4, Subject:CN=SZAFIR ROOT CA2, O=Krajowa Izba Rozliczeniowa S.A., C=PL, Issuer:CN=SZAFIR ROOT CA2, O=Krajowa Izba Rozliczeniowa S.A., C=PL, Key type:RSA, Length:2048, Cert Id:381279303, Valid from:10/19/15, 2:43 PM, Valid until:10/19/35, 2:43 PM
2025-12-30 22:35:53.152 DEBUG --- [  restartedMain] jdk.event.security                       : X509Certificate: Alg:SHA1withRSA, Serial:53ec3beefbb2485f, Subject:CN=Autoridad de Certificacion Firmaprofesional CIF A62634068, C=ES, Issuer:CN=Autoridad de Certificacion Firmaprofesional CIF A62634068, C=ES, Key type:RSA, Length:4096, Cert Id:692250759, Valid from:5/20/09, 3:38 PM, Valid until:12/31/30, 3:38 PM
2025-12-30 22:35:53.153 DEBUG --- [  restartedMain] jdk.event.security                       : X509Certificate: Alg:SHA1withRSA, Serial:1, Subject:CN=TWCA Root Certification Authority, OU=Root CA, O=TAIWAN-CA, C=TW, Issuer:CN=TWCA Root Certification Authority, OU=Root CA, O=TAIWAN-CA, C=TW, Key type:RSA, Length:2048, Cert Id:2652873033, Valid from:8/28/08, 2:24 PM, Valid until:12/31/30, 10:59 PM
2025-12-30 22:35:53.153 DEBUG --- [  restartedMain] jdk.event.security                       : X509Certificate: Alg:SHA256withRSA, Serial:49412ce40010, Subject:CN=NetLock Arany (Class Gold) Főtanúsítvány, OU=Tanúsítványkiadók (Certification Services), O=NetLock Kft., L=Budapest, C=HU, Issuer:CN=NetLock Arany (Class Gold) Főtanúsítvány, OU=Tanúsítványkiadók (Certification Services), O=NetLock Kft., L=Budapest, C=HU, Key type:RSA, Length:2048, Cert Id:58541246, Valid from:12/11/08, 10:08 PM, Valid until:12/6/28, 10:08 PM
2025-12-30 22:35:53.153 DEBUG --- [  restartedMain] jdk.event.security                       : X509Certificate: Alg:SHA384withECDSA, Serial:8bd85976c9927a48068473b, Subject:CN=Trustwave Global ECC P384 Certification Authority, O="Trustwave Holdings, Inc.", L=Chicago, ST=Illinois, C=US, Issuer:CN=Trustwave Global ECC P384 Certification Authority, O="Trustwave Holdings, Inc.", L=Chicago, ST=Illinois, C=US, Key type:EC, Length:384, Cert Id:2301042373, Valid from:8/24/17, 2:36 AM, Valid until:8/24/42, 2:36 AM
2025-12-30 22:35:53.154 DEBUG --- [  restartedMain] jdk.event.security                       : X509Certificate: Alg:SHA512withRSA, Serial:21d6d04a4f250fc93237fcaa5e128de9, Subject:CN=Certum Trusted Network CA 2, OU=Certum Certification Authority, O=Unizeto Technologies S.A., C=PL, Issuer:CN=Certum Trusted Network CA 2, OU=Certum Certification Authority, O=Unizeto Technologies S.A., C=PL, Key type:RSA, Length:4096, Cert Id:1983350452, Valid from:10/6/11, 3:39 PM, Valid until:10/6/46, 3:39 PM
2025-12-30 22:35:53.155 DEBUG --- [  restartedMain] jdk.event.security                       : X509Certificate: Alg:SHA384withECDSA, Serial:788f275c81125220a504d02dddba73f4, Subject:CN=Certum EC-384 CA, OU=Certum Certification Authority, O=Asseco Data Systems S.A., C=PL, Issuer:CN=Certum EC-384 CA, OU=Certum Certification Authority, O=Asseco Data Systems S.A., C=PL, Key type:EC, Length:384, Cert Id:994586241, Valid from:3/26/18, 2:24 PM, Valid until:3/26/43, 2:24 PM
2025-12-30 22:35:53.155 DEBUG --- [  restartedMain] jdk.event.security                       : X509Certificate: Alg:SHA1withRSA, Serial:4e812d8a8265e00b02ee3e350246e53d, Subject:CN=COMODO Certification Authority, O=COMODO CA Limited, L=Salford, ST=Greater Manchester, C=GB, Issuer:CN=COMODO Certification Authority, O=COMODO CA Limited, L=Salford, ST=Greater Manchester, C=GB, Key type:RSA, Length:2048, Cert Id:904304908, Valid from:12/1/06, 7:00 AM, Valid until:1/1/30, 6:59 AM
2025-12-30 22:35:53.156 DEBUG --- [  restartedMain] jdk.event.security                       : X509Certificate: Alg:SHA256withRSA, Serial:cae91b89f155030da3e6416dc4e3a6e1, Subject:CN=Certigna Root CA, OU=0002 48146308100036, O=Dhimyotis, C=FR, Issuer:CN=Certigna Root CA, OU=0002 48146308100036, O=Dhimyotis, C=FR, Key type:RSA, Length:4096, Cert Id:356684591, Valid from:10/1/13, 3:32 PM, Valid until:10/1/33, 3:32 PM
2025-12-30 22:35:53.156 DEBUG --- [  restartedMain] jdk.event.security                       : X509Certificate: Alg:SHA256withECDSA, Serial:2c299c5b16ed0595, Subject:CN=SSL.com EV Root Certification Authority ECC, O=SSL Corporation, L=Houston, ST=Texas, C=US, Issuer:CN=SSL.com EV Root Certification Authority ECC, O=SSL Corporation, L=Houston, ST=Texas, C=US, Key type:EC, Length:384, Cert Id:1789254518, Valid from:2/13/16, 1:15 AM, Valid until:2/13/41, 1:15 AM
2025-12-30 22:35:53.156 DEBUG --- [  restartedMain] jdk.event.security                       : X509Certificate: Alg:SHA384withECDSA, Serial:62f6326ce5c4e3685c1b62dd9c2e9d95, Subject:CN=AC RAIZ FNMT-RCM SERVIDORES SEGUROS, OID.2.5.4.97=VATES-Q2826004J, OU=Ceres, O=FNMT-RCM, C=ES, Issuer:CN=AC RAIZ FNMT-RCM SERVIDORES SEGUROS, OID.2.5.4.97=VATES-Q2826004J, OU=Ceres, O=FNMT-RCM, C=ES, Key type:EC, Length:384, Cert Id:246315697, Valid from:12/20/18, 4:37 PM, Valid until:12/20/43, 4:37 PM
2025-12-30 22:35:53.249 DEBUG --- [  restartedMain] o.s.b.f.s.DefaultListableBeanFactory     : Creating shared instance of singleton bean 'databaseSelectionProvider'
2025-12-30 22:35:53.250 DEBUG --- [  restartedMain] o.s.b.f.s.DefaultListableBeanFactory     : Creating shared instance of singleton bean 'spring.data.neo4j-org.springframework.boot.autoconfigure.data.neo4j.Neo4jDataProperties'
2025-12-30 22:35:53.251 DEBUG --- [  restartedMain] o.s.b.f.s.DefaultListableBeanFactory     : Autowiring by type from bean name 'databaseSelectionProvider' via factory method to bean named 'spring.data.neo4j-org.springframework.boot.autoconfigure.data.neo4j.Neo4jDataProperties'
2025-12-30 22:35:53.255 DEBUG --- [  restartedMain] o.s.b.f.s.DefaultListableBeanFactory     : Autowiring by type from bean name 'neo4jClient' via factory method to bean named 'neo4jDriver'
2025-12-30 22:35:53.256 DEBUG --- [  restartedMain] o.s.b.f.s.DefaultListableBeanFactory     : Autowiring by type from bean name 'neo4jClient' via factory method to bean named 'databaseSelectionProvider'
2025-12-30 22:35:53.317 DEBUG --- [  restartedMain] o.s.data.convert.CustomConversions       : Adding converter from class java.lang.Void to interface org.neo4j.driver.Value as writing converter
2025-12-30 22:35:53.317 DEBUG --- [  restartedMain] o.s.data.convert.CustomConversions       : Adding converter from interface org.neo4j.driver.Value to class java.lang.Void as reading converter
2025-12-30 22:35:53.317 DEBUG --- [  restartedMain] o.s.data.convert.CustomConversions       : Adding converter from void to interface org.neo4j.driver.Value as writing converter
2025-12-30 22:35:53.318 DEBUG --- [  restartedMain] o.s.data.convert.CustomConversions       : Adding converter from interface org.neo4j.driver.Value to void as reading converter
2025-12-30 22:35:53.318 DEBUG --- [  restartedMain] o.s.data.convert.CustomConversions       : Adding converter from class java.lang.Boolean to interface org.neo4j.driver.Value as writing converter
2025-12-30 22:35:53.318 DEBUG --- [  restartedMain] o.s.data.convert.CustomConversions       : Adding converter from interface org.neo4j.driver.Value to class java.lang.Boolean as reading converter
2025-12-30 22:35:53.318 DEBUG --- [  restartedMain] o.s.data.convert.CustomConversions       : Adding converter from boolean to interface org.neo4j.driver.Value as writing converter
2025-12-30 22:35:53.318 DEBUG --- [  restartedMain] o.s.data.convert.CustomConversions       : Adding converter from interface org.neo4j.driver.Value to boolean as reading converter
2025-12-30 22:35:53.318 DEBUG --- [  restartedMain] o.s.data.convert.CustomConversions       : Adding converter from interface org.neo4j.driver.Value to class java.lang.Long as reading converter
2025-12-30 22:35:53.318 DEBUG --- [  restartedMain] o.s.data.convert.CustomConversions       : Adding converter from class java.lang.Long to interface org.neo4j.driver.Value as writing converter
2025-12-30 22:35:53.318 DEBUG --- [  restartedMain] o.s.data.convert.CustomConversions       : Adding converter from interface org.neo4j.driver.Value to long as reading converter
2025-12-30 22:35:53.318 DEBUG --- [  restartedMain] o.s.data.convert.CustomConversions       : Adding converter from long to interface org.neo4j.driver.Value as writing converter
2025-12-30 22:35:53.318 DEBUG --- [  restartedMain] o.s.data.convert.CustomConversions       : Adding converter from interface org.neo4j.driver.Value to class java.lang.Double as reading converter
2025-12-30 22:35:53.318 DEBUG --- [  restartedMain] o.s.data.convert.CustomConversions       : Adding converter from class java.lang.Double to interface org.neo4j.driver.Value as writing converter
2025-12-30 22:35:53.318 DEBUG --- [  restartedMain] o.s.data.convert.CustomConversions       : Adding converter from interface org.neo4j.driver.Value to double as reading converter
2025-12-30 22:35:53.318 DEBUG --- [  restartedMain] o.s.data.convert.CustomConversions       : Adding converter from double to interface org.neo4j.driver.Value as writing converter
2025-12-30 22:35:53.318 DEBUG --- [  restartedMain] o.s.data.convert.CustomConversions       : Adding converter from class java.lang.String to interface org.neo4j.driver.Value as writing converter
2025-12-30 22:35:53.318 DEBUG --- [  restartedMain] o.s.data.convert.CustomConversions       : Adding converter from interface org.neo4j.driver.Value to class java.lang.String as reading converter
2025-12-30 22:35:53.318 DEBUG --- [  restartedMain] o.s.data.convert.CustomConversions       : Adding converter from interface org.neo4j.driver.Value to class [B as reading converter
2025-12-30 22:35:53.318 DEBUG --- [  restartedMain] o.s.data.convert.CustomConversions       : Adding converter from class [B to interface org.neo4j.driver.Value as writing converter
2025-12-30 22:35:53.318 DEBUG --- [  restartedMain] o.s.data.convert.CustomConversions       : Adding converter from interface org.neo4j.driver.Value to class java.time.LocalDate as reading converter
2025-12-30 22:35:53.318 DEBUG --- [  restartedMain] o.s.data.convert.CustomConversions       : Adding converter from class java.time.LocalDate to interface org.neo4j.driver.Value as writing converter
2025-12-30 22:35:53.319 DEBUG --- [  restartedMain] o.s.data.convert.CustomConversions       : Adding converter from interface org.neo4j.driver.Value to class java.time.OffsetTime as reading converter
2025-12-30 22:35:53.319 DEBUG --- [  restartedMain] o.s.data.convert.CustomConversions       : Adding converter from class java.time.OffsetTime to interface org.neo4j.driver.Value as writing converter
2025-12-30 22:35:53.319 DEBUG --- [  restartedMain] o.s.data.convert.CustomConversions       : Adding converter from interface org.neo4j.driver.Value to class java.time.OffsetDateTime as reading converter
2025-12-30 22:35:53.319 DEBUG --- [  restartedMain] o.s.data.convert.CustomConversions       : Adding converter from class java.time.OffsetDateTime to interface org.neo4j.driver.Value as writing converter
2025-12-30 22:35:53.319 DEBUG --- [  restartedMain] o.s.data.convert.CustomConversions       : Adding converter from interface org.neo4j.driver.Value to class java.time.LocalTime as reading converter
2025-12-30 22:35:53.319 DEBUG --- [  restartedMain] o.s.data.convert.CustomConversions       : Adding converter from class java.time.LocalTime to interface org.neo4j.driver.Value as writing converter
2025-12-30 22:35:53.319 DEBUG --- [  restartedMain] o.s.data.convert.CustomConversions       : Adding converter from class java.time.ZonedDateTime to interface org.neo4j.driver.Value as writing converter
2025-12-30 22:35:53.319 DEBUG --- [  restartedMain] o.s.data.convert.CustomConversions       : Adding converter from interface org.neo4j.driver.Value to class java.time.ZonedDateTime as reading converter
2025-12-30 22:35:53.319 DEBUG --- [  restartedMain] o.s.data.convert.CustomConversions       : Adding converter from class java.time.LocalDateTime to interface org.neo4j.driver.Value as writing converter
2025-12-30 22:35:53.319 DEBUG --- [  restartedMain] o.s.data.convert.CustomConversions       : Adding converter from interface org.neo4j.driver.Value to class java.time.LocalDateTime as reading converter
2025-12-30 22:35:53.319 DEBUG --- [  restartedMain] o.s.data.convert.CustomConversions       : Adding converter from interface org.neo4j.driver.Value to interface org.neo4j.driver.types.IsoDuration as reading converter
2025-12-30 22:35:53.319 DEBUG --- [  restartedMain] o.s.data.convert.CustomConversions       : Adding converter from interface org.neo4j.driver.types.IsoDuration to interface org.neo4j.driver.Value as writing converter
2025-12-30 22:35:53.319 DEBUG --- [  restartedMain] o.s.data.convert.CustomConversions       : Adding converter from interface org.neo4j.driver.Value to interface org.neo4j.driver.types.Point as reading converter
2025-12-30 22:35:53.319 DEBUG --- [  restartedMain] o.s.data.convert.CustomConversions       : Adding converter from interface org.neo4j.driver.types.Point to interface org.neo4j.driver.Value as writing converter
2025-12-30 22:35:53.320 DEBUG --- [  restartedMain] o.s.data.convert.CustomConversions       : Adding converter from interface org.neo4j.driver.Value to class [Z as reading converter
2025-12-30 22:35:53.320 DEBUG --- [  restartedMain] o.s.data.convert.CustomConversions       : Adding converter from class [Z to interface org.neo4j.driver.Value as writing converter
2025-12-30 22:35:53.320 DEBUG --- [  restartedMain] o.s.data.convert.CustomConversions       : Adding converter from class java.lang.Byte to interface org.neo4j.driver.Value as writing converter
2025-12-30 22:35:53.320 DEBUG --- [  restartedMain] o.s.data.convert.CustomConversions       : Adding converter from interface org.neo4j.driver.Value to class java.lang.Byte as reading converter
2025-12-30 22:35:53.320 DEBUG --- [  restartedMain] o.s.data.convert.CustomConversions       : Adding converter from interface org.neo4j.driver.Value to byte as reading converter
2025-12-30 22:35:53.320 DEBUG --- [  restartedMain] o.s.data.convert.CustomConversions       : Adding converter from byte to interface org.neo4j.driver.Value as writing converter
2025-12-30 22:35:53.320 DEBUG --- [  restartedMain] o.s.data.convert.CustomConversions       : Adding converter from interface org.neo4j.driver.Value to class java.lang.Character as reading converter
2025-12-30 22:35:53.320 DEBUG --- [  restartedMain] o.s.data.convert.CustomConversions       : Adding converter from class java.lang.Character to interface org.neo4j.driver.Value as writing converter
2025-12-30 22:35:53.320 DEBUG --- [  restartedMain] o.s.data.convert.CustomConversions       : Adding converter from char to interface org.neo4j.driver.Value as writing converter
2025-12-30 22:35:53.320 DEBUG --- [  restartedMain] o.s.data.convert.CustomConversions       : Adding converter from interface org.neo4j.driver.Value to char as reading converter
2025-12-30 22:35:53.320 DEBUG --- [  restartedMain] o.s.data.convert.CustomConversions       : Adding converter from interface org.neo4j.driver.Value to class [C as reading converter
2025-12-30 22:35:53.320 DEBUG --- [  restartedMain] o.s.data.convert.CustomConversions       : Adding converter from class [C to interface org.neo4j.driver.Value as writing converter
2025-12-30 22:35:53.320 DEBUG --- [  restartedMain] o.s.data.convert.CustomConversions       : Adding converter from class java.util.Date to interface org.neo4j.driver.Value as writing converter
2025-12-30 22:35:53.320 DEBUG --- [  restartedMain] o.s.data.convert.CustomConversions       : Adding converter from interface org.neo4j.driver.Value to class java.util.Date as reading converter
2025-12-30 22:35:53.320 DEBUG --- [  restartedMain] o.s.data.convert.CustomConversions       : Adding converter from interface org.neo4j.driver.Value to class [D as reading converter
2025-12-30 22:35:53.320 DEBUG --- [  restartedMain] o.s.data.convert.CustomConversions       : Adding converter from class [D to interface org.neo4j.driver.Value as writing converter
2025-12-30 22:35:53.320 DEBUG --- [  restartedMain] o.s.data.convert.CustomConversions       : Adding converter from interface org.neo4j.driver.Value to class java.lang.Enum as reading converter
2025-12-30 22:35:53.320 DEBUG --- [  restartedMain] o.s.data.convert.CustomConversions       : Adding converter from class java.lang.Enum to interface org.neo4j.driver.Value as reading converter
2025-12-30 22:35:53.321 DEBUG --- [  restartedMain] o.s.data.convert.CustomConversions       : Adding converter from interface org.neo4j.driver.Value to class java.lang.Float as reading converter
2025-12-30 22:35:53.321 DEBUG --- [  restartedMain] o.s.data.convert.CustomConversions       : Adding converter from class java.lang.Float to interface org.neo4j.driver.Value as writing converter
2025-12-30 22:35:53.321 DEBUG --- [  restartedMain] o.s.data.convert.CustomConversions       : Adding converter from interface org.neo4j.driver.Value to float as reading converter
2025-12-30 22:35:53.321 DEBUG --- [  restartedMain] o.s.data.convert.CustomConversions       : Adding converter from float to interface org.neo4j.driver.Value as writing converter
2025-12-30 22:35:53.321 DEBUG --- [  restartedMain] o.s.data.convert.CustomConversions       : Adding converter from interface org.neo4j.driver.Value to class [F as reading converter
2025-12-30 22:35:53.321 DEBUG --- [  restartedMain] o.s.data.convert.CustomConversions       : Adding converter from class [F to interface org.neo4j.driver.Value as writing converter
2025-12-30 22:35:53.321 DEBUG --- [  restartedMain] o.s.data.convert.CustomConversions       : Adding converter from class java.lang.Integer to interface org.neo4j.driver.Value as writing converter
2025-12-30 22:35:53.321 DEBUG --- [  restartedMain] o.s.data.convert.CustomConversions       : Adding converter from interface org.neo4j.driver.Value to class java.lang.Integer as reading converter
2025-12-30 22:35:53.321 DEBUG --- [  restartedMain] o.s.data.convert.CustomConversions       : Adding converter from interface org.neo4j.driver.Value to int as reading converter
2025-12-30 22:35:53.321 DEBUG --- [  restartedMain] o.s.data.convert.CustomConversions       : Adding converter from int to interface org.neo4j.driver.Value as writing converter
2025-12-30 22:35:53.321 DEBUG --- [  restartedMain] o.s.data.convert.CustomConversions       : Adding converter from interface org.neo4j.driver.Value to class [I as reading converter
2025-12-30 22:35:53.321 DEBUG --- [  restartedMain] o.s.data.convert.CustomConversions       : Adding converter from class [I to interface org.neo4j.driver.Value as writing converter
2025-12-30 22:35:53.321 DEBUG --- [  restartedMain] o.s.data.convert.CustomConversions       : Adding converter from class java.util.Locale to interface org.neo4j.driver.Value as writing converter
2025-12-30 22:35:53.321 DEBUG --- [  restartedMain] o.s.data.convert.CustomConversions       : Adding converter from interface org.neo4j.driver.Value to class java.util.Locale as reading converter
2025-12-30 22:35:53.321 DEBUG --- [  restartedMain] o.s.data.convert.CustomConversions       : Adding converter from class [J to interface org.neo4j.driver.Value as writing converter
2025-12-30 22:35:53.321 DEBUG --- [  restartedMain] o.s.data.convert.CustomConversions       : Adding converter from interface org.neo4j.driver.Value to class [J as reading converter
2025-12-30 22:35:53.322 DEBUG --- [  restartedMain] o.s.data.convert.CustomConversions       : Adding converter from class java.lang.Short to interface org.neo4j.driver.Value as writing converter
2025-12-30 22:35:53.322 DEBUG --- [  restartedMain] o.s.data.convert.CustomConversions       : Adding converter from interface org.neo4j.driver.Value to class java.lang.Short as reading converter
2025-12-30 22:35:53.322 DEBUG --- [  restartedMain] o.s.data.convert.CustomConversions       : Adding converter from interface org.neo4j.driver.Value to short as reading converter
2025-12-30 22:35:53.322 DEBUG --- [  restartedMain] o.s.data.convert.CustomConversions       : Adding converter from short to interface org.neo4j.driver.Value as writing converter
2025-12-30 22:35:53.322 DEBUG --- [  restartedMain] o.s.data.convert.CustomConversions       : Adding converter from interface org.neo4j.driver.Value to class [S as reading converter
2025-12-30 22:35:53.322 DEBUG --- [  restartedMain] o.s.data.convert.CustomConversions       : Adding converter from class [S to interface org.neo4j.driver.Value as writing converter
2025-12-30 22:35:53.322 DEBUG --- [  restartedMain] o.s.data.convert.CustomConversions       : Adding converter from interface org.neo4j.driver.Value to class [Ljava.lang.String; as reading converter
2025-12-30 22:35:53.322 DEBUG --- [  restartedMain] o.s.data.convert.CustomConversions       : Adding converter from class [Ljava.lang.String; to interface org.neo4j.driver.Value as writing converter
2025-12-30 22:35:53.322 DEBUG --- [  restartedMain] o.s.data.convert.CustomConversions       : Adding converter from class java.math.BigDecimal to interface org.neo4j.driver.Value as writing converter
2025-12-30 22:35:53.322 DEBUG --- [  restartedMain] o.s.data.convert.CustomConversions       : Adding converter from interface org.neo4j.driver.Value to class java.math.BigDecimal as reading converter
2025-12-30 22:35:53.322 DEBUG --- [  restartedMain] o.s.data.convert.CustomConversions       : Adding converter from class java.math.BigInteger to interface org.neo4j.driver.Value as writing converter
2025-12-30 22:35:53.322 DEBUG --- [  restartedMain] o.s.data.convert.CustomConversions       : Adding converter from interface org.neo4j.driver.Value to class java.math.BigInteger as reading converter
2025-12-30 22:35:53.322 DEBUG --- [  restartedMain] o.s.data.convert.CustomConversions       : Adding converter from interface org.neo4j.driver.Value to interface java.time.temporal.TemporalAmount as reading converter
2025-12-30 22:35:53.322 DEBUG --- [  restartedMain] o.s.data.convert.CustomConversions       : Adding converter from interface java.time.temporal.TemporalAmount to interface org.neo4j.driver.Value as reading converter
2025-12-30 22:35:53.322 DEBUG --- [  restartedMain] o.s.data.convert.CustomConversions       : Adding converter from class java.time.Instant to interface org.neo4j.driver.Value as writing converter
2025-12-30 22:35:53.322 DEBUG --- [  restartedMain] o.s.data.convert.CustomConversions       : Adding converter from interface org.neo4j.driver.Value to class java.time.Instant as reading converter
2025-12-30 22:35:53.322 DEBUG --- [  restartedMain] o.s.data.convert.CustomConversions       : Adding converter from interface org.neo4j.driver.Value to class java.util.UUID as reading converter
2025-12-30 22:35:53.322 DEBUG --- [  restartedMain] o.s.data.convert.CustomConversions       : Adding converter from class java.util.UUID to interface org.neo4j.driver.Value as writing converter
2025-12-30 22:35:53.322 DEBUG --- [  restartedMain] o.s.data.convert.CustomConversions       : Adding converter from class java.net.URL to interface org.neo4j.driver.Value as writing converter
2025-12-30 22:35:53.322 DEBUG --- [  restartedMain] o.s.data.convert.CustomConversions       : Adding converter from interface org.neo4j.driver.Value to class java.net.URL as reading converter
2025-12-30 22:35:53.322 DEBUG --- [  restartedMain] o.s.data.convert.CustomConversions       : Adding converter from class java.net.URI to interface org.neo4j.driver.Value as writing converter
2025-12-30 22:35:53.322 DEBUG --- [  restartedMain] o.s.data.convert.CustomConversions       : Adding converter from interface org.neo4j.driver.Value to class java.net.URI as reading converter
2025-12-30 22:35:53.322 DEBUG --- [  restartedMain] o.s.data.convert.CustomConversions       : Adding converter from class java.util.TimeZone to interface org.neo4j.driver.Value as writing converter
2025-12-30 22:35:53.322 DEBUG --- [  restartedMain] o.s.data.convert.CustomConversions       : Adding converter from interface org.neo4j.driver.Value to class java.util.TimeZone as reading converter
2025-12-30 22:35:53.323 DEBUG --- [  restartedMain] o.s.data.convert.CustomConversions       : Adding converter from interface org.neo4j.driver.Value to class java.time.ZoneId as reading converter
2025-12-30 22:35:53.323 DEBUG --- [  restartedMain] o.s.data.convert.CustomConversions       : Adding converter from class java.time.ZoneId to interface org.neo4j.driver.Value as writing converter
2025-12-30 22:35:53.323 DEBUG --- [  restartedMain] o.s.data.convert.CustomConversions       : Adding converter from interface org.neo4j.driver.Value to interface org.neo4j.driver.types.Entity as reading converter
2025-12-30 22:35:53.323 DEBUG --- [  restartedMain] o.s.data.convert.CustomConversions       : Adding converter from interface org.neo4j.driver.Value to interface org.neo4j.driver.types.Node as reading converter
2025-12-30 22:35:53.323 DEBUG --- [  restartedMain] o.s.data.convert.CustomConversions       : Adding converter from interface org.neo4j.driver.Value to interface org.neo4j.driver.types.Relationship as reading converter
2025-12-30 22:35:53.323 DEBUG --- [  restartedMain] o.s.data.convert.CustomConversions       : Adding converter from interface java.util.Map to interface org.neo4j.driver.Value as writing converter
2025-12-30 22:35:53.323 DEBUG --- [  restartedMain] o.s.data.convert.CustomConversions       : Adding converter from interface org.neo4j.driver.Value to interface java.util.Map as reading converter
2025-12-30 22:35:53.323 DEBUG --- [  restartedMain] o.s.data.convert.CustomConversions       : Adding converter from class org.springframework.data.geo.Point to interface org.neo4j.driver.Value as writing converter
2025-12-30 22:35:53.323 DEBUG --- [  restartedMain] o.s.data.convert.CustomConversions       : Adding converter from interface org.neo4j.driver.Value to class org.springframework.data.geo.Point as reading converter
2025-12-30 22:35:53.323 DEBUG --- [  restartedMain] o.s.data.convert.CustomConversions       : Adding converter from interface org.neo4j.driver.Value to class [Lorg.springframework.data.geo.Point; as reading converter
2025-12-30 22:35:53.323 DEBUG --- [  restartedMain] o.s.data.convert.CustomConversions       : Adding converter from class [Lorg.springframework.data.geo.Point; to interface org.neo4j.driver.Value as writing converter
2025-12-30 22:35:53.323 DEBUG --- [  restartedMain] o.s.data.convert.CustomConversions       : Adding converter from interface org.springframework.data.neo4j.types.Neo4jPoint to interface org.neo4j.driver.Value as writing converter
2025-12-30 22:35:53.323 DEBUG --- [  restartedMain] o.s.data.convert.CustomConversions       : Adding converter from interface org.neo4j.driver.Value to interface org.springframework.data.neo4j.types.Neo4jPoint as reading converter
2025-12-30 22:35:53.323 DEBUG --- [  restartedMain] o.s.data.convert.CustomConversions       : Adding converter from class java.util.Date to class java.time.LocalDateTime as reading converter
2025-12-30 22:35:53.323 DEBUG --- [  restartedMain] o.s.data.convert.CustomConversions       : Adding converter from class java.time.LocalDateTime to class java.util.Date as writing converter
2025-12-30 22:35:53.323 DEBUG --- [  restartedMain] o.s.data.convert.CustomConversions       : Adding converter from class java.util.Date to class java.time.LocalDate as reading converter
2025-12-30 22:35:53.323 DEBUG --- [  restartedMain] o.s.data.convert.CustomConversions       : Adding converter from class java.time.LocalDate to class java.util.Date as writing converter
2025-12-30 22:35:53.323 DEBUG --- [  restartedMain] o.s.data.convert.CustomConversions       : Adding converter from class java.util.Date to class java.time.LocalTime as reading converter
2025-12-30 22:35:53.323 DEBUG --- [  restartedMain] o.s.data.convert.CustomConversions       : Adding converter from class java.time.LocalTime to class java.util.Date as writing converter
2025-12-30 22:35:53.323 DEBUG --- [  restartedMain] o.s.data.convert.CustomConversions       : Adding converter from class java.util.Date to class java.time.Instant as reading converter
2025-12-30 22:35:53.323 DEBUG --- [  restartedMain] o.s.data.convert.CustomConversions       : Adding converter from class java.time.Instant to class java.util.Date as writing converter
2025-12-30 22:35:53.323 DEBUG --- [  restartedMain] o.s.data.convert.CustomConversions       : Adding converter from class java.time.LocalDateTime to class java.time.Instant as reading converter
2025-12-30 22:35:53.323 DEBUG --- [  restartedMain] o.s.data.convert.CustomConversions       : Adding converter from class java.time.Instant to class java.time.LocalDateTime as reading converter
2025-12-30 22:35:53.323 DEBUG --- [  restartedMain] o.s.data.convert.CustomConversions       : Adding converter from class java.time.ZoneId to class java.lang.String as writing converter
2025-12-30 22:35:53.323 DEBUG --- [  restartedMain] o.s.data.convert.CustomConversions       : Adding converter from class java.lang.String to class java.time.ZoneId as reading converter
2025-12-30 22:35:53.323 DEBUG --- [  restartedMain] o.s.data.convert.CustomConversions       : Adding converter from class java.time.Duration to class java.lang.String as writing converter
2025-12-30 22:35:53.323 DEBUG --- [  restartedMain] o.s.data.convert.CustomConversions       : Adding converter from class java.lang.String to class java.time.Duration as reading converter
2025-12-30 22:35:53.323 DEBUG --- [  restartedMain] o.s.data.convert.CustomConversions       : Adding converter from class java.time.Period to class java.lang.String as writing converter
2025-12-30 22:35:53.323 DEBUG --- [  restartedMain] o.s.data.convert.CustomConversions       : Adding converter from class java.lang.String to class java.time.Period as reading converter
2025-12-30 22:35:53.323 DEBUG --- [  restartedMain] o.s.data.convert.CustomConversions       : Adding converter from class java.lang.String to class java.time.LocalDate as reading converter
2025-12-30 22:35:53.323 DEBUG --- [  restartedMain] o.s.data.convert.CustomConversions       : Adding converter from class java.lang.String to class java.time.LocalDateTime as reading converter
2025-12-30 22:35:53.324 DEBUG --- [  restartedMain] o.s.data.convert.CustomConversions       : Adding converter from class java.lang.String to class java.time.Instant as reading converter
2025-12-30 22:35:53.332 DEBUG --- [  restartedMain] o.s.b.f.s.DefaultListableBeanFactory     : Creating shared instance of singleton bean 'neo4jMappingContext'
2025-12-30 22:35:53.333 DEBUG --- [  restartedMain] o.s.b.f.s.DefaultListableBeanFactory     : Creating shared instance of singleton bean 'neo4jManagedTypes'
2025-12-30 22:35:53.334 DEBUG --- [  restartedMain] o.s.b.f.s.DefaultListableBeanFactory     : Autowiring by type from bean name 'neo4jManagedTypes' via factory method to bean named 'org.springframework.boot.web.servlet.context.AnnotationConfigServletWebServerApplicationContext@2afacb41'
2025-12-30 22:35:53.355 DEBUG --- [  restartedMain] ssPathScanningCandidateComponentProvider : Identified candidate component class: file [C:\Users\acer\OneDrive\Workspace\Fsocial\Fsocial_be\profileService\target\classes\com\fsocial\profileservice\entity\AccountProfile.class]
2025-12-30 22:35:53.357 DEBUG --- [  restartedMain] o.s.b.f.s.DefaultListableBeanFactory     : Creating shared instance of singleton bean 'neo4jConversions'
2025-12-30 22:35:53.361 DEBUG --- [  restartedMain] o.s.data.convert.CustomConversions       : Adding converter from class java.lang.Void to interface org.neo4j.driver.Value as writing converter
2025-12-30 22:35:53.361 DEBUG --- [  restartedMain] o.s.data.convert.CustomConversions       : Adding converter from interface org.neo4j.driver.Value to class java.lang.Void as reading converter
2025-12-30 22:35:53.361 DEBUG --- [  restartedMain] o.s.data.convert.CustomConversions       : Adding converter from void to interface org.neo4j.driver.Value as writing converter
2025-12-30 22:35:53.361 DEBUG --- [  restartedMain] o.s.data.convert.CustomConversions       : Adding converter from interface org.neo4j.driver.Value to void as reading converter
2025-12-30 22:35:53.361 DEBUG --- [  restartedMain] o.s.data.convert.CustomConversions       : Adding converter from class java.lang.Boolean to interface org.neo4j.driver.Value as writing converter
2025-12-30 22:35:53.361 DEBUG --- [  restartedMain] o.s.data.convert.CustomConversions       : Adding converter from interface org.neo4j.driver.Value to class java.lang.Boolean as reading converter
2025-12-30 22:35:53.362 DEBUG --- [  restartedMain] o.s.data.convert.CustomConversions       : Adding converter from boolean to interface org.neo4j.driver.Value as writing converter
2025-12-30 22:35:53.362 DEBUG --- [  restartedMain] o.s.data.convert.CustomConversions       : Adding converter from interface org.neo4j.driver.Value to boolean as reading converter
2025-12-30 22:35:53.362 DEBUG --- [  restartedMain] o.s.data.convert.CustomConversions       : Adding converter from interface org.neo4j.driver.Value to class java.lang.Long as reading converter
2025-12-30 22:35:53.362 DEBUG --- [  restartedMain] o.s.data.convert.CustomConversions       : Adding converter from class java.lang.Long to interface org.neo4j.driver.Value as writing converter
2025-12-30 22:35:53.362 DEBUG --- [  restartedMain] o.s.data.convert.CustomConversions       : Adding converter from interface org.neo4j.driver.Value to long as reading converter
2025-12-30 22:35:53.362 DEBUG --- [  restartedMain] o.s.data.convert.CustomConversions       : Adding converter from long to interface org.neo4j.driver.Value as writing converter
2025-12-30 22:35:53.362 DEBUG --- [  restartedMain] o.s.data.convert.CustomConversions       : Adding converter from interface org.neo4j.driver.Value to class java.lang.Double as reading converter
2025-12-30 22:35:53.362 DEBUG --- [  restartedMain] o.s.data.convert.CustomConversions       : Adding converter from class java.lang.Double to interface org.neo4j.driver.Value as writing converter
2025-12-30 22:35:53.362 DEBUG --- [  restartedMain] o.s.data.convert.CustomConversions       : Adding converter from interface org.neo4j.driver.Value to double as reading converter
2025-12-30 22:35:53.362 DEBUG --- [  restartedMain] o.s.data.convert.CustomConversions       : Adding converter from double to interface org.neo4j.driver.Value as writing converter
2025-12-30 22:35:53.362 DEBUG --- [  restartedMain] o.s.data.convert.CustomConversions       : Adding converter from class java.lang.String to interface org.neo4j.driver.Value as writing converter
2025-12-30 22:35:53.362 DEBUG --- [  restartedMain] o.s.data.convert.CustomConversions       : Adding converter from interface org.neo4j.driver.Value to class java.lang.String as reading converter
2025-12-30 22:35:53.362 DEBUG --- [  restartedMain] o.s.data.convert.CustomConversions       : Adding converter from interface org.neo4j.driver.Value to class [B as reading converter
2025-12-30 22:35:53.362 DEBUG --- [  restartedMain] o.s.data.convert.CustomConversions       : Adding converter from class [B to interface org.neo4j.driver.Value as writing converter
2025-12-30 22:35:53.362 DEBUG --- [  restartedMain] o.s.data.convert.CustomConversions       : Adding converter from interface org.neo4j.driver.Value to class java.time.LocalDate as reading converter
2025-12-30 22:35:53.362 DEBUG --- [  restartedMain] o.s.data.convert.CustomConversions       : Adding converter from class java.time.LocalDate to interface org.neo4j.driver.Value as writing converter
2025-12-30 22:35:53.362 DEBUG --- [  restartedMain] o.s.data.convert.CustomConversions       : Adding converter from interface org.neo4j.driver.Value to class java.time.OffsetTime as reading converter
2025-12-30 22:35:53.362 DEBUG --- [  restartedMain] o.s.data.convert.CustomConversions       : Adding converter from class java.time.OffsetTime to interface org.neo4j.driver.Value as writing converter
2025-12-30 22:35:53.362 DEBUG --- [  restartedMain] o.s.data.convert.CustomConversions       : Adding converter from interface org.neo4j.driver.Value to class java.time.OffsetDateTime as reading converter
2025-12-30 22:35:53.362 DEBUG --- [  restartedMain] o.s.data.convert.CustomConversions       : Adding converter from class java.time.OffsetDateTime to interface org.neo4j.driver.Value as writing converter
2025-12-30 22:35:53.362 DEBUG --- [  restartedMain] o.s.data.convert.CustomConversions       : Adding converter from interface org.neo4j.driver.Value to class java.time.LocalTime as reading converter
2025-12-30 22:35:53.362 DEBUG --- [  restartedMain] o.s.data.convert.CustomConversions       : Adding converter from class java.time.LocalTime to interface org.neo4j.driver.Value as writing converter
2025-12-30 22:35:53.362 DEBUG --- [  restartedMain] o.s.data.convert.CustomConversions       : Adding converter from class java.time.ZonedDateTime to interface org.neo4j.driver.Value as writing converter
2025-12-30 22:35:53.362 DEBUG --- [  restartedMain] o.s.data.convert.CustomConversions       : Adding converter from interface org.neo4j.driver.Value to class java.time.ZonedDateTime as reading converter
2025-12-30 22:35:53.362 DEBUG --- [  restartedMain] o.s.data.convert.CustomConversions       : Adding converter from class java.time.LocalDateTime to interface org.neo4j.driver.Value as writing converter
2025-12-30 22:35:53.362 DEBUG --- [  restartedMain] o.s.data.convert.CustomConversions       : Adding converter from interface org.neo4j.driver.Value to class java.time.LocalDateTime as reading converter
2025-12-30 22:35:53.362 DEBUG --- [  restartedMain] o.s.data.convert.CustomConversions       : Adding converter from interface org.neo4j.driver.Value to interface org.neo4j.driver.types.IsoDuration as reading converter
2025-12-30 22:35:53.362 DEBUG --- [  restartedMain] o.s.data.convert.CustomConversions       : Adding converter from interface org.neo4j.driver.types.IsoDuration to interface org.neo4j.driver.Value as writing converter
2025-12-30 22:35:53.362 DEBUG --- [  restartedMain] o.s.data.convert.CustomConversions       : Adding converter from interface org.neo4j.driver.Value to interface org.neo4j.driver.types.Point as reading converter
2025-12-30 22:35:53.362 DEBUG --- [  restartedMain] o.s.data.convert.CustomConversions       : Adding converter from interface org.neo4j.driver.types.Point to interface org.neo4j.driver.Value as writing converter
2025-12-30 22:35:53.362 DEBUG --- [  restartedMain] o.s.data.convert.CustomConversions       : Adding converter from interface org.neo4j.driver.Value to class [Z as reading converter
2025-12-30 22:35:53.362 DEBUG --- [  restartedMain] o.s.data.convert.CustomConversions       : Adding converter from class [Z to interface org.neo4j.driver.Value as writing converter
2025-12-30 22:35:53.362 DEBUG --- [  restartedMain] o.s.data.convert.CustomConversions       : Adding converter from class java.lang.Byte to interface org.neo4j.driver.Value as writing converter
2025-12-30 22:35:53.362 DEBUG --- [  restartedMain] o.s.data.convert.CustomConversions       : Adding converter from interface org.neo4j.driver.Value to class java.lang.Byte as reading converter
2025-12-30 22:35:53.362 DEBUG --- [  restartedMain] o.s.data.convert.CustomConversions       : Adding converter from interface org.neo4j.driver.Value to byte as reading converter
2025-12-30 22:35:53.362 DEBUG --- [  restartedMain] o.s.data.convert.CustomConversions       : Adding converter from byte to interface org.neo4j.driver.Value as writing converter
2025-12-30 22:35:53.362 DEBUG --- [  restartedMain] o.s.data.convert.CustomConversions       : Adding converter from interface org.neo4j.driver.Value to class java.lang.Character as reading converter
2025-12-30 22:35:53.362 DEBUG --- [  restartedMain] o.s.data.convert.CustomConversions       : Adding converter from class java.lang.Character to interface org.neo4j.driver.Value as writing converter
2025-12-30 22:35:53.363 DEBUG --- [  restartedMain] o.s.data.convert.CustomConversions       : Adding converter from char to interface org.neo4j.driver.Value as writing converter
2025-12-30 22:35:53.363 DEBUG --- [  restartedMain] o.s.data.convert.CustomConversions       : Adding converter from interface org.neo4j.driver.Value to char as reading converter
2025-12-30 22:35:53.363 DEBUG --- [  restartedMain] o.s.data.convert.CustomConversions       : Adding converter from interface org.neo4j.driver.Value to class [C as reading converter
2025-12-30 22:35:53.363 DEBUG --- [  restartedMain] o.s.data.convert.CustomConversions       : Adding converter from class [C to interface org.neo4j.driver.Value as writing converter
2025-12-30 22:35:53.363 DEBUG --- [  restartedMain] o.s.data.convert.CustomConversions       : Adding converter from class java.util.Date to interface org.neo4j.driver.Value as writing converter
2025-12-30 22:35:53.363 DEBUG --- [  restartedMain] o.s.data.convert.CustomConversions       : Adding converter from interface org.neo4j.driver.Value to class java.util.Date as reading converter
2025-12-30 22:35:53.363 DEBUG --- [  restartedMain] o.s.data.convert.CustomConversions       : Adding converter from interface org.neo4j.driver.Value to class [D as reading converter
2025-12-30 22:35:53.363 DEBUG --- [  restartedMain] o.s.data.convert.CustomConversions       : Adding converter from class [D to interface org.neo4j.driver.Value as writing converter
2025-12-30 22:35:53.363 DEBUG --- [  restartedMain] o.s.data.convert.CustomConversions       : Adding converter from interface org.neo4j.driver.Value to class java.lang.Enum as reading converter
2025-12-30 22:35:53.363 DEBUG --- [  restartedMain] o.s.data.convert.CustomConversions       : Adding converter from class java.lang.Enum to interface org.neo4j.driver.Value as reading converter
2025-12-30 22:35:53.363 DEBUG --- [  restartedMain] o.s.data.convert.CustomConversions       : Adding converter from interface org.neo4j.driver.Value to class java.lang.Float as reading converter
2025-12-30 22:35:53.363 DEBUG --- [  restartedMain] o.s.data.convert.CustomConversions       : Adding converter from class java.lang.Float to interface org.neo4j.driver.Value as writing converter
2025-12-30 22:35:53.363 DEBUG --- [  restartedMain] o.s.data.convert.CustomConversions       : Adding converter from interface org.neo4j.driver.Value to float as reading converter
2025-12-30 22:35:53.363 DEBUG --- [  restartedMain] o.s.data.convert.CustomConversions       : Adding converter from float to interface org.neo4j.driver.Value as writing converter
2025-12-30 22:35:53.363 DEBUG --- [  restartedMain] o.s.data.convert.CustomConversions       : Adding converter from interface org.neo4j.driver.Value to class [F as reading converter
2025-12-30 22:35:53.363 DEBUG --- [  restartedMain] o.s.data.convert.CustomConversions       : Adding converter from class [F to interface org.neo4j.driver.Value as writing converter
2025-12-30 22:35:53.363 DEBUG --- [  restartedMain] o.s.data.convert.CustomConversions       : Adding converter from class java.lang.Integer to interface org.neo4j.driver.Value as writing converter
2025-12-30 22:35:53.363 DEBUG --- [  restartedMain] o.s.data.convert.CustomConversions       : Adding converter from interface org.neo4j.driver.Value to class java.lang.Integer as reading converter
2025-12-30 22:35:53.363 DEBUG --- [  restartedMain] o.s.data.convert.CustomConversions       : Adding converter from interface org.neo4j.driver.Value to int as reading converter
2025-12-30 22:35:53.363 DEBUG --- [  restartedMain] o.s.data.convert.CustomConversions       : Adding converter from int to interface org.neo4j.driver.Value as writing converter
2025-12-30 22:35:53.363 DEBUG --- [  restartedMain] o.s.data.convert.CustomConversions       : Adding converter from interface org.neo4j.driver.Value to class [I as reading converter
2025-12-30 22:35:53.363 DEBUG --- [  restartedMain] o.s.data.convert.CustomConversions       : Adding converter from class [I to interface org.neo4j.driver.Value as writing converter
2025-12-30 22:35:53.363 DEBUG --- [  restartedMain] o.s.data.convert.CustomConversions       : Adding converter from class java.util.Locale to interface org.neo4j.driver.Value as writing converter
2025-12-30 22:35:53.363 DEBUG --- [  restartedMain] o.s.data.convert.CustomConversions       : Adding converter from interface org.neo4j.driver.Value to class java.util.Locale as reading converter
2025-12-30 22:35:53.363 DEBUG --- [  restartedMain] o.s.data.convert.CustomConversions       : Adding converter from class [J to interface org.neo4j.driver.Value as writing converter
2025-12-30 22:35:53.363 DEBUG --- [  restartedMain] o.s.data.convert.CustomConversions       : Adding converter from interface org.neo4j.driver.Value to class [J as reading converter
2025-12-30 22:35:53.363 DEBUG --- [  restartedMain] o.s.data.convert.CustomConversions       : Adding converter from class java.lang.Short to interface org.neo4j.driver.Value as writing converter
2025-12-30 22:35:53.363 DEBUG --- [  restartedMain] o.s.data.convert.CustomConversions       : Adding converter from interface org.neo4j.driver.Value to class java.lang.Short as reading converter
2025-12-30 22:35:53.363 DEBUG --- [  restartedMain] o.s.data.convert.CustomConversions       : Adding converter from interface org.neo4j.driver.Value to short as reading converter
2025-12-30 22:35:53.363 DEBUG --- [  restartedMain] o.s.data.convert.CustomConversions       : Adding converter from short to interface org.neo4j.driver.Value as writing converter
2025-12-30 22:35:53.364 DEBUG --- [  restartedMain] o.s.data.convert.CustomConversions       : Adding converter from interface org.neo4j.driver.Value to class [S as reading converter
2025-12-30 22:35:53.364 DEBUG --- [  restartedMain] o.s.data.convert.CustomConversions       : Adding converter from class [S to interface org.neo4j.driver.Value as writing converter
2025-12-30 22:35:53.364 DEBUG --- [  restartedMain] o.s.data.convert.CustomConversions       : Adding converter from interface org.neo4j.driver.Value to class [Ljava.lang.String; as reading converter
2025-12-30 22:35:53.364 DEBUG --- [  restartedMain] o.s.data.convert.CustomConversions       : Adding converter from class [Ljava.lang.String; to interface org.neo4j.driver.Value as writing converter
2025-12-30 22:35:53.364 DEBUG --- [  restartedMain] o.s.data.convert.CustomConversions       : Adding converter from class java.math.BigDecimal to interface org.neo4j.driver.Value as writing converter
2025-12-30 22:35:53.364 DEBUG --- [  restartedMain] o.s.data.convert.CustomConversions       : Adding converter from interface org.neo4j.driver.Value to class java.math.BigDecimal as reading converter
2025-12-30 22:35:53.364 DEBUG --- [  restartedMain] o.s.data.convert.CustomConversions       : Adding converter from class java.math.BigInteger to interface org.neo4j.driver.Value as writing converter
2025-12-30 22:35:53.364 DEBUG --- [  restartedMain] o.s.data.convert.CustomConversions       : Adding converter from interface org.neo4j.driver.Value to class java.math.BigInteger as reading converter
2025-12-30 22:35:53.364 DEBUG --- [  restartedMain] o.s.data.convert.CustomConversions       : Adding converter from interface org.neo4j.driver.Value to interface java.time.temporal.TemporalAmount as reading converter
2025-12-30 22:35:53.364 DEBUG --- [  restartedMain] o.s.data.convert.CustomConversions       : Adding converter from interface java.time.temporal.TemporalAmount to interface org.neo4j.driver.Value as reading converter
2025-12-30 22:35:53.364 DEBUG --- [  restartedMain] o.s.data.convert.CustomConversions       : Adding converter from class java.time.Instant to interface org.neo4j.driver.Value as writing converter
2025-12-30 22:35:53.364 DEBUG --- [  restartedMain] o.s.data.convert.CustomConversions       : Adding converter from interface org.neo4j.driver.Value to class java.time.Instant as reading converter
2025-12-30 22:35:53.364 DEBUG --- [  restartedMain] o.s.data.convert.CustomConversions       : Adding converter from interface org.neo4j.driver.Value to class java.util.UUID as reading converter
2025-12-30 22:35:53.364 DEBUG --- [  restartedMain] o.s.data.convert.CustomConversions       : Adding converter from class java.util.UUID to interface org.neo4j.driver.Value as writing converter
2025-12-30 22:35:53.364 DEBUG --- [  restartedMain] o.s.data.convert.CustomConversions       : Adding converter from class java.net.URL to interface org.neo4j.driver.Value as writing converter
2025-12-30 22:35:53.364 DEBUG --- [  restartedMain] o.s.data.convert.CustomConversions       : Adding converter from interface org.neo4j.driver.Value to class java.net.URL as reading converter
2025-12-30 22:35:53.364 DEBUG --- [  restartedMain] o.s.data.convert.CustomConversions       : Adding converter from class java.net.URI to interface org.neo4j.driver.Value as writing converter
2025-12-30 22:35:53.364 DEBUG --- [  restartedMain] o.s.data.convert.CustomConversions       : Adding converter from interface org.neo4j.driver.Value to class java.net.URI as reading converter
2025-12-30 22:35:53.364 DEBUG --- [  restartedMain] o.s.data.convert.CustomConversions       : Adding converter from class java.util.TimeZone to interface org.neo4j.driver.Value as writing converter
2025-12-30 22:35:53.364 DEBUG --- [  restartedMain] o.s.data.convert.CustomConversions       : Adding converter from interface org.neo4j.driver.Value to class java.util.TimeZone as reading converter
2025-12-30 22:35:53.364 DEBUG --- [  restartedMain] o.s.data.convert.CustomConversions       : Adding converter from interface org.neo4j.driver.Value to class java.time.ZoneId as reading converter
2025-12-30 22:35:53.364 DEBUG --- [  restartedMain] o.s.data.convert.CustomConversions       : Adding converter from class java.time.ZoneId to interface org.neo4j.driver.Value as writing converter
2025-12-30 22:35:53.364 DEBUG --- [  restartedMain] o.s.data.convert.CustomConversions       : Adding converter from interface org.neo4j.driver.Value to interface org.neo4j.driver.types.Entity as reading converter
2025-12-30 22:35:53.364 DEBUG --- [  restartedMain] o.s.data.convert.CustomConversions       : Adding converter from interface org.neo4j.driver.Value to interface org.neo4j.driver.types.Node as reading converter
2025-12-30 22:35:53.364 DEBUG --- [  restartedMain] o.s.data.convert.CustomConversions       : Adding converter from interface org.neo4j.driver.Value to interface org.neo4j.driver.types.Relationship as reading converter
2025-12-30 22:35:53.364 DEBUG --- [  restartedMain] o.s.data.convert.CustomConversions       : Adding converter from interface java.util.Map to interface org.neo4j.driver.Value as writing converter
2025-12-30 22:35:53.365 DEBUG --- [  restartedMain] o.s.data.convert.CustomConversions       : Adding converter from interface org.neo4j.driver.Value to interface java.util.Map as reading converter
2025-12-30 22:35:53.365 DEBUG --- [  restartedMain] o.s.data.convert.CustomConversions       : Adding converter from class org.springframework.data.geo.Point to interface org.neo4j.driver.Value as writing converter
2025-12-30 22:35:53.365 DEBUG --- [  restartedMain] o.s.data.convert.CustomConversions       : Adding converter from interface org.neo4j.driver.Value to class org.springframework.data.geo.Point as reading converter
2025-12-30 22:35:53.365 DEBUG --- [  restartedMain] o.s.data.convert.CustomConversions       : Adding converter from interface org.neo4j.driver.Value to class [Lorg.springframework.data.geo.Point; as reading converter
2025-12-30 22:35:53.365 DEBUG --- [  restartedMain] o.s.data.convert.CustomConversions       : Adding converter from class [Lorg.springframework.data.geo.Point; to interface org.neo4j.driver.Value as writing converter
2025-12-30 22:35:53.365 DEBUG --- [  restartedMain] o.s.data.convert.CustomConversions       : Adding converter from interface org.springframework.data.neo4j.types.Neo4jPoint to interface org.neo4j.driver.Value as writing converter
2025-12-30 22:35:53.365 DEBUG --- [  restartedMain] o.s.data.convert.CustomConversions       : Adding converter from interface org.neo4j.driver.Value to interface org.springframework.data.neo4j.types.Neo4jPoint as reading converter
2025-12-30 22:35:53.365 DEBUG --- [  restartedMain] o.s.data.convert.CustomConversions       : Adding converter from class java.util.Date to class java.time.LocalDateTime as reading converter
2025-12-30 22:35:53.365 DEBUG --- [  restartedMain] o.s.data.convert.CustomConversions       : Adding converter from class java.time.LocalDateTime to class java.util.Date as writing converter
2025-12-30 22:35:53.365 DEBUG --- [  restartedMain] o.s.data.convert.CustomConversions       : Adding converter from class java.util.Date to class java.time.LocalDate as reading converter
2025-12-30 22:35:53.365 DEBUG --- [  restartedMain] o.s.data.convert.CustomConversions       : Adding converter from class java.time.LocalDate to class java.util.Date as writing converter
2025-12-30 22:35:53.365 DEBUG --- [  restartedMain] o.s.data.convert.CustomConversions       : Adding converter from class java.util.Date to class java.time.LocalTime as reading converter
2025-12-30 22:35:53.365 DEBUG --- [  restartedMain] o.s.data.convert.CustomConversions       : Adding converter from class java.time.LocalTime to class java.util.Date as writing converter
2025-12-30 22:35:53.365 DEBUG --- [  restartedMain] o.s.data.convert.CustomConversions       : Adding converter from class java.util.Date to class java.time.Instant as reading converter
2025-12-30 22:35:53.365 DEBUG --- [  restartedMain] o.s.data.convert.CustomConversions       : Adding converter from class java.time.Instant to class java.util.Date as writing converter
2025-12-30 22:35:53.365 DEBUG --- [  restartedMain] o.s.data.convert.CustomConversions       : Adding converter from class java.time.LocalDateTime to class java.time.Instant as reading converter
2025-12-30 22:35:53.365 DEBUG --- [  restartedMain] o.s.data.convert.CustomConversions       : Adding converter from class java.time.Instant to class java.time.LocalDateTime as reading converter
2025-12-30 22:35:53.365 DEBUG --- [  restartedMain] o.s.data.convert.CustomConversions       : Adding converter from class java.time.ZoneId to class java.lang.String as writing converter
2025-12-30 22:35:53.365 DEBUG --- [  restartedMain] o.s.data.convert.CustomConversions       : Adding converter from class java.lang.String to class java.time.ZoneId as reading converter
2025-12-30 22:35:53.365 DEBUG --- [  restartedMain] o.s.data.convert.CustomConversions       : Adding converter from class java.time.Duration to class java.lang.String as writing converter
2025-12-30 22:35:53.365 DEBUG --- [  restartedMain] o.s.data.convert.CustomConversions       : Adding converter from class java.lang.String to class java.time.Duration as reading converter
2025-12-30 22:35:53.365 DEBUG --- [  restartedMain] o.s.data.convert.CustomConversions       : Adding converter from class java.time.Period to class java.lang.String as writing converter
2025-12-30 22:35:53.365 DEBUG --- [  restartedMain] o.s.data.convert.CustomConversions       : Adding converter from class java.lang.String to class java.time.Period as reading converter
2025-12-30 22:35:53.365 DEBUG --- [  restartedMain] o.s.data.convert.CustomConversions       : Adding converter from class java.lang.String to class java.time.LocalDate as reading converter
2025-12-30 22:35:53.365 DEBUG --- [  restartedMain] o.s.data.convert.CustomConversions       : Adding converter from class java.lang.String to class java.time.LocalDateTime as reading converter
2025-12-30 22:35:53.365 DEBUG --- [  restartedMain] o.s.data.convert.CustomConversions       : Adding converter from class java.lang.String to class java.time.Instant as reading converter
2025-12-30 22:35:53.367 DEBUG --- [  restartedMain] o.s.b.f.s.DefaultListableBeanFactory     : Autowiring by type from bean name 'neo4jMappingContext' via factory method to bean named 'neo4jManagedTypes'
2025-12-30 22:35:53.367 DEBUG --- [  restartedMain] o.s.b.f.s.DefaultListableBeanFactory     : Autowiring by type from bean name 'neo4jMappingContext' via factory method to bean named 'neo4jConversions'
2025-12-30 22:35:53.403 DEBUG --- [  restartedMain] o.s.b.f.s.DefaultListableBeanFactory     : Creating shared instance of singleton bean 'org.springframework.data.neo4j.core.mapping.callback.AuditingBeforeBindCallback'
2025-12-30 22:35:53.421 DEBUG --- [  restartedMain] o.s.beans.CachedIntrospectionResults     : Not strongly caching class [com.fsocial.profileservice.entity.AccountProfile] because it is not cache-safe
2025-12-30 22:35:53.493 DEBUG --- [  restartedMain] o.s.b.f.s.DefaultListableBeanFactory     : Creating shared instance of singleton bean 'delegatingApplicationListener'
2025-12-30 22:35:53.494 DEBUG --- [  restartedMain] o.s.b.f.s.DefaultListableBeanFactory     : Creating shared instance of singleton bean 'springApplicationAdminRegistrar'
2025-12-30 22:35:53.494 DEBUG --- [  restartedMain] o.s.b.f.s.DefaultListableBeanFactory     : Creating shared instance of singleton bean 'org.springframework.boot.autoconfigure.admin.SpringApplicationAdminJmxAutoConfiguration'
2025-12-30 22:35:53.495 DEBUG --- [  restartedMain] o.s.b.f.s.DefaultListableBeanFactory     : Autowiring by type from bean name 'springApplicationAdminRegistrar' via factory method to bean named 'environment'
2025-12-30 22:35:53.496 DEBUG --- [  restartedMain] o.s.b.f.s.DefaultListableBeanFactory     : Creating shared instance of singleton bean 'mbeanExporter'
2025-12-30 22:35:53.497 DEBUG --- [  restartedMain] o.s.b.f.s.DefaultListableBeanFactory     : Creating shared instance of singleton bean 'org.springframework.boot.autoconfigure.jmx.JmxAutoConfiguration'
2025-12-30 22:35:53.498 DEBUG --- [  restartedMain] o.s.b.f.s.DefaultListableBeanFactory     : Creating shared instance of singleton bean 'spring.jmx-org.springframework.boot.autoconfigure.jmx.JmxProperties'
2025-12-30 22:35:53.500 DEBUG --- [  restartedMain] o.s.b.f.s.DefaultListableBeanFactory     : Autowiring by type from bean name 'org.springframework.boot.autoconfigure.jmx.JmxAutoConfiguration' via constructor to bean named 'spring.jmx-org.springframework.boot.autoconfigure.jmx.JmxProperties'
2025-12-30 22:35:53.502 DEBUG --- [  restartedMain] o.s.b.f.s.DefaultListableBeanFactory     : Creating shared instance of singleton bean 'objectNamingStrategy'
2025-12-30 22:35:53.506 DEBUG --- [  restartedMain] o.s.b.f.s.DefaultListableBeanFactory     : Autowiring by type from bean name 'mbeanExporter' via factory method to bean named 'objectNamingStrategy'
2025-12-30 22:35:53.506 DEBUG --- [  restartedMain] o.s.b.f.s.DefaultListableBeanFactory     : Autowiring by type from bean name 'mbeanExporter' via factory method to bean named 'org.springframework.beans.factory.support.DefaultListableBeanFactory@72d2769e'
2025-12-30 22:35:53.513 DEBUG --- [  restartedMain] o.s.b.f.s.DefaultListableBeanFactory     : Creating shared instance of singleton bean 'mbeanServer'
2025-12-30 22:35:53.518 DEBUG --- [  restartedMain] o.springframework.jmx.support.JmxUtils   : Found MBeanServer: com.sun.jmx.mbeanserver.JmxMBeanServer@47f37ef1
2025-12-30 22:35:53.533 DEBUG --- [  restartedMain] inMXBeanRegistrar$SpringApplicationAdmin : Application Admin MBean registered with name 'org.springframework.boot:type=Admin,name=SpringApplication'
2025-12-30 22:35:53.537 DEBUG --- [  restartedMain] o.s.b.f.s.DefaultListableBeanFactory     : Creating shared instance of singleton bean 'refreshEventListener'
2025-12-30 22:35:53.537 DEBUG --- [  restartedMain] o.s.b.f.s.DefaultListableBeanFactory     : Creating shared instance of singleton bean 'org.springframework.cloud.autoconfigure.RefreshAutoConfiguration'
2025-12-30 22:35:53.541 DEBUG --- [  restartedMain] o.s.b.f.s.DefaultListableBeanFactory     : Creating shared instance of singleton bean 'configDataContextRefresher'
2025-12-30 22:35:53.543 DEBUG --- [  restartedMain] o.s.b.f.s.DefaultListableBeanFactory     : Creating shared instance of singleton bean 'spring.cloud.refresh-org.springframework.cloud.autoconfigure.RefreshAutoConfiguration$RefreshProperties'
2025-12-30 22:35:53.544 DEBUG --- [  restartedMain] o.s.b.f.s.DefaultListableBeanFactory     : Autowiring by type from bean name 'configDataContextRefresher' via factory method to bean named 'org.springframework.boot.web.servlet.context.AnnotationConfigServletWebServerApplicationContext@2afacb41'
2025-12-30 22:35:53.545 DEBUG --- [  restartedMain] o.s.b.f.s.DefaultListableBeanFactory     : Autowiring by type from bean name 'configDataContextRefresher' via factory method to bean named 'refreshScope'
2025-12-30 22:35:53.545 DEBUG --- [  restartedMain] o.s.b.f.s.DefaultListableBeanFactory     : Autowiring by type from bean name 'configDataContextRefresher' via factory method to bean named 'spring.cloud.refresh-org.springframework.cloud.autoconfigure.RefreshAutoConfiguration$RefreshProperties'
2025-12-30 22:35:53.548 DEBUG --- [  restartedMain] o.s.b.f.s.DefaultListableBeanFactory     : Autowiring by type from bean name 'refreshEventListener' via factory method to bean named 'configDataContextRefresher'
2025-12-30 22:35:53.551 DEBUG --- [  restartedMain] o.s.b.f.s.DefaultListableBeanFactory     : Creating shared instance of singleton bean 'liveReloadServerEventListener'
2025-12-30 22:35:53.551 DEBUG --- [  restartedMain] o.s.b.f.s.DefaultListableBeanFactory     : Creating shared instance of singleton bean 'org.springframework.boot.devtools.autoconfigure.LocalDevToolsAutoConfiguration$LiveReloadConfiguration'
2025-12-30 22:35:53.553 DEBUG --- [  restartedMain] o.s.b.f.s.DefaultListableBeanFactory     : Creating shared instance of singleton bean 'optionalLiveReloadServer'
2025-12-30 22:35:53.555 DEBUG --- [  restartedMain] o.s.b.f.s.DefaultListableBeanFactory     : Creating shared instance of singleton bean 'spring.devtools-org.springframework.boot.devtools.autoconfigure.DevToolsProperties'
2025-12-30 22:35:53.558 DEBUG --- [  restartedMain] o.s.b.f.s.DefaultListableBeanFactory     : Autowiring by type from bean name 'liveReloadServer' via factory method to bean named 'spring.devtools-org.springframework.boot.devtools.autoconfigure.DevToolsProperties'
2025-12-30 22:35:53.561 DEBUG --- [  restartedMain] o.s.b.f.s.DefaultListableBeanFactory     : Autowiring by type from bean name 'optionalLiveReloadServer' via factory method to bean named 'liveReloadServer'
2025-12-30 22:35:53.562 DEBUG --- [  restartedMain] o.s.b.d.livereload.LiveReloadServer      : Starting live reload server on port 35729
2025-12-30 22:35:53.562  WARN --- [  restartedMain] o.s.b.d.a.OptionalLiveReloadServer       : Unable to start LiveReload server
2025-12-30 22:35:53.562 DEBUG --- [  restartedMain] o.s.b.d.a.OptionalLiveReloadServer       : Live reload start error
java.net.BindException: Address already in use: bind
	at java.base/sun.nio.ch.Net.bind0(Native Method)
	at java.base/sun.nio.ch.Net.bind(Net.java:565)
	at java.base/sun.nio.ch.Net.bind(Net.java:554)
	at java.base/sun.nio.ch.NioSocketImpl.bind(NioSocketImpl.java:636)
	at java.base/java.net.ServerSocket.bind(ServerSocket.java:391)
	at java.base/java.net.ServerSocket.<init>(ServerSocket.java:278)
	at java.base/java.net.ServerSocket.<init>(ServerSocket.java:171)
	at org.springframework.boot.devtools.livereload.LiveReloadServer.start(LiveReloadServer.java:114)
	at org.springframework.boot.devtools.autoconfigure.OptionalLiveReloadServer.startServer(OptionalLiveReloadServer.java:57)
	at org.springframework.boot.devtools.autoconfigure.OptionalLiveReloadServer.afterPropertiesSet(OptionalLiveReloadServer.java:49)
	at org.springframework.beans.factory.support.AbstractAutowireCapableBeanFactory.invokeInitMethods(AbstractAutowireCapableBeanFactory.java:1855)
	at org.springframework.beans.factory.support.AbstractAutowireCapableBeanFactory.initializeBean(AbstractAutowireCapableBeanFactory.java:1804)
	at org.springframework.beans.factory.support.AbstractAutowireCapableBeanFactory.doCreateBean(AbstractAutowireCapableBeanFactory.java:601)
	at org.springframework.beans.factory.support.AbstractAutowireCapableBeanFactory.createBean(AbstractAutowireCapableBeanFactory.java:523)
	at org.springframework.beans.factory.support.AbstractBeanFactory.lambda$doGetBean$0(AbstractBeanFactory.java:336)
	at org.springframework.beans.factory.support.DefaultSingletonBeanRegistry.getSingleton(DefaultSingletonBeanRegistry.java:289)
	at org.springframework.beans.factory.support.AbstractBeanFactory.doGetBean(AbstractBeanFactory.java:334)
	at org.springframework.beans.factory.support.AbstractBeanFactory.getBean(AbstractBeanFactory.java:199)
	at org.springframework.beans.factory.config.DependencyDescriptor.resolveCandidate(DependencyDescriptor.java:254)
	at org.springframework.beans.factory.support.DefaultListableBeanFactory.doResolveDependency(DefaultListableBeanFactory.java:1631)
	at org.springframework.beans.factory.support.DefaultListableBeanFactory.resolveDependency(DefaultListableBeanFactory.java:1519)
	at org.springframework.beans.factory.support.ConstructorResolver.resolveAutowiredArgument(ConstructorResolver.java:913)
	at org.springframework.beans.factory.support.ConstructorResolver.createArgumentArray(ConstructorResolver.java:791)
	at org.springframework.beans.factory.support.ConstructorResolver.instantiateUsingFactoryMethod(ConstructorResolver.java:546)
	at org.springframework.beans.factory.support.AbstractAutowireCapableBeanFactory.instantiateUsingFactoryMethod(AbstractAutowireCapableBeanFactory.java:1357)
	at org.springframework.beans.factory.support.AbstractAutowireCapableBeanFactory.createBeanInstance(AbstractAutowireCapableBeanFactory.java:1187)
	at org.springframework.beans.factory.support.AbstractAutowireCapableBeanFactory.doCreateBean(AbstractAutowireCapableBeanFactory.java:563)
	at org.springframework.beans.factory.support.AbstractAutowireCapableBeanFactory.createBean(AbstractAutowireCapableBeanFactory.java:523)
	at org.springframework.beans.factory.support.AbstractBeanFactory.lambda$doGetBean$0(AbstractBeanFactory.java:336)
	at org.springframework.beans.factory.support.DefaultSingletonBeanRegistry.getSingleton(DefaultSingletonBeanRegistry.java:289)
	at org.springframework.beans.factory.support.AbstractBeanFactory.doGetBean(AbstractBeanFactory.java:334)
	at org.springframework.beans.factory.support.AbstractBeanFactory.getBean(AbstractBeanFactory.java:204)
	at org.springframework.context.event.AbstractApplicationEventMulticaster.retrieveApplicationListeners(AbstractApplicationEventMulticaster.java:267)
	at org.springframework.context.event.AbstractApplicationEventMulticaster.getApplicationListeners(AbstractApplicationEventMulticaster.java:223)
	at org.springframework.context.event.SimpleApplicationEventMulticaster.multicastEvent(SimpleApplicationEventMulticaster.java:145)
	at org.springframework.context.support.AbstractApplicationContext.publishEvent(AbstractApplicationContext.java:454)
	at org.springframework.context.support.AbstractApplicationContext.publishEvent(AbstractApplicationContext.java:387)
	at org.springframework.data.mapping.context.AbstractMappingContext.addPersistentEntity(AbstractMappingContext.java:434)
	at org.springframework.data.neo4j.core.mapping.Neo4jMappingContext.addPersistentEntity(Neo4jMappingContext.java:380)
	at org.springframework.data.mapping.context.AbstractMappingContext.addPersistentEntity(AbstractMappingContext.java:384)
	at java.base/java.lang.Iterable.forEach(Iterable.java:75)
	at org.springframework.data.neo4j.aot.Neo4jManagedTypes.forEach(Neo4jManagedTypes.java:76)
	at org.springframework.data.mapping.context.AbstractMappingContext.initialize(AbstractMappingContext.java:563)
	at org.springframework.data.mapping.context.AbstractMappingContext.afterPropertiesSet(AbstractMappingContext.java:555)
	at org.springframework.beans.factory.support.AbstractAutowireCapableBeanFactory.invokeInitMethods(AbstractAutowireCapableBeanFactory.java:1855)
	at org.springframework.beans.factory.support.AbstractAutowireCapableBeanFactory.initializeBean(AbstractAutowireCapableBeanFactory.java:1804)
	at org.springframework.beans.factory.support.AbstractAutowireCapableBeanFactory.doCreateBean(AbstractAutowireCapableBeanFactory.java:601)
	at org.springframework.beans.factory.support.AbstractAutowireCapableBeanFactory.createBean(AbstractAutowireCapableBeanFactory.java:523)
	at org.springframework.beans.factory.support.AbstractBeanFactory.lambda$doGetBean$0(AbstractBeanFactory.java:336)
	at org.springframework.beans.factory.support.DefaultSingletonBeanRegistry.getSingleton(DefaultSingletonBeanRegistry.java:289)
	at org.springframework.beans.factory.support.AbstractBeanFactory.doGetBean(AbstractBeanFactory.java:334)
	at org.springframework.beans.factory.support.AbstractBeanFactory.getBean(AbstractBeanFactory.java:199)
	at org.springframework.beans.factory.support.DefaultListableBeanFactory.doResolveDependency(DefaultListableBeanFactory.java:1573)
	at org.springframework.beans.factory.support.DefaultListableBeanFactory.resolveDependency(DefaultListableBeanFactory.java:1519)
	at org.springframework.beans.factory.support.ConstructorResolver.resolveAutowiredArgument(ConstructorResolver.java:913)
	at org.springframework.beans.factory.support.ConstructorResolver.createArgumentArray(ConstructorResolver.java:791)
	at org.springframework.beans.factory.support.ConstructorResolver.instantiateUsingFactoryMethod(ConstructorResolver.java:546)
	at org.springframework.beans.factory.support.AbstractAutowireCapableBeanFactory.instantiateUsingFactoryMethod(AbstractAutowireCapableBeanFactory.java:1357)
	at org.springframework.beans.factory.support.AbstractAutowireCapableBeanFactory.createBeanInstance(AbstractAutowireCapableBeanFactory.java:1187)
	at org.springframework.beans.factory.support.AbstractAutowireCapableBeanFactory.doCreateBean(AbstractAutowireCapableBeanFactory.java:563)
	at org.springframework.beans.factory.support.AbstractAutowireCapableBeanFactory.createBean(AbstractAutowireCapableBeanFactory.java:523)
	at org.springframework.beans.factory.support.AbstractBeanFactory.lambda$doGetBean$0(AbstractBeanFactory.java:336)
	at org.springframework.beans.factory.support.DefaultSingletonBeanRegistry.getSingleton(DefaultSingletonBeanRegistry.java:289)
	at org.springframework.beans.factory.support.AbstractBeanFactory.doGetBean(AbstractBeanFactory.java:334)
	at org.springframework.beans.factory.support.AbstractBeanFactory.getBean(AbstractBeanFactory.java:199)
	at org.springframework.beans.factory.support.BeanDefinitionValueResolver.resolveReference(BeanDefinitionValueResolver.java:365)
	at org.springframework.beans.factory.support.BeanDefinitionValueResolver.resolveValueIfNecessary(BeanDefinitionValueResolver.java:135)
	at org.springframework.beans.factory.support.AbstractAutowireCapableBeanFactory.applyPropertyValues(AbstractAutowireCapableBeanFactory.java:1707)
	at org.springframework.beans.factory.support.AbstractAutowireCapableBeanFactory.populateBean(AbstractAutowireCapableBeanFactory.java:1456)
	at org.springframework.beans.factory.support.AbstractAutowireCapableBeanFactory.doCreateBean(AbstractAutowireCapableBeanFactory.java:600)
	at org.springframework.beans.factory.support.AbstractAutowireCapableBeanFactory.createBean(AbstractAutowireCapableBeanFactory.java:523)
	at org.springframework.beans.factory.support.AbstractBeanFactory.lambda$doGetBean$0(AbstractBeanFactory.java:336)
	at org.springframework.beans.factory.support.DefaultSingletonBeanRegistry.getSingleton(DefaultSingletonBeanRegistry.java:289)
	at org.springframework.beans.factory.support.AbstractBeanFactory.doGetBean(AbstractBeanFactory.java:334)
	at org.springframework.beans.factory.support.AbstractBeanFactory.getBean(AbstractBeanFactory.java:199)
	at org.springframework.beans.factory.support.DefaultListableBeanFactory.doResolveDependency(DefaultListableBeanFactory.java:1573)
	at org.springframework.beans.factory.support.DefaultListableBeanFactory.resolveDependency(DefaultListableBeanFactory.java:1519)
	at org.springframework.beans.factory.support.ConstructorResolver.resolveAutowiredArgument(ConstructorResolver.java:913)
	at org.springframework.beans.factory.support.ConstructorResolver.createArgumentArray(ConstructorResolver.java:791)
	at org.springframework.beans.factory.support.ConstructorResolver.autowireConstructor(ConstructorResolver.java:240)
	at org.springframework.beans.factory.support.AbstractAutowireCapableBeanFactory.autowireConstructor(AbstractAutowireCapableBeanFactory.java:1377)
	at org.springframework.beans.factory.support.AbstractAutowireCapableBeanFactory.createBeanInstance(AbstractAutowireCapableBeanFactory.java:1214)
	at org.springframework.beans.factory.support.AbstractAutowireCapableBeanFactory.doCreateBean(AbstractAutowireCapableBeanFactory.java:563)
	at org.springframework.beans.factory.support.AbstractAutowireCapableBeanFactory.createBean(AbstractAutowireCapableBeanFactory.java:523)
	at org.springframework.beans.factory.support.AbstractBeanFactory.lambda$doGetBean$0(AbstractBeanFactory.java:336)
	at org.springframework.beans.factory.support.DefaultSingletonBeanRegistry.getSingleton(DefaultSingletonBeanRegistry.java:289)
	at org.springframework.beans.factory.support.AbstractBeanFactory.doGetBean(AbstractBeanFactory.java:334)
	at org.springframework.beans.factory.support.AbstractBeanFactory.getBean(AbstractBeanFactory.java:199)
	at org.springframework.beans.factory.config.DependencyDescriptor.resolveCandidate(DependencyDescriptor.java:254)
	at org.springframework.beans.factory.support.DefaultListableBeanFactory.doResolveDependency(DefaultListableBeanFactory.java:1631)
	at org.springframework.beans.factory.support.DefaultListableBeanFactory.resolveDependency(DefaultListableBeanFactory.java:1519)
	at org.springframework.beans.factory.support.ConstructorResolver.resolveAutowiredArgument(ConstructorResolver.java:913)
	at org.springframework.beans.factory.support.ConstructorResolver.createArgumentArray(ConstructorResolver.java:791)
	at org.springframework.beans.factory.support.ConstructorResolver.autowireConstructor(ConstructorResolver.java:240)
	at org.springframework.beans.factory.support.AbstractAutowireCapableBeanFactory.autowireConstructor(AbstractAutowireCapableBeanFactory.java:1377)
	at org.springframework.beans.factory.support.AbstractAutowireCapableBeanFactory.createBeanInstance(AbstractAutowireCapableBeanFactory.java:1214)
	at org.springframework.beans.factory.support.AbstractAutowireCapableBeanFactory.doCreateBean(AbstractAutowireCapableBeanFactory.java:563)
	at org.springframework.beans.factory.support.AbstractAutowireCapableBeanFactory.createBean(AbstractAutowireCapableBeanFactory.java:523)
	at org.springframework.beans.factory.support.AbstractBeanFactory.lambda$doGetBean$0(AbstractBeanFactory.java:336)
	at org.springframework.beans.factory.support.DefaultSingletonBeanRegistry.getSingleton(DefaultSingletonBeanRegistry.java:289)
	at org.springframework.beans.factory.support.AbstractBeanFactory.doGetBean(AbstractBeanFactory.java:334)
	at org.springframework.beans.factory.support.AbstractBeanFactory.getBean(AbstractBeanFactory.java:199)
	at org.springframework.beans.factory.config.DependencyDescriptor.resolveCandidate(DependencyDescriptor.java:254)
	at org.springframework.beans.factory.support.DefaultListableBeanFactory.doResolveDependency(DefaultListableBeanFactory.java:1631)
	at org.springframework.beans.factory.support.DefaultListableBeanFactory.resolveDependency(DefaultListableBeanFactory.java:1519)
	at org.springframework.beans.factory.support.ConstructorResolver.resolveAutowiredArgument(ConstructorResolver.java:913)
	at org.springframework.beans.factory.support.ConstructorResolver.createArgumentArray(ConstructorResolver.java:791)
	at org.springframework.beans.factory.support.ConstructorResolver.autowireConstructor(ConstructorResolver.java:240)
	at org.springframework.beans.factory.support.AbstractAutowireCapableBeanFactory.autowireConstructor(AbstractAutowireCapableBeanFactory.java:1377)
	at org.springframework.beans.factory.support.AbstractAutowireCapableBeanFactory.createBeanInstance(AbstractAutowireCapableBeanFactory.java:1214)
	at org.springframework.beans.factory.support.AbstractAutowireCapableBeanFactory.doCreateBean(AbstractAutowireCapableBeanFactory.java:563)
	at org.springframework.beans.factory.support.AbstractAutowireCapableBeanFactory.createBean(AbstractAutowireCapableBeanFactory.java:523)
	at org.springframework.beans.factory.support.AbstractBeanFactory.lambda$doGetBean$0(AbstractBeanFactory.java:336)
	at org.springframework.beans.factory.support.DefaultSingletonBeanRegistry.getSingleton(DefaultSingletonBeanRegistry.java:289)
	at org.springframework.beans.factory.support.AbstractBeanFactory.doGetBean(AbstractBeanFactory.java:334)
	at org.springframework.beans.factory.support.AbstractBeanFactory.getBean(AbstractBeanFactory.java:199)
	at org.springframework.beans.factory.support.DefaultListableBeanFactory.instantiateSingleton(DefaultListableBeanFactory.java:1122)
	at org.springframework.beans.factory.support.DefaultListableBeanFactory.preInstantiateSingleton(DefaultListableBeanFactory.java:1093)
	at org.springframework.beans.factory.support.DefaultListableBeanFactory.preInstantiateSingletons(DefaultListableBeanFactory.java:1030)
	at org.springframework.context.support.AbstractApplicationContext.finishBeanFactoryInitialization(AbstractApplicationContext.java:987)
	at org.springframework.context.support.AbstractApplicationContext.refresh(AbstractApplicationContext.java:627)
	at org.springframework.boot.web.servlet.context.ServletWebServerApplicationContext.refresh(ServletWebServerApplicationContext.java:146)
	at org.springframework.boot.SpringApplication.refresh(SpringApplication.java:752)
	at org.springframework.boot.SpringApplication.refreshContext(SpringApplication.java:439)
	at org.springframework.boot.SpringApplication.run(SpringApplication.java:318)
	at org.springframework.boot.SpringApplication.run(SpringApplication.java:1361)
	at org.springframework.boot.SpringApplication.run(SpringApplication.java:1350)
	at com.fsocial.profileservice.ProfileServiceApplication.main(ProfileServiceApplication.java:13)
	at java.base/jdk.internal.reflect.DirectMethodHandleAccessor.invoke(DirectMethodHandleAccessor.java:103)
	at java.base/java.lang.reflect.Method.invoke(Method.java:580)
	at org.springframework.boot.devtools.restart.RestartLauncher.run(RestartLauncher.java:50)
2025-12-30 22:35:53.564 DEBUG --- [  restartedMain] o.s.b.f.s.DefaultListableBeanFactory     : Autowiring by type from bean name 'liveReloadServerEventListener' via factory method to bean named 'optionalLiveReloadServer'
2025-12-30 22:35:53.570 DEBUG --- [  restartedMain] o.s.b.f.s.DefaultListableBeanFactory     : Autowiring by type from bean name 'neo4jTemplate' via factory method to bean named 'neo4jClient'
2025-12-30 22:35:53.570 DEBUG --- [  restartedMain] o.s.b.f.s.DefaultListableBeanFactory     : Autowiring by type from bean name 'neo4jTemplate' via factory method to bean named 'neo4jMappingContext'
2025-12-30 22:35:53.596 DEBUG --- [  restartedMain] o.s.b.f.s.DefaultListableBeanFactory     : Creating shared instance of singleton bean 'transactionManager'
2025-12-30 22:35:53.596 DEBUG --- [  restartedMain] o.s.b.f.s.DefaultListableBeanFactory     : Autowiring by type from bean name 'transactionManager' via factory method to bean named 'neo4jDriver'
2025-12-30 22:35:53.596 DEBUG --- [  restartedMain] o.s.b.f.s.DefaultListableBeanFactory     : Autowiring by type from bean name 'transactionManager' via factory method to bean named 'databaseSelectionProvider'
2025-12-30 22:35:53.603 DEBUG --- [  restartedMain] o.s.b.f.s.DefaultListableBeanFactory     : Creating shared instance of singleton bean 'platformTransactionManagerCustomizers'
2025-12-30 22:35:53.603 DEBUG --- [  restartedMain] o.s.b.f.s.DefaultListableBeanFactory     : Creating shared instance of singleton bean 'org.springframework.boot.autoconfigure.transaction.TransactionManagerCustomizationAutoConfiguration'
2025-12-30 22:35:53.605 DEBUG --- [  restartedMain] o.s.b.f.s.DefaultListableBeanFactory     : Creating shared instance of singleton bean 'transactionExecutionListeners'
2025-12-30 22:35:53.608 DEBUG --- [  restartedMain] o.s.b.f.s.DefaultListableBeanFactory     : Creating shared instance of singleton bean 'spring.transaction-org.springframework.boot.autoconfigure.transaction.TransactionProperties'
2025-12-30 22:35:53.637 DEBUG --- [  restartedMain] o.s.d.r.c.s.RepositoryFactorySupport     : Initializing repository instance for com.fsocial.profileservice.repository.AccountProfileRepository…
2025-12-30 22:35:53.746 DEBUG --- [  restartedMain] o.s.d.r.c.s.RepositoryFactorySupport     : Finished creation of repository instance for com.fsocial.profileservice.repository.AccountProfileRepository.
2025-12-30 22:35:53.752 DEBUG --- [  restartedMain] o.s.b.f.s.DefaultListableBeanFactory     : Creating shared instance of singleton bean 'booleanRedisTemplate'
2025-12-30 22:35:53.752 DEBUG --- [  restartedMain] o.s.b.f.s.DefaultListableBeanFactory     : Creating shared instance of singleton bean 'redisConfig'
2025-12-30 22:35:53.754 DEBUG --- [  restartedMain] ySourcesPropertyResolver$DefaultResolver : Found key 'REDIS_CONTAINER' in PropertySource 'Config resource 'file [.env]' via location 'optional:file:.env[.properties]'' with value of type String
2025-12-30 22:35:53.754 DEBUG --- [  restartedMain] o.s.c.e.PropertySourcesPropertyResolver  : Found key 'spring.data.redis.host' in PropertySource 'environmentProperties' with value of type String
2025-12-30 22:35:53.755 DEBUG --- [  restartedMain] ySourcesPropertyResolver$DefaultResolver : Found key 'REDIS_PORT' in PropertySource 'Config resource 'file [.env]' via location 'optional:file:.env[.properties]'' with value of type String
2025-12-30 22:35:53.755 DEBUG --- [  restartedMain] o.s.c.e.PropertySourcesPropertyResolver  : Found key 'spring.data.redis.port' in PropertySource 'environmentProperties' with value of type String
2025-12-30 22:35:53.756 DEBUG --- [  restartedMain] ySourcesPropertyResolver$DefaultResolver : Found key 'REDIS_PASSWORD' in PropertySource 'Config resource 'file [.env]' via location 'optional:file:.env[.properties]'' with value of type String
2025-12-30 22:35:53.756 DEBUG --- [  restartedMain] o.s.c.e.PropertySourcesPropertyResolver  : Found key 'spring.data.redis.password' in PropertySource 'environmentProperties' with value of type String
2025-12-30 22:35:53.757 DEBUG --- [  restartedMain] o.s.b.f.s.DefaultListableBeanFactory     : Creating shared instance of singleton bean 'redisConnectionFactory'
2025-12-30 22:35:53.837 DEBUG --- [  restartedMain] reactor.util.Loggers                     : Using Slf4j logging framework
2025-12-30 22:35:53.876 DEBUG --- [  restartedMain] o.s.b.f.s.DefaultListableBeanFactory     : Autowiring by type from bean name 'booleanRedisTemplate' via factory method to bean named 'redisConnectionFactory'
2025-12-30 22:35:53.893 DEBUG --- [  restartedMain] o.s.data.convert.CustomConversions       : Adding converter from class java.lang.String to class [B as writing converter
2025-12-30 22:35:53.894 DEBUG --- [  restartedMain] o.s.data.convert.CustomConversions       : Adding converter from class [B to class java.lang.String as reading converter
2025-12-30 22:35:53.894 DEBUG --- [  restartedMain] o.s.data.convert.CustomConversions       : Adding converter from class java.lang.Number to class [B as writing converter
2025-12-30 22:35:53.894 DEBUG --- [  restartedMain] o.s.data.convert.CustomConversions       : Adding converter from class [B to class java.lang.Number as reading converter
2025-12-30 22:35:53.894 DEBUG --- [  restartedMain] o.s.data.convert.CustomConversions       : Adding converter from class java.lang.Enum to class [B as writing converter
2025-12-30 22:35:53.894 DEBUG --- [  restartedMain] o.s.data.convert.CustomConversions       : Adding converter from class [B to class java.lang.Enum as reading converter
2025-12-30 22:35:53.894 DEBUG --- [  restartedMain] o.s.data.convert.CustomConversions       : Adding converter from class java.lang.Boolean to class [B as writing converter
2025-12-30 22:35:53.894 DEBUG --- [  restartedMain] o.s.data.convert.CustomConversions       : Adding converter from class [B to class java.lang.Boolean as reading converter
2025-12-30 22:35:53.894 DEBUG --- [  restartedMain] o.s.data.convert.CustomConversions       : Adding converter from class java.util.Date to class [B as writing converter
2025-12-30 22:35:53.894 DEBUG --- [  restartedMain] o.s.data.convert.CustomConversions       : Adding converter from class [B to class java.util.Date as reading converter
2025-12-30 22:35:53.894 DEBUG --- [  restartedMain] o.s.data.convert.CustomConversions       : Adding converter from class java.util.UUID to class [B as writing converter
2025-12-30 22:35:53.894 DEBUG --- [  restartedMain] o.s.data.convert.CustomConversions       : Adding converter from class [B to class java.util.UUID as reading converter
2025-12-30 22:35:53.894 DEBUG --- [  restartedMain] o.s.data.convert.CustomConversions       : Adding converter from class java.time.LocalDateTime to class [B as reading converter
2025-12-30 22:35:53.894 DEBUG --- [  restartedMain] o.s.data.convert.CustomConversions       : Adding converter from class [B to class java.time.LocalDateTime as reading converter
2025-12-30 22:35:53.894 DEBUG --- [  restartedMain] o.s.data.convert.CustomConversions       : Adding converter from class java.time.LocalDate to class [B as reading converter
2025-12-30 22:35:53.894 DEBUG --- [  restartedMain] o.s.data.convert.CustomConversions       : Adding converter from class [B to class java.time.LocalDate as reading converter
2025-12-30 22:35:53.894 DEBUG --- [  restartedMain] o.s.data.convert.CustomConversions       : Adding converter from class java.time.LocalTime to class [B as reading converter
2025-12-30 22:35:53.894 DEBUG --- [  restartedMain] o.s.data.convert.CustomConversions       : Adding converter from class [B to class java.time.LocalTime as reading converter
2025-12-30 22:35:53.894 DEBUG --- [  restartedMain] o.s.data.convert.CustomConversions       : Adding converter from class java.time.ZonedDateTime to class [B as reading converter
2025-12-30 22:35:53.894 DEBUG --- [  restartedMain] o.s.data.convert.CustomConversions       : Adding converter from class [B to class java.time.ZonedDateTime as reading converter
2025-12-30 22:35:53.894 DEBUG --- [  restartedMain] o.s.data.convert.CustomConversions       : Adding converter from class java.time.Instant to class [B as reading converter
2025-12-30 22:35:53.894 DEBUG --- [  restartedMain] o.s.data.convert.CustomConversions       : Adding converter from class [B to class java.time.Instant as reading converter
2025-12-30 22:35:53.894 DEBUG --- [  restartedMain] o.s.data.convert.CustomConversions       : Adding converter from class java.time.ZoneId to class [B as reading converter
2025-12-30 22:35:53.894 DEBUG --- [  restartedMain] o.s.data.convert.CustomConversions       : Adding converter from class [B to class java.time.ZoneId as reading converter
2025-12-30 22:35:53.894 DEBUG --- [  restartedMain] o.s.data.convert.CustomConversions       : Adding converter from class java.time.Period to class [B as reading converter
2025-12-30 22:35:53.894 DEBUG --- [  restartedMain] o.s.data.convert.CustomConversions       : Adding converter from class [B to class java.time.Period as reading converter
2025-12-30 22:35:53.894 DEBUG --- [  restartedMain] o.s.data.convert.CustomConversions       : Adding converter from class java.time.Duration to class [B as reading converter
2025-12-30 22:35:53.894 DEBUG --- [  restartedMain] o.s.data.convert.CustomConversions       : Adding converter from class [B to class java.time.Duration as reading converter
2025-12-30 22:35:53.894 DEBUG --- [  restartedMain] o.s.data.convert.CustomConversions       : Adding converter from class java.time.OffsetDateTime to class [B as reading converter
2025-12-30 22:35:53.894 DEBUG --- [  restartedMain] o.s.data.convert.CustomConversions       : Adding converter from class [B to class java.time.OffsetDateTime as reading converter
2025-12-30 22:35:53.894 DEBUG --- [  restartedMain] o.s.data.convert.CustomConversions       : Adding converter from class java.time.OffsetTime to class [B as reading converter
2025-12-30 22:35:53.894 DEBUG --- [  restartedMain] o.s.data.convert.CustomConversions       : Adding converter from class [B to class java.time.OffsetTime as reading converter
2025-12-30 22:35:53.894 DEBUG --- [  restartedMain] o.s.data.convert.CustomConversions       : Adding converter from class java.util.Date to class java.time.LocalDateTime as reading converter
2025-12-30 22:35:53.894 DEBUG --- [  restartedMain] o.s.data.convert.CustomConversions       : Adding converter from class java.time.LocalDateTime to class java.util.Date as writing converter
2025-12-30 22:35:53.894 DEBUG --- [  restartedMain] o.s.data.convert.CustomConversions       : Adding converter from class java.util.Date to class java.time.LocalDate as reading converter
2025-12-30 22:35:53.894 DEBUG --- [  restartedMain] o.s.data.convert.CustomConversions       : Adding converter from class java.time.LocalDate to class java.util.Date as writing converter
2025-12-30 22:35:53.894 DEBUG --- [  restartedMain] o.s.data.convert.CustomConversions       : Adding converter from class java.util.Date to class java.time.LocalTime as reading converter
2025-12-30 22:35:53.894 DEBUG --- [  restartedMain] o.s.data.convert.CustomConversions       : Adding converter from class java.time.LocalTime to class java.util.Date as writing converter
2025-12-30 22:35:53.894 DEBUG --- [  restartedMain] o.s.data.convert.CustomConversions       : Adding converter from class java.util.Date to class java.time.Instant as reading converter
2025-12-30 22:35:53.895 DEBUG --- [  restartedMain] o.s.data.convert.CustomConversions       : Adding converter from class java.time.Instant to class java.util.Date as writing converter
2025-12-30 22:35:53.895 DEBUG --- [  restartedMain] o.s.data.convert.CustomConversions       : Adding converter from class java.time.LocalDateTime to class java.time.Instant as reading converter
2025-12-30 22:35:53.895 DEBUG --- [  restartedMain] o.s.data.convert.CustomConversions       : Adding converter from class java.time.Instant to class java.time.LocalDateTime as reading converter
2025-12-30 22:35:53.895 DEBUG --- [  restartedMain] o.s.data.convert.CustomConversions       : Adding converter from class java.time.ZoneId to class java.lang.String as writing converter
2025-12-30 22:35:53.895 DEBUG --- [  restartedMain] o.s.data.convert.CustomConversions       : Adding converter from class java.lang.String to class java.time.ZoneId as reading converter
2025-12-30 22:35:53.895 DEBUG --- [  restartedMain] o.s.data.convert.CustomConversions       : Adding converter from class java.time.Duration to class java.lang.String as writing converter
2025-12-30 22:35:53.895 DEBUG --- [  restartedMain] o.s.data.convert.CustomConversions       : Adding converter from class java.lang.String to class java.time.Duration as reading converter
2025-12-30 22:35:53.895 DEBUG --- [  restartedMain] o.s.data.convert.CustomConversions       : Adding converter from class java.time.Period to class java.lang.String as writing converter
2025-12-30 22:35:53.895 DEBUG --- [  restartedMain] o.s.data.convert.CustomConversions       : Adding converter from class java.lang.String to class java.time.Period as reading converter
2025-12-30 22:35:53.895 DEBUG --- [  restartedMain] o.s.data.convert.CustomConversions       : Adding converter from class java.lang.String to class java.time.LocalDate as reading converter
2025-12-30 22:35:53.895 DEBUG --- [  restartedMain] o.s.data.convert.CustomConversions       : Adding converter from class java.lang.String to class java.time.LocalDateTime as reading converter
2025-12-30 22:35:53.895 DEBUG --- [  restartedMain] o.s.data.convert.CustomConversions       : Adding converter from class java.lang.String to class java.time.Instant as reading converter
2025-12-30 22:35:53.896 DEBUG --- [  restartedMain] o.s.data.convert.CustomConversions       : Adding converter from class java.lang.String to class [B as writing converter
2025-12-30 22:35:53.896 DEBUG --- [  restartedMain] o.s.data.convert.CustomConversions       : Adding converter from class [B to class java.lang.String as reading converter
2025-12-30 22:35:53.896 DEBUG --- [  restartedMain] o.s.data.convert.CustomConversions       : Adding converter from class java.lang.Number to class [B as writing converter
2025-12-30 22:35:53.896 DEBUG --- [  restartedMain] o.s.data.convert.CustomConversions       : Adding converter from class [B to class java.lang.Number as reading converter
2025-12-30 22:35:53.896 DEBUG --- [  restartedMain] o.s.data.convert.CustomConversions       : Adding converter from class java.lang.Enum to class [B as writing converter
2025-12-30 22:35:53.896 DEBUG --- [  restartedMain] o.s.data.convert.CustomConversions       : Adding converter from class [B to class java.lang.Enum as reading converter
2025-12-30 22:35:53.896 DEBUG --- [  restartedMain] o.s.data.convert.CustomConversions       : Adding converter from class java.lang.Boolean to class [B as writing converter
2025-12-30 22:35:53.896 DEBUG --- [  restartedMain] o.s.data.convert.CustomConversions       : Adding converter from class [B to class java.lang.Boolean as reading converter
2025-12-30 22:35:53.896 DEBUG --- [  restartedMain] o.s.data.convert.CustomConversions       : Adding converter from class java.util.Date to class [B as writing converter
2025-12-30 22:35:53.896 DEBUG --- [  restartedMain] o.s.data.convert.CustomConversions       : Adding converter from class [B to class java.util.Date as reading converter
2025-12-30 22:35:53.896 DEBUG --- [  restartedMain] o.s.data.convert.CustomConversions       : Adding converter from class java.util.UUID to class [B as writing converter
2025-12-30 22:35:53.896 DEBUG --- [  restartedMain] o.s.data.convert.CustomConversions       : Adding converter from class [B to class java.util.UUID as reading converter
2025-12-30 22:35:53.896 DEBUG --- [  restartedMain] o.s.data.convert.CustomConversions       : Adding converter from class java.time.LocalDateTime to class [B as reading converter
2025-12-30 22:35:53.896 DEBUG --- [  restartedMain] o.s.data.convert.CustomConversions       : Adding converter from class [B to class java.time.LocalDateTime as reading converter
2025-12-30 22:35:53.896 DEBUG --- [  restartedMain] o.s.data.convert.CustomConversions       : Adding converter from class java.time.LocalDate to class [B as reading converter
2025-12-30 22:35:53.896 DEBUG --- [  restartedMain] o.s.data.convert.CustomConversions       : Adding converter from class [B to class java.time.LocalDate as reading converter
2025-12-30 22:35:53.896 DEBUG --- [  restartedMain] o.s.data.convert.CustomConversions       : Adding converter from class java.time.LocalTime to class [B as reading converter
2025-12-30 22:35:53.896 DEBUG --- [  restartedMain] o.s.data.convert.CustomConversions       : Adding converter from class [B to class java.time.LocalTime as reading converter
2025-12-30 22:35:53.896 DEBUG --- [  restartedMain] o.s.data.convert.CustomConversions       : Adding converter from class java.time.ZonedDateTime to class [B as reading converter
2025-12-30 22:35:53.896 DEBUG --- [  restartedMain] o.s.data.convert.CustomConversions       : Adding converter from class [B to class java.time.ZonedDateTime as reading converter
2025-12-30 22:35:53.896 DEBUG --- [  restartedMain] o.s.data.convert.CustomConversions       : Adding converter from class java.time.Instant to class [B as reading converter
2025-12-30 22:35:53.896 DEBUG --- [  restartedMain] o.s.data.convert.CustomConversions       : Adding converter from class [B to class java.time.Instant as reading converter
2025-12-30 22:35:53.896 DEBUG --- [  restartedMain] o.s.data.convert.CustomConversions       : Adding converter from class java.time.ZoneId to class [B as reading converter
2025-12-30 22:35:53.896 DEBUG --- [  restartedMain] o.s.data.convert.CustomConversions       : Adding converter from class [B to class java.time.ZoneId as reading converter
2025-12-30 22:35:53.896 DEBUG --- [  restartedMain] o.s.data.convert.CustomConversions       : Adding converter from class java.time.Period to class [B as reading converter
2025-12-30 22:35:53.896 DEBUG --- [  restartedMain] o.s.data.convert.CustomConversions       : Adding converter from class [B to class java.time.Period as reading converter
2025-12-30 22:35:53.896 DEBUG --- [  restartedMain] o.s.data.convert.CustomConversions       : Adding converter from class java.time.Duration to class [B as reading converter
2025-12-30 22:35:53.896 DEBUG --- [  restartedMain] o.s.data.convert.CustomConversions       : Adding converter from class [B to class java.time.Duration as reading converter
2025-12-30 22:35:53.896 DEBUG --- [  restartedMain] o.s.data.convert.CustomConversions       : Adding converter from class java.time.OffsetDateTime to class [B as reading converter
2025-12-30 22:35:53.896 DEBUG --- [  restartedMain] o.s.data.convert.CustomConversions       : Adding converter from class [B to class java.time.OffsetDateTime as reading converter
2025-12-30 22:35:53.896 DEBUG --- [  restartedMain] o.s.data.convert.CustomConversions       : Adding converter from class java.time.OffsetTime to class [B as reading converter
2025-12-30 22:35:53.896 DEBUG --- [  restartedMain] o.s.data.convert.CustomConversions       : Adding converter from class [B to class java.time.OffsetTime as reading converter
2025-12-30 22:35:53.896 DEBUG --- [  restartedMain] o.s.data.convert.CustomConversions       : Adding converter from class java.util.Date to class java.time.LocalDateTime as reading converter
2025-12-30 22:35:53.896 DEBUG --- [  restartedMain] o.s.data.convert.CustomConversions       : Adding converter from class java.time.LocalDateTime to class java.util.Date as writing converter
2025-12-30 22:35:53.896 DEBUG --- [  restartedMain] o.s.data.convert.CustomConversions       : Adding converter from class java.util.Date to class java.time.LocalDate as reading converter
2025-12-30 22:35:53.896 DEBUG --- [  restartedMain] o.s.data.convert.CustomConversions       : Adding converter from class java.time.LocalDate to class java.util.Date as writing converter
2025-12-30 22:35:53.896 DEBUG --- [  restartedMain] o.s.data.convert.CustomConversions       : Adding converter from class java.util.Date to class java.time.LocalTime as reading converter
2025-12-30 22:35:53.896 DEBUG --- [  restartedMain] o.s.data.convert.CustomConversions       : Adding converter from class java.time.LocalTime to class java.util.Date as writing converter
2025-12-30 22:35:53.896 DEBUG --- [  restartedMain] o.s.data.convert.CustomConversions       : Adding converter from class java.util.Date to class java.time.Instant as reading converter
2025-12-30 22:35:53.896 DEBUG --- [  restartedMain] o.s.data.convert.CustomConversions       : Adding converter from class java.time.Instant to class java.util.Date as writing converter
2025-12-30 22:35:53.896 DEBUG --- [  restartedMain] o.s.data.convert.CustomConversions       : Adding converter from class java.time.LocalDateTime to class java.time.Instant as reading converter
2025-12-30 22:35:53.896 DEBUG --- [  restartedMain] o.s.data.convert.CustomConversions       : Adding converter from class java.time.Instant to class java.time.LocalDateTime as reading converter
2025-12-30 22:35:53.896 DEBUG --- [  restartedMain] o.s.data.convert.CustomConversions       : Adding converter from class java.time.ZoneId to class java.lang.String as writing converter
2025-12-30 22:35:53.896 DEBUG --- [  restartedMain] o.s.data.convert.CustomConversions       : Adding converter from class java.lang.String to class java.time.ZoneId as reading converter
2025-12-30 22:35:53.896 DEBUG --- [  restartedMain] o.s.data.convert.CustomConversions       : Adding converter from class java.time.Duration to class java.lang.String as writing converter
2025-12-30 22:35:53.896 DEBUG --- [  restartedMain] o.s.data.convert.CustomConversions       : Adding converter from class java.lang.String to class java.time.Duration as reading converter
2025-12-30 22:35:53.896 DEBUG --- [  restartedMain] o.s.data.convert.CustomConversions       : Adding converter from class java.time.Period to class java.lang.String as writing converter
2025-12-30 22:35:53.896 DEBUG --- [  restartedMain] o.s.data.convert.CustomConversions       : Adding converter from class java.lang.String to class java.time.Period as reading converter
2025-12-30 22:35:53.897 DEBUG --- [  restartedMain] o.s.data.convert.CustomConversions       : Adding converter from class java.lang.String to class java.time.LocalDate as reading converter
2025-12-30 22:35:53.897 DEBUG --- [  restartedMain] o.s.data.convert.CustomConversions       : Adding converter from class java.lang.String to class java.time.LocalDateTime as reading converter
2025-12-30 22:35:53.897 DEBUG --- [  restartedMain] o.s.data.convert.CustomConversions       : Adding converter from class java.lang.String to class java.time.Instant as reading converter
2025-12-30 22:35:53.900 DEBUG --- [  restartedMain] o.s.data.convert.CustomConversions       : Adding converter from class java.lang.String to class [B as writing converter
2025-12-30 22:35:53.900 DEBUG --- [  restartedMain] o.s.data.convert.CustomConversions       : Adding converter from class [B to class java.lang.String as reading converter
2025-12-30 22:35:53.900 DEBUG --- [  restartedMain] o.s.data.convert.CustomConversions       : Adding converter from class java.lang.Number to class [B as writing converter
2025-12-30 22:35:53.900 DEBUG --- [  restartedMain] o.s.data.convert.CustomConversions       : Adding converter from class [B to class java.lang.Number as reading converter
2025-12-30 22:35:53.900 DEBUG --- [  restartedMain] o.s.data.convert.CustomConversions       : Adding converter from class java.lang.Enum to class [B as writing converter
2025-12-30 22:35:53.900 DEBUG --- [  restartedMain] o.s.data.convert.CustomConversions       : Adding converter from class [B to class java.lang.Enum as reading converter
2025-12-30 22:35:53.900 DEBUG --- [  restartedMain] o.s.data.convert.CustomConversions       : Adding converter from class java.lang.Boolean to class [B as writing converter
2025-12-30 22:35:53.900 DEBUG --- [  restartedMain] o.s.data.convert.CustomConversions       : Adding converter from class [B to class java.lang.Boolean as reading converter
2025-12-30 22:35:53.900 DEBUG --- [  restartedMain] o.s.data.convert.CustomConversions       : Adding converter from class java.util.Date to class [B as writing converter
2025-12-30 22:35:53.900 DEBUG --- [  restartedMain] o.s.data.convert.CustomConversions       : Adding converter from class [B to class java.util.Date as reading converter
2025-12-30 22:35:53.900 DEBUG --- [  restartedMain] o.s.data.convert.CustomConversions       : Adding converter from class java.util.UUID to class [B as writing converter
2025-12-30 22:35:53.900 DEBUG --- [  restartedMain] o.s.data.convert.CustomConversions       : Adding converter from class [B to class java.util.UUID as reading converter
2025-12-30 22:35:53.900 DEBUG --- [  restartedMain] o.s.data.convert.CustomConversions       : Adding converter from class java.time.LocalDateTime to class [B as reading converter
2025-12-30 22:35:53.900 DEBUG --- [  restartedMain] o.s.data.convert.CustomConversions       : Adding converter from class [B to class java.time.LocalDateTime as reading converter
2025-12-30 22:35:53.900 DEBUG --- [  restartedMain] o.s.data.convert.CustomConversions       : Adding converter from class java.time.LocalDate to class [B as reading converter
2025-12-30 22:35:53.901 DEBUG --- [  restartedMain] o.s.data.convert.CustomConversions       : Adding converter from class [B to class java.time.LocalDate as reading converter
2025-12-30 22:35:53.901 DEBUG --- [  restartedMain] o.s.data.convert.CustomConversions       : Adding converter from class java.time.LocalTime to class [B as reading converter
2025-12-30 22:35:53.901 DEBUG --- [  restartedMain] o.s.data.convert.CustomConversions       : Adding converter from class [B to class java.time.LocalTime as reading converter
2025-12-30 22:35:53.901 DEBUG --- [  restartedMain] o.s.data.convert.CustomConversions       : Adding converter from class java.time.ZonedDateTime to class [B as reading converter
2025-12-30 22:35:53.901 DEBUG --- [  restartedMain] o.s.data.convert.CustomConversions       : Adding converter from class [B to class java.time.ZonedDateTime as reading converter
2025-12-30 22:35:53.901 DEBUG --- [  restartedMain] o.s.data.convert.CustomConversions       : Adding converter from class java.time.Instant to class [B as reading converter
2025-12-30 22:35:53.901 DEBUG --- [  restartedMain] o.s.data.convert.CustomConversions       : Adding converter from class [B to class java.time.Instant as reading converter
2025-12-30 22:35:53.901 DEBUG --- [  restartedMain] o.s.data.convert.CustomConversions       : Adding converter from class java.time.ZoneId to class [B as reading converter
2025-12-30 22:35:53.901 DEBUG --- [  restartedMain] o.s.data.convert.CustomConversions       : Adding converter from class [B to class java.time.ZoneId as reading converter
2025-12-30 22:35:53.901 DEBUG --- [  restartedMain] o.s.data.convert.CustomConversions       : Adding converter from class java.time.Period to class [B as reading converter
2025-12-30 22:35:53.901 DEBUG --- [  restartedMain] o.s.data.convert.CustomConversions       : Adding converter from class [B to class java.time.Period as reading converter
2025-12-30 22:35:53.901 DEBUG --- [  restartedMain] o.s.data.convert.CustomConversions       : Adding converter from class java.time.Duration to class [B as reading converter
2025-12-30 22:35:53.901 DEBUG --- [  restartedMain] o.s.data.convert.CustomConversions       : Adding converter from class [B to class java.time.Duration as reading converter
2025-12-30 22:35:53.901 DEBUG --- [  restartedMain] o.s.data.convert.CustomConversions       : Adding converter from class java.time.OffsetDateTime to class [B as reading converter
2025-12-30 22:35:53.901 DEBUG --- [  restartedMain] o.s.data.convert.CustomConversions       : Adding converter from class [B to class java.time.OffsetDateTime as reading converter
2025-12-30 22:35:53.901 DEBUG --- [  restartedMain] o.s.data.convert.CustomConversions       : Adding converter from class java.time.OffsetTime to class [B as reading converter
2025-12-30 22:35:53.901 DEBUG --- [  restartedMain] o.s.data.convert.CustomConversions       : Adding converter from class [B to class java.time.OffsetTime as reading converter
2025-12-30 22:35:53.901 DEBUG --- [  restartedMain] o.s.data.convert.CustomConversions       : Adding converter from class java.util.Date to class java.time.LocalDateTime as reading converter
2025-12-30 22:35:53.901 DEBUG --- [  restartedMain] o.s.data.convert.CustomConversions       : Adding converter from class java.time.LocalDateTime to class java.util.Date as writing converter
2025-12-30 22:35:53.901 DEBUG --- [  restartedMain] o.s.data.convert.CustomConversions       : Adding converter from class java.util.Date to class java.time.LocalDate as reading converter
2025-12-30 22:35:53.901 DEBUG --- [  restartedMain] o.s.data.convert.CustomConversions       : Adding converter from class java.time.LocalDate to class java.util.Date as writing converter
2025-12-30 22:35:53.901 DEBUG --- [  restartedMain] o.s.data.convert.CustomConversions       : Adding converter from class java.util.Date to class java.time.LocalTime as reading converter
2025-12-30 22:35:53.901 DEBUG --- [  restartedMain] o.s.data.convert.CustomConversions       : Adding converter from class java.time.LocalTime to class java.util.Date as writing converter
2025-12-30 22:35:53.901 DEBUG --- [  restartedMain] o.s.data.convert.CustomConversions       : Adding converter from class java.util.Date to class java.time.Instant as reading converter
2025-12-30 22:35:53.901 DEBUG --- [  restartedMain] o.s.data.convert.CustomConversions       : Adding converter from class java.time.Instant to class java.util.Date as writing converter
2025-12-30 22:35:53.901 DEBUG --- [  restartedMain] o.s.data.convert.CustomConversions       : Adding converter from class java.time.LocalDateTime to class java.time.Instant as reading converter
2025-12-30 22:35:53.901 DEBUG --- [  restartedMain] o.s.data.convert.CustomConversions       : Adding converter from class java.time.Instant to class java.time.LocalDateTime as reading converter
2025-12-30 22:35:53.901 DEBUG --- [  restartedMain] o.s.data.convert.CustomConversions       : Adding converter from class java.time.ZoneId to class java.lang.String as writing converter
2025-12-30 22:35:53.901 DEBUG --- [  restartedMain] o.s.data.convert.CustomConversions       : Adding converter from class java.lang.String to class java.time.ZoneId as reading converter
2025-12-30 22:35:53.901 DEBUG --- [  restartedMain] o.s.data.convert.CustomConversions       : Adding converter from class java.time.Duration to class java.lang.String as writing converter
2025-12-30 22:35:53.901 DEBUG --- [  restartedMain] o.s.data.convert.CustomConversions       : Adding converter from class java.lang.String to class java.time.Duration as reading converter
2025-12-30 22:35:53.901 DEBUG --- [  restartedMain] o.s.data.convert.CustomConversions       : Adding converter from class java.time.Period to class java.lang.String as writing converter
2025-12-30 22:35:53.901 DEBUG --- [  restartedMain] o.s.data.convert.CustomConversions       : Adding converter from class java.lang.String to class java.time.Period as reading converter
2025-12-30 22:35:53.901 DEBUG --- [  restartedMain] o.s.data.convert.CustomConversions       : Adding converter from class java.lang.String to class java.time.LocalDate as reading converter
2025-12-30 22:35:53.901 DEBUG --- [  restartedMain] o.s.data.convert.CustomConversions       : Adding converter from class java.lang.String to class java.time.LocalDateTime as reading converter
2025-12-30 22:35:53.901 DEBUG --- [  restartedMain] o.s.data.convert.CustomConversions       : Adding converter from class java.lang.String to class java.time.Instant as reading converter
2025-12-30 22:35:53.903 DEBUG --- [  restartedMain] o.s.data.convert.CustomConversions       : Adding converter from class java.lang.String to class [B as writing converter
2025-12-30 22:35:53.903 DEBUG --- [  restartedMain] o.s.data.convert.CustomConversions       : Adding converter from class [B to class java.lang.String as reading converter
2025-12-30 22:35:53.903 DEBUG --- [  restartedMain] o.s.data.convert.CustomConversions       : Adding converter from class java.lang.Number to class [B as writing converter
2025-12-30 22:35:53.903 DEBUG --- [  restartedMain] o.s.data.convert.CustomConversions       : Adding converter from class [B to class java.lang.Number as reading converter
2025-12-30 22:35:53.903 DEBUG --- [  restartedMain] o.s.data.convert.CustomConversions       : Adding converter from class java.lang.Enum to class [B as writing converter
2025-12-30 22:35:53.903 DEBUG --- [  restartedMain] o.s.data.convert.CustomConversions       : Adding converter from class [B to class java.lang.Enum as reading converter
2025-12-30 22:35:53.903 DEBUG --- [  restartedMain] o.s.data.convert.CustomConversions       : Adding converter from class java.lang.Boolean to class [B as writing converter
2025-12-30 22:35:53.903 DEBUG --- [  restartedMain] o.s.data.convert.CustomConversions       : Adding converter from class [B to class java.lang.Boolean as reading converter
2025-12-30 22:35:53.903 DEBUG --- [  restartedMain] o.s.data.convert.CustomConversions       : Adding converter from class java.util.Date to class [B as writing converter
2025-12-30 22:35:53.903 DEBUG --- [  restartedMain] o.s.data.convert.CustomConversions       : Adding converter from class [B to class java.util.Date as reading converter
2025-12-30 22:35:53.903 DEBUG --- [  restartedMain] o.s.data.convert.CustomConversions       : Adding converter from class java.util.UUID to class [B as writing converter
2025-12-30 22:35:53.903 DEBUG --- [  restartedMain] o.s.data.convert.CustomConversions       : Adding converter from class [B to class java.util.UUID as reading converter
2025-12-30 22:35:53.903 DEBUG --- [  restartedMain] o.s.data.convert.CustomConversions       : Adding converter from class java.time.LocalDateTime to class [B as reading converter
2025-12-30 22:35:53.903 DEBUG --- [  restartedMain] o.s.data.convert.CustomConversions       : Adding converter from class [B to class java.time.LocalDateTime as reading converter
2025-12-30 22:35:53.903 DEBUG --- [  restartedMain] o.s.data.convert.CustomConversions       : Adding converter from class java.time.LocalDate to class [B as reading converter
2025-12-30 22:35:53.903 DEBUG --- [  restartedMain] o.s.data.convert.CustomConversions       : Adding converter from class [B to class java.time.LocalDate as reading converter
2025-12-30 22:35:53.903 DEBUG --- [  restartedMain] o.s.data.convert.CustomConversions       : Adding converter from class java.time.LocalTime to class [B as reading converter
2025-12-30 22:35:53.903 DEBUG --- [  restartedMain] o.s.data.convert.CustomConversions       : Adding converter from class [B to class java.time.LocalTime as reading converter
2025-12-30 22:35:53.903 DEBUG --- [  restartedMain] o.s.data.convert.CustomConversions       : Adding converter from class java.time.ZonedDateTime to class [B as reading converter
2025-12-30 22:35:53.903 DEBUG --- [  restartedMain] o.s.data.convert.CustomConversions       : Adding converter from class [B to class java.time.ZonedDateTime as reading converter
2025-12-30 22:35:53.903 DEBUG --- [  restartedMain] o.s.data.convert.CustomConversions       : Adding converter from class java.time.Instant to class [B as reading converter
2025-12-30 22:35:53.903 DEBUG --- [  restartedMain] o.s.data.convert.CustomConversions       : Adding converter from class [B to class java.time.Instant as reading converter
2025-12-30 22:35:53.903 DEBUG --- [  restartedMain] o.s.data.convert.CustomConversions       : Adding converter from class java.time.ZoneId to class [B as reading converter
2025-12-30 22:35:53.903 DEBUG --- [  restartedMain] o.s.data.convert.CustomConversions       : Adding converter from class [B to class java.time.ZoneId as reading converter
2025-12-30 22:35:53.903 DEBUG --- [  restartedMain] o.s.data.convert.CustomConversions       : Adding converter from class java.time.Period to class [B as reading converter
2025-12-30 22:35:53.903 DEBUG --- [  restartedMain] o.s.data.convert.CustomConversions       : Adding converter from class [B to class java.time.Period as reading converter
2025-12-30 22:35:53.903 DEBUG --- [  restartedMain] o.s.data.convert.CustomConversions       : Adding converter from class java.time.Duration to class [B as reading converter
2025-12-30 22:35:53.903 DEBUG --- [  restartedMain] o.s.data.convert.CustomConversions       : Adding converter from class [B to class java.time.Duration as reading converter
2025-12-30 22:35:53.903 DEBUG --- [  restartedMain] o.s.data.convert.CustomConversions       : Adding converter from class java.time.OffsetDateTime to class [B as reading converter
2025-12-30 22:35:53.903 DEBUG --- [  restartedMain] o.s.data.convert.CustomConversions       : Adding converter from class [B to class java.time.OffsetDateTime as reading converter
2025-12-30 22:35:53.903 DEBUG --- [  restartedMain] o.s.data.convert.CustomConversions       : Adding converter from class java.time.OffsetTime to class [B as reading converter
2025-12-30 22:35:53.903 DEBUG --- [  restartedMain] o.s.data.convert.CustomConversions       : Adding converter from class [B to class java.time.OffsetTime as reading converter
2025-12-30 22:35:53.903 DEBUG --- [  restartedMain] o.s.data.convert.CustomConversions       : Adding converter from class java.util.Date to class java.time.LocalDateTime as reading converter
2025-12-30 22:35:53.903 DEBUG --- [  restartedMain] o.s.data.convert.CustomConversions       : Adding converter from class java.time.LocalDateTime to class java.util.Date as writing converter
2025-12-30 22:35:53.903 DEBUG --- [  restartedMain] o.s.data.convert.CustomConversions       : Adding converter from class java.util.Date to class java.time.LocalDate as reading converter
2025-12-30 22:35:53.904 DEBUG --- [  restartedMain] o.s.data.convert.CustomConversions       : Adding converter from class java.time.LocalDate to class java.util.Date as writing converter
2025-12-30 22:35:53.904 DEBUG --- [  restartedMain] o.s.data.convert.CustomConversions       : Adding converter from class java.util.Date to class java.time.LocalTime as reading converter
2025-12-30 22:35:53.904 DEBUG --- [  restartedMain] o.s.data.convert.CustomConversions       : Adding converter from class java.time.LocalTime to class java.util.Date as writing converter
2025-12-30 22:35:53.904 DEBUG --- [  restartedMain] o.s.data.convert.CustomConversions       : Adding converter from class java.util.Date to class java.time.Instant as reading converter
2025-12-30 22:35:53.904 DEBUG --- [  restartedMain] o.s.data.convert.CustomConversions       : Adding converter from class java.time.Instant to class java.util.Date as writing converter
2025-12-30 22:35:53.904 DEBUG --- [  restartedMain] o.s.data.convert.CustomConversions       : Adding converter from class java.time.LocalDateTime to class java.time.Instant as reading converter
2025-12-30 22:35:53.904 DEBUG --- [  restartedMain] o.s.data.convert.CustomConversions       : Adding converter from class java.time.Instant to class java.time.LocalDateTime as reading converter
2025-12-30 22:35:53.904 DEBUG --- [  restartedMain] o.s.data.convert.CustomConversions       : Adding converter from class java.time.ZoneId to class java.lang.String as writing converter
2025-12-30 22:35:53.904 DEBUG --- [  restartedMain] o.s.data.convert.CustomConversions       : Adding converter from class java.lang.String to class java.time.ZoneId as reading converter
2025-12-30 22:35:53.904 DEBUG --- [  restartedMain] o.s.data.convert.CustomConversions       : Adding converter from class java.time.Duration to class java.lang.String as writing converter
2025-12-30 22:35:53.904 DEBUG --- [  restartedMain] o.s.data.convert.CustomConversions       : Adding converter from class java.lang.String to class java.time.Duration as reading converter
2025-12-30 22:35:53.904 DEBUG --- [  restartedMain] o.s.data.convert.CustomConversions       : Adding converter from class java.time.Period to class java.lang.String as writing converter
2025-12-30 22:35:53.904 DEBUG --- [  restartedMain] o.s.data.convert.CustomConversions       : Adding converter from class java.lang.String to class java.time.Period as reading converter
2025-12-30 22:35:53.904 DEBUG --- [  restartedMain] o.s.data.convert.CustomConversions       : Adding converter from class java.lang.String to class java.time.LocalDate as reading converter
2025-12-30 22:35:53.904 DEBUG --- [  restartedMain] o.s.data.convert.CustomConversions       : Adding converter from class java.lang.String to class java.time.LocalDateTime as reading converter
2025-12-30 22:35:53.904 DEBUG --- [  restartedMain] o.s.data.convert.CustomConversions       : Adding converter from class java.lang.String to class java.time.Instant as reading converter
2025-12-30 22:35:53.906 DEBUG --- [  restartedMain] o.s.data.convert.CustomConversions       : Adding converter from class java.lang.String to class [B as writing converter
2025-12-30 22:35:53.906 DEBUG --- [  restartedMain] o.s.data.convert.CustomConversions       : Adding converter from class [B to class java.lang.String as reading converter
2025-12-30 22:35:53.906 DEBUG --- [  restartedMain] o.s.data.convert.CustomConversions       : Adding converter from class java.lang.Number to class [B as writing converter
2025-12-30 22:35:53.906 DEBUG --- [  restartedMain] o.s.data.convert.CustomConversions       : Adding converter from class [B to class java.lang.Number as reading converter
2025-12-30 22:35:53.906 DEBUG --- [  restartedMain] o.s.data.convert.CustomConversions       : Adding converter from class java.lang.Enum to class [B as writing converter
2025-12-30 22:35:53.906 DEBUG --- [  restartedMain] o.s.data.convert.CustomConversions       : Adding converter from class [B to class java.lang.Enum as reading converter
2025-12-30 22:35:53.906 DEBUG --- [  restartedMain] o.s.data.convert.CustomConversions       : Adding converter from class java.lang.Boolean to class [B as writing converter
2025-12-30 22:35:53.906 DEBUG --- [  restartedMain] o.s.data.convert.CustomConversions       : Adding converter from class [B to class java.lang.Boolean as reading converter
2025-12-30 22:35:53.906 DEBUG --- [  restartedMain] o.s.data.convert.CustomConversions       : Adding converter from class java.util.Date to class [B as writing converter
2025-12-30 22:35:53.906 DEBUG --- [  restartedMain] o.s.data.convert.CustomConversions       : Adding converter from class [B to class java.util.Date as reading converter
2025-12-30 22:35:53.906 DEBUG --- [  restartedMain] o.s.data.convert.CustomConversions       : Adding converter from class java.util.UUID to class [B as writing converter
2025-12-30 22:35:53.906 DEBUG --- [  restartedMain] o.s.data.convert.CustomConversions       : Adding converter from class [B to class java.util.UUID as reading converter
2025-12-30 22:35:53.906 DEBUG --- [  restartedMain] o.s.data.convert.CustomConversions       : Adding converter from class java.time.LocalDateTime to class [B as reading converter
2025-12-30 22:35:53.906 DEBUG --- [  restartedMain] o.s.data.convert.CustomConversions       : Adding converter from class [B to class java.time.LocalDateTime as reading converter
2025-12-30 22:35:53.906 DEBUG --- [  restartedMain] o.s.data.convert.CustomConversions       : Adding converter from class java.time.LocalDate to class [B as reading converter
2025-12-30 22:35:53.906 DEBUG --- [  restartedMain] o.s.data.convert.CustomConversions       : Adding converter from class [B to class java.time.LocalDate as reading converter
2025-12-30 22:35:53.906 DEBUG --- [  restartedMain] o.s.data.convert.CustomConversions       : Adding converter from class java.time.LocalTime to class [B as reading converter
2025-12-30 22:35:53.906 DEBUG --- [  restartedMain] o.s.data.convert.CustomConversions       : Adding converter from class [B to class java.time.LocalTime as reading converter
2025-12-30 22:35:53.906 DEBUG --- [  restartedMain] o.s.data.convert.CustomConversions       : Adding converter from class java.time.ZonedDateTime to class [B as reading converter
2025-12-30 22:35:53.906 DEBUG --- [  restartedMain] o.s.data.convert.CustomConversions       : Adding converter from class [B to class java.time.ZonedDateTime as reading converter
2025-12-30 22:35:53.906 DEBUG --- [  restartedMain] o.s.data.convert.CustomConversions       : Adding converter from class java.time.Instant to class [B as reading converter
2025-12-30 22:35:53.906 DEBUG --- [  restartedMain] o.s.data.convert.CustomConversions       : Adding converter from class [B to class java.time.Instant as reading converter
2025-12-30 22:35:53.906 DEBUG --- [  restartedMain] o.s.data.convert.CustomConversions       : Adding converter from class java.time.ZoneId to class [B as reading converter
2025-12-30 22:35:53.907 DEBUG --- [  restartedMain] o.s.data.convert.CustomConversions       : Adding converter from class [B to class java.time.ZoneId as reading converter
2025-12-30 22:35:53.907 DEBUG --- [  restartedMain] o.s.data.convert.CustomConversions       : Adding converter from class java.time.Period to class [B as reading converter
2025-12-30 22:35:53.907 DEBUG --- [  restartedMain] o.s.data.convert.CustomConversions       : Adding converter from class [B to class java.time.Period as reading converter
2025-12-30 22:35:53.907 DEBUG --- [  restartedMain] o.s.data.convert.CustomConversions       : Adding converter from class java.time.Duration to class [B as reading converter
2025-12-30 22:35:53.907 DEBUG --- [  restartedMain] o.s.data.convert.CustomConversions       : Adding converter from class [B to class java.time.Duration as reading converter
2025-12-30 22:35:53.907 DEBUG --- [  restartedMain] o.s.data.convert.CustomConversions       : Adding converter from class java.time.OffsetDateTime to class [B as reading converter
2025-12-30 22:35:53.907 DEBUG --- [  restartedMain] o.s.data.convert.CustomConversions       : Adding converter from class [B to class java.time.OffsetDateTime as reading converter
2025-12-30 22:35:53.907 DEBUG --- [  restartedMain] o.s.data.convert.CustomConversions       : Adding converter from class java.time.OffsetTime to class [B as reading converter
2025-12-30 22:35:53.907 DEBUG --- [  restartedMain] o.s.data.convert.CustomConversions       : Adding converter from class [B to class java.time.OffsetTime as reading converter
2025-12-30 22:35:53.907 DEBUG --- [  restartedMain] o.s.data.convert.CustomConversions       : Adding converter from class java.util.Date to class java.time.LocalDateTime as reading converter
2025-12-30 22:35:53.907 DEBUG --- [  restartedMain] o.s.data.convert.CustomConversions       : Adding converter from class java.time.LocalDateTime to class java.util.Date as writing converter
2025-12-30 22:35:53.907 DEBUG --- [  restartedMain] o.s.data.convert.CustomConversions       : Adding converter from class java.util.Date to class java.time.LocalDate as reading converter
2025-12-30 22:35:53.907 DEBUG --- [  restartedMain] o.s.data.convert.CustomConversions       : Adding converter from class java.time.LocalDate to class java.util.Date as writing converter
2025-12-30 22:35:53.907 DEBUG --- [  restartedMain] o.s.data.convert.CustomConversions       : Adding converter from class java.util.Date to class java.time.LocalTime as reading converter
2025-12-30 22:35:53.907 DEBUG --- [  restartedMain] o.s.data.convert.CustomConversions       : Adding converter from class java.time.LocalTime to class java.util.Date as writing converter
2025-12-30 22:35:53.907 DEBUG --- [  restartedMain] o.s.data.convert.CustomConversions       : Adding converter from class java.util.Date to class java.time.Instant as reading converter
2025-12-30 22:35:53.907 DEBUG --- [  restartedMain] o.s.data.convert.CustomConversions       : Adding converter from class java.time.Instant to class java.util.Date as writing converter
2025-12-30 22:35:53.907 DEBUG --- [  restartedMain] o.s.data.convert.CustomConversions       : Adding converter from class java.time.LocalDateTime to class java.time.Instant as reading converter
2025-12-30 22:35:53.907 DEBUG --- [  restartedMain] o.s.data.convert.CustomConversions       : Adding converter from class java.time.Instant to class java.time.LocalDateTime as reading converter
2025-12-30 22:35:53.907 DEBUG --- [  restartedMain] o.s.data.convert.CustomConversions       : Adding converter from class java.time.ZoneId to class java.lang.String as writing converter
2025-12-30 22:35:53.907 DEBUG --- [  restartedMain] o.s.data.convert.CustomConversions       : Adding converter from class java.lang.String to class java.time.ZoneId as reading converter
2025-12-30 22:35:53.907 DEBUG --- [  restartedMain] o.s.data.convert.CustomConversions       : Adding converter from class java.time.Duration to class java.lang.String as writing converter
2025-12-30 22:35:53.907 DEBUG --- [  restartedMain] o.s.data.convert.CustomConversions       : Adding converter from class java.lang.String to class java.time.Duration as reading converter
2025-12-30 22:35:53.907 DEBUG --- [  restartedMain] o.s.data.convert.CustomConversions       : Adding converter from class java.time.Period to class java.lang.String as writing converter
2025-12-30 22:35:53.907 DEBUG --- [  restartedMain] o.s.data.convert.CustomConversions       : Adding converter from class java.lang.String to class java.time.Period as reading converter
2025-12-30 22:35:53.907 DEBUG --- [  restartedMain] o.s.data.convert.CustomConversions       : Adding converter from class java.lang.String to class java.time.LocalDate as reading converter
2025-12-30 22:35:53.907 DEBUG --- [  restartedMain] o.s.data.convert.CustomConversions       : Adding converter from class java.lang.String to class java.time.LocalDateTime as reading converter
2025-12-30 22:35:53.907 DEBUG --- [  restartedMain] o.s.data.convert.CustomConversions       : Adding converter from class java.lang.String to class java.time.Instant as reading converter
2025-12-30 22:35:53.923 DEBUG --- [  restartedMain] o.s.b.f.s.DefaultListableBeanFactory     : Creating shared instance of singleton bean 'kafkaTemplate'
2025-12-30 22:35:53.923 DEBUG --- [  restartedMain] o.s.b.f.s.DefaultListableBeanFactory     : Creating shared instance of singleton bean 'org.springframework.boot.autoconfigure.kafka.KafkaAutoConfiguration'
2025-12-30 22:35:53.923 DEBUG --- [  restartedMain] o.s.b.f.s.DefaultListableBeanFactory     : Creating shared instance of singleton bean 'spring.kafka-org.springframework.boot.autoconfigure.kafka.KafkaProperties'
2025-12-30 22:35:53.928 DEBUG --- [  restartedMain] o.s.b.f.s.DefaultListableBeanFactory     : Autowiring by type from bean name 'org.springframework.boot.autoconfigure.kafka.KafkaAutoConfiguration' via constructor to bean named 'spring.kafka-org.springframework.boot.autoconfigure.kafka.KafkaProperties'
2025-12-30 22:35:53.930 DEBUG --- [  restartedMain] o.s.b.f.s.DefaultListableBeanFactory     : Creating shared instance of singleton bean 'kafkaProducerFactory'
2025-12-30 22:35:53.930 DEBUG --- [  restartedMain] o.s.b.f.s.DefaultListableBeanFactory     : Creating shared instance of singleton bean 'kafkaConnectionDetails'
2025-12-30 22:35:53.930 DEBUG --- [  restartedMain] o.s.b.f.s.DefaultListableBeanFactory     : Autowiring by type from bean name 'kafkaConnectionDetails' via factory method to bean named 'spring.kafka-org.springframework.boot.autoconfigure.kafka.KafkaProperties'
2025-12-30 22:35:53.931 DEBUG --- [  restartedMain] o.s.b.f.s.DefaultListableBeanFactory     : Autowiring by type from bean name 'kafkaProducerFactory' via factory method to bean named 'kafkaConnectionDetails'
2025-12-30 22:35:53.944 DEBUG --- [  restartedMain] o.s.b.f.s.DefaultListableBeanFactory     : Creating shared instance of singleton bean 'kafkaProducerListener'
2025-12-30 22:35:53.945 DEBUG --- [  restartedMain] o.s.b.f.s.DefaultListableBeanFactory     : Autowiring by type from bean name 'kafkaTemplate' via factory method to bean named 'kafkaProducerFactory'
2025-12-30 22:35:53.946 DEBUG --- [  restartedMain] o.s.b.f.s.DefaultListableBeanFactory     : Autowiring by type from bean name 'kafkaTemplate' via factory method to bean named 'kafkaProducerListener'
2025-12-30 22:35:53.964 DEBUG --- [  restartedMain] o.s.b.f.s.DefaultListableBeanFactory     : Autowiring by type from bean name 'followServiceImpl' via constructor to bean named 'accountProfileMapperImpl'
2025-12-30 22:35:53.964 DEBUG --- [  restartedMain] o.s.b.f.s.DefaultListableBeanFactory     : Autowiring by type from bean name 'followServiceImpl' via constructor to bean named 'accountProfileRepository'
2025-12-30 22:35:53.964 DEBUG --- [  restartedMain] o.s.b.f.s.DefaultListableBeanFactory     : Autowiring by type from bean name 'followServiceImpl' via constructor to bean named 'booleanRedisTemplate'
2025-12-30 22:35:53.964 DEBUG --- [  restartedMain] o.s.b.f.s.DefaultListableBeanFactory     : Autowiring by type from bean name 'followServiceImpl' via constructor to bean named 'kafkaTemplate'
2025-12-30 22:35:53.985 DEBUG --- [  restartedMain] o.s.b.f.s.DefaultListableBeanFactory     : Creating shared instance of singleton bean 'com.fsocial.profileservice.repository.httpClient.PostClient'
2025-12-30 22:35:53.985 DEBUG --- [  restartedMain] o.s.c.openfeign.FeignClientFactoryBean   : Creating a FeignClientFactoryBean.
2025-12-30 22:35:53.988 DEBUG --- [  restartedMain] o.s.b.f.s.DefaultListableBeanFactory     : Creating shared instance of singleton bean 'feignContext'
2025-12-30 22:35:53.988 DEBUG --- [  restartedMain] o.s.b.f.s.DefaultListableBeanFactory     : Creating shared instance of singleton bean 'org.springframework.cloud.openfeign.FeignAutoConfiguration'
2025-12-30 22:35:53.989 DEBUG --- [  restartedMain] o.s.b.f.s.DefaultListableBeanFactory     : Creating shared instance of singleton bean 'default.com.fsocial.profileservice.ProfileServiceApplication.FeignClientSpecification'
2025-12-30 22:35:53.991 DEBUG --- [  restartedMain] o.s.b.f.s.DefaultListableBeanFactory     : Creating shared instance of singleton bean 'accountService.FeignClientSpecification'
2025-12-30 22:35:53.991 DEBUG --- [  restartedMain] o.s.b.f.s.DefaultListableBeanFactory     : Creating shared instance of singleton bean 'notification.FeignClientSpecification'
2025-12-30 22:35:53.991 DEBUG --- [  restartedMain] o.s.b.f.s.DefaultListableBeanFactory     : Creating shared instance of singleton bean 'postService.FeignClientSpecification'
2025-12-30 22:35:53.995 DEBUG --- [  restartedMain] s.c.a.AnnotationConfigApplicationContext : Refreshing FeignClientFactory-postService
2025-12-30 22:35:53.995 DEBUG --- [  restartedMain] o.s.b.f.s.DefaultListableBeanFactory     : Creating shared instance of singleton bean 'org.springframework.context.annotation.internalConfigurationAnnotationProcessor'
2025-12-30 22:35:54.008 DEBUG --- [  restartedMain] o.s.b.f.s.DefaultListableBeanFactory     : Creating shared instance of singleton bean 'propertySourcesPlaceholderConfigurer'
2025-12-30 22:35:54.009 DEBUG --- [  restartedMain] o.s.b.f.s.DefaultListableBeanFactory     : Creating shared instance of singleton bean 'org.springframework.context.event.internalEventListenerProcessor'
2025-12-30 22:35:54.009 DEBUG --- [  restartedMain] o.s.b.f.s.DefaultListableBeanFactory     : Creating shared instance of singleton bean 'org.springframework.context.event.internalEventListenerFactory'
2025-12-30 22:35:54.009 DEBUG --- [  restartedMain] o.s.b.f.s.DefaultListableBeanFactory     : Creating shared instance of singleton bean 'org.springframework.context.annotation.internalAutowiredAnnotationProcessor'
2025-12-30 22:35:54.009 DEBUG --- [  restartedMain] o.s.b.f.s.DefaultListableBeanFactory     : Creating shared instance of singleton bean 'org.springframework.context.annotation.internalCommonAnnotationProcessor'
2025-12-30 22:35:54.010 DEBUG --- [  restartedMain] o.s.b.f.s.DefaultListableBeanFactory     : Creating shared instance of singleton bean 'propertyPlaceholderAutoConfiguration'
2025-12-30 22:35:54.010 DEBUG --- [  restartedMain] o.s.b.f.s.DefaultListableBeanFactory     : Creating shared instance of singleton bean 'feignClientsConfiguration'
2025-12-30 22:35:54.012 DEBUG --- [  restartedMain] o.s.b.f.s.DefaultListableBeanFactory     : Creating shared instance of singleton bean 'spring.data.web-org.springframework.boot.autoconfigure.data.web.SpringDataWebProperties'
2025-12-30 22:35:54.014 DEBUG --- [  restartedMain] o.s.b.f.s.DefaultListableBeanFactory     : Creating shared instance of singleton bean 'spring.cloud.openfeign.client-org.springframework.cloud.openfeign.FeignClientProperties'
2025-12-30 22:35:54.015 DEBUG --- [  restartedMain] o.s.b.f.s.DefaultListableBeanFactory     : Creating shared instance of singleton bean 'spring.cloud.openfeign.encoder-org.springframework.cloud.openfeign.support.FeignEncoderProperties'
2025-12-30 22:35:54.016 DEBUG --- [  restartedMain] o.s.b.f.s.DefaultListableBeanFactory     : Creating shared instance of singleton bean 'org.springframework.cloud.openfeign.FeignClientsConfiguration$DefaultFeignBuilderConfiguration'
2025-12-30 22:35:54.016 DEBUG --- [  restartedMain] o.s.b.f.s.DefaultListableBeanFactory     : Creating shared instance of singleton bean 'feignDecoder'
2025-12-30 22:35:54.019 DEBUG --- [  restartedMain] o.s.b.f.s.DefaultListableBeanFactory     : Creating shared instance of singleton bean 'feignEncoderPageable'
2025-12-30 22:35:54.027 DEBUG --- [  restartedMain] o.s.b.f.s.DefaultListableBeanFactory     : Creating shared instance of singleton bean 'feignQueryMapEncoderPageable'
2025-12-30 22:35:54.028 DEBUG --- [  restartedMain] o.s.b.f.s.DefaultListableBeanFactory     : Creating shared instance of singleton bean 'feignContract'
2025-12-30 22:35:54.029 DEBUG --- [  restartedMain] o.s.b.f.s.DefaultListableBeanFactory     : Creating shared instance of singleton bean 'feignConversionService'
2025-12-30 22:35:54.030 DEBUG --- [  restartedMain] o.s.b.f.s.DefaultListableBeanFactory     : Autowiring by type from bean name 'feignContract' via factory method to bean named 'feignConversionService'
2025-12-30 22:35:54.035 DEBUG --- [  restartedMain] o.s.b.f.s.DefaultListableBeanFactory     : Creating shared instance of singleton bean 'feignRetryer'
2025-12-30 22:35:54.036 DEBUG --- [  restartedMain] o.s.b.f.s.DefaultListableBeanFactory     : Creating shared instance of singleton bean 'feignLoggerFactory'
2025-12-30 22:35:54.037 DEBUG --- [  restartedMain] o.s.b.f.s.DefaultListableBeanFactory     : Creating shared instance of singleton bean 'feignClientConfigurer'
2025-12-30 22:35:54.045 DEBUG --- [  restartedMain] o.s.b.f.s.DefaultListableBeanFactory     : Creating shared instance of singleton bean 'mvcResourceUrlProvider'
2025-12-30 22:35:54.045 DEBUG --- [  restartedMain] o.s.b.f.s.DefaultListableBeanFactory     : Creating shared instance of singleton bean 'org.springframework.boot.autoconfigure.web.servlet.WebMvcAutoConfiguration$EnableWebMvcConfiguration'
2025-12-30 22:35:54.046 DEBUG --- [  restartedMain] o.s.b.f.s.DefaultListableBeanFactory     : Creating shared instance of singleton bean 'spring.web-org.springframework.boot.autoconfigure.web.WebProperties'
2025-12-30 22:35:54.057 DEBUG --- [  restartedMain] o.s.b.f.s.DefaultListableBeanFactory     : Autowiring by type from bean name 'org.springframework.boot.autoconfigure.web.servlet.WebMvcAutoConfiguration$EnableWebMvcConfiguration' via constructor to bean named 'spring.mvc-org.springframework.boot.autoconfigure.web.servlet.WebMvcProperties'
2025-12-30 22:35:54.057 DEBUG --- [  restartedMain] o.s.b.f.s.DefaultListableBeanFactory     : Autowiring by type from bean name 'org.springframework.boot.autoconfigure.web.servlet.WebMvcAutoConfiguration$EnableWebMvcConfiguration' via constructor to bean named 'spring.web-org.springframework.boot.autoconfigure.web.WebProperties'
2025-12-30 22:35:54.057 DEBUG --- [  restartedMain] o.s.b.f.s.DefaultListableBeanFactory     : Autowiring by type from bean name 'org.springframework.boot.autoconfigure.web.servlet.WebMvcAutoConfiguration$EnableWebMvcConfiguration' via constructor to bean named 'org.springframework.beans.factory.support.DefaultListableBeanFactory@72d2769e'
2025-12-30 22:35:54.061 DEBUG --- [  restartedMain] o.s.b.f.s.DefaultListableBeanFactory     : Creating shared instance of singleton bean 'org.springframework.security.config.annotation.web.configuration.WebMvcSecurityConfiguration'
2025-12-30 22:35:54.064 DEBUG --- [  restartedMain] o.s.b.f.s.DefaultListableBeanFactory     : Creating shared instance of singleton bean 'org.springframework.boot.autoconfigure.web.servlet.WebMvcAutoConfiguration$WebMvcAutoConfigurationAdapter'
2025-12-30 22:35:54.064 DEBUG --- [  restartedMain] o.s.b.f.s.DefaultListableBeanFactory     : Autowiring by type from bean name 'org.springframework.boot.autoconfigure.web.servlet.WebMvcAutoConfiguration$WebMvcAutoConfigurationAdapter' via constructor to bean named 'spring.web-org.springframework.boot.autoconfigure.web.WebProperties'
2025-12-30 22:35:54.064 DEBUG --- [  restartedMain] o.s.b.f.s.DefaultListableBeanFactory     : Autowiring by type from bean name 'org.springframework.boot.autoconfigure.web.servlet.WebMvcAutoConfiguration$WebMvcAutoConfigurationAdapter' via constructor to bean named 'spring.mvc-org.springframework.boot.autoconfigure.web.servlet.WebMvcProperties'
2025-12-30 22:35:54.064 DEBUG --- [  restartedMain] o.s.b.f.s.DefaultListableBeanFactory     : Autowiring by type from bean name 'org.springframework.boot.autoconfigure.web.servlet.WebMvcAutoConfiguration$WebMvcAutoConfigurationAdapter' via constructor to bean named 'org.springframework.beans.factory.support.DefaultListableBeanFactory@72d2769e'
2025-12-30 22:35:54.066 DEBUG --- [  restartedMain] o.s.b.f.s.DefaultListableBeanFactory     : Creating shared instance of singleton bean 'resourceHandlerRegistrationCustomizer'
2025-12-30 22:35:54.066 DEBUG --- [  restartedMain] o.s.b.f.s.DefaultListableBeanFactory     : Creating shared instance of singleton bean 'org.springframework.boot.autoconfigure.web.servlet.WebMvcAutoConfiguration$ResourceChainCustomizerConfiguration'
2025-12-30 22:35:54.067 DEBUG --- [  restartedMain] o.s.b.f.s.DefaultListableBeanFactory     : Autowiring by type from bean name 'resourceHandlerRegistrationCustomizer' via factory method to bean named 'spring.web-org.springframework.boot.autoconfigure.web.WebProperties'
2025-12-30 22:35:54.069 DEBUG --- [  restartedMain] o.s.b.f.s.DefaultListableBeanFactory     : Creating shared instance of singleton bean 'swaggerWebMvcConfigurer'
2025-12-30 22:35:54.069 DEBUG --- [  restartedMain] o.s.b.f.s.DefaultListableBeanFactory     : Creating shared instance of singleton bean 'org.springdoc.webmvc.ui.SwaggerConfig'
2025-12-30 22:35:54.071 DEBUG --- [  restartedMain] o.s.b.f.s.DefaultListableBeanFactory     : Creating shared instance of singleton bean 'org.springdoc.core.properties.SwaggerUiConfigProperties'
2025-12-30 22:35:54.081 DEBUG --- [  restartedMain] o.s.b.f.s.DefaultListableBeanFactory     : Creating shared instance of singleton bean 'indexPageTransformer'
2025-12-30 22:35:54.081 DEBUG --- [  restartedMain] o.s.b.f.s.DefaultListableBeanFactory     : Creating shared instance of singleton bean 'org.springdoc.core.properties.SwaggerUiOAuthProperties'
2025-12-30 22:35:54.085 DEBUG --- [  restartedMain] o.s.b.f.s.DefaultListableBeanFactory     : Creating shared instance of singleton bean 'swaggerWelcome'
2025-12-30 22:35:54.085 DEBUG --- [  restartedMain] o.s.b.f.s.DefaultListableBeanFactory     : Creating shared instance of singleton bean 'org.springdoc.core.properties.SpringDocConfigProperties'
2025-12-30 22:35:54.093 DEBUG --- [  restartedMain] o.s.b.f.s.DefaultListableBeanFactory     : Creating shared instance of singleton bean 'springWebProvider'
2025-12-30 22:35:54.093 DEBUG --- [  restartedMain] o.s.b.f.s.DefaultListableBeanFactory     : Creating shared instance of singleton bean 'org.springdoc.webmvc.core.configuration.SpringDocWebMvcConfiguration'
2025-12-30 22:35:54.098 DEBUG --- [  restartedMain] o.s.b.f.s.DefaultListableBeanFactory     : Autowiring by type from bean name 'swaggerWelcome' via factory method to bean named 'org.springdoc.core.properties.SwaggerUiConfigProperties'
2025-12-30 22:35:54.098 DEBUG --- [  restartedMain] o.s.b.f.s.DefaultListableBeanFactory     : Autowiring by type from bean name 'swaggerWelcome' via factory method to bean named 'org.springdoc.core.properties.SpringDocConfigProperties'
2025-12-30 22:35:54.098 DEBUG --- [  restartedMain] o.s.b.f.s.DefaultListableBeanFactory     : Autowiring by type from bean name 'swaggerWelcome' via factory method to bean named 'springWebProvider'
2025-12-30 22:35:54.121 DEBUG --- [  restartedMain] o.s.b.f.s.DefaultListableBeanFactory     : Creating shared instance of singleton bean 'springdocObjectMapperProvider'
2025-12-30 22:35:54.121 DEBUG --- [  restartedMain] o.s.b.f.s.DefaultListableBeanFactory     : Creating shared instance of singleton bean 'org.springdoc.core.configuration.SpringDocConfiguration'
2025-12-30 22:35:54.124 DEBUG --- [  restartedMain] o.s.b.f.s.DefaultListableBeanFactory     : Autowiring by type from bean name 'springdocObjectMapperProvider' via factory method to bean named 'org.springdoc.core.properties.SpringDocConfigProperties'
2025-12-30 22:35:54.153 DEBUG --- [  restartedMain] o.s.b.f.s.DefaultListableBeanFactory     : Autowiring by type from bean name 'indexPageTransformer' via factory method to bean named 'org.springdoc.core.properties.SwaggerUiConfigProperties'
2025-12-30 22:35:54.153 DEBUG --- [  restartedMain] o.s.b.f.s.DefaultListableBeanFactory     : Autowiring by type from bean name 'indexPageTransformer' via factory method to bean named 'org.springdoc.core.properties.SwaggerUiOAuthProperties'
2025-12-30 22:35:54.153 DEBUG --- [  restartedMain] o.s.b.f.s.DefaultListableBeanFactory     : Autowiring by type from bean name 'indexPageTransformer' via factory method to bean named 'swaggerWelcome'
2025-12-30 22:35:54.153 DEBUG --- [  restartedMain] o.s.b.f.s.DefaultListableBeanFactory     : Autowiring by type from bean name 'indexPageTransformer' via factory method to bean named 'springdocObjectMapperProvider'
2025-12-30 22:35:54.158 DEBUG --- [  restartedMain] o.s.b.f.s.DefaultListableBeanFactory     : Creating shared instance of singleton bean 'swaggerResourceResolver'
2025-12-30 22:35:54.158 DEBUG --- [  restartedMain] o.s.b.f.s.DefaultListableBeanFactory     : Autowiring by type from bean name 'swaggerResourceResolver' via factory method to bean named 'org.springdoc.core.properties.SwaggerUiConfigProperties'
2025-12-30 22:35:54.162 DEBUG --- [  restartedMain] o.s.b.f.s.DefaultListableBeanFactory     : Autowiring by type from bean name 'swaggerWebMvcConfigurer' via factory method to bean named 'org.springdoc.core.properties.SwaggerUiConfigProperties'
2025-12-30 22:35:54.162 DEBUG --- [  restartedMain] o.s.b.f.s.DefaultListableBeanFactory     : Autowiring by type from bean name 'swaggerWebMvcConfigurer' via factory method to bean named 'indexPageTransformer'
2025-12-30 22:35:54.162 DEBUG --- [  restartedMain] o.s.b.f.s.DefaultListableBeanFactory     : Autowiring by type from bean name 'swaggerWebMvcConfigurer' via factory method to bean named 'swaggerResourceResolver'
2025-12-30 22:35:54.164 DEBUG --- [  restartedMain] o.s.b.f.s.DefaultListableBeanFactory     : Creating shared instance of singleton bean 'org.springframework.data.web.config.SpringDataWebConfiguration'
2025-12-30 22:35:54.165 DEBUG --- [  restartedMain] o.s.b.f.s.DefaultListableBeanFactory     : Autowiring by type from bean name 'org.springframework.data.web.config.SpringDataWebConfiguration' via constructor to bean named 'org.springframework.boot.web.servlet.context.AnnotationConfigServletWebServerApplicationContext@2afacb41'
2025-12-30 22:35:54.167 DEBUG --- [  restartedMain] o.s.b.f.s.DefaultListableBeanFactory     : Creating shared instance of singleton bean 'org.springframework.cloud.commons.security.ResourceServerTokenRelayAutoConfiguration$ResourceServerTokenRelayRegistrationAutoConfiguration'
2025-12-30 22:35:54.175 DEBUG --- [  restartedMain] o.s.b.f.s.DefaultListableBeanFactory     : Creating shared instance of singleton bean 'org.springframework.amqp.rabbit.config.internalRabbitListenerEndpointRegistry'
2025-12-30 22:35:54.176 DEBUG --- [  restartedMain] o.s.b.f.s.DefaultListableBeanFactory     : Creating shared instance of singleton bean 'org.springframework.kafka.config.internalKafkaListenerEndpointRegistry'
2025-12-30 22:35:54.179 DEBUG --- [  restartedMain] o.s.b.f.s.DefaultListableBeanFactory     : Autowiring by type from bean name 'feignBuilder' via factory method to bean named 'feignRetryer'
2025-12-30 22:35:54.192 DEBUG --- [  restartedMain] o.s.b.f.s.DefaultListableBeanFactory     : Creating shared instance of singleton bean 'feignTargeter'
2025-12-30 22:35:54.192 DEBUG --- [  restartedMain] o.s.b.f.s.DefaultListableBeanFactory     : Creating shared instance of singleton bean 'org.springframework.cloud.openfeign.FeignAutoConfiguration$DefaultFeignTargeterConfiguration'
2025-12-30 22:35:54.209 DEBUG --- [  restartedMain] o.s.b.f.s.DefaultListableBeanFactory     : Autowiring by type from bean name 'accountProfileServiceImpl' via constructor to bean named 'followServiceImpl'
2025-12-30 22:35:54.210 DEBUG --- [  restartedMain] o.s.b.f.s.DefaultListableBeanFactory     : Autowiring by type from bean name 'accountProfileServiceImpl' via constructor to bean named 'accountProfileRepository'
2025-12-30 22:35:54.210 DEBUG --- [  restartedMain] o.s.b.f.s.DefaultListableBeanFactory     : Autowiring by type from bean name 'accountProfileServiceImpl' via constructor to bean named 'accountProfileMapperImpl'
2025-12-30 22:35:54.210 DEBUG --- [  restartedMain] o.s.b.f.s.DefaultListableBeanFactory     : Autowiring by type from bean name 'accountProfileServiceImpl' via constructor to bean named 'com.fsocial.profileservice.repository.httpClient.PostClient'
2025-12-30 22:35:54.216 DEBUG --- [  restartedMain] o.s.b.f.s.DefaultListableBeanFactory     : Autowiring by type from bean name 'profileConsumer' via constructor to bean named 'accountProfileServiceImpl'
2025-12-30 22:35:54.220 DEBUG --- [  restartedMain] o.s.c.e.PropertySourcesPropertyResolver  : Found key 'rabbitmq.queue.profile.create' in PropertySource 'environmentProperties' with value of type String
2025-12-30 22:35:54.221 DEBUG --- [  restartedMain] o.s.b.f.s.DefaultListableBeanFactory     : Creating shared instance of singleton bean 'auditingConfig'
2025-12-30 22:35:54.222 DEBUG --- [  restartedMain] o.s.b.f.s.DefaultListableBeanFactory     : Creating shared instance of singleton bean 'corsConfig'
2025-12-30 22:35:54.222 DEBUG --- [  restartedMain] o.s.b.f.s.DefaultListableBeanFactory     : Creating shared instance of singleton bean 'openAPIConfig'
2025-12-30 22:35:54.223 DEBUG --- [  restartedMain] o.s.c.e.PropertySourcesPropertyResolver  : Found key 'server.port' in PropertySource 'environmentProperties' with value of type String
2025-12-30 22:35:54.223 DEBUG --- [  restartedMain] o.s.b.f.s.DefaultListableBeanFactory     : Creating shared instance of singleton bean 'rabbitMQConfig'
2025-12-30 22:35:54.224 DEBUG --- [  restartedMain] o.s.c.e.PropertySourcesPropertyResolver  : Found key 'rabbitmq.queue.profile.create' in PropertySource 'environmentProperties' with value of type String
2025-12-30 22:35:54.224 DEBUG --- [  restartedMain] o.s.c.e.PropertySourcesPropertyResolver  : Found key 'rabbitmq.exchange.profile.create' in PropertySource 'environmentProperties' with value of type String
2025-12-30 22:35:54.224 DEBUG --- [  restartedMain] o.s.c.e.PropertySourcesPropertyResolver  : Found key 'rabbitmq.routing.profile.create' in PropertySource 'environmentProperties' with value of type String
2025-12-30 22:35:54.225 DEBUG --- [  restartedMain] o.s.b.f.s.DefaultListableBeanFactory     : Creating shared instance of singleton bean 'restTemplateConfig'
2025-12-30 22:35:54.225 DEBUG --- [  restartedMain] o.s.b.f.s.DefaultListableBeanFactory     : Creating shared instance of singleton bean 'accountProfileController'
2025-12-30 22:35:54.227 DEBUG --- [  restartedMain] o.s.b.f.s.DefaultListableBeanFactory     : Creating shared instance of singleton bean 'profileServiceImpl'
2025-12-30 22:35:54.227 DEBUG --- [  restartedMain] o.s.b.f.s.DefaultListableBeanFactory     : Creating shared instance of singleton bean 'profileRepository'
2025-12-30 22:35:54.229 DEBUG --- [  restartedMain] o.s.b.f.s.DefaultListableBeanFactory     : Creating shared instance of singleton bean 'neo4j.named-queries#1'
2025-12-30 22:35:54.230 DEBUG --- [  restartedMain] o.s.b.f.s.DefaultListableBeanFactory     : Creating shared instance of singleton bean 'neo4j.ProfileRepository.fragments#0'
2025-12-30 22:35:54.231 DEBUG --- [  restartedMain] o.s.d.r.c.s.RepositoryFactorySupport     : Initializing repository instance for com.fsocial.profileservice.repository.ProfileRepository…
2025-12-30 22:35:54.235 DEBUG --- [  restartedMain] o.s.d.r.c.s.RepositoryFactorySupport     : Finished creation of repository instance for com.fsocial.profileservice.repository.ProfileRepository.
2025-12-30 22:35:54.236 DEBUG --- [  restartedMain] o.s.b.f.s.DefaultListableBeanFactory     : Autowiring by type from bean name 'profileServiceImpl' via constructor to bean named 'profileRepository'
2025-12-30 22:35:54.236 DEBUG --- [  restartedMain] o.s.b.f.s.DefaultListableBeanFactory     : Autowiring by type from bean name 'profileServiceImpl' via constructor to bean named 'accountProfileMapperImpl'
2025-12-30 22:35:54.237 DEBUG --- [  restartedMain] o.s.b.f.s.DefaultListableBeanFactory     : Autowiring by type from bean name 'accountProfileController' via constructor to bean named 'accountProfileServiceImpl'
2025-12-30 22:35:54.237 DEBUG --- [  restartedMain] o.s.b.f.s.DefaultListableBeanFactory     : Autowiring by type from bean name 'accountProfileController' via constructor to bean named 'profileServiceImpl'
2025-12-30 22:35:54.238 DEBUG --- [  restartedMain] o.s.b.f.s.DefaultListableBeanFactory     : Creating shared instance of singleton bean 'APIProfileInternal'
2025-12-30 22:35:54.239 DEBUG --- [  restartedMain] o.s.b.f.s.DefaultListableBeanFactory     : Autowiring by type from bean name 'APIProfileInternal' via constructor to bean named 'accountProfileServiceImpl'
2025-12-30 22:35:54.239 DEBUG --- [  restartedMain] o.s.b.f.s.DefaultListableBeanFactory     : Autowiring by type from bean name 'APIProfileInternal' via constructor to bean named 'profileServiceImpl'
2025-12-30 22:35:54.239 DEBUG --- [  restartedMain] o.s.b.f.s.DefaultListableBeanFactory     : Creating shared instance of singleton bean 'checkConnection'
2025-12-30 22:35:54.240 DEBUG --- [  restartedMain] o.s.b.f.s.DefaultListableBeanFactory     : Creating shared instance of singleton bean 'followController'
2025-12-30 22:35:54.241 DEBUG --- [  restartedMain] o.s.b.f.s.DefaultListableBeanFactory     : Autowiring by type from bean name 'followController' via constructor to bean named 'followServiceImpl'
2025-12-30 22:35:54.241 DEBUG --- [  restartedMain] o.s.b.f.s.DefaultListableBeanFactory     : Creating shared instance of singleton bean 'profileController'
2025-12-30 22:35:54.242 DEBUG --- [  restartedMain] o.s.b.f.s.DefaultListableBeanFactory     : Autowiring by type from bean name 'profileController' via constructor to bean named 'profileServiceImpl'
2025-12-30 22:35:54.242 DEBUG --- [  restartedMain] o.s.b.f.s.DefaultListableBeanFactory     : Autowiring by type from bean name 'profileController' via constructor to bean named 'accountProfileServiceImpl'
2025-12-30 22:35:54.242 DEBUG --- [  restartedMain] o.s.b.f.s.DefaultListableBeanFactory     : Creating shared instance of singleton bean 'globalExceptionHandler'
2025-12-30 22:35:54.244 DEBUG --- [  restartedMain] o.s.b.f.s.DefaultListableBeanFactory     : Creating shared instance of singleton bean 'org.springframework.security.config.annotation.configuration.ObjectPostProcessorConfiguration'
2025-12-30 22:35:54.245 DEBUG --- [  restartedMain] o.s.b.f.s.DefaultListableBeanFactory     : Creating shared instance of singleton bean 'objectPostProcessor'
2025-12-30 22:35:54.245 DEBUG --- [  restartedMain] o.s.b.f.s.DefaultListableBeanFactory     : Autowiring by type from bean name 'objectPostProcessor' via factory method to bean named 'org.springframework.beans.factory.support.DefaultListableBeanFactory@72d2769e'
2025-12-30 22:35:54.246 DEBUG --- [  restartedMain] o.s.b.f.s.DefaultListableBeanFactory     : Creating shared instance of singleton bean 'org.springframework.security.config.annotation.authentication.configuration.AuthenticationConfiguration'
2025-12-30 22:35:54.248 DEBUG --- [  restartedMain] o.s.b.f.s.DefaultListableBeanFactory     : Creating shared instance of singleton bean 'enableGlobalAuthenticationAutowiredConfigurer'
2025-12-30 22:35:54.249 DEBUG --- [  restartedMain] o.s.b.f.s.DefaultListableBeanFactory     : Autowiring by type from bean name 'enableGlobalAuthenticationAutowiredConfigurer' via factory method to bean named 'org.springframework.boot.web.servlet.context.AnnotationConfigServletWebServerApplicationContext@2afacb41'
2025-12-30 22:35:54.249 DEBUG --- [  restartedMain] o.s.b.f.s.DefaultListableBeanFactory     : Creating shared instance of singleton bean 'initializeUserDetailsBeanManagerConfigurer'
2025-12-30 22:35:54.249 DEBUG --- [  restartedMain] o.s.b.f.s.DefaultListableBeanFactory     : Autowiring by type from bean name 'initializeUserDetailsBeanManagerConfigurer' via factory method to bean named 'org.springframework.boot.web.servlet.context.AnnotationConfigServletWebServerApplicationContext@2afacb41'
2025-12-30 22:35:54.250 DEBUG --- [  restartedMain] o.s.b.f.s.DefaultListableBeanFactory     : Creating shared instance of singleton bean 'initializeAuthenticationProviderBeanManagerConfigurer'
2025-12-30 22:35:54.250 DEBUG --- [  restartedMain] o.s.b.f.s.DefaultListableBeanFactory     : Autowiring by type from bean name 'initializeAuthenticationProviderBeanManagerConfigurer' via factory method to bean named 'org.springframework.boot.web.servlet.context.AnnotationConfigServletWebServerApplicationContext@2afacb41'
2025-12-30 22:35:54.251 DEBUG --- [  restartedMain] o.s.b.f.s.DefaultListableBeanFactory     : Creating shared instance of singleton bean 'authenticationManagerBuilder'
2025-12-30 22:35:54.251 DEBUG --- [  restartedMain] o.s.b.f.s.DefaultListableBeanFactory     : Autowiring by type from bean name 'authenticationManagerBuilder' via factory method to bean named 'objectPostProcessor'
2025-12-30 22:35:54.251 DEBUG --- [  restartedMain] o.s.b.f.s.DefaultListableBeanFactory     : Autowiring by type from bean name 'authenticationManagerBuilder' via factory method to bean named 'org.springframework.boot.web.servlet.context.AnnotationConfigServletWebServerApplicationContext@2afacb41'
2025-12-30 22:35:54.252 DEBUG --- [  restartedMain] o.s.b.f.s.DefaultListableBeanFactory     : Creating shared instance of singleton bean 'authenticationEventPublisher'
2025-12-30 22:35:54.252 DEBUG --- [  restartedMain] o.s.b.f.s.DefaultListableBeanFactory     : Creating shared instance of singleton bean 'org.springframework.boot.autoconfigure.security.servlet.SecurityAutoConfiguration'
2025-12-30 22:35:54.253 DEBUG --- [  restartedMain] o.s.b.f.s.DefaultListableBeanFactory     : Autowiring by type from bean name 'authenticationEventPublisher' via factory method to bean named 'org.springframework.boot.web.servlet.context.AnnotationConfigServletWebServerApplicationContext@2afacb41'
2025-12-30 22:35:54.265 DEBUG --- [  restartedMain] o.s.b.f.s.DefaultListableBeanFactory     : Creating shared instance of singleton bean 'org.springframework.security.config.annotation.web.configuration.WebSecurityConfiguration'
2025-12-30 22:35:54.268 DEBUG --- [  restartedMain] o.s.b.f.s.DefaultListableBeanFactory     : Creating shared instance of singleton bean 'org.springframework.security.config.annotation.web.configuration.HttpSecurityConfiguration'
2025-12-30 22:35:54.274 DEBUG --- [  restartedMain] o.s.b.f.s.DefaultListableBeanFactory     : Creating shared instance of singleton bean 'mvcContentNegotiationManager'
2025-12-30 22:35:54.325 DEBUG --- [  restartedMain] swordEncoderAuthenticationManagerBuilder : No authenticationProviders and no parentAuthenticationManager defined. Returning null.
2025-12-30 22:35:54.434 DEBUG --- [  restartedMain] o.s.b.f.s.DefaultListableBeanFactory     : Creating shared instance of singleton bean 'filterChainDecoratorPostProcessor'
2025-12-30 22:35:54.441 DEBUG --- [  restartedMain] o.s.b.f.s.DefaultListableBeanFactory     : Creating shared instance of singleton bean 'mvcHandlerMappingIntrospectorRequestTransformer'
2025-12-30 22:35:54.441 DEBUG --- [  restartedMain] o.s.b.f.s.DefaultListableBeanFactory     : Creating shared instance of singleton bean 'mvcHandlerMappingIntrospector'
2025-12-30 22:35:54.446 DEBUG --- [  restartedMain] o.s.b.f.s.DefaultListableBeanFactory     : Creating shared instance of singleton bean 'welcomePageHandlerMapping'
2025-12-30 22:35:54.447 DEBUG --- [  restartedMain] o.s.b.f.s.DefaultListableBeanFactory     : Creating shared instance of singleton bean 'mvcConversionService'
2025-12-30 22:35:54.459 DEBUG --- [  restartedMain] o.s.b.f.s.DefaultListableBeanFactory     : Autowiring by type from bean name 'welcomePageHandlerMapping' via factory method to bean named 'org.springframework.boot.web.servlet.context.AnnotationConfigServletWebServerApplicationContext@2afacb41'
2025-12-30 22:35:54.460 DEBUG --- [  restartedMain] o.s.b.f.s.DefaultListableBeanFactory     : Autowiring by type from bean name 'welcomePageHandlerMapping' via factory method to bean named 'mvcConversionService'
2025-12-30 22:35:54.460 DEBUG --- [  restartedMain] o.s.b.f.s.DefaultListableBeanFactory     : Autowiring by type from bean name 'welcomePageHandlerMapping' via factory method to bean named 'mvcResourceUrlProvider'
2025-12-30 22:35:54.466 DEBUG --- [  restartedMain] org.apache.catalina.webresources.Cache   : Increased cache size by [521] for item [org.apache.catalina.webresources.CachedResource@4e1f401e] at [/index.html] making total cache size [1053]
2025-12-30 22:35:54.489 DEBUG --- [  restartedMain] o.s.b.f.s.DefaultListableBeanFactory     : Creating shared instance of singleton bean 'welcomePageNotAcceptableHandlerMapping'
2025-12-30 22:35:54.491 DEBUG --- [  restartedMain] o.s.b.f.s.DefaultListableBeanFactory     : Autowiring by type from bean name 'welcomePageNotAcceptableHandlerMapping' via factory method to bean named 'org.springframework.boot.web.servlet.context.AnnotationConfigServletWebServerApplicationContext@2afacb41'
2025-12-30 22:35:54.491 DEBUG --- [  restartedMain] o.s.b.f.s.DefaultListableBeanFactory     : Autowiring by type from bean name 'welcomePageNotAcceptableHandlerMapping' via factory method to bean named 'mvcConversionService'
2025-12-30 22:35:54.491 DEBUG --- [  restartedMain] o.s.b.f.s.DefaultListableBeanFactory     : Autowiring by type from bean name 'welcomePageNotAcceptableHandlerMapping' via factory method to bean named 'mvcResourceUrlProvider'
2025-12-30 22:35:54.506 DEBUG --- [  restartedMain] o.s.b.f.s.DefaultListableBeanFactory     : Creating shared instance of singleton bean 'requestMappingHandlerMapping'
2025-12-30 22:35:54.507 DEBUG --- [  restartedMain] o.s.b.f.s.DefaultListableBeanFactory     : Autowiring by type from bean name 'requestMappingHandlerMapping' via factory method to bean named 'mvcContentNegotiationManager'
2025-12-30 22:35:54.507 DEBUG --- [  restartedMain] o.s.b.f.s.DefaultListableBeanFactory     : Autowiring by type from bean name 'requestMappingHandlerMapping' via factory method to bean named 'mvcConversionService'
2025-12-30 22:35:54.508 DEBUG --- [  restartedMain] o.s.b.f.s.DefaultListableBeanFactory     : Autowiring by type from bean name 'requestMappingHandlerMapping' via factory method to bean named 'mvcResourceUrlProvider'
2025-12-30 22:35:54.581 DEBUG --- [  restartedMain] _.s.web.servlet.HandlerMapping.Mappings  : 
	c.f.p.c.AccountProfileController:
	{GET [/profile-page]}: getProfilePage()
	{GET [ || /]}: getAccountProfile()
	{GET [/{profileId}]}: getProfileAdmin(String)
	{PUT [/update]}: updateProfile(ProfileUpdateRequest)
	{PUT [/update-avatar]}: updateAvatar(MultipartFile)
	{PUT [/update-banner]}: updateBanner(MultipartFile)
	{GET [/external/{userIdByPost}]}: getProfileResponseByUserId(String)
	{GET [/profile-page/{userId}/other]}: getProfilePageOther(String)
	{POST [/update-visibility/{userId}]}: updateProfileVisibility()
2025-12-30 22:35:54.599 DEBUG --- [  restartedMain] _.s.web.servlet.HandlerMapping.Mappings  : 
	c.f.p.c.APIProfileInternal:
	{GET [/internal/{userId}]}: getProfileByUserId(String)
	{GET [/internal/message/{userId}]}: getAccountProfileFromAnotherService(String)
	{POST [/internal/create]}: createAccountProfile(ProfileRegisterRequest)
2025-12-30 22:35:54.602 DEBUG --- [  restartedMain] _.s.web.servlet.HandlerMapping.Mappings  : 
	c.f.p.c.CheckConnection:
	{GET [/check]}: checkConnection()
2025-12-30 22:35:54.604 DEBUG --- [  restartedMain] _.s.web.servlet.HandlerMapping.Mappings  : 
	c.f.p.c.FollowController:
	{DELETE [/follow/{userId}]}: unfollowUser(String)
	{GET [/follow/is-following/{userId}]}: isFollowing(String)
	{GET [/follow/{userId}]}: followUser(String)
	{GET [/follow/followers]}: getFollowersOfOwner()
	{GET [/follow/following/{userId}]}: getFollowingOfAnotherUser(String)
	{GET [/follow/list_following]}: getFollowingOfFollower()
	{GET [/follow/following]}: getFollowingOfOwner()
	{GET [/follow/followers/{userId}]}: getFollowersOfAnotherUser(String)
2025-12-30 22:35:54.606 DEBUG --- [  restartedMain] _.s.web.servlet.HandlerMapping.Mappings  : 
	c.f.p.c.ProfileController:
	{GET [/actions/find]}: findByName(String)
2025-12-30 22:35:54.645 DEBUG --- [  restartedMain] _.s.web.servlet.HandlerMapping.Mappings  : 
	o.s.b.a.w.s.e.BasicErrorController:
	{ [/error]}: error(HttpServletRequest)
	{ [/error], produces [text/html]}: errorHtml(HttpServletRequest,HttpServletResponse)
2025-12-30 22:35:54.670 DEBUG --- [  restartedMain] o.s.c.e.PropertySourcesPropertyResolver  : Found key 'springdoc.api-docs.path' in PropertySource 'environmentProperties' with value of type String
2025-12-30 22:35:54.677 DEBUG --- [  restartedMain] o.s.c.e.PropertySourcesPropertyResolver  : Found key 'springdoc.api-docs.path' in PropertySource 'environmentProperties' with value of type String
2025-12-30 22:35:54.681 DEBUG --- [  restartedMain] o.s.c.e.PropertySourcesPropertyResolver  : Found key 'springdoc.api-docs.path' in PropertySource 'environmentProperties' with value of type String
2025-12-30 22:35:54.682 DEBUG --- [  restartedMain] o.s.c.e.PropertySourcesPropertyResolver  : Found key 'springdoc.api-docs.path' in PropertySource 'environmentProperties' with value of type String
2025-12-30 22:35:54.683 DEBUG --- [  restartedMain] _.s.web.servlet.HandlerMapping.Mappings  : 
	o.s.w.a.OpenApiWebMvcResource:
	{GET [/v3/api-docs.yaml], produces [application/vnd.oai.openapi]}: openapiYaml(HttpServletRequest,String,Locale)
	{GET [/v3/api-docs], produces [application/json]}: openapiJson(HttpServletRequest,String,Locale)
2025-12-30 22:35:54.686 DEBUG --- [  restartedMain] o.s.c.e.PropertySourcesPropertyResolver  : Found key 'springdoc.swagger-ui.path' in PropertySource 'environmentProperties' with value of type String
2025-12-30 22:35:54.687 DEBUG --- [  restartedMain] o.s.c.e.PropertySourcesPropertyResolver  : Found key 'springdoc.swagger-ui.path' in PropertySource 'environmentProperties' with value of type String
2025-12-30 22:35:54.688 DEBUG --- [  restartedMain] _.s.web.servlet.HandlerMapping.Mappings  : 
	o.s.w.u.SwaggerWelcomeWebMvc:
	{GET [/swagger-ui.html]}: redirectToUi(HttpServletRequest)
2025-12-30 22:35:54.690 DEBUG --- [  restartedMain] o.s.c.e.PropertySourcesPropertyResolver  : Found key 'springdoc.api-docs.path' in PropertySource 'environmentProperties' with value of type String
2025-12-30 22:35:54.691 DEBUG --- [  restartedMain] _.s.web.servlet.HandlerMapping.Mappings  : 
	o.s.w.u.SwaggerConfigResource:
	{GET [/v3/api-docs/swagger-config], produces [application/json]}: openapiJson(HttpServletRequest)
2025-12-30 22:35:54.701 DEBUG --- [  restartedMain] s.w.s.m.m.a.RequestMappingHandlerMapping : 28 mappings in 'requestMappingHandlerMapping'
2025-12-30 22:35:54.709 DEBUG --- [  restartedMain] o.s.b.f.s.DefaultListableBeanFactory     : Creating shared instance of singleton bean 'viewControllerHandlerMapping'
2025-12-30 22:35:54.717 DEBUG --- [  restartedMain] o.s.b.f.s.DefaultListableBeanFactory     : Autowiring by type from bean name 'viewControllerHandlerMapping' via factory method to bean named 'mvcConversionService'
2025-12-30 22:35:54.720 DEBUG --- [  restartedMain] o.s.b.f.s.DefaultListableBeanFactory     : Autowiring by type from bean name 'viewControllerHandlerMapping' via factory method to bean named 'mvcResourceUrlProvider'
2025-12-30 22:35:54.722 DEBUG --- [  restartedMain] o.s.b.f.s.DefaultListableBeanFactory     : Creating shared instance of singleton bean 'beanNameHandlerMapping'
2025-12-30 22:35:54.725 DEBUG --- [  restartedMain] o.s.b.f.s.DefaultListableBeanFactory     : Autowiring by type from bean name 'beanNameHandlerMapping' via factory method to bean named 'mvcConversionService'
2025-12-30 22:35:54.725 DEBUG --- [  restartedMain] o.s.b.f.s.DefaultListableBeanFactory     : Autowiring by type from bean name 'beanNameHandlerMapping' via factory method to bean named 'mvcResourceUrlProvider'
2025-12-30 22:35:54.729 DEBUG --- [  restartedMain] _.s.web.servlet.HandlerMapping.Mappings  : 'beanNameHandlerMapping' {}
2025-12-30 22:35:54.732 DEBUG --- [  restartedMain] o.s.b.f.s.DefaultListableBeanFactory     : Creating shared instance of singleton bean 'routerFunctionMapping'
2025-12-30 22:35:54.733 DEBUG --- [  restartedMain] o.s.b.f.s.DefaultListableBeanFactory     : Autowiring by type from bean name 'routerFunctionMapping' via factory method to bean named 'mvcConversionService'
2025-12-30 22:35:54.733 DEBUG --- [  restartedMain] o.s.b.f.s.DefaultListableBeanFactory     : Autowiring by type from bean name 'routerFunctionMapping' via factory method to bean named 'mvcResourceUrlProvider'
2025-12-30 22:35:54.735 DEBUG --- [  restartedMain] o.s.b.f.s.DefaultListableBeanFactory     : Creating shared instance of singleton bean 'messageConverters'
2025-12-30 22:35:54.735 DEBUG --- [  restartedMain] o.s.b.f.s.DefaultListableBeanFactory     : Creating shared instance of singleton bean 'org.springframework.boot.autoconfigure.http.HttpMessageConvertersAutoConfiguration'
2025-12-30 22:35:54.739 DEBUG --- [  restartedMain] o.s.b.f.s.DefaultListableBeanFactory     : Creating shared instance of singleton bean 'stringHttpMessageConverter'
2025-12-30 22:35:54.739 DEBUG --- [  restartedMain] o.s.b.f.s.DefaultListableBeanFactory     : Creating shared instance of singleton bean 'org.springframework.boot.autoconfigure.http.HttpMessageConvertersAutoConfiguration$StringHttpMessageConverterConfiguration'
2025-12-30 22:35:54.740 DEBUG --- [  restartedMain] o.s.b.f.s.DefaultListableBeanFactory     : Autowiring by type from bean name 'stringHttpMessageConverter' via factory method to bean named 'environment'
2025-12-30 22:35:54.746 DEBUG --- [  restartedMain] o.s.b.f.s.DefaultListableBeanFactory     : Creating shared instance of singleton bean 'mappingJackson2HttpMessageConverter'
2025-12-30 22:35:54.747 DEBUG --- [  restartedMain] o.s.b.f.s.DefaultListableBeanFactory     : Creating shared instance of singleton bean 'org.springframework.boot.autoconfigure.http.JacksonHttpMessageConvertersConfiguration$MappingJackson2HttpMessageConverterConfiguration'
2025-12-30 22:35:54.749 DEBUG --- [  restartedMain] o.s.b.f.s.DefaultListableBeanFactory     : Creating shared instance of singleton bean 'jacksonObjectMapper'
2025-12-30 22:35:54.749 DEBUG --- [  restartedMain] o.s.b.f.s.DefaultListableBeanFactory     : Creating shared instance of singleton bean 'org.springframework.boot.autoconfigure.jackson.JacksonAutoConfiguration$JacksonObjectMapperConfiguration'
2025-12-30 22:35:54.759 DEBUG --- [  restartedMain] o.s.b.f.s.DefaultListableBeanFactory     : Creating shared instance of singleton bean 'org.springframework.boot.autoconfigure.jackson.JacksonAutoConfiguration$JacksonObjectMapperBuilderConfiguration'
2025-12-30 22:35:54.762 DEBUG --- [  restartedMain] o.s.b.f.s.DefaultListableBeanFactory     : Creating shared instance of singleton bean 'standardJacksonObjectMapperBuilderCustomizer'
2025-12-30 22:35:54.762 DEBUG --- [  restartedMain] o.s.b.f.s.DefaultListableBeanFactory     : Creating shared instance of singleton bean 'org.springframework.boot.autoconfigure.jackson.JacksonAutoConfiguration$Jackson2ObjectMapperBuilderCustomizerConfiguration'
2025-12-30 22:35:54.766 DEBUG --- [  restartedMain] o.s.b.f.s.DefaultListableBeanFactory     : Creating shared instance of singleton bean 'spring.jackson-org.springframework.boot.autoconfigure.jackson.JacksonProperties'
2025-12-30 22:35:54.778 DEBUG --- [  restartedMain] o.s.b.f.s.DefaultListableBeanFactory     : Autowiring by type from bean name 'standardJacksonObjectMapperBuilderCustomizer' via factory method to bean named 'spring.jackson-org.springframework.boot.autoconfigure.jackson.JacksonProperties'
2025-12-30 22:35:54.780 DEBUG --- [  restartedMain] o.s.b.f.s.DefaultListableBeanFactory     : Creating shared instance of singleton bean 'parameterNamesModule'
2025-12-30 22:35:54.781 DEBUG --- [  restartedMain] o.s.b.f.s.DefaultListableBeanFactory     : Creating shared instance of singleton bean 'org.springframework.boot.autoconfigure.jackson.JacksonAutoConfiguration$ParameterNamesModuleConfiguration'
2025-12-30 22:35:54.789 DEBUG --- [  restartedMain] o.s.b.f.s.DefaultListableBeanFactory     : Creating shared instance of singleton bean 'jsonMixinModule'
2025-12-30 22:35:54.789 DEBUG --- [  restartedMain] o.s.b.f.s.DefaultListableBeanFactory     : Creating shared instance of singleton bean 'org.springframework.boot.autoconfigure.jackson.JacksonAutoConfiguration$JacksonMixinConfiguration'
2025-12-30 22:35:54.790 DEBUG --- [  restartedMain] o.s.b.f.s.DefaultListableBeanFactory     : Creating shared instance of singleton bean 'jsonMixinModuleEntries'
2025-12-30 22:35:54.791 DEBUG --- [  restartedMain] o.s.b.f.s.DefaultListableBeanFactory     : Autowiring by type from bean name 'jsonMixinModuleEntries' via factory method to bean named 'org.springframework.boot.web.servlet.context.AnnotationConfigServletWebServerApplicationContext@2afacb41'
2025-12-30 22:35:54.807 DEBUG --- [  restartedMain] o.s.b.f.s.DefaultListableBeanFactory     : Autowiring by type from bean name 'jsonMixinModule' via factory method to bean named 'org.springframework.boot.web.servlet.context.AnnotationConfigServletWebServerApplicationContext@2afacb41'
2025-12-30 22:35:54.807 DEBUG --- [  restartedMain] o.s.b.f.s.DefaultListableBeanFactory     : Autowiring by type from bean name 'jsonMixinModule' via factory method to bean named 'jsonMixinModuleEntries'
2025-12-30 22:35:54.810 DEBUG --- [  restartedMain] o.s.b.f.s.DefaultListableBeanFactory     : Creating shared instance of singleton bean 'jsonComponentModule'
2025-12-30 22:35:54.810 DEBUG --- [  restartedMain] o.s.b.f.s.DefaultListableBeanFactory     : Creating shared instance of singleton bean 'org.springframework.boot.autoconfigure.jackson.JacksonAutoConfiguration'
2025-12-30 22:35:54.821 DEBUG --- [  restartedMain] o.s.b.f.s.DefaultListableBeanFactory     : Creating shared instance of singleton bean 'jacksonGeoModule'
2025-12-30 22:35:54.821 DEBUG --- [  restartedMain] o.s.b.f.s.DefaultListableBeanFactory     : Creating shared instance of singleton bean 'org.springframework.data.web.config.SpringDataJacksonConfiguration'
2025-12-30 22:35:54.825 DEBUG --- [  restartedMain] o.s.b.f.s.DefaultListableBeanFactory     : Creating shared instance of singleton bean 'springDataWebSettings'
2025-12-30 22:35:54.825 DEBUG --- [  restartedMain] o.s.b.f.s.DefaultListableBeanFactory     : Creating shared instance of singleton bean 'org.springframework.boot.autoconfigure.data.web.SpringDataWebAutoConfiguration'
2025-12-30 22:35:54.826 DEBUG --- [  restartedMain] o.s.b.f.s.DefaultListableBeanFactory     : Autowiring by type from bean name 'org.springframework.boot.autoconfigure.data.web.SpringDataWebAutoConfiguration' via constructor to bean named 'spring.data.web-org.springframework.boot.autoconfigure.data.web.SpringDataWebProperties'
2025-12-30 22:35:54.833 DEBUG --- [  restartedMain] o.s.b.f.s.DefaultListableBeanFactory     : Creating shared instance of singleton bean 'pageModule'
2025-12-30 22:35:54.836 DEBUG --- [  restartedMain] o.s.b.f.s.DefaultListableBeanFactory     : Creating shared instance of singleton bean 'pageJacksonModule'
2025-12-30 22:35:54.836 DEBUG --- [  restartedMain] o.s.b.f.s.DefaultListableBeanFactory     : Creating shared instance of singleton bean 'org.springframework.cloud.openfeign.FeignAutoConfiguration$FeignJacksonConfiguration'
2025-12-30 22:35:54.839 DEBUG --- [  restartedMain] o.s.b.f.s.DefaultListableBeanFactory     : Creating shared instance of singleton bean 'sortModule'
2025-12-30 22:35:54.842 DEBUG --- [  restartedMain] o.s.b.f.s.DefaultListableBeanFactory     : Autowiring by type from bean name 'jacksonObjectMapperBuilder' via factory method to bean named 'org.springframework.boot.web.servlet.context.AnnotationConfigServletWebServerApplicationContext@2afacb41'
2025-12-30 22:35:54.842 DEBUG --- [  restartedMain] o.s.b.f.s.DefaultListableBeanFactory     : Autowiring by type from bean name 'jacksonObjectMapperBuilder' via factory method to bean named 'standardJacksonObjectMapperBuilderCustomizer'
2025-12-30 22:35:54.845 DEBUG --- [  restartedMain] o.s.b.f.s.DefaultListableBeanFactory     : Autowiring by type from bean name 'jacksonObjectMapper' via factory method to bean named 'jacksonObjectMapperBuilder'
2025-12-30 22:35:54.865 DEBUG --- [  restartedMain] o.s.b.f.s.DefaultListableBeanFactory     : Autowiring by type from bean name 'mappingJackson2HttpMessageConverter' via factory method to bean named 'jacksonObjectMapper'
2025-12-30 22:35:54.886 DEBUG --- [  restartedMain] o.s.b.f.s.DefaultListableBeanFactory     : Creating shared instance of singleton bean 'resourceHandlerMapping'
2025-12-30 22:35:54.888 DEBUG --- [  restartedMain] o.s.b.f.s.DefaultListableBeanFactory     : Autowiring by type from bean name 'resourceHandlerMapping' via factory method to bean named 'mvcContentNegotiationManager'
2025-12-30 22:35:54.888 DEBUG --- [  restartedMain] o.s.b.f.s.DefaultListableBeanFactory     : Autowiring by type from bean name 'resourceHandlerMapping' via factory method to bean named 'mvcConversionService'
2025-12-30 22:35:54.888 DEBUG --- [  restartedMain] o.s.b.f.s.DefaultListableBeanFactory     : Autowiring by type from bean name 'resourceHandlerMapping' via factory method to bean named 'mvcResourceUrlProvider'
2025-12-30 22:35:54.923 DEBUG --- [  restartedMain] org.apache.catalina.webresources.Cache   : Increased cache size by [501] for item [org.apache.catalina.webresources.CachedResource@83b1309] at [/] making total cache size [1554]
2025-12-30 22:35:54.928 DEBUG --- [  restartedMain] _.s.web.servlet.HandlerMapping.Mappings  : 'resourceHandlerMapping' {/webjars/**=ResourceHttpRequestHandler [classpath [META-INF/resources/webjars/]], /**=ResourceHttpRequestHandler [classpath [META-INF/resources/], classpath [resources/], classpath [static/], classpath [public/], ServletContext [/]], /swagger-ui*/*swagger-initializer.js=ResourceHttpRequestHandler [classpath [META-INF/resources/webjars/]], /swagger-ui*/**=ResourceHttpRequestHandler [classpath [META-INF/resources/webjars/]]}
2025-12-30 22:35:54.933 DEBUG --- [  restartedMain] o.s.b.f.s.DefaultListableBeanFactory     : Creating shared instance of singleton bean 'defaultServletHandlerMapping'
2025-12-30 22:35:54.946 DEBUG --- [  restartedMain] o.s.b.f.s.DefaultListableBeanFactory     : Creating shared instance of singleton bean 'securityFilterChain'
2025-12-30 22:35:54.947 DEBUG --- [  restartedMain] o.s.b.f.s.DefaultListableBeanFactory     : Autowiring by type from bean name 'securityFilterChain' via factory method to bean named 'org.springframework.security.config.annotation.web.configuration.HttpSecurityConfiguration.httpSecurity'
2025-12-30 22:35:54.964 DEBUG --- [  restartedMain] o.s.b.f.s.DefaultListableBeanFactory     : Creating shared instance of singleton bean 'webAuthorizationManagerPostProcessor'
2025-12-30 22:35:55.023 DEBUG --- [  restartedMain] o.s.b.f.s.DefaultListableBeanFactory     : Creating shared instance of singleton bean 'authenticationManagerPostProcessor'
2025-12-30 22:35:55.058 DEBUG --- [  restartedMain] o.s.s.web.DefaultSecurityFilterChain     : Will secure any request with filters: DisableEncodeUrlFilter, WebAsyncManagerIntegrationFilter, SecurityContextHolderFilter, HeaderWriterFilter, BearerTokenAuthenticationFilter, RequestCacheAwareFilter, SecurityContextHolderAwareRequestFilter, AnonymousAuthenticationFilter, ExceptionTranslationFilter, AuthorizationFilter
2025-12-30 22:35:55.062 DEBUG --- [  restartedMain] o.s.b.f.s.DefaultListableBeanFactory     : Creating shared instance of singleton bean 'springSecurityFilterChain'
2025-12-30 22:35:55.081 DEBUG --- [  restartedMain] o.s.b.f.s.DefaultListableBeanFactory     : Creating shared instance of singleton bean 'webSecurityExpressionHandler'
2025-12-30 22:35:55.082 DEBUG --- [  restartedMain] o.s.b.f.s.DefaultListableBeanFactory     : Creating shared instance of singleton bean 'privilegeEvaluator'
2025-12-30 22:35:55.083 DEBUG --- [  restartedMain] o.s.b.f.s.DefaultListableBeanFactory     : Creating shared instance of singleton bean 'requestDataValueProcessor'
2025-12-30 22:35:55.084 DEBUG --- [  restartedMain] o.s.b.f.s.DefaultListableBeanFactory     : Creating shared instance of singleton bean 'org.springframework.security.config.annotation.web.configuration.ObservationConfiguration'
2025-12-30 22:35:55.085 DEBUG --- [  restartedMain] o.s.b.f.s.DefaultListableBeanFactory     : Creating shared instance of singleton bean 'auditorAware'
2025-12-30 22:35:55.086 DEBUG --- [  restartedMain] o.s.b.f.s.DefaultListableBeanFactory     : Creating shared instance of singleton bean 'corsWebFilter'
2025-12-30 22:35:55.090 DEBUG --- [  restartedMain] o.s.b.f.s.DefaultListableBeanFactory     : Creating shared instance of singleton bean 'customOpenAPI'
2025-12-30 22:35:55.096 DEBUG --- [  restartedMain] o.s.b.f.s.DefaultListableBeanFactory     : Creating shared instance of singleton bean 'jackson2JsonMessageConverter'
2025-12-30 22:35:55.103 DEBUG --- [  restartedMain] o.s.b.f.s.DefaultListableBeanFactory     : Creating shared instance of singleton bean 'profileCreateQueue'
2025-12-30 22:35:55.105 DEBUG --- [  restartedMain] o.s.b.f.s.DefaultListableBeanFactory     : Creating shared instance of singleton bean 'profileExchange'
2025-12-30 22:35:55.107 DEBUG --- [  restartedMain] o.s.b.f.s.DefaultListableBeanFactory     : Creating shared instance of singleton bean 'profileCreateBinding'
2025-12-30 22:35:55.107 DEBUG --- [  restartedMain] o.s.b.f.s.DefaultListableBeanFactory     : Autowiring by type from bean name 'profileCreateBinding' via factory method to bean named 'profileCreateQueue'
2025-12-30 22:35:55.107 DEBUG --- [  restartedMain] o.s.b.f.s.DefaultListableBeanFactory     : Autowiring by type from bean name 'profileCreateBinding' via factory method to bean named 'profileExchange'
2025-12-30 22:35:55.110 DEBUG --- [  restartedMain] o.s.b.f.s.DefaultListableBeanFactory     : Creating shared instance of singleton bean 'redisTemplate'
2025-12-30 22:35:55.111 DEBUG --- [  restartedMain] o.s.b.f.s.DefaultListableBeanFactory     : Autowiring by type from bean name 'redisTemplate' via factory method to bean named 'redisConnectionFactory'
2025-12-30 22:35:55.113 DEBUG --- [  restartedMain] o.s.b.f.s.DefaultListableBeanFactory     : Creating shared instance of singleton bean 'restTemplate'
2025-12-30 22:35:55.132 DEBUG --- [  restartedMain] o.s.b.f.s.DefaultListableBeanFactory     : Creating shared instance of singleton bean 'com.fsocial.profileservice.repository.httpClient.AccountClient'
2025-12-30 22:35:55.132 DEBUG --- [  restartedMain] o.s.c.openfeign.FeignClientFactoryBean   : Creating a FeignClientFactoryBean.
2025-12-30 22:35:55.135 DEBUG --- [  restartedMain] o.s.b.f.s.DefaultListableBeanFactory     : Creating shared instance of singleton bean 'com.fsocial.profileservice.repository.httpClient.NotificationClient'
2025-12-30 22:35:55.135 DEBUG --- [  restartedMain] o.s.c.openfeign.FeignClientFactoryBean   : Creating a FeignClientFactoryBean.
2025-12-30 22:35:55.136 DEBUG --- [  restartedMain] o.s.b.f.s.DefaultListableBeanFactory     : Creating shared instance of singleton bean 'neo4jAuditingHandler'
2025-12-30 22:35:55.143 DEBUG --- [  restartedMain] o.s.b.f.s.DefaultListableBeanFactory     : Creating shared instance of singleton bean 'org.springframework.boot.autoconfigure.context.PropertyPlaceholderAutoConfiguration'
2025-12-30 22:35:55.144 DEBUG --- [  restartedMain] o.s.b.f.s.DefaultListableBeanFactory     : Creating shared instance of singleton bean 'org.springframework.boot.autoconfigure.websocket.servlet.WebSocketServletAutoConfiguration'
2025-12-30 22:35:55.145 DEBUG --- [  restartedMain] o.s.b.f.s.DefaultListableBeanFactory     : Creating shared instance of singleton bean 'org.springframework.boot.autoconfigure.web.servlet.DispatcherServletAutoConfiguration'
2025-12-30 22:35:55.146 DEBUG --- [  restartedMain] o.s.b.f.s.DefaultListableBeanFactory     : Creating shared instance of singleton bean 'org.springframework.boot.autoconfigure.task.TaskExecutorConfigurations$ThreadPoolTaskExecutorBuilderConfiguration'
2025-12-30 22:35:55.147 DEBUG --- [  restartedMain] o.s.b.f.s.DefaultListableBeanFactory     : Creating shared instance of singleton bean 'threadPoolTaskExecutorBuilder'
2025-12-30 22:35:55.148 DEBUG --- [  restartedMain] o.s.b.f.s.DefaultListableBeanFactory     : Creating shared instance of singleton bean 'spring.task.execution-org.springframework.boot.autoconfigure.task.TaskExecutionProperties'
2025-12-30 22:35:55.151 DEBUG --- [  restartedMain] o.s.b.f.s.DefaultListableBeanFactory     : Autowiring by type from bean name 'threadPoolTaskExecutorBuilder' via factory method to bean named 'spring.task.execution-org.springframework.boot.autoconfigure.task.TaskExecutionProperties'
2025-12-30 22:35:55.155 DEBUG --- [  restartedMain] o.s.b.f.s.DefaultListableBeanFactory     : Creating shared instance of singleton bean 'org.springframework.boot.autoconfigure.task.TaskExecutorConfigurations$SimpleAsyncTaskExecutorBuilderConfiguration'
2025-12-30 22:35:55.156 DEBUG --- [  restartedMain] o.s.b.f.s.DefaultListableBeanFactory     : Autowiring by type from bean name 'org.springframework.boot.autoconfigure.task.TaskExecutorConfigurations$SimpleAsyncTaskExecutorBuilderConfiguration' via constructor to bean named 'spring.task.execution-org.springframework.boot.autoconfigure.task.TaskExecutionProperties'
2025-12-30 22:35:55.156 DEBUG --- [  restartedMain] o.s.b.f.s.DefaultListableBeanFactory     : Creating shared instance of singleton bean 'simpleAsyncTaskExecutorBuilder'
2025-12-30 22:35:55.158 DEBUG --- [  restartedMain] o.s.b.f.s.DefaultListableBeanFactory     : Creating shared instance of singleton bean 'org.springframework.boot.autoconfigure.task.TaskExecutorConfigurations$TaskExecutorConfiguration'
2025-12-30 22:35:55.158 DEBUG --- [  restartedMain] o.s.b.f.s.DefaultListableBeanFactory     : Creating shared instance of singleton bean 'org.springframework.boot.autoconfigure.task.TaskExecutionAutoConfiguration'
2025-12-30 22:35:55.159 DEBUG --- [  restartedMain] o.s.b.f.s.DefaultListableBeanFactory     : Creating shared instance of singleton bean 'org.springframework.boot.autoconfigure.validation.ValidationAutoConfiguration'
2025-12-30 22:35:55.160 DEBUG --- [  restartedMain] o.s.b.f.s.DefaultListableBeanFactory     : Creating shared instance of singleton bean 'defaultValidator'
2025-12-30 22:35:55.160 DEBUG --- [  restartedMain] o.s.b.f.s.DefaultListableBeanFactory     : Autowiring by type from bean name 'defaultValidator' via factory method to bean named 'org.springframework.boot.web.servlet.context.AnnotationConfigServletWebServerApplicationContext@2afacb41'
2025-12-30 22:35:55.173 DEBUG --- [  restartedMain] o.s.b.f.s.DefaultListableBeanFactory     : Creating shared instance of singleton bean 'org.springframework.boot.autoconfigure.web.servlet.error.ErrorMvcAutoConfiguration$WhitelabelErrorViewConfiguration'
2025-12-30 22:35:55.174 DEBUG --- [  restartedMain] o.s.b.f.s.DefaultListableBeanFactory     : Creating shared instance of singleton bean 'error'
2025-12-30 22:35:55.174 DEBUG --- [  restartedMain] o.s.b.f.s.DefaultListableBeanFactory     : Creating shared instance of singleton bean 'beanNameViewResolver'
2025-12-30 22:35:55.175 DEBUG --- [  restartedMain] o.s.b.f.s.DefaultListableBeanFactory     : Creating shared instance of singleton bean 'org.springframework.boot.autoconfigure.web.servlet.error.ErrorMvcAutoConfiguration$DefaultErrorViewResolverConfiguration'
2025-12-30 22:35:55.176 DEBUG --- [  restartedMain] o.s.b.f.s.DefaultListableBeanFactory     : Autowiring by type from bean name 'org.springframework.boot.autoconfigure.web.servlet.error.ErrorMvcAutoConfiguration$DefaultErrorViewResolverConfiguration' via constructor to bean named 'org.springframework.boot.web.servlet.context.AnnotationConfigServletWebServerApplicationContext@2afacb41'
2025-12-30 22:35:55.176 DEBUG --- [  restartedMain] o.s.b.f.s.DefaultListableBeanFactory     : Autowiring by type from bean name 'org.springframework.boot.autoconfigure.web.servlet.error.ErrorMvcAutoConfiguration$DefaultErrorViewResolverConfiguration' via constructor to bean named 'spring.web-org.springframework.boot.autoconfigure.web.WebProperties'
2025-12-30 22:35:55.176 DEBUG --- [  restartedMain] o.s.b.f.s.DefaultListableBeanFactory     : Creating shared instance of singleton bean 'conventionErrorViewResolver'
2025-12-30 22:35:55.177 DEBUG --- [  restartedMain] o.s.b.f.s.DefaultListableBeanFactory     : Creating shared instance of singleton bean 'errorAttributes'
2025-12-30 22:35:55.178 DEBUG --- [  restartedMain] o.s.b.f.s.DefaultListableBeanFactory     : Creating shared instance of singleton bean 'basicErrorController'
2025-12-30 22:35:55.178 DEBUG --- [  restartedMain] o.s.b.f.s.DefaultListableBeanFactory     : Autowiring by type from bean name 'basicErrorController' via factory method to bean named 'errorAttributes'
2025-12-30 22:35:55.180 DEBUG --- [  restartedMain] o.s.b.f.s.DefaultListableBeanFactory     : Creating shared instance of singleton bean 'localeResolver'
2025-12-30 22:35:55.181 DEBUG --- [  restartedMain] o.s.b.f.s.DefaultListableBeanFactory     : Creating shared instance of singleton bean 'themeResolver'
2025-12-30 22:35:55.182 DEBUG --- [  restartedMain] o.s.b.f.s.DefaultListableBeanFactory     : Creating shared instance of singleton bean 'flashMapManager'
2025-12-30 22:35:55.185 DEBUG --- [  restartedMain] o.s.b.f.s.DefaultListableBeanFactory     : Creating shared instance of singleton bean 'viewNameTranslator'
2025-12-30 22:35:55.186 DEBUG --- [  restartedMain] o.s.b.f.s.DefaultListableBeanFactory     : Creating shared instance of singleton bean 'mvcValidator'
2025-12-30 22:35:55.188 DEBUG --- [  restartedMain] o.s.b.f.s.DefaultListableBeanFactory     : Creating shared instance of singleton bean 'mvcPatternParser'
2025-12-30 22:35:55.188 DEBUG --- [  restartedMain] o.s.b.f.s.DefaultListableBeanFactory     : Creating shared instance of singleton bean 'mvcUrlPathHelper'
2025-12-30 22:35:55.189 DEBUG --- [  restartedMain] o.s.b.f.s.DefaultListableBeanFactory     : Creating shared instance of singleton bean 'mvcPathMatcher'
2025-12-30 22:35:55.190 DEBUG --- [  restartedMain] o.s.b.f.s.DefaultListableBeanFactory     : Creating shared instance of singleton bean 'requestMappingHandlerAdapter'
2025-12-30 22:35:55.190 DEBUG --- [  restartedMain] o.s.b.f.s.DefaultListableBeanFactory     : Autowiring by type from bean name 'requestMappingHandlerAdapter' via factory method to bean named 'mvcContentNegotiationManager'
2025-12-30 22:35:55.190 DEBUG --- [  restartedMain] o.s.b.f.s.DefaultListableBeanFactory     : Autowiring by type from bean name 'requestMappingHandlerAdapter' via factory method to bean named 'mvcConversionService'
2025-12-30 22:35:55.190 DEBUG --- [  restartedMain] o.s.b.f.s.DefaultListableBeanFactory     : Autowiring by type from bean name 'requestMappingHandlerAdapter' via factory method to bean named 'mvcValidator'
2025-12-30 22:35:55.200 DEBUG --- [  restartedMain] o.s.b.f.s.DefaultListableBeanFactory     : Creating shared instance of singleton bean 'sortResolver'
2025-12-30 22:35:55.203 DEBUG --- [  restartedMain] o.s.b.f.s.DefaultListableBeanFactory     : Creating shared instance of singleton bean 'sortCustomizer'
2025-12-30 22:35:55.205 DEBUG --- [  restartedMain] o.s.b.f.s.DefaultListableBeanFactory     : Creating shared instance of singleton bean 'pageableResolver'
2025-12-30 22:35:55.206 DEBUG --- [  restartedMain] o.s.b.f.s.DefaultListableBeanFactory     : Creating shared instance of singleton bean 'pageableCustomizer'
2025-12-30 22:35:55.210 DEBUG --- [  restartedMain] o.s.b.f.s.DefaultListableBeanFactory     : Creating shared instance of singleton bean 'applicationTaskExecutor'
2025-12-30 22:35:55.210 DEBUG --- [  restartedMain] o.s.b.f.s.DefaultListableBeanFactory     : Autowiring by type from bean name 'applicationTaskExecutor' via factory method to bean named 'threadPoolTaskExecutorBuilder'
2025-12-30 22:35:55.215 DEBUG --- [  restartedMain] o.s.s.concurrent.ThreadPoolTaskExecutor  : Initializing ExecutorService 'applicationTaskExecutor'
2025-12-30 22:35:55.229 DEBUG --- [  restartedMain] o.s.b.f.s.DefaultListableBeanFactory     : Creating shared instance of singleton bean 'org.springdoc.core.configuration.SpringDocConfiguration$OpenApiResourceAdvice'
2025-12-30 22:35:55.231 DEBUG --- [  restartedMain] o.s.b.f.s.DefaultListableBeanFactory     : Autowiring by type from bean name 'org.springdoc.core.configuration.SpringDocConfiguration$OpenApiResourceAdvice' via constructor to bean named 'org.springdoc.core.configuration.SpringDocConfiguration'
2025-12-30 22:35:55.236 DEBUG --- [  restartedMain] s.w.s.m.m.a.RequestMappingHandlerAdapter : ControllerAdvice beans: 0 @ModelAttribute, 0 @InitBinder, 1 RequestBodyAdvice, 1 ResponseBodyAdvice
2025-12-30 22:35:55.264 DEBUG --- [  restartedMain] o.s.b.f.s.DefaultListableBeanFactory     : Creating shared instance of singleton bean 'mvcViewResolver'
2025-12-30 22:35:55.264 DEBUG --- [  restartedMain] o.s.b.f.s.DefaultListableBeanFactory     : Autowiring by type from bean name 'mvcViewResolver' via factory method to bean named 'mvcContentNegotiationManager'
2025-12-30 22:35:55.267 DEBUG --- [  restartedMain] o.s.b.f.s.DefaultListableBeanFactory     : Creating shared instance of singleton bean 'defaultViewResolver'
2025-12-30 22:35:55.275 DEBUG --- [  restartedMain] o.s.b.f.s.DefaultListableBeanFactory     : Creating shared instance of singleton bean 'viewResolver'
2025-12-30 22:35:55.275 DEBUG --- [  restartedMain] o.s.b.f.s.DefaultListableBeanFactory     : Autowiring by type from bean name 'viewResolver' via factory method to bean named 'org.springframework.beans.factory.support.DefaultListableBeanFactory@72d2769e'
2025-12-30 22:35:55.290 DEBUG --- [  restartedMain] o.s.b.f.s.DefaultListableBeanFactory     : Creating shared instance of singleton bean 'handlerFunctionAdapter'
2025-12-30 22:35:55.292 DEBUG --- [  restartedMain] o.s.b.f.s.DefaultListableBeanFactory     : Creating shared instance of singleton bean 'mvcUriComponentsContributor'
2025-12-30 22:35:55.293 DEBUG --- [  restartedMain] o.s.b.f.s.DefaultListableBeanFactory     : Autowiring by type from bean name 'mvcUriComponentsContributor' via factory method to bean named 'mvcConversionService'
2025-12-30 22:35:55.293 DEBUG --- [  restartedMain] o.s.b.f.s.DefaultListableBeanFactory     : Autowiring by type from bean name 'mvcUriComponentsContributor' via factory method to bean named 'requestMappingHandlerAdapter'
2025-12-30 22:35:55.295 DEBUG --- [  restartedMain] o.s.b.f.s.DefaultListableBeanFactory     : Creating shared instance of singleton bean 'httpRequestHandlerAdapter'
2025-12-30 22:35:55.296 DEBUG --- [  restartedMain] o.s.b.f.s.DefaultListableBeanFactory     : Creating shared instance of singleton bean 'simpleControllerHandlerAdapter'
2025-12-30 22:35:55.296 DEBUG --- [  restartedMain] o.s.b.f.s.DefaultListableBeanFactory     : Creating shared instance of singleton bean 'handlerExceptionResolver'
2025-12-30 22:35:55.297 DEBUG --- [  restartedMain] o.s.b.f.s.DefaultListableBeanFactory     : Autowiring by type from bean name 'handlerExceptionResolver' via factory method to bean named 'mvcContentNegotiationManager'
2025-12-30 22:35:55.306 DEBUG --- [  restartedMain] .m.m.a.ExceptionHandlerExceptionResolver : ControllerAdvice beans: 2 @ExceptionHandler, 1 ResponseBodyAdvice
2025-12-30 22:35:55.310 DEBUG --- [  restartedMain] o.s.b.f.s.DefaultListableBeanFactory     : Creating shared instance of singleton bean 'org.springdoc.core.configuration.SpringDocConfiguration$QuerydslProvider'
2025-12-30 22:35:55.311 DEBUG --- [  restartedMain] o.s.b.f.s.DefaultListableBeanFactory     : Creating shared instance of singleton bean 'queryDslQuerydslPredicateOperationCustomizer'
2025-12-30 22:35:55.312 DEBUG --- [  restartedMain] o.s.b.f.s.DefaultListableBeanFactory     : Autowiring by type from bean name 'queryDslQuerydslPredicateOperationCustomizer' via factory method to bean named 'org.springdoc.core.properties.SpringDocConfigProperties'
2025-12-30 22:35:55.312 DEBUG --- [  restartedMain] o.s.b.f.s.DefaultListableBeanFactory     : Creating shared instance of singleton bean 'org.springdoc.core.configuration.SpringDocConfiguration$SpringDocWebFluxSupportConfiguration'
2025-12-30 22:35:55.312 DEBUG --- [  restartedMain] o.s.b.f.s.DefaultListableBeanFactory     : Creating shared instance of singleton bean 'webFluxSupportConverter'
2025-12-30 22:35:55.312 DEBUG --- [  restartedMain] o.s.b.f.s.DefaultListableBeanFactory     : Autowiring by type from bean name 'webFluxSupportConverter' via factory method to bean named 'springdocObjectMapperProvider'
2025-12-30 22:35:55.314 DEBUG --- [  restartedMain] o.s.b.f.s.DefaultListableBeanFactory     : Creating shared instance of singleton bean 'org.springdoc.core.configuration.SpringDocConfiguration$SpringDocSpringDataWebPropertiesProvider'
2025-12-30 22:35:55.314 DEBUG --- [  restartedMain] o.s.b.f.s.DefaultListableBeanFactory     : Creating shared instance of singleton bean 'springDataWebPropertiesProvider'
2025-12-30 22:35:55.315 DEBUG --- [  restartedMain] o.s.b.f.s.DefaultListableBeanFactory     : Creating shared instance of singleton bean 'org.springdoc.core.configuration.SpringDocConfiguration$WebConversionServiceConfiguration'
2025-12-30 22:35:55.315 DEBUG --- [  restartedMain] o.s.b.f.s.DefaultListableBeanFactory     : Creating shared instance of singleton bean 'webConversionServiceProvider'
2025-12-30 22:35:55.316 DEBUG --- [  restartedMain] o.s.b.f.s.DefaultListableBeanFactory     : Creating shared instance of singleton bean 'localSpringDocParameterNameDiscoverer'
2025-12-30 22:35:55.316 DEBUG --- [  restartedMain] o.s.b.f.s.DefaultListableBeanFactory     : Creating shared instance of singleton bean 'additionalModelsConverter'
2025-12-30 22:35:55.317 DEBUG --- [  restartedMain] o.s.b.f.s.DefaultListableBeanFactory     : Autowiring by type from bean name 'additionalModelsConverter' via factory method to bean named 'springdocObjectMapperProvider'
2025-12-30 22:35:55.317 DEBUG --- [  restartedMain] o.s.b.f.s.DefaultListableBeanFactory     : Creating shared instance of singleton bean 'fileSupportConverter'
2025-12-30 22:35:55.317 DEBUG --- [  restartedMain] o.s.b.f.s.DefaultListableBeanFactory     : Autowiring by type from bean name 'fileSupportConverter' via factory method to bean named 'springdocObjectMapperProvider'
2025-12-30 22:35:55.318 DEBUG --- [  restartedMain] o.s.b.f.s.DefaultListableBeanFactory     : Creating shared instance of singleton bean 'responseSupportConverter'
2025-12-30 22:35:55.318 DEBUG --- [  restartedMain] o.s.b.f.s.DefaultListableBeanFactory     : Autowiring by type from bean name 'responseSupportConverter' via factory method to bean named 'springdocObjectMapperProvider'
2025-12-30 22:35:55.319 DEBUG --- [  restartedMain] o.s.b.f.s.DefaultListableBeanFactory     : Creating shared instance of singleton bean 'schemaPropertyDeprecatingConverter'
2025-12-30 22:35:55.320 DEBUG --- [  restartedMain] o.s.b.f.s.DefaultListableBeanFactory     : Creating shared instance of singleton bean 'polymorphicModelConverter'
2025-12-30 22:35:55.320 DEBUG --- [  restartedMain] o.s.b.f.s.DefaultListableBeanFactory     : Autowiring by type from bean name 'polymorphicModelConverter' via factory method to bean named 'springdocObjectMapperProvider'
2025-12-30 22:35:55.321 DEBUG --- [  restartedMain] o.s.b.f.s.DefaultListableBeanFactory     : Creating shared instance of singleton bean 'openAPIBuilder'
2025-12-30 22:35:55.323 DEBUG --- [  restartedMain] o.s.b.f.s.DefaultListableBeanFactory     : Creating shared instance of singleton bean 'securityParser'
2025-12-30 22:35:55.323 DEBUG --- [  restartedMain] o.s.b.f.s.DefaultListableBeanFactory     : Creating shared instance of singleton bean 'propertyResolverUtils'
2025-12-30 22:35:55.324 DEBUG --- [  restartedMain] o.s.b.f.s.DefaultListableBeanFactory     : Autowiring by type from bean name 'propertyResolverUtils' via factory method to bean named 'org.springframework.beans.factory.support.DefaultListableBeanFactory@72d2769e'
2025-12-30 22:35:55.324 DEBUG --- [  restartedMain] o.s.b.f.s.DefaultListableBeanFactory     : Autowiring by type from bean name 'propertyResolverUtils' via factory method to bean named 'messageSource'
2025-12-30 22:35:55.324 DEBUG --- [  restartedMain] o.s.b.f.s.DefaultListableBeanFactory     : Autowiring by type from bean name 'propertyResolverUtils' via factory method to bean named 'org.springdoc.core.properties.SpringDocConfigProperties'
2025-12-30 22:35:55.325 DEBUG --- [  restartedMain] o.s.b.f.s.DefaultListableBeanFactory     : Autowiring by type from bean name 'securityParser' via factory method to bean named 'propertyResolverUtils'
2025-12-30 22:35:55.331 DEBUG --- [  restartedMain] o.s.b.f.s.DefaultListableBeanFactory     : Autowiring by type from bean name 'openAPIBuilder' via factory method to bean named 'securityParser'
2025-12-30 22:35:55.331 DEBUG --- [  restartedMain] o.s.b.f.s.DefaultListableBeanFactory     : Autowiring by type from bean name 'openAPIBuilder' via factory method to bean named 'org.springdoc.core.properties.SpringDocConfigProperties'
2025-12-30 22:35:55.331 DEBUG --- [  restartedMain] o.s.b.f.s.DefaultListableBeanFactory     : Autowiring by type from bean name 'openAPIBuilder' via factory method to bean named 'propertyResolverUtils'
2025-12-30 22:35:55.335 DEBUG --- [  restartedMain] o.s.b.f.s.DefaultListableBeanFactory     : Creating shared instance of singleton bean 'modelConverterRegistrar'
2025-12-30 22:35:55.336 DEBUG --- [  restartedMain] o.s.b.f.s.DefaultListableBeanFactory     : Creating shared instance of singleton bean 'oas31ModelConverter'
2025-12-30 22:35:55.337 DEBUG --- [  restartedMain] o.s.b.f.s.DefaultListableBeanFactory     : Autowiring by type from bean name 'oas31ModelConverter' via factory method to bean named 'org.springdoc.core.properties.SpringDocConfigProperties'
2025-12-30 22:35:55.337 DEBUG --- [  restartedMain] o.s.b.f.s.DefaultListableBeanFactory     : Creating shared instance of singleton bean 'pageableOpenAPIConverter'
2025-12-30 22:35:55.337 DEBUG --- [  restartedMain] o.s.b.f.s.DefaultListableBeanFactory     : Creating shared instance of singleton bean 'org.springdoc.core.configuration.SpringDocPageableConfiguration'
2025-12-30 22:35:55.338 DEBUG --- [  restartedMain] o.s.b.f.s.DefaultListableBeanFactory     : Autowiring by type from bean name 'pageableOpenAPIConverter' via factory method to bean named 'springdocObjectMapperProvider'
2025-12-30 22:35:55.339 DEBUG --- [  restartedMain] o.s.b.f.s.DefaultListableBeanFactory     : Creating shared instance of singleton bean 'pageOpenAPIConverter'
2025-12-30 22:35:55.339 DEBUG --- [  restartedMain] o.s.b.f.s.DefaultListableBeanFactory     : Autowiring by type from bean name 'pageOpenAPIConverter' via factory method to bean named 'springdocObjectMapperProvider'
2025-12-30 22:35:55.341 DEBUG --- [  restartedMain] o.s.b.f.s.DefaultListableBeanFactory     : Creating shared instance of singleton bean 'sortOpenAPIConverter'
2025-12-30 22:35:55.341 DEBUG --- [  restartedMain] o.s.b.f.s.DefaultListableBeanFactory     : Creating shared instance of singleton bean 'org.springdoc.core.configuration.SpringDocSortConfiguration'
2025-12-30 22:35:55.341 DEBUG --- [  restartedMain] o.s.b.f.s.DefaultListableBeanFactory     : Autowiring by type from bean name 'sortOpenAPIConverter' via factory method to bean named 'springdocObjectMapperProvider'
2025-12-30 22:35:55.344 DEBUG --- [  restartedMain] o.s.b.f.s.DefaultListableBeanFactory     : Autowiring by type from bean name 'modelConverterRegistrar' via factory method to bean named 'org.springdoc.core.properties.SpringDocConfigProperties'
2025-12-30 22:35:55.358 DEBUG --- [  restartedMain] o.s.b.f.s.DefaultListableBeanFactory     : Creating shared instance of singleton bean 'operationBuilder'
2025-12-30 22:35:55.358 DEBUG --- [  restartedMain] o.s.b.f.s.DefaultListableBeanFactory     : Creating shared instance of singleton bean 'parameterBuilder'
2025-12-30 22:35:55.359 DEBUG --- [  restartedMain] o.s.b.f.s.DefaultListableBeanFactory     : Creating shared instance of singleton bean 'parameterObjectNamingStrategyCustomizer'
2025-12-30 22:35:55.360 DEBUG --- [  restartedMain] o.s.b.f.s.DefaultListableBeanFactory     : Creating shared instance of singleton bean 'dataRestDelegatingMethodParameterCustomizer'
2025-12-30 22:35:55.365 DEBUG --- [  restartedMain] o.s.b.f.s.DefaultListableBeanFactory     : Autowiring by type from bean name 'parameterBuilder' via factory method to bean named 'propertyResolverUtils'
2025-12-30 22:35:55.366 DEBUG --- [  restartedMain] o.s.b.f.s.DefaultListableBeanFactory     : Autowiring by type from bean name 'parameterBuilder' via factory method to bean named 'springdocObjectMapperProvider'
2025-12-30 22:35:55.371 DEBUG --- [  restartedMain] o.s.b.f.s.DefaultListableBeanFactory     : Creating shared instance of singleton bean 'requestBodyBuilder'
2025-12-30 22:35:55.372 DEBUG --- [  restartedMain] o.s.b.f.s.DefaultListableBeanFactory     : Autowiring by type from bean name 'requestBodyBuilder' via factory method to bean named 'parameterBuilder'
2025-12-30 22:35:55.372 DEBUG --- [  restartedMain] o.s.b.f.s.DefaultListableBeanFactory     : Autowiring by type from bean name 'requestBodyBuilder' via factory method to bean named 'propertyResolverUtils'
2025-12-30 22:35:55.372 DEBUG --- [  restartedMain] o.s.b.f.s.DefaultListableBeanFactory     : Autowiring by type from bean name 'operationBuilder' via factory method to bean named 'parameterBuilder'
2025-12-30 22:35:55.372 DEBUG --- [  restartedMain] o.s.b.f.s.DefaultListableBeanFactory     : Autowiring by type from bean name 'operationBuilder' via factory method to bean named 'requestBodyBuilder'
2025-12-30 22:35:55.372 DEBUG --- [  restartedMain] o.s.b.f.s.DefaultListableBeanFactory     : Autowiring by type from bean name 'operationBuilder' via factory method to bean named 'securityParser'
2025-12-30 22:35:55.372 DEBUG --- [  restartedMain] o.s.b.f.s.DefaultListableBeanFactory     : Autowiring by type from bean name 'operationBuilder' via factory method to bean named 'propertyResolverUtils'
2025-12-30 22:35:55.374 DEBUG --- [  restartedMain] o.s.b.f.s.DefaultListableBeanFactory     : Creating shared instance of singleton bean 'springDocProviders'
2025-12-30 22:35:55.379 DEBUG --- [  restartedMain] o.s.b.f.s.DefaultListableBeanFactory     : Creating shared instance of singleton bean 'routerFunctionProvider'
2025-12-30 22:35:55.380 DEBUG --- [  restartedMain] o.s.b.f.s.DefaultListableBeanFactory     : Creating shared instance of singleton bean 'org.springdoc.webmvc.core.configuration.SpringDocWebMvcConfiguration$SpringDocWebMvcRouterConfiguration'
2025-12-30 22:35:55.381 DEBUG --- [  restartedMain] o.s.b.f.s.DefaultListableBeanFactory     : Autowiring by type from bean name 'springDocProviders' via factory method to bean named 'springdocObjectMapperProvider'
2025-12-30 22:35:55.384 DEBUG --- [  restartedMain] o.s.b.f.s.DefaultListableBeanFactory     : Creating shared instance of singleton bean 'springDocCustomizers'
2025-12-30 22:35:55.387 DEBUG --- [  restartedMain] o.s.b.f.s.DefaultListableBeanFactory     : Creating shared instance of singleton bean 'globalOpenApiCustomizer'
2025-12-30 22:35:55.394 DEBUG --- [  restartedMain] o.s.b.f.s.DefaultListableBeanFactory     : Creating shared instance of singleton bean 'org.springdoc.core.configuration.SpringDocKotlinConfiguration'
2025-12-30 22:35:55.395 DEBUG --- [  restartedMain] o.s.b.f.s.DefaultListableBeanFactory     : Creating shared instance of singleton bean 'nullableKotlinRequestParameterCustomizer'
2025-12-30 22:35:55.396 DEBUG --- [  restartedMain] o.s.b.f.s.DefaultListableBeanFactory     : Creating shared instance of singleton bean 'org.springdoc.core.configuration.SpringDocSecurityConfiguration$SpringSecurityLoginEndpointConfiguration'
2025-12-30 22:35:55.397 DEBUG --- [  restartedMain] o.s.b.f.s.DefaultListableBeanFactory     : Creating shared instance of singleton bean 'org.springdoc.core.configuration.SpringDocSecurityConfiguration'
2025-12-30 22:35:55.404 DEBUG --- [  restartedMain] o.s.b.f.s.DefaultListableBeanFactory     : Autowiring by type from bean name 'org.springdoc.core.configuration.SpringDocSecurityConfiguration$SpringSecurityLoginEndpointConfiguration' via constructor to bean named 'org.springdoc.core.configuration.SpringDocSecurityConfiguration'
2025-12-30 22:35:55.404 DEBUG --- [  restartedMain] o.s.b.f.s.DefaultListableBeanFactory     : Creating shared instance of singleton bean 'openApiResource'
2025-12-30 22:35:55.404 DEBUG --- [  restartedMain] o.s.b.f.s.DefaultListableBeanFactory     : Creating shared instance of singleton bean 'requestBuilder'
2025-12-30 22:35:55.406 DEBUG --- [  restartedMain] o.s.b.f.s.DefaultListableBeanFactory     : Autowiring by type from bean name 'requestBuilder' via factory method to bean named 'parameterBuilder'
2025-12-30 22:35:55.406 DEBUG --- [  restartedMain] o.s.b.f.s.DefaultListableBeanFactory     : Autowiring by type from bean name 'requestBuilder' via factory method to bean named 'requestBodyBuilder'
2025-12-30 22:35:55.406 DEBUG --- [  restartedMain] o.s.b.f.s.DefaultListableBeanFactory     : Autowiring by type from bean name 'requestBuilder' via factory method to bean named 'localSpringDocParameterNameDiscoverer'
2025-12-30 22:35:55.410 DEBUG --- [  restartedMain] o.s.b.f.s.DefaultListableBeanFactory     : Creating shared instance of singleton bean 'responseBuilder'
2025-12-30 22:35:55.411 DEBUG --- [  restartedMain] o.s.b.f.s.DefaultListableBeanFactory     : Autowiring by type from bean name 'responseBuilder' via factory method to bean named 'operationBuilder'
2025-12-30 22:35:55.411 DEBUG --- [  restartedMain] o.s.b.f.s.DefaultListableBeanFactory     : Autowiring by type from bean name 'responseBuilder' via factory method to bean named 'org.springdoc.core.properties.SpringDocConfigProperties'
2025-12-30 22:35:55.411 DEBUG --- [  restartedMain] o.s.b.f.s.DefaultListableBeanFactory     : Autowiring by type from bean name 'responseBuilder' via factory method to bean named 'propertyResolverUtils'
2025-12-30 22:35:55.417 DEBUG --- [  restartedMain] o.s.b.f.s.DefaultListableBeanFactory     : Autowiring by type from bean name 'openApiResource' via factory method to bean named 'requestBuilder'
2025-12-30 22:35:55.417 DEBUG --- [  restartedMain] o.s.b.f.s.DefaultListableBeanFactory     : Autowiring by type from bean name 'openApiResource' via factory method to bean named 'responseBuilder'
2025-12-30 22:35:55.417 DEBUG --- [  restartedMain] o.s.b.f.s.DefaultListableBeanFactory     : Autowiring by type from bean name 'openApiResource' via factory method to bean named 'operationBuilder'
2025-12-30 22:35:55.417 DEBUG --- [  restartedMain] o.s.b.f.s.DefaultListableBeanFactory     : Autowiring by type from bean name 'openApiResource' via factory method to bean named 'org.springdoc.core.properties.SpringDocConfigProperties'
2025-12-30 22:35:55.417 DEBUG --- [  restartedMain] o.s.b.f.s.DefaultListableBeanFactory     : Autowiring by type from bean name 'openApiResource' via factory method to bean named 'springDocProviders'
2025-12-30 22:35:55.417 DEBUG --- [  restartedMain] o.s.b.f.s.DefaultListableBeanFactory     : Autowiring by type from bean name 'openApiResource' via factory method to bean named 'springDocCustomizers'
2025-12-30 22:35:55.422 DEBUG --- [  restartedMain] o.s.b.f.s.DefaultListableBeanFactory     : Creating shared instance of singleton bean 'swaggerConfigResource'
2025-12-30 22:35:55.423 DEBUG --- [  restartedMain] o.s.b.f.s.DefaultListableBeanFactory     : Autowiring by type from bean name 'swaggerConfigResource' via factory method to bean named 'swaggerWelcome'
2025-12-30 22:35:55.423 DEBUG --- [  restartedMain] o.s.b.f.s.DefaultListableBeanFactory     : Creating shared instance of singleton bean 'org.springframework.boot.autoconfigure.amqp.RabbitAutoConfiguration$RabbitConnectionFactoryCreator'
2025-12-30 22:35:55.424 DEBUG --- [  restartedMain] o.s.b.f.s.DefaultListableBeanFactory     : Creating shared instance of singleton bean 'spring.rabbitmq-org.springframework.boot.autoconfigure.amqp.RabbitProperties'
2025-12-30 22:35:55.430 DEBUG --- [  restartedMain] ySourcesPropertyResolver$DefaultResolver : Found key 'RABBITMQ_HOSTNAME' in PropertySource 'Config resource 'file [.env]' via location 'optional:file:.env[.properties]'' with value of type String
2025-12-30 22:35:55.430 DEBUG --- [  restartedMain] ySourcesPropertyResolver$DefaultResolver : Found key 'RABBITMQ_PASSWORD' in PropertySource 'Config resource 'file [.env]' via location 'optional:file:.env[.properties]'' with value of type String
2025-12-30 22:35:55.430 DEBUG --- [  restartedMain] ySourcesPropertyResolver$DefaultResolver : Found key 'RABBITMQ_PORT' in PropertySource 'Config resource 'file [.env]' via location 'optional:file:.env[.properties]'' with value of type String
2025-12-30 22:35:55.432 DEBUG --- [  restartedMain] ySourcesPropertyResolver$DefaultResolver : Found key 'RABBITMQ_USER' in PropertySource 'Config resource 'file [.env]' via location 'optional:file:.env[.properties]'' with value of type String
2025-12-30 22:35:55.433 DEBUG --- [  restartedMain] ySourcesPropertyResolver$DefaultResolver : Found key 'RABBITMQ_VHOST' in PropertySource 'Config resource 'file [.env]' via location 'optional:file:.env[.properties]'' with value of type String
2025-12-30 22:35:55.434 DEBUG --- [  restartedMain] o.s.b.f.s.DefaultListableBeanFactory     : Autowiring by type from bean name 'org.springframework.boot.autoconfigure.amqp.RabbitAutoConfiguration$RabbitConnectionFactoryCreator' via constructor to bean named 'spring.rabbitmq-org.springframework.boot.autoconfigure.amqp.RabbitProperties'
2025-12-30 22:35:55.434 DEBUG --- [  restartedMain] o.s.b.f.s.DefaultListableBeanFactory     : Creating shared instance of singleton bean 'rabbitConnectionDetails'
2025-12-30 22:35:55.435 DEBUG --- [  restartedMain] o.s.b.f.s.DefaultListableBeanFactory     : Creating shared instance of singleton bean 'rabbitConnectionFactoryBeanConfigurer'
2025-12-30 22:35:55.437 DEBUG --- [  restartedMain] o.s.b.f.s.DefaultListableBeanFactory     : Autowiring by type from bean name 'rabbitConnectionFactoryBeanConfigurer' via factory method to bean named 'org.springframework.boot.web.servlet.context.AnnotationConfigServletWebServerApplicationContext@2afacb41'
2025-12-30 22:35:55.437 DEBUG --- [  restartedMain] o.s.b.f.s.DefaultListableBeanFactory     : Autowiring by type from bean name 'rabbitConnectionFactoryBeanConfigurer' via factory method to bean named 'rabbitConnectionDetails'
2025-12-30 22:35:55.441 DEBUG --- [  restartedMain] o.s.b.f.s.DefaultListableBeanFactory     : Creating shared instance of singleton bean 'rabbitConnectionFactoryConfigurer'
2025-12-30 22:35:55.441 DEBUG --- [  restartedMain] o.s.b.f.s.DefaultListableBeanFactory     : Autowiring by type from bean name 'rabbitConnectionFactoryConfigurer' via factory method to bean named 'rabbitConnectionDetails'
2025-12-30 22:35:55.442 DEBUG --- [  restartedMain] o.s.b.f.s.DefaultListableBeanFactory     : Creating shared instance of singleton bean 'rabbitConnectionFactory'
2025-12-30 22:35:55.444 DEBUG --- [  restartedMain] o.s.b.f.s.DefaultListableBeanFactory     : Autowiring by type from bean name 'rabbitConnectionFactory' via factory method to bean named 'rabbitConnectionFactoryBeanConfigurer'
2025-12-30 22:35:55.444 DEBUG --- [  restartedMain] o.s.b.f.s.DefaultListableBeanFactory     : Autowiring by type from bean name 'rabbitConnectionFactory' via factory method to bean named 'rabbitConnectionFactoryConfigurer'
2025-12-30 22:35:55.447 DEBUG --- [  restartedMain] jdk.event.security                       : X509Certificate: Alg:SHA256withRSA, Serial:570a119742c4e3cc, Subject:CN=Actalis Authentication Root CA, O=Actalis S.p.A./03358520967, L=Milan, C=IT, Issuer:CN=Actalis Authentication Root CA, O=Actalis S.p.A./03358520967, L=Milan, C=IT, Key type:RSA, Length:4096, Cert Id:1729119956, Valid from:9/22/11, 6:22 PM, Valid until:9/22/30, 6:22 PM
2025-12-30 22:35:55.447 DEBUG --- [  restartedMain] jdk.event.security                       : X509Certificate: Alg:SHA1withRSA, Serial:1, Subject:CN=AddTrust External CA Root, OU=AddTrust External TTP Network, O=AddTrust AB, C=SE, Issuer:CN=AddTrust External CA Root, OU=AddTrust External TTP Network, O=AddTrust AB, C=SE, Key type:RSA, Length:2048, Cert Id:3968614624, Valid from:5/30/00, 5:48 PM, Valid until:5/30/20, 5:48 PM
2025-12-30 22:35:55.447 DEBUG --- [  restartedMain] jdk.event.security                       : X509Certificate: Alg:SHA1withRSA, Serial:1, Subject:CN=AddTrust Qualified CA Root, OU=AddTrust TTP Network, O=AddTrust AB, C=SE, Issuer:CN=AddTrust Qualified CA Root, OU=AddTrust TTP Network, O=AddTrust AB, C=SE, Key type:RSA, Length:2048, Cert Id:607365522, Valid from:5/30/00, 5:44 PM, Valid until:5/30/20, 5:44 PM
2025-12-30 22:35:55.448 DEBUG --- [  restartedMain] jdk.event.security                       : X509Certificate: Alg:SHA256withRSA, Serial:7777062726a9b17c, Subject:CN=AffirmTrust Commercial, O=AffirmTrust, C=US, Issuer:CN=AffirmTrust Commercial, O=AffirmTrust, C=US, Key type:RSA, Length:2048, Cert Id:630485644, Valid from:1/29/10, 9:06 PM, Valid until:12/31/30, 9:06 PM
2025-12-30 22:35:55.448 DEBUG --- [  restartedMain] jdk.event.security                       : X509Certificate: Alg:SHA1withRSA, Serial:7c4f04391cd4992d, Subject:CN=AffirmTrust Networking, O=AffirmTrust, C=US, Issuer:CN=AffirmTrust Networking, O=AffirmTrust, C=US, Key type:RSA, Length:2048, Cert Id:651670175, Valid from:1/29/10, 9:08 PM, Valid until:12/31/30, 9:08 PM
2025-12-30 22:35:55.448 DEBUG --- [  restartedMain] jdk.event.security                       : X509Certificate: Alg:SHA384withRSA, Serial:6d8c1446b1a60aee, Subject:CN=AffirmTrust Premium, O=AffirmTrust, C=US, Issuer:CN=AffirmTrust Premium, O=AffirmTrust, C=US, Key type:RSA, Length:4096, Cert Id:2164683341, Valid from:1/29/10, 9:10 PM, Valid until:12/31/40, 9:10 PM
2025-12-30 22:35:55.448 DEBUG --- [  restartedMain] jdk.event.security                       : X509Certificate: Alg:SHA384withECDSA, Serial:7497258ac73f7a54, Subject:CN=AffirmTrust Premium ECC, O=AffirmTrust, C=US, Issuer:CN=AffirmTrust Premium ECC, O=AffirmTrust, C=US, Key type:EC, Length:384, Cert Id:2214603510, Valid from:1/29/10, 9:20 PM, Valid until:12/31/40, 9:20 PM
2025-12-30 22:35:55.448 DEBUG --- [  restartedMain] jdk.event.security                       : X509Certificate: Alg:SHA256withRSA, Serial:66c9fcf99bf8c0a39e2f0788a43e696365bca, Subject:CN=Amazon Root CA 1, O=Amazon, C=US, Issuer:CN=Amazon Root CA 1, O=Amazon, C=US, Key type:RSA, Length:2048, Cert Id:2822522334, Valid from:5/26/15, 7:00 AM, Valid until:1/17/38, 7:00 AM
2025-12-30 22:35:55.449 DEBUG --- [  restartedMain] jdk.event.security                       : X509Certificate: Alg:SHA384withRSA, Serial:66c9fd29635869f0a0fe58678f85b26bb8a37, Subject:CN=Amazon Root CA 2, O=Amazon, C=US, Issuer:CN=Amazon Root CA 2, O=Amazon, C=US, Key type:RSA, Length:4096, Cert Id:2528834908, Valid from:5/26/15, 7:00 AM, Valid until:5/26/40, 7:00 AM
2025-12-30 22:35:55.449 DEBUG --- [  restartedMain] jdk.event.security                       : X509Certificate: Alg:SHA256withECDSA, Serial:66c9fd5749736663f3b0b9ad9e89e7603f24a, Subject:CN=Amazon Root CA 3, O=Amazon, C=US, Issuer:CN=Amazon Root CA 3, O=Amazon, C=US, Key type:EC, Length:256, Cert Id:2732679773, Valid from:5/26/15, 7:00 AM, Valid until:5/26/40, 7:00 AM
2025-12-30 22:35:55.449 DEBUG --- [  restartedMain] jdk.event.security                       : X509Certificate: Alg:SHA384withECDSA, Serial:66c9fd7c1bb104c2943e5717b7b2cc81ac10e, Subject:CN=Amazon Root CA 4, O=Amazon, C=US, Issuer:CN=Amazon Root CA 4, O=Amazon, C=US, Key type:EC, Length:384, Cert Id:2640694783, Valid from:5/26/15, 7:00 AM, Valid until:5/26/40, 7:00 AM
2025-12-30 22:35:55.449 DEBUG --- [  restartedMain] jdk.event.security                       : X509Certificate: Alg:SHA1withRSA, Serial:20000b9, Subject:CN=Baltimore CyberTrust Root, OU=CyberTrust, O=Baltimore, C=IE, Issuer:CN=Baltimore CyberTrust Root, OU=CyberTrust, O=Baltimore, C=IE, Key type:RSA, Length:2048, Cert Id:1425294543, Valid from:5/13/00, 1:46 AM, Valid until:5/13/25, 6:59 AM
2025-12-30 22:35:55.449 DEBUG --- [  restartedMain] jdk.event.security                       : X509Certificate: Alg:SHA256withRSA, Serial:2, Subject:CN=Buypass Class 2 Root CA, O=Buypass AS-983163327, C=NO, Issuer:CN=Buypass Class 2 Root CA, O=Buypass AS-983163327, C=NO, Key type:RSA, Length:4096, Cert Id:969960563, Valid from:10/26/10, 3:38 PM, Valid until:10/26/40, 3:38 PM
2025-12-30 22:35:55.449 DEBUG --- [  restartedMain] jdk.event.security                       : X509Certificate: Alg:SHA256withRSA, Serial:2, Subject:CN=Buypass Class 3 Root CA, O=Buypass AS-983163327, C=NO, Issuer:CN=Buypass Class 3 Root CA, O=Buypass AS-983163327, C=NO, Key type:RSA, Length:4096, Cert Id:1264269967, Valid from:10/26/10, 3:28 PM, Valid until:10/26/40, 3:28 PM
2025-12-30 22:35:55.450 DEBUG --- [  restartedMain] jdk.event.security                       : X509Certificate: Alg:SHA1withRSA, Serial:a3da427ea4b1aeda, Subject:CN=Chambers of Commerce Root - 2008, O=AC Camerfirma S.A., SERIALNUMBER=A82743287, L=Madrid (see current address at www.camerfirma.com/address), C=EU, Issuer:CN=Chambers of Commerce Root - 2008, O=AC Camerfirma S.A., SERIALNUMBER=A82743287, L=Madrid (see current address at www.camerfirma.com/address), C=EU, Key type:RSA, Length:4096, Cert Id:4266703372, Valid from:8/1/08, 7:29 PM, Valid until:7/31/38, 7:29 PM
2025-12-30 22:35:55.450 DEBUG --- [  restartedMain] jdk.event.security                       : X509Certificate: Alg:SHA1withRSA, Serial:0, Subject:CN=Chambers of Commerce Root, OU=http://www.chambersign.org, O=AC Camerfirma SA CIF A82743287, C=EU, Issuer:CN=Chambers of Commerce Root, OU=http://www.chambersign.org, O=AC Camerfirma SA CIF A82743287, C=EU, Key type:RSA, Length:2048, Cert Id:1827306452, Valid from:9/30/03, 11:13 PM, Valid until:9/30/37, 11:13 PM
2025-12-30 22:35:55.450 DEBUG --- [  restartedMain] jdk.event.security                       : X509Certificate: Alg:SHA1withRSA, Serial:c9cdd3e9d57d23ce, Subject:CN=Global Chambersign Root - 2008, O=AC Camerfirma S.A., SERIALNUMBER=A82743287, L=Madrid (see current address at www.camerfirma.com/address), C=EU, Issuer:CN=Global Chambersign Root - 2008, O=AC Camerfirma S.A., SERIALNUMBER=A82743287, L=Madrid (see current address at www.camerfirma.com/address), C=EU, Key type:RSA, Length:4096, Cert Id:1271252776, Valid from:8/1/08, 7:31 PM, Valid until:7/31/38, 7:31 PM
2025-12-30 22:35:55.450 DEBUG --- [  restartedMain] jdk.event.security                       : X509Certificate: Alg:SHA384withECDSA, Serial:62533b1470333275cf98d9ab9bfccf8, Subject:CN=Certainly Root E1, O=Certainly, C=US, Issuer:CN=Certainly Root E1, O=Certainly, C=US, Key type:EC, Length:384, Cert Id:792571453, Valid from:4/1/21, 7:00 AM, Valid until:4/1/46, 7:00 AM
2025-12-30 22:35:55.450 DEBUG --- [  restartedMain] jdk.event.security                       : X509Certificate: Alg:SHA256withRSA, Serial:8e0ff94b907168653354f4d44439b7e0, Subject:CN=Certainly Root R1, O=Certainly, C=US, Issuer:CN=Certainly Root R1, O=Certainly, C=US, Key type:RSA, Length:4096, Cert Id:2255958535, Valid from:4/1/21, 7:00 AM, Valid until:4/1/46, 7:00 AM
2025-12-30 22:35:55.451 DEBUG --- [  restartedMain] jdk.event.security                       : X509Certificate: Alg:SHA1withRSA, Serial:fedce3010fc948ff, Subject:CN=Certigna, O=Dhimyotis, C=FR, Issuer:CN=Certigna, O=Dhimyotis, C=FR, Key type:RSA, Length:2048, Cert Id:3506875840, Valid from:6/29/07, 10:13 PM, Valid until:6/29/27, 10:13 PM
2025-12-30 22:35:55.451 DEBUG --- [  restartedMain] jdk.event.security                       : X509Certificate: Alg:SHA256withRSA, Serial:cae91b89f155030da3e6416dc4e3a6e1, Subject:CN=Certigna Root CA, OU=0002 48146308100036, O=Dhimyotis, C=FR, Issuer:CN=Certigna Root CA, OU=0002 48146308100036, O=Dhimyotis, C=FR, Key type:RSA, Length:4096, Cert Id:356684591, Valid from:10/1/13, 3:32 PM, Valid until:10/1/33, 3:32 PM
2025-12-30 22:35:55.451 DEBUG --- [  restartedMain] jdk.event.security                       : X509Certificate: Alg:SHA1withRSA, Serial:10020, Subject:CN=Certum CA, O=Unizeto Sp. z o.o., C=PL, Issuer:CN=Certum CA, O=Unizeto Sp. z o.o., C=PL, Key type:RSA, Length:2048, Cert Id:3550516030, Valid from:6/11/02, 5:46 PM, Valid until:6/11/27, 5:46 PM
2025-12-30 22:35:55.451 DEBUG --- [  restartedMain] jdk.event.security                       : X509Certificate: Alg:SHA1withRSA, Serial:444c0, Subject:CN=Certum Trusted Network CA, OU=Certum Certification Authority, O=Unizeto Technologies S.A., C=PL, Issuer:CN=Certum Trusted Network CA, OU=Certum Certification Authority, O=Unizeto Technologies S.A., C=PL, Key type:RSA, Length:2048, Cert Id:2014002193, Valid from:10/22/08, 7:07 PM, Valid until:12/31/29, 7:07 PM
2025-12-30 22:35:55.452 DEBUG --- [  restartedMain] jdk.event.security                       : X509Certificate: Alg:SHA1withRSA, Serial:15c8bd65475cafb897005ee406d2bc9d, Subject:OU=ePKI Root Certification Authority, O="Chunghwa Telecom Co., Ltd.", C=TW, Issuer:OU=ePKI Root Certification Authority, O="Chunghwa Telecom Co., Ltd.", C=TW, Key type:RSA, Length:4096, Cert Id:3632331159, Valid from:12/20/04, 9:31 AM, Valid until:12/20/34, 9:31 AM
2025-12-30 22:35:55.452 DEBUG --- [  restartedMain] jdk.event.security                       : X509Certificate: Alg:SHA1withRSA, Serial:1, Subject:CN=AAA Certificate Services, O=Comodo CA Limited, L=Salford, ST=Greater Manchester, C=GB, Issuer:CN=AAA Certificate Services, O=Comodo CA Limited, L=Salford, ST=Greater Manchester, C=GB, Key type:RSA, Length:2048, Cert Id:3097386402, Valid from:1/1/04, 7:00 AM, Valid until:1/1/29, 6:59 AM
2025-12-30 22:35:55.452 DEBUG --- [  restartedMain] jdk.event.security                       : X509Certificate: Alg:SHA384withECDSA, Serial:1f47afaa62007050544c019e9b63992a, Subject:CN=COMODO ECC Certification Authority, O=COMODO CA Limited, L=Salford, ST=Greater Manchester, C=GB, Issuer:CN=COMODO ECC Certification Authority, O=COMODO CA Limited, L=Salford, ST=Greater Manchester, C=GB, Key type:EC, Length:384, Cert Id:1146488932, Valid from:3/6/08, 7:00 AM, Valid until:1/19/38, 6:59 AM
2025-12-30 22:35:55.452 DEBUG --- [  restartedMain] jdk.event.security                       : X509Certificate: Alg:SHA384withRSA, Serial:4caaf9cadb636fe01ff74ed85b03869d, Subject:CN=COMODO RSA Certification Authority, O=COMODO CA Limited, L=Salford, ST=Greater Manchester, C=GB, Issuer:CN=COMODO RSA Certification Authority, O=COMODO CA Limited, L=Salford, ST=Greater Manchester, C=GB, Key type:RSA, Length:4096, Cert Id:1769425049, Valid from:1/19/10, 7:00 AM, Valid until:1/19/38, 6:59 AM
2025-12-30 22:35:55.453 DEBUG --- [  restartedMain] jdk.event.security                       : X509Certificate: Alg:SHA256withRSA, Serial:b931c3ad63967ea6723bfc3af9af44b, Subject:CN=DigiCert Assured ID Root G2, OU=www.digicert.com, O=DigiCert Inc, C=US, Issuer:CN=DigiCert Assured ID Root G2, OU=www.digicert.com, O=DigiCert Inc, C=US, Key type:RSA, Length:2048, Cert Id:3909568913, Valid from:8/1/13, 7:00 PM, Valid until:1/15/38, 7:00 PM
2025-12-30 22:35:55.453 DEBUG --- [  restartedMain] jdk.event.security                       : X509Certificate: Alg:SHA384withECDSA, Serial:ba15afa1ddfa0b54944afcd24a06cec, Subject:CN=DigiCert Assured ID Root G3, OU=www.digicert.com, O=DigiCert Inc, C=US, Issuer:CN=DigiCert Assured ID Root G3, OU=www.digicert.com, O=DigiCert Inc, C=US, Key type:EC, Length:384, Cert Id:3649430051, Valid from:8/1/13, 7:00 PM, Valid until:1/15/38, 7:00 PM
2025-12-30 22:35:55.454 DEBUG --- [  restartedMain] jdk.event.security                       : X509Certificate: Alg:SHA1withRSA, Serial:ce7e0e517d846fe8fe560fc1bf03039, Subject:CN=DigiCert Assured ID Root CA, OU=www.digicert.com, O=DigiCert Inc, C=US, Issuer:CN=DigiCert Assured ID Root CA, OU=www.digicert.com, O=DigiCert Inc, C=US, Key type:RSA, Length:2048, Cert Id:3434562768, Valid from:11/10/06, 7:00 AM, Valid until:11/10/31, 7:00 AM
2025-12-30 22:35:55.454 DEBUG --- [  restartedMain] jdk.event.security                       : X509Certificate: Alg:SHA384withECDSA, Serial:3698fe712d519f3ced0fdb7b1643011, Subject:CN=DigiCert CS ECC P384 Root G5, O="DigiCert, Inc.", C=US, Issuer:CN=DigiCert CS ECC P384 Root G5, O="DigiCert, Inc.", C=US, Key type:EC, Length:384, Cert Id:381797637, Valid from:1/15/21, 7:00 AM, Valid until:1/15/46, 6:59 AM
2025-12-30 22:35:55.454 DEBUG --- [  restartedMain] jdk.event.security                       : X509Certificate: Alg:SHA384withRSA, Serial:6cee131be6d55c807f7c0c7fb44e620, Subject:CN=DigiCert CS RSA4096 Root G5, O="DigiCert, Inc.", C=US, Issuer:CN=DigiCert CS RSA4096 Root G5, O="DigiCert, Inc.", C=US, Key type:RSA, Length:4096, Cert Id:1193514382, Valid from:1/15/21, 7:00 AM, Valid until:1/15/46, 6:59 AM
2025-12-30 22:35:55.454 DEBUG --- [  restartedMain] jdk.event.security                       : X509Certificate: Alg:SHA1withRSA, Serial:83be056904246b1a1756ac95991c74a, Subject:CN=DigiCert Global Root CA, OU=www.digicert.com, O=DigiCert Inc, C=US, Issuer:CN=DigiCert Global Root CA, OU=www.digicert.com, O=DigiCert Inc, C=US, Key type:RSA, Length:2048, Cert Id:1341898239, Valid from:11/10/06, 7:00 AM, Valid until:11/10/31, 7:00 AM
2025-12-30 22:35:55.454 DEBUG --- [  restartedMain] jdk.event.security                       : X509Certificate: Alg:SHA256withRSA, Serial:33af1e6a711a9a0bb2864b11d09fae5, Subject:CN=DigiCert Global Root G2, OU=www.digicert.com, O=DigiCert Inc, C=US, Issuer:CN=DigiCert Global Root G2, OU=www.digicert.com, O=DigiCert Inc, C=US, Key type:RSA, Length:2048, Cert Id:1136084297, Valid from:8/1/13, 7:00 PM, Valid until:1/15/38, 7:00 PM
2025-12-30 22:35:55.455 DEBUG --- [  restartedMain] jdk.event.security                       : X509Certificate: Alg:SHA384withECDSA, Serial:55556bcf25ea43535c3a40fd5ab4572, Subject:CN=DigiCert Global Root G3, OU=www.digicert.com, O=DigiCert Inc, C=US, Issuer:CN=DigiCert Global Root G3, OU=www.digicert.com, O=DigiCert Inc, C=US, Key type:EC, Length:384, Cert Id:3498998753, Valid from:8/1/13, 7:00 PM, Valid until:1/15/38, 7:00 PM
2025-12-30 22:35:55.455 DEBUG --- [  restartedMain] jdk.event.security                       : X509Certificate: Alg:SHA1withRSA, Serial:2ac5c266a0b409b8f0b79f2ae462577, Subject:CN=DigiCert High Assurance EV Root CA, OU=www.digicert.com, O=DigiCert Inc, C=US, Issuer:CN=DigiCert High Assurance EV Root CA, OU=www.digicert.com, O=DigiCert Inc, C=US, Key type:RSA, Length:2048, Cert Id:2884286942, Valid from:11/10/06, 7:00 AM, Valid until:11/10/31, 7:00 AM
2025-12-30 22:35:55.455 DEBUG --- [  restartedMain] jdk.event.security                       : X509Certificate: Alg:SHA384withECDSA, Serial:9e09365acf7d9c8b93e1c0b042a2ef3, Subject:CN=DigiCert TLS ECC P384 Root G5, O="DigiCert, Inc.", C=US, Issuer:CN=DigiCert TLS ECC P384 Root G5, O="DigiCert, Inc.", C=US, Key type:EC, Length:384, Cert Id:3940772018, Valid from:1/15/21, 7:00 AM, Valid until:1/15/46, 6:59 AM
2025-12-30 22:35:55.455 DEBUG --- [  restartedMain] jdk.event.security                       : X509Certificate: Alg:SHA384withRSA, Serial:8f9b478a8fa7eda6a333789de7ccf8a, Subject:CN=DigiCert TLS RSA4096 Root G5, O="DigiCert, Inc.", C=US, Issuer:CN=DigiCert TLS RSA4096 Root G5, O="DigiCert, Inc.", C=US, Key type:RSA, Length:4096, Cert Id:165956757, Valid from:1/15/21, 7:00 AM, Valid until:1/15/46, 6:59 AM
2025-12-30 22:35:55.456 DEBUG --- [  restartedMain] jdk.event.security                       : X509Certificate: Alg:SHA384withRSA, Serial:59b1b579e8e2132e23907bda777755c, Subject:CN=DigiCert Trusted Root G4, OU=www.digicert.com, O=DigiCert Inc, C=US, Issuer:CN=DigiCert Trusted Root G4, OU=www.digicert.com, O=DigiCert Inc, C=US, Key type:RSA, Length:4096, Cert Id:1057369358, Valid from:8/1/13, 7:00 PM, Valid until:1/15/38, 7:00 PM
2025-12-30 22:35:55.456 DEBUG --- [  restartedMain] jdk.event.security                       : X509Certificate: Alg:SHA256withRSA, Serial:983f3, Subject:CN=D-TRUST Root Class 3 CA 2 2009, O=D-Trust GmbH, C=DE, Issuer:CN=D-TRUST Root Class 3 CA 2 2009, O=D-Trust GmbH, C=DE, Key type:RSA, Length:2048, Cert Id:1430153102, Valid from:11/5/09, 3:35 PM, Valid until:11/5/29, 3:35 PM
2025-12-30 22:35:55.456 DEBUG --- [  restartedMain] jdk.event.security                       : X509Certificate: Alg:SHA256withRSA, Serial:983f4, Subject:CN=D-TRUST Root Class 3 CA 2 EV 2009, O=D-Trust GmbH, C=DE, Issuer:CN=D-TRUST Root Class 3 CA 2 EV 2009, O=D-Trust GmbH, C=DE, Key type:RSA, Length:2048, Cert Id:971313728, Valid from:11/5/09, 3:50 PM, Valid until:11/5/29, 3:50 PM
2025-12-30 22:35:55.456 DEBUG --- [  restartedMain] jdk.event.security                       : X509Certificate: Alg:SHA384withECDSA, Serial:3cf607a968700eda8b84, Subject:CN=emSign ECC Root CA - G3, O=eMudhra Technologies Limited, OU=emSign PKI, C=IN, Issuer:CN=emSign ECC Root CA - G3, O=eMudhra Technologies Limited, OU=emSign PKI, C=IN, Key type:EC, Length:384, Cert Id:3832035707, Valid from:2/19/18, 1:30 AM, Valid until:2/19/43, 1:30 AM
2025-12-30 22:35:55.456 DEBUG --- [  restartedMain] jdk.event.security                       : X509Certificate: Alg:SHA256withRSA, Serial:31f5e4620c6c58edd6d8, Subject:CN=emSign Root CA - G1, O=eMudhra Technologies Limited, OU=emSign PKI, C=IN, Issuer:CN=emSign Root CA - G1, O=eMudhra Technologies Limited, OU=emSign PKI, C=IN, Key type:RSA, Length:2048, Cert Id:392709196, Valid from:2/19/18, 1:30 AM, Valid until:2/19/43, 1:30 AM
2025-12-30 22:35:55.456 DEBUG --- [  restartedMain] jdk.event.security                       : X509Certificate: Alg:SHA384withRSA, Serial:864dbf0fe35ed77d8ed8, Subject:CN=emSign Root CA - G2, O=eMudhra Technologies Limited, OU=emSign PKI, C=IN, Issuer:CN=emSign Root CA - G2, O=eMudhra Technologies Limited, OU=emSign PKI, C=IN, Key type:RSA, Length:4096, Cert Id:3373940126, Valid from:2/19/18, 1:30 AM, Valid until:2/19/43, 1:30 AM
2025-12-30 22:35:55.457 DEBUG --- [  restartedMain] jdk.event.security                       : X509Certificate: Alg:SHA1withRSA, Serial:3863def8, Subject:CN=Entrust.net Certification Authority (2048), OU=(c) 1999 Entrust.net Limited, OU=www.entrust.net/CPS_2048 incorp. by ref. (limits liab.), O=Entrust.net, Issuer:CN=Entrust.net Certification Authority (2048), OU=(c) 1999 Entrust.net Limited, OU=www.entrust.net/CPS_2048 incorp. by ref. (limits liab.), O=Entrust.net, Key type:RSA, Length:2048, Cert Id:3966431214, Valid from:12/25/99, 12:50 AM, Valid until:7/24/29, 9:15 PM
2025-12-30 22:35:55.457 DEBUG --- [  restartedMain] jdk.event.security                       : X509Certificate: Alg:SHA1withRSA, Serial:456b5054, Subject:CN=Entrust Root Certification Authority, OU="(c) 2006 Entrust, Inc.", OU=www.entrust.net/CPS is incorporated by reference, O="Entrust, Inc.", C=US, Issuer:CN=Entrust Root Certification Authority, OU="(c) 2006 Entrust, Inc.", OU=www.entrust.net/CPS is incorporated by reference, O="Entrust, Inc.", C=US, Key type:RSA, Length:2048, Cert Id:3033563200, Valid from:11/28/06, 3:23 AM, Valid until:11/28/26, 3:53 AM
2025-12-30 22:35:55.457 DEBUG --- [  restartedMain] jdk.event.security                       : X509Certificate: Alg:SHA384withECDSA, Serial:a68b79290000000050d091f9, Subject:CN=Entrust Root Certification Authority - EC1, OU="(c) 2012 Entrust, Inc. - for authorized use only", OU=See www.entrust.net/legal-terms, O="Entrust, Inc.", C=US, Issuer:CN=Entrust Root Certification Authority - EC1, OU="(c) 2012 Entrust, Inc. - for authorized use only", OU=See www.entrust.net/legal-terms, O="Entrust, Inc.", C=US, Key type:EC, Length:384, Cert Id:924514073, Valid from:12/18/12, 10:25 PM, Valid until:12/18/37, 10:55 PM
2025-12-30 22:35:55.457 DEBUG --- [  restartedMain] jdk.event.security                       : X509Certificate: Alg:SHA256withRSA, Serial:4a538c28, Subject:CN=Entrust Root Certification Authority - G2, OU="(c) 2009 Entrust, Inc. - for authorized use only", OU=See www.entrust.net/legal-terms, O="Entrust, Inc.", C=US, Issuer:CN=Entrust Root Certification Authority - G2, OU="(c) 2009 Entrust, Inc. - for authorized use only", OU=See www.entrust.net/legal-terms, O="Entrust, Inc.", C=US, Key type:RSA, Length:2048, Cert Id:1936920337, Valid from:7/8/09, 12:25 AM, Valid until:12/8/30, 12:55 AM
2025-12-30 22:35:55.457 DEBUG --- [  restartedMain] jdk.event.security                       : X509Certificate: Alg:SHA256withRSA, Serial:d9b5437fafa9390f000000005565ad58, Subject:CN=Entrust Root Certification Authority - G4, OU="(c) 2015 Entrust, Inc. - for authorized use only", OU=See www.entrust.net/legal-terms, O="Entrust, Inc.", C=US, Issuer:CN=Entrust Root Certification Authority - G4, OU="(c) 2015 Entrust, Inc. - for authorized use only", OU=See www.entrust.net/legal-terms, O="Entrust, Inc.", C=US, Key type:RSA, Length:4096, Cert Id:1368037548, Valid from:5/27/15, 6:11 PM, Valid until:12/27/37, 6:41 PM
2025-12-30 22:35:55.457 DEBUG --- [  restartedMain] jdk.event.security                       : X509Certificate: Alg:SHA1withRSA, Serial:23456, Subject:CN=GeoTrust Global CA, O=GeoTrust Inc., C=US, Issuer:CN=GeoTrust Global CA, O=GeoTrust Inc., C=US, Key type:RSA, Length:2048, Cert Id:2266349922, Valid from:5/21/02, 11:00 AM, Valid until:5/21/22, 11:00 AM
2025-12-30 22:35:55.458 DEBUG --- [  restartedMain] jdk.event.security                       : X509Certificate: Alg:SHA1withRSA, Serial:18acb56afd69b6153a636cafdafac4a1, Subject:CN=GeoTrust Primary Certification Authority, O=GeoTrust Inc., C=US, Issuer:CN=GeoTrust Primary Certification Authority, O=GeoTrust Inc., C=US, Key type:RSA, Length:2048, Cert Id:3329622139, Valid from:11/27/06, 7:00 AM, Valid until:7/17/36, 6:59 AM
2025-12-30 22:35:55.458 DEBUG --- [  restartedMain] jdk.event.security                       : X509Certificate: Alg:SHA384withECDSA, Serial:3cb2f4480a00e2feeb243b5e603ec36b, Subject:CN=GeoTrust Primary Certification Authority - G2, OU=(c) 2007 GeoTrust Inc. - For authorized use only, O=GeoTrust Inc., C=US, Issuer:CN=GeoTrust Primary Certification Authority - G2, OU=(c) 2007 GeoTrust Inc. - For authorized use only, O=GeoTrust Inc., C=US, Key type:EC, Length:384, Cert Id:3180663474, Valid from:11/5/07, 7:00 AM, Valid until:1/19/38, 6:59 AM
2025-12-30 22:35:55.458 DEBUG --- [  restartedMain] jdk.event.security                       : X509Certificate: Alg:SHA256withRSA, Serial:15ac6e9419b2794b41f627a9c3180f1f, Subject:CN=GeoTrust Primary Certification Authority - G3, OU=(c) 2008 GeoTrust Inc. - For authorized use only, O=GeoTrust Inc., C=US, Issuer:CN=GeoTrust Primary Certification Authority - G3, OU=(c) 2008 GeoTrust Inc. - For authorized use only, O=GeoTrust Inc., C=US, Key type:RSA, Length:2048, Cert Id:2964813538, Valid from:4/2/08, 7:00 AM, Valid until:12/2/37, 6:59 AM
2025-12-30 22:35:55.458 DEBUG --- [  restartedMain] jdk.event.security                       : X509Certificate: Alg:SHA1withRSA, Serial:1, Subject:CN=GeoTrust Universal CA, O=GeoTrust Inc., C=US, Issuer:CN=GeoTrust Universal CA, O=GeoTrust Inc., C=US, Key type:RSA, Length:4096, Cert Id:313566089, Valid from:3/4/04, 12:00 PM, Valid until:3/4/29, 12:00 PM
2025-12-30 22:35:55.458 DEBUG --- [  restartedMain] jdk.event.security                       : X509Certificate: Alg:SHA1withRSA, Serial:40000000001154b5ac394, Subject:CN=GlobalSign Root CA, OU=Root CA, O=GlobalSign nv-sa, C=BE, Issuer:CN=GlobalSign Root CA, OU=Root CA, O=GlobalSign nv-sa, C=BE, Key type:RSA, Length:2048, Cert Id:536948034, Valid from:9/1/98, 7:00 PM, Valid until:1/28/28, 7:00 PM
2025-12-30 22:35:55.459 DEBUG --- [  restartedMain] jdk.event.security                       : X509Certificate: Alg:SHA384withECDSA, Serial:11d2bbba336ed4bce62468c50d841d98e843, Subject:CN=GlobalSign Root E46, O=GlobalSign nv-sa, C=BE, Issuer:CN=GlobalSign Root E46, O=GlobalSign nv-sa, C=BE, Key type:EC, Length:384, Cert Id:3405603905, Valid from:3/20/19, 7:00 AM, Valid until:3/20/46, 7:00 AM
2025-12-30 22:35:55.459 DEBUG --- [  restartedMain] jdk.event.security                       : X509Certificate: Alg:SHA256withECDSA, Serial:2a38a41c960a04de42b228a50be8349802, Subject:CN=GlobalSign, O=GlobalSign, OU=GlobalSign ECC Root CA - R4, Issuer:CN=GlobalSign, O=GlobalSign, OU=GlobalSign ECC Root CA - R4, Key type:EC, Length:256, Cert Id:2371693751, Valid from:11/13/12, 7:00 AM, Valid until:1/19/38, 10:14 AM
2025-12-30 22:35:55.459 DEBUG --- [  restartedMain] jdk.event.security                       : X509Certificate: Alg:SHA384withECDSA, Serial:605949e0262ebb55f90a778a71f94ad86c, Subject:CN=GlobalSign, O=GlobalSign, OU=GlobalSign ECC Root CA - R5, Issuer:CN=GlobalSign, O=GlobalSign, OU=GlobalSign ECC Root CA - R5, Key type:EC, Length:384, Cert Id:1997048439, Valid from:11/13/12, 7:00 AM, Valid until:1/19/38, 10:14 AM
2025-12-30 22:35:55.459 DEBUG --- [  restartedMain] jdk.event.security                       : X509Certificate: Alg:SHA256withRSA, Serial:4000000000121585308a2, Subject:CN=GlobalSign, O=GlobalSign, OU=GlobalSign Root CA - R3, Issuer:CN=GlobalSign, O=GlobalSign, OU=GlobalSign Root CA - R3, Key type:RSA, Length:2048, Cert Id:733875591, Valid from:3/18/09, 5:00 PM, Valid until:3/18/29, 5:00 PM
2025-12-30 22:35:55.459 DEBUG --- [  restartedMain] jdk.event.security                       : X509Certificate: Alg:SHA384withRSA, Serial:11d2bbb9d723189e405f0a9d2dd0df2567d1, Subject:CN=GlobalSign Root R46, O=GlobalSign nv-sa, C=BE, Issuer:CN=GlobalSign Root R46, O=GlobalSign nv-sa, C=BE, Key type:RSA, Length:4096, Cert Id:1275948927, Valid from:3/20/19, 7:00 AM, Valid until:3/20/46, 7:00 AM
2025-12-30 22:35:55.459 DEBUG --- [  restartedMain] jdk.event.security                       : X509Certificate: Alg:SHA384withRSA, Serial:45e6bb038333c3856548e6ff4551, Subject:CN=GlobalSign, O=GlobalSign, OU=GlobalSign Root CA - R6, Issuer:CN=GlobalSign, O=GlobalSign, OU=GlobalSign Root CA - R6, Key type:RSA, Length:4096, Cert Id:3788339543, Valid from:12/10/14, 7:00 AM, Valid until:12/10/34, 7:00 AM
2025-12-30 22:35:55.460 DEBUG --- [  restartedMain] jdk.event.security                       : X509Certificate: Alg:SHA1withRSA, Serial:0, Subject:OU=Go Daddy Class 2 Certification Authority, O="The Go Daddy Group, Inc.", C=US, Issuer:OU=Go Daddy Class 2 Certification Authority, O="The Go Daddy Group, Inc.", C=US, Key type:RSA, Length:2048, Cert Id:4023522997, Valid from:6/30/04, 12:06 AM, Valid until:6/30/34, 12:06 AM
2025-12-30 22:35:55.460 DEBUG --- [  restartedMain] jdk.event.security                       : X509Certificate: Alg:SHA256withRSA, Serial:0, Subject:CN=Go Daddy Root Certificate Authority - G2, O="GoDaddy.com, Inc.", L=Scottsdale, ST=Arizona, C=US, Issuer:CN=Go Daddy Root Certificate Authority - G2, O="GoDaddy.com, Inc.", L=Scottsdale, ST=Arizona, C=US, Key type:RSA, Length:2048, Cert Id:439600313, Valid from:9/1/09, 7:00 AM, Valid until:1/1/38, 6:59 AM
2025-12-30 22:35:55.460 DEBUG --- [  restartedMain] jdk.event.security                       : X509Certificate: Alg:SHA384withRSA, Serial:203e5936f31b01349886ba217, Subject:CN=GTS Root R1, O=Google Trust Services LLC, C=US, Issuer:CN=GTS Root R1, O=Google Trust Services LLC, C=US, Key type:RSA, Length:4096, Cert Id:657172038, Valid from:6/22/16, 7:00 AM, Valid until:6/22/36, 7:00 AM
2025-12-30 22:35:55.460 DEBUG --- [  restartedMain] jdk.event.security                       : X509Certificate: Alg:SHA384withRSA, Serial:203e5aec58d04251aab1125aa, Subject:CN=GTS Root R2, O=Google Trust Services LLC, C=US, Issuer:CN=GTS Root R2, O=Google Trust Services LLC, C=US, Key type:RSA, Length:4096, Cert Id:948387669, Valid from:6/22/16, 7:00 AM, Valid until:6/22/36, 7:00 AM
2025-12-30 22:35:55.460 DEBUG --- [  restartedMain] jdk.event.security                       : X509Certificate: Alg:SHA384withECDSA, Serial:203e5b882eb20f825276d3d66, Subject:CN=GTS Root R3, O=Google Trust Services LLC, C=US, Issuer:CN=GTS Root R3, O=Google Trust Services LLC, C=US, Key type:EC, Length:384, Cert Id:1163081155, Valid from:6/22/16, 7:00 AM, Valid until:6/22/36, 7:00 AM
2025-12-30 22:35:55.460 DEBUG --- [  restartedMain] jdk.event.security                       : X509Certificate: Alg:SHA384withECDSA, Serial:203e5c068ef631a9c72905052, Subject:CN=GTS Root R4, O=Google Trust Services LLC, C=US, Issuer:CN=GTS Root R4, O=Google Trust Services LLC, C=US, Key type:EC, Length:384, Cert Id:1326433111, Valid from:6/22/16, 7:00 AM, Valid until:6/22/36, 7:00 AM
2025-12-30 22:35:55.460 DEBUG --- [  restartedMain] jdk.event.security                       : X509Certificate: Alg:SHA256withECDSA, Serial:0, Subject:CN=Hellenic Academic and Research Institutions ECC RootCA 2015, O=Hellenic Academic and Research Institutions Cert. Authority, L=Athens, C=GR, Issuer:CN=Hellenic Academic and Research Institutions ECC RootCA 2015, O=Hellenic Academic and Research Institutions Cert. Authority, L=Athens, C=GR, Key type:EC, Length:384, Cert Id:513613456, Valid from:7/7/15, 5:37 PM, Valid until:6/30/40, 5:37 PM
2025-12-30 22:35:55.461 DEBUG --- [  restartedMain] jdk.event.security                       : X509Certificate: Alg:SHA256withRSA, Serial:0, Subject:CN=Hellenic Academic and Research Institutions RootCA 2015, O=Hellenic Academic and Research Institutions Cert. Authority, L=Athens, C=GR, Issuer:CN=Hellenic Academic and Research Institutions RootCA 2015, O=Hellenic Academic and Research Institutions Cert. Authority, L=Athens, C=GR, Key type:RSA, Length:4096, Cert Id:3491990565, Valid from:7/7/15, 5:11 PM, Valid until:6/30/40, 5:11 PM
2025-12-30 22:35:55.461 DEBUG --- [  restartedMain] jdk.event.security                       : X509Certificate: Alg:SHA256withRSA, Serial:a0142800000014523c844b500000002, Subject:CN=IdenTrust Commercial Root CA 1, O=IdenTrust, C=US, Issuer:CN=IdenTrust Commercial Root CA 1, O=IdenTrust, C=US, Key type:RSA, Length:4096, Cert Id:1232565210, Valid from:1/17/14, 1:12 AM, Valid until:1/17/34, 1:12 AM
2025-12-30 22:35:55.461 DEBUG --- [  restartedMain] jdk.event.security                       : X509Certificate: Alg:SHA256withRSA, Serial:a0142800000014523cf467c00000002, Subject:CN=IdenTrust Public Sector Root CA 1, O=IdenTrust, C=US, Issuer:CN=IdenTrust Public Sector Root CA 1, O=IdenTrust, C=US, Key type:RSA, Length:4096, Cert Id:2123370772, Valid from:1/17/14, 12:53 AM, Valid until:1/17/34, 12:53 AM
2025-12-30 22:35:55.461 DEBUG --- [  restartedMain] jdk.event.security                       : X509Certificate: Alg:SHA256withRSA, Serial:8210cfb0d240e3594463e0bb63828b00, Subject:CN=ISRG Root X1, O=Internet Security Research Group, C=US, Issuer:CN=ISRG Root X1, O=Internet Security Research Group, C=US, Key type:RSA, Length:4096, Cert Id:1521974916, Valid from:6/4/15, 6:04 PM, Valid until:6/4/35, 6:04 PM
2025-12-30 22:35:55.461 DEBUG --- [  restartedMain] jdk.event.security                       : X509Certificate: Alg:SHA384withECDSA, Serial:41d29dd172eaeea780c12c6ce92f8752, Subject:CN=ISRG Root X2, O=Internet Security Research Group, C=US, Issuer:CN=ISRG Root X2, O=Internet Security Research Group, C=US, Key type:EC, Length:384, Cert Id:3398642244, Valid from:9/4/20, 7:00 AM, Valid until:9/17/40, 11:00 PM
2025-12-30 22:35:55.462 DEBUG --- [  restartedMain] jdk.event.security                       : X509Certificate: Alg:SHA256withRSA, Serial:a7ea6df4b449eda6a24859ee6b815d3167fbbb1, Subject:CN=LuxTrust Global Root 2, O=LuxTrust S.A., C=LU, Issuer:CN=LuxTrust Global Root 2, O=LuxTrust S.A., C=LU, Key type:RSA, Length:4096, Cert Id:3055636602, Valid from:3/5/15, 8:21 PM, Valid until:3/5/35, 8:21 PM
2025-12-30 22:35:55.462 DEBUG --- [  restartedMain] jdk.event.security                       : X509Certificate: Alg:SHA256withRSA, Serial:bb8, Subject:CN=LuxTrust Global Root, O=LuxTrust s.a., C=LU, Issuer:CN=LuxTrust Global Root, O=LuxTrust s.a., C=LU, Key type:RSA, Length:2048, Cert Id:1714819687, Valid from:3/17/11, 4:51 PM, Valid until:3/17/21, 4:51 PM
2025-12-30 22:35:55.462 DEBUG --- [  restartedMain] jdk.event.security                       : X509Certificate: Alg:SHA384withECDSA, Serial:66f23daf87de8bb14aea0c573101c2ec, Subject:CN=Microsoft ECC Root Certificate Authority 2017, O=Microsoft Corporation, C=US, Issuer:CN=Microsoft ECC Root Certificate Authority 2017, O=Microsoft Corporation, C=US, Key type:EC, Length:384, Cert Id:3240761285, Valid from:12/19/19, 6:06 AM, Valid until:7/19/42, 6:16 AM
2025-12-30 22:35:55.462 DEBUG --- [  restartedMain] jdk.event.security                       : X509Certificate: Alg:SHA384withRSA, Serial:1ed397095fd8b4b347701eaabe7f45b3, Subject:CN=Microsoft RSA Root Certificate Authority 2017, O=Microsoft Corporation, C=US, Issuer:CN=Microsoft RSA Root Certificate Authority 2017, O=Microsoft Corporation, C=US, Key type:RSA, Length:4096, Cert Id:2848349048, Valid from:12/19/19, 5:51 AM, Valid until:7/19/42, 6:00 AM
2025-12-30 22:35:55.462 DEBUG --- [  restartedMain] jdk.event.security                       : X509Certificate: Alg:SHA1withRSA, Serial:3ab6508b, Subject:CN=QuoVadis Root Certification Authority, OU=Root Certification Authority, O=QuoVadis Limited, C=BM, Issuer:CN=QuoVadis Root Certification Authority, OU=Root Certification Authority, O=QuoVadis Limited, C=BM, Key type:RSA, Length:2048, Cert Id:2412561694, Valid from:3/20/01, 1:33 AM, Valid until:3/18/21, 1:33 AM
2025-12-30 22:35:55.462 DEBUG --- [  restartedMain] jdk.event.security                       : X509Certificate: Alg:SHA256withRSA, Serial:78585f2ead2c194be3370735341328b596d46593, Subject:CN=QuoVadis Root CA 1 G3, O=QuoVadis Limited, C=BM, Issuer:CN=QuoVadis Root CA 1 G3, O=QuoVadis Limited, C=BM, Key type:RSA, Length:4096, Cert Id:3532531262, Valid from:1/13/12, 12:27 AM, Valid until:1/13/42, 12:27 AM
2025-12-30 22:35:55.463 DEBUG --- [  restartedMain] jdk.event.security                       : X509Certificate: Alg:SHA1withRSA, Serial:509, Subject:CN=QuoVadis Root CA 2, O=QuoVadis Limited, C=BM, Issuer:CN=QuoVadis Root CA 2, O=QuoVadis Limited, C=BM, Key type:RSA, Length:4096, Cert Id:338250116, Valid from:11/25/06, 1:27 AM, Valid until:11/25/31, 1:23 AM
2025-12-30 22:35:55.463 DEBUG --- [  restartedMain] jdk.event.security                       : X509Certificate: Alg:SHA256withRSA, Serial:445734245b81899b35f2ceb82b3b5ba726f07528, Subject:CN=QuoVadis Root CA 2 G3, O=QuoVadis Limited, C=BM, Issuer:CN=QuoVadis Root CA 2 G3, O=QuoVadis Limited, C=BM, Key type:RSA, Length:4096, Cert Id:696763521, Valid from:1/13/12, 1:59 AM, Valid until:1/13/42, 1:59 AM
2025-12-30 22:35:55.463 DEBUG --- [  restartedMain] jdk.event.security                       : X509Certificate: Alg:SHA1withRSA, Serial:5c6, Subject:CN=QuoVadis Root CA 3, O=QuoVadis Limited, C=BM, Issuer:CN=QuoVadis Root CA 3, O=QuoVadis Limited, C=BM, Key type:RSA, Length:4096, Cert Id:1470392860, Valid from:11/25/06, 2:11 AM, Valid until:11/25/31, 2:06 AM
2025-12-30 22:35:55.463 DEBUG --- [  restartedMain] jdk.event.security                       : X509Certificate: Alg:SHA256withRSA, Serial:2ef59b0228a7db7affd5a3a9eebd03a0cf126a1d, Subject:CN=QuoVadis Root CA 3 G3, O=QuoVadis Limited, C=BM, Issuer:CN=QuoVadis Root CA 3 G3, O=QuoVadis Limited, C=BM, Key type:RSA, Length:4096, Cert Id:3589344305, Valid from:1/13/12, 3:26 AM, Valid until:1/13/42, 3:26 AM
2025-12-30 22:35:55.463 DEBUG --- [  restartedMain] jdk.event.security                       : X509Certificate: Alg:SHA256withRSA, Serial:0, Subject:OU=Security Communication RootCA2, O="SECOM Trust Systems CO.,LTD.", C=JP, Issuer:OU=Security Communication RootCA2, O="SECOM Trust Systems CO.,LTD.", C=JP, Key type:RSA, Length:2048, Cert Id:1521072570, Valid from:5/29/09, 12:00 PM, Valid until:5/29/29, 12:00 PM
2025-12-30 22:35:55.463 DEBUG --- [  restartedMain] jdk.event.security                       : X509Certificate: Alg:SHA1withRSA, Serial:cf08e5c0816a5ad427ff0eb271859d0, Subject:CN=SecureTrust CA, O=SecureTrust Corporation, C=US, Issuer:CN=SecureTrust CA, O=SecureTrust Corporation, C=US, Key type:RSA, Length:2048, Cert Id:2034155325, Valid from:11/8/06, 2:31 AM, Valid until:1/1/30, 2:40 AM
2025-12-30 22:35:55.463 DEBUG --- [  restartedMain] jdk.event.security                       : X509Certificate: Alg:SHA256withECDSA, Serial:75e6dfcbc1685ba8, Subject:CN=SSL.com Root Certification Authority ECC, O=SSL Corporation, L=Houston, ST=Texas, C=US, Issuer:CN=SSL.com Root Certification Authority ECC, O=SSL Corporation, L=Houston, ST=Texas, C=US, Key type:EC, Length:384, Cert Id:2926673683, Valid from:2/13/16, 1:14 AM, Valid until:2/13/41, 1:14 AM
2025-12-30 22:35:55.464 DEBUG --- [  restartedMain] jdk.event.security                       : X509Certificate: Alg:SHA256withRSA, Serial:56b629cd34bc78f6, Subject:CN=SSL.com EV Root Certification Authority RSA R2, O=SSL Corporation, L=Houston, ST=Texas, C=US, Issuer:CN=SSL.com EV Root Certification Authority RSA R2, O=SSL Corporation, L=Houston, ST=Texas, C=US, Key type:RSA, Length:4096, Cert Id:1381862403, Valid from:6/1/17, 1:14 AM, Valid until:5/31/42, 1:14 AM
2025-12-30 22:35:55.464 DEBUG --- [  restartedMain] jdk.event.security                       : X509Certificate: Alg:SHA256withRSA, Serial:7b2c9bd316803299, Subject:CN=SSL.com Root Certification Authority RSA, O=SSL Corporation, L=Houston, ST=Texas, C=US, Issuer:CN=SSL.com Root Certification Authority RSA, O=SSL Corporation, L=Houston, ST=Texas, C=US, Key type:RSA, Length:4096, Cert Id:156725711, Valid from:2/13/16, 12:39 AM, Valid until:2/13/41, 12:39 AM
2025-12-30 22:35:55.464 DEBUG --- [  restartedMain] jdk.event.security                       : X509Certificate: Alg:SHA384withECDSA, Serial:1403f5abfb378b17405be243b2a5d1c4, Subject:CN=SSL.com TLS ECC Root CA 2022, O=SSL Corporation, C=US, Issuer:CN=SSL.com TLS ECC Root CA 2022, O=SSL Corporation, C=US, Key type:EC, Length:384, Cert Id:683561703, Valid from:8/25/22, 11:33 PM, Valid until:8/19/46, 11:33 PM
2025-12-30 22:35:55.464 DEBUG --- [  restartedMain] jdk.event.security                       : X509Certificate: Alg:SHA256withRSA, Serial:6fbedaad73bd0840e28b4dbed4f75b91, Subject:CN=SSL.com TLS RSA Root CA 2022, O=SSL Corporation, C=US, Issuer:CN=SSL.com TLS RSA Root CA 2022, O=SSL Corporation, C=US, Key type:RSA, Length:4096, Cert Id:556880013, Valid from:8/25/22, 11:34 PM, Valid until:8/19/46, 11:34 PM
2025-12-30 22:35:55.464 DEBUG --- [  restartedMain] jdk.event.security                       : X509Certificate: Alg:SHA1withRSA, Serial:0, Subject:OU=Starfield Class 2 Certification Authority, O="Starfield Technologies, Inc.", C=US, Issuer:OU=Starfield Class 2 Certification Authority, O="Starfield Technologies, Inc.", C=US, Key type:RSA, Length:2048, Cert Id:1825617644, Valid from:6/30/04, 12:39 AM, Valid until:6/30/34, 12:39 AM
2025-12-30 22:35:55.464 DEBUG --- [  restartedMain] jdk.event.security                       : X509Certificate: Alg:SHA256withRSA, Serial:0, Subject:CN=Starfield Root Certificate Authority - G2, O="Starfield Technologies, Inc.", L=Scottsdale, ST=Arizona, C=US, Issuer:CN=Starfield Root Certificate Authority - G2, O="Starfield Technologies, Inc.", L=Scottsdale, ST=Arizona, C=US, Key type:RSA, Length:2048, Cert Id:3268325709, Valid from:9/1/09, 7:00 AM, Valid until:1/1/38, 6:59 AM
2025-12-30 22:35:55.464 DEBUG --- [  restartedMain] jdk.event.security                       : X509Certificate: Alg:SHA256withRSA, Serial:0, Subject:CN=Starfield Services Root Certificate Authority - G2, O="Starfield Technologies, Inc.", L=Scottsdale, ST=Arizona, C=US, Issuer:CN=Starfield Services Root Certificate Authority - G2, O="Starfield Technologies, Inc.", L=Scottsdale, ST=Arizona, C=US, Key type:RSA, Length:2048, Cert Id:1964785574, Valid from:9/1/09, 7:00 AM, Valid until:1/1/38, 6:59 AM
2025-12-30 22:35:55.465 DEBUG --- [  restartedMain] jdk.event.security                       : X509Certificate: Alg:SHA1withRSA, Serial:bb401c43f55e4fb0, Subject:CN=SwissSign Gold CA - G2, O=SwissSign AG, C=CH, Issuer:CN=SwissSign Gold CA - G2, O=SwissSign AG, C=CH, Key type:RSA, Length:4096, Cert Id:1516221943, Valid from:10/25/06, 3:30 PM, Valid until:10/25/36, 3:30 PM
2025-12-30 22:35:55.465 DEBUG --- [  restartedMain] jdk.event.security                       : X509Certificate: Alg:SHA1withRSA, Serial:4eb200670c035d4f, Subject:CN=SwissSign Platinum CA - G2, O=SwissSign AG, C=CH, Issuer:CN=SwissSign Platinum CA - G2, O=SwissSign AG, C=CH, Key type:RSA, Length:4096, Cert Id:771312514, Valid from:10/25/06, 3:36 PM, Valid until:10/25/36, 3:36 PM
2025-12-30 22:35:55.465 DEBUG --- [  restartedMain] jdk.event.security                       : X509Certificate: Alg:SHA1withRSA, Serial:4f1bd42f54bb2f4b, Subject:CN=SwissSign Silver CA - G2, O=SwissSign AG, C=CH, Issuer:CN=SwissSign Silver CA - G2, O=SwissSign AG, C=CH, Key type:RSA, Length:4096, Cert Id:126726124, Valid from:10/25/06, 3:32 PM, Valid until:10/25/36, 3:32 PM
2025-12-30 22:35:55.465 DEBUG --- [  restartedMain] jdk.event.security                       : X509Certificate: Alg:SHA256withRSA, Serial:1675f27d6fe7ae3e4acbe095b059e, Subject:CN=Telia Root CA v2, O=Telia Finland Oyj, C=FI, Issuer:CN=Telia Root CA v2, O=Telia Finland Oyj, C=FI, Key type:RSA, Length:4096, Cert Id:3473063976, Valid from:11/29/18, 6:55 PM, Valid until:11/29/43, 6:55 PM
2025-12-30 22:35:55.466 DEBUG --- [  restartedMain] jdk.event.security                       : X509Certificate: Alg:SHA1withRSA, Serial:95be16a0f72e46f17b398272fa8bcd96, Subject:CN=TeliaSonera Root CA v1, O=TeliaSonera, Issuer:CN=TeliaSonera Root CA v1, O=TeliaSonera, Key type:RSA, Length:4096, Cert Id:1495358374, Valid from:10/18/07, 7:00 PM, Valid until:10/18/32, 7:00 PM
2025-12-30 22:35:55.466 DEBUG --- [  restartedMain] jdk.event.security                       : X509Certificate: Alg:SHA1withRSA, Serial:344ed55720d5edec49f42fce37db2b6d, Subject:CN=thawte Primary Root CA, OU="(c) 2006 thawte, Inc. - For authorized use only", OU=Certification Services Division, O="thawte, Inc.", C=US, Issuer:CN=thawte Primary Root CA, OU="(c) 2006 thawte, Inc. - For authorized use only", OU=Certification Services Division, O="thawte, Inc.", C=US, Key type:RSA, Length:2048, Cert Id:643000026, Valid from:11/17/06, 7:00 AM, Valid until:7/17/36, 6:59 AM
2025-12-30 22:35:55.466 DEBUG --- [  restartedMain] jdk.event.security                       : X509Certificate: Alg:SHA384withECDSA, Serial:35fc265cd9844fc93d263d579baed756, Subject:CN=thawte Primary Root CA - G2, OU="(c) 2007 thawte, Inc. - For authorized use only", O="thawte, Inc.", C=US, Issuer:CN=thawte Primary Root CA - G2, OU="(c) 2007 thawte, Inc. - For authorized use only", O="thawte, Inc.", C=US, Key type:EC, Length:384, Cert Id:2068083090, Valid from:11/5/07, 7:00 AM, Valid until:1/19/38, 6:59 AM
2025-12-30 22:35:55.467 DEBUG --- [  restartedMain] jdk.event.security                       : X509Certificate: Alg:SHA256withRSA, Serial:600197b746a7eab4b49ad64b2ff790fb, Subject:CN=thawte Primary Root CA - G3, OU="(c) 2008 thawte, Inc. - For authorized use only", OU=Certification Services Division, O="thawte, Inc.", C=US, Issuer:CN=thawte Primary Root CA - G3, OU="(c) 2008 thawte, Inc. - For authorized use only", OU=Certification Services Division, O="thawte, Inc.", C=US, Key type:RSA, Length:2048, Cert Id:1032730720, Valid from:4/2/08, 7:00 AM, Valid until:12/2/37, 6:59 AM
2025-12-30 22:35:55.467 DEBUG --- [  restartedMain] jdk.event.security                       : X509Certificate: Alg:SHA256withRSA, Serial:1, Subject:CN=T-TeleSec GlobalRoot Class 2, OU=T-Systems Trust Center, O=T-Systems Enterprise Services GmbH, C=DE, Issuer:CN=T-TeleSec GlobalRoot Class 2, OU=T-Systems Trust Center, O=T-Systems Enterprise Services GmbH, C=DE, Key type:RSA, Length:2048, Cert Id:3056503257, Valid from:10/1/08, 5:40 PM, Valid until:10/2/33, 6:59 AM
2025-12-30 22:35:55.467 DEBUG --- [  restartedMain] jdk.event.security                       : X509Certificate: Alg:SHA256withRSA, Serial:1, Subject:CN=T-TeleSec GlobalRoot Class 3, OU=T-Systems Trust Center, O=T-Systems Enterprise Services GmbH, C=DE, Issuer:CN=T-TeleSec GlobalRoot Class 3, OU=T-Systems Trust Center, O=T-Systems Enterprise Services GmbH, C=DE, Key type:RSA, Length:2048, Cert Id:1894096264, Valid from:10/1/08, 5:29 PM, Valid until:10/2/33, 6:59 AM
2025-12-30 22:35:55.467 DEBUG --- [  restartedMain] jdk.event.security                       : X509Certificate: Alg:SHA256withRSA, Serial:cbe, Subject:CN=TWCA Global Root CA, OU=Root CA, O=TAIWAN-CA, C=TW, Issuer:CN=TWCA Global Root CA, OU=Root CA, O=TAIWAN-CA, C=TW, Key type:RSA, Length:4096, Cert Id:861175838, Valid from:6/27/12, 1:28 PM, Valid until:12/31/30, 10:59 PM
2025-12-30 22:35:55.467 DEBUG --- [  restartedMain] jdk.event.security                       : X509Certificate: Alg:SHA384withECDSA, Serial:5c8b99c55a94c5d27156decd8980cc26, Subject:CN=USERTrust ECC Certification Authority, O=The USERTRUST Network, L=Jersey City, ST=New Jersey, C=US, Issuer:CN=USERTrust ECC Certification Authority, O=The USERTRUST Network, L=Jersey City, ST=New Jersey, C=US, Key type:EC, Length:384, Cert Id:3329287386, Valid from:2/1/10, 7:00 AM, Valid until:1/19/38, 6:59 AM
2025-12-30 22:35:55.467 DEBUG --- [  restartedMain] jdk.event.security                       : X509Certificate: Alg:SHA384withRSA, Serial:1fd6d30fca3ca51a81bbc640e35032d, Subject:CN=USERTrust RSA Certification Authority, O=The USERTRUST Network, L=Jersey City, ST=New Jersey, C=US, Issuer:CN=USERTrust RSA Certification Authority, O=The USERTRUST Network, L=Jersey City, ST=New Jersey, C=US, Key type:RSA, Length:4096, Cert Id:3947601401, Valid from:2/1/10, 7:00 AM, Valid until:1/19/38, 6:59 AM
2025-12-30 22:35:55.467 DEBUG --- [  restartedMain] jdk.event.security                       : X509Certificate: Alg:SHA1withRSA, Serial:44be0c8b500024b411d3362de0b35f1b, Subject:CN=UTN-USERFirst-Object, OU=http://www.usertrust.com, O=The USERTRUST Network, L=Salt Lake City, ST=UT, C=US, Issuer:CN=UTN-USERFirst-Object, OU=http://www.usertrust.com, O=The USERTRUST Network, L=Salt Lake City, ST=UT, C=US, Key type:RSA, Length:2048, Cert Id:3997913868, Valid from:7/10/99, 1:31 AM, Valid until:7/10/19, 1:40 AM
2025-12-30 22:35:55.468 DEBUG --- [  restartedMain] jdk.event.security                       : X509Certificate: Alg:SHA1withRSA, Serial:9b7e0649a33e62b9d5ee90487129ef57, Subject:CN=VeriSign Class 3 Public Primary Certification Authority - G3, OU="(c) 1999 VeriSign, Inc. - For authorized use only", OU=VeriSign Trust Network, O="VeriSign, Inc.", C=US, Issuer:CN=VeriSign Class 3 Public Primary Certification Authority - G3, OU="(c) 1999 VeriSign, Inc. - For authorized use only", OU=VeriSign Trust Network, O="VeriSign, Inc.", C=US, Key type:RSA, Length:2048, Cert Id:2057300190, Valid from:10/1/99, 7:00 AM, Valid until:7/17/36, 6:59 AM
2025-12-30 22:35:55.468 DEBUG --- [  restartedMain] jdk.event.security                       : X509Certificate: Alg:SHA384withECDSA, Serial:2f80fe238c0e220f486712289187acb3, Subject:CN=VeriSign Class 3 Public Primary Certification Authority - G4, OU="(c) 2007 VeriSign, Inc. - For authorized use only", OU=VeriSign Trust Network, O="VeriSign, Inc.", C=US, Issuer:CN=VeriSign Class 3 Public Primary Certification Authority - G4, OU="(c) 2007 VeriSign, Inc. - For authorized use only", OU=VeriSign Trust Network, O="VeriSign, Inc.", C=US, Key type:EC, Length:384, Cert Id:4163473319, Valid from:11/5/07, 7:00 AM, Valid until:1/19/38, 6:59 AM
2025-12-30 22:35:55.468 DEBUG --- [  restartedMain] jdk.event.security                       : X509Certificate: Alg:SHA1withRSA, Serial:18dad19e267de8bb4a2158cdcc6b3b4a, Subject:CN=VeriSign Class 3 Public Primary Certification Authority - G5, OU="(c) 2006 VeriSign, Inc. - For authorized use only", OU=VeriSign Trust Network, O="VeriSign, Inc.", C=US, Issuer:CN=VeriSign Class 3 Public Primary Certification Authority - G5, OU="(c) 2006 VeriSign, Inc. - For authorized use only", OU=VeriSign Trust Network, O="VeriSign, Inc.", C=US, Key type:RSA, Length:2048, Cert Id:303010488, Valid from:11/8/06, 7:00 AM, Valid until:7/17/36, 6:59 AM
2025-12-30 22:35:55.468 DEBUG --- [  restartedMain] jdk.event.security                       : X509Certificate: Alg:SHA256withRSA, Serial:401ac46421b31321030ebbe4121ac51d, Subject:CN=VeriSign Universal Root Certification Authority, OU="(c) 2008 VeriSign, Inc. - For authorized use only", OU=VeriSign Trust Network, O="VeriSign, Inc.", C=US, Issuer:CN=VeriSign Universal Root Certification Authority, OU="(c) 2008 VeriSign, Inc. - For authorized use only", OU=VeriSign Trust Network, O="VeriSign, Inc.", C=US, Key type:RSA, Length:2048, Cert Id:2318285810, Valid from:4/2/08, 7:00 AM, Valid until:12/2/37, 6:59 AM
2025-12-30 22:35:55.468 DEBUG --- [  restartedMain] jdk.event.security                       : X509Certificate: Alg:SHA1withRSA, Serial:50946cec18ead59c4dd597ef758fa0ad, Subject:CN=XRamp Global Certification Authority, O=XRamp Security Services Inc, OU=www.xrampsecurity.com, C=US, Issuer:CN=XRamp Global Certification Authority, O=XRamp Security Services Inc, OU=www.xrampsecurity.com, C=US, Key type:RSA, Length:2048, Cert Id:3342493210, Valid from:11/2/04, 12:14 AM, Valid until:1/1/35, 12:37 PM
2025-12-30 22:35:55.468 DEBUG --- [  restartedMain] jdk.event.security                       : X509Certificate: Alg:SHA256withRSA, Serial:5f70e86da49f346352ebab2, Subject:CN=Trustwave Global Certification Authority, O="Trustwave Holdings, Inc.", L=Chicago, ST=Illinois, C=US, Issuer:CN=Trustwave Global Certification Authority, O="Trustwave Holdings, Inc.", L=Chicago, ST=Illinois, C=US, Key type:RSA, Length:4096, Cert Id:416366836, Valid from:8/24/17, 2:34 AM, Valid until:8/24/42, 2:34 AM
2025-12-30 22:35:55.469 DEBUG --- [  restartedMain] jdk.event.security                       : X509Certificate: Alg:SHA256withRSA, Serial:cbe, Subject:CN=TWCA Global Root CA, OU=Root CA, O=TAIWAN-CA, C=TW, Issuer:CN=TWCA Global Root CA, OU=Root CA, O=TAIWAN-CA, C=TW, Key type:RSA, Length:4096, Cert Id:861175838, Valid from:6/27/12, 1:28 PM, Valid until:12/31/30, 10:59 PM
2025-12-30 22:35:55.469 DEBUG --- [  restartedMain] jdk.event.security                       : X509Certificate: Alg:SHA256withRSA, Serial:5ddfb1da5aa3ed5dbe5a6520650390ef, Subject:CN=UCA Global G2 Root, O=UniTrust, C=CN, Issuer:CN=UCA Global G2 Root, O=UniTrust, C=CN, Key type:RSA, Length:4096, Cert Id:1844967193, Valid from:3/11/16, 7:00 AM, Valid until:12/31/40, 7:00 AM
2025-12-30 22:35:55.469 DEBUG --- [  restartedMain] jdk.event.security                       : X509Certificate: Alg:SHA256withRSA, Serial:31f5e4620c6c58edd6d8, Subject:CN=emSign Root CA - G1, O=eMudhra Technologies Limited, OU=emSign PKI, C=IN, Issuer:CN=emSign Root CA - G1, O=eMudhra Technologies Limited, OU=emSign PKI, C=IN, Key type:RSA, Length:2048, Cert Id:392709196, Valid from:2/19/18, 1:30 AM, Valid until:2/19/43, 1:30 AM
2025-12-30 22:35:55.469 DEBUG --- [  restartedMain] jdk.event.security                       : X509Certificate: Alg:SHA384withECDSA, Serial:203e5c068ef631a9c72905052, Subject:CN=GTS Root R4, O=Google Trust Services LLC, C=US, Issuer:CN=GTS Root R4, O=Google Trust Services LLC, C=US, Key type:EC, Length:384, Cert Id:1326433111, Valid from:6/22/16, 7:00 AM, Valid until:6/22/36, 7:00 AM
2025-12-30 22:35:55.469 DEBUG --- [  restartedMain] jdk.event.security                       : X509Certificate: Alg:SHA384withECDSA, Serial:3cf607a968700eda8b84, Subject:CN=emSign ECC Root CA - G3, O=eMudhra Technologies Limited, OU=emSign PKI, C=IN, Issuer:CN=emSign ECC Root CA - G3, O=eMudhra Technologies Limited, OU=emSign PKI, C=IN, Key type:EC, Length:384, Cert Id:3832035707, Valid from:2/19/18, 1:30 AM, Valid until:2/19/43, 1:30 AM
2025-12-30 22:35:55.469 DEBUG --- [  restartedMain] jdk.event.security                       : X509Certificate: Alg:SHA384withECDSA, Serial:203e5b882eb20f825276d3d66, Subject:CN=GTS Root R3, O=Google Trust Services LLC, C=US, Issuer:CN=GTS Root R3, O=Google Trust Services LLC, C=US, Key type:EC, Length:384, Cert Id:1163081155, Valid from:6/22/16, 7:00 AM, Valid until:6/22/36, 7:00 AM
2025-12-30 22:35:55.469 DEBUG --- [  restartedMain] jdk.event.security                       : X509Certificate: Alg:SHA384withRSA, Serial:203e5aec58d04251aab1125aa, Subject:CN=GTS Root R2, O=Google Trust Services LLC, C=US, Issuer:CN=GTS Root R2, O=Google Trust Services LLC, C=US, Key type:RSA, Length:4096, Cert Id:948387669, Valid from:6/22/16, 7:00 AM, Valid until:6/22/36, 7:00 AM
2025-12-30 22:35:55.469 DEBUG --- [  restartedMain] jdk.event.security                       : X509Certificate: Alg:SHA384withRSA, Serial:11d2bbb9d723189e405f0a9d2dd0df2567d1, Subject:CN=GlobalSign Root R46, O=GlobalSign nv-sa, C=BE, Issuer:CN=GlobalSign Root R46, O=GlobalSign nv-sa, C=BE, Key type:RSA, Length:4096, Cert Id:1275948927, Valid from:3/20/19, 7:00 AM, Valid until:3/20/46, 7:00 AM
2025-12-30 22:35:55.469 DEBUG --- [  restartedMain] jdk.event.security                       : X509Certificate: Alg:SHA384withRSA, Serial:203e5936f31b01349886ba217, Subject:CN=GTS Root R1, O=Google Trust Services LLC, C=US, Issuer:CN=GTS Root R1, O=Google Trust Services LLC, C=US, Key type:RSA, Length:4096, Cert Id:657172038, Valid from:6/22/16, 7:00 AM, Valid until:6/22/36, 7:00 AM
2025-12-30 22:35:55.469 DEBUG --- [  restartedMain] jdk.event.security                       : X509Certificate: Alg:SHA256withRSA, Serial:dd3e3bc6cf96bb1, Subject:CN=ANF Secure Server Root CA, OU=ANF CA Raiz, O=ANF Autoridad de Certificacion, C=ES, SERIALNUMBER=G63287510, Issuer:CN=ANF Secure Server Root CA, OU=ANF CA Raiz, O=ANF Autoridad de Certificacion, C=ES, SERIALNUMBER=G63287510, Key type:RSA, Length:4096, Cert Id:3453317601, Valid from:9/4/19, 5:00 PM, Valid until:8/30/39, 5:00 PM
2025-12-30 22:35:55.470 DEBUG --- [  restartedMain] jdk.event.security                       : X509Certificate: Alg:SHA384withECDSA, Serial:212a560caeda0cab4045bf2ba22d3aea, Subject:CN=OISTE WISeKey Global Root GC CA, OU=OISTE Foundation Endorsed, O=WISeKey, C=CH, Issuer:CN=OISTE WISeKey Global Root GC CA, OU=OISTE Foundation Endorsed, O=WISeKey, C=CH, Key type:EC, Length:384, Cert Id:2781801839, Valid from:5/9/17, 4:48 PM, Valid until:5/9/42, 4:58 PM
2025-12-30 22:35:55.470 DEBUG --- [  restartedMain] jdk.event.security                       : X509Certificate: Alg:SHA256withRSA, Serial:b0b75a16485fbfe1cbf58bd719e67d, Subject:CN=Izenpe.com, O=IZENPE S.A., C=ES, Issuer:CN=Izenpe.com, O=IZENPE S.A., C=ES, Key type:RSA, Length:4096, Cert Id:2449386312, Valid from:12/13/07, 8:08 PM, Valid until:12/13/37, 3:27 PM
2025-12-30 22:35:55.470 DEBUG --- [  restartedMain] jdk.event.security                       : X509Certificate: Alg:SHA256withECDSA, Serial:15448ef21fd97590df5040a, Subject:CN=e-Szigno Root CA 2017, OID.2.5.4.97=VATHU-23584497, O=Microsec Ltd., L=Budapest, C=HU, Issuer:CN=e-Szigno Root CA 2017, OID.2.5.4.97=VATHU-23584497, O=Microsec Ltd., L=Budapest, C=HU, Key type:EC, Length:256, Cert Id:3303793581, Valid from:8/22/17, 7:07 PM, Valid until:8/22/42, 7:07 PM
2025-12-30 22:35:55.470 DEBUG --- [  restartedMain] jdk.event.security                       : X509Certificate: Alg:SHA256withRSA, Serial:1, Subject:CN=TUBITAK Kamu SM SSL Kok Sertifikasi - Surum 1, OU=Kamu Sertifikasyon Merkezi - Kamu SM, O=Turkiye Bilimsel ve Teknolojik Arastirma Kurumu - TUBITAK, L=Gebze - Kocaeli, C=TR, Issuer:CN=TUBITAK Kamu SM SSL Kok Sertifikasi - Surum 1, OU=Kamu Sertifikasyon Merkezi - Kamu SM, O=Turkiye Bilimsel ve Teknolojik Arastirma Kurumu - TUBITAK, L=Gebze - Kocaeli, C=TR, Key type:RSA, Length:2048, Cert Id:1093603654, Valid from:11/25/13, 3:25 PM, Valid until:10/25/43, 3:25 PM
2025-12-30 22:35:55.470 DEBUG --- [  restartedMain] jdk.event.security                       : X509Certificate: Alg:SHA256withRSA, Serial:5d938d306736c8061d1ac754846907, Subject:OU=AC RAIZ FNMT-RCM, O=FNMT-RCM, C=ES, Issuer:OU=AC RAIZ FNMT-RCM, O=FNMT-RCM, C=ES, Key type:RSA, Length:4096, Cert Id:1555523573, Valid from:10/29/08, 10:59 PM, Valid until:1/1/30, 7:00 AM
2025-12-30 22:35:55.470 DEBUG --- [  restartedMain] jdk.event.security                       : X509Certificate: Alg:SHA256withRSA, Serial:76b1205274f0858746b3f8231af6c2c0, Subject:CN=OISTE WISeKey Global Root GB CA, OU=OISTE Foundation Endorsed, O=WISeKey, C=CH, Issuer:CN=OISTE WISeKey Global Root GB CA, OU=OISTE Foundation Endorsed, O=WISeKey, C=CH, Key type:RSA, Length:2048, Cert Id:3681485780, Valid from:12/1/14, 10:00 PM, Valid until:12/1/39, 10:10 PM
2025-12-30 22:35:55.470 DEBUG --- [  restartedMain] jdk.event.security                       : X509Certificate: Alg:SHA256withRSA, Serial:5c33cb622c5fb332, Subject:C=DE, O=Atos, CN=Atos TrustedRoot 2011, Issuer:C=DE, O=Atos, CN=Atos TrustedRoot 2011, Key type:RSA, Length:2048, Cert Id:4266438672, Valid from:7/7/11, 9:58 PM, Valid until:1/1/31, 6:59 AM
2025-12-30 22:35:55.471 DEBUG --- [  restartedMain] jdk.event.security                       : X509Certificate: Alg:SHA512withRSA, Serial:1ebf5950b8c980374c06f7eb554fb5ed, Subject:CN=Certum Trusted Root CA, OU=Certum Certification Authority, O=Asseco Data Systems S.A., C=PL, Issuer:CN=Certum Trusted Root CA, OU=Certum Certification Authority, O=Asseco Data Systems S.A., C=PL, Key type:RSA, Length:4096, Cert Id:3520640245, Valid from:3/16/18, 7:10 PM, Valid until:3/16/43, 7:10 PM
2025-12-30 22:35:55.471 DEBUG --- [  restartedMain] jdk.event.security                       : X509Certificate: Alg:SHA1withRSA, Serial:200605167002, Subject:OU=certSIGN ROOT CA, O=certSIGN, C=RO, Issuer:OU=certSIGN ROOT CA, O=certSIGN, C=RO, Key type:RSA, Length:2048, Cert Id:4005006620, Valid from:7/5/06, 12:20 AM, Valid until:7/5/31, 12:20 AM
2025-12-30 22:35:55.471 DEBUG --- [  restartedMain] jdk.event.security                       : X509Certificate: Alg:SHA384withRSA, Serial:194301ea20bddf5c5332ab1434471f8d6504d0d, Subject:CN=NAVER Global Root Certification Authority, O=NAVER BUSINESS PLATFORM Corp., C=KR, Issuer:CN=NAVER Global Root Certification Authority, O=NAVER BUSINESS PLATFORM Corp., C=KR, Key type:RSA, Length:4096, Cert Id:1777546867, Valid from:8/18/17, 3:58 PM, Valid until:8/19/37, 6:59 AM
2025-12-30 22:35:55.471 DEBUG --- [  restartedMain] jdk.event.security                       : X509Certificate: Alg:SHA256withRSA, Serial:184accd6, Subject:CN=CFCA EV ROOT, O=China Financial Certification Authority, C=CN, Issuer:CN=CFCA EV ROOT, O=China Financial Certification Authority, C=CN, Key type:RSA, Length:4096, Cert Id:551407782, Valid from:8/8/12, 10:07 AM, Valid until:12/31/29, 10:07 AM
2025-12-30 22:35:55.471 DEBUG --- [  restartedMain] jdk.event.security                       : X509Certificate: Alg:SHA1withRSA, Serial:1, Subject:CN=SecureSign RootCA11, O="Japan Certification Services, Inc.", C=JP, Issuer:CN=SecureSign RootCA11, O="Japan Certification Services, Inc.", C=JP, Key type:RSA, Length:2048, Cert Id:2079057034, Valid from:4/8/09, 11:56 AM, Valid until:4/8/29, 11:56 AM
2025-12-30 22:35:55.471 DEBUG --- [  restartedMain] jdk.event.security                       : X509Certificate: Alg:SHA1withRSA, Serial:5ec3b7a6437fa4e0, Subject:C=ES, O=ACCV, OU=PKIACCV, CN=ACCVRAIZ1, Issuer:C=ES, O=ACCV, OU=PKIACCV, CN=ACCVRAIZ1, Key type:RSA, Length:4096, Cert Id:3702856060, Valid from:5/5/11, 4:37 PM, Valid until:12/31/30, 4:37 PM
2025-12-30 22:35:55.471 DEBUG --- [  restartedMain] jdk.event.security                       : X509Certificate: Alg:SHA384withRSA, Serial:1ed397095fd8b4b347701eaabe7f45b3, Subject:CN=Microsoft RSA Root Certificate Authority 2017, O=Microsoft Corporation, C=US, Issuer:CN=Microsoft RSA Root Certificate Authority 2017, O=Microsoft Corporation, C=US, Key type:RSA, Length:4096, Cert Id:2848349048, Valid from:12/19/19, 5:51 AM, Valid until:7/19/42, 6:00 AM
2025-12-30 22:35:55.471 DEBUG --- [  restartedMain] jdk.event.security                       : X509Certificate: Alg:SHA256withRSA, Serial:aecf00bac4cf32f843b2, Subject:CN=emSign Root CA - C1, O=eMudhra Inc, OU=emSign PKI, C=US, Issuer:CN=emSign Root CA - C1, O=eMudhra Inc, OU=emSign PKI, C=US, Key type:RSA, Length:2048, Cert Id:3026103940, Valid from:2/19/18, 1:30 AM, Valid until:2/19/43, 1:30 AM
2025-12-30 22:35:55.471 DEBUG --- [  restartedMain] jdk.event.security                       : X509Certificate: Alg:SHA256withRSA, Serial:7d0997fef047ea7a, Subject:CN=GDCA TrustAUTH R5 ROOT, O="GUANG DONG CERTIFICATE AUTHORITY CO.,LTD.", C=CN, Issuer:CN=GDCA TrustAUTH R5 ROOT, O="GUANG DONG CERTIFICATE AUTHORITY CO.,LTD.", C=CN, Key type:RSA, Length:4096, Cert Id:494136981, Valid from:11/26/14, 12:13 PM, Valid until:12/31/40, 10:59 PM
2025-12-30 22:35:55.472 DEBUG --- [  restartedMain] jdk.event.security                       : X509Certificate: Alg:SHA384withECDSA, Serial:7b71b68256b8127c9ca8, Subject:CN=emSign ECC Root CA - C3, O=eMudhra Inc, OU=emSign PKI, C=US, Issuer:CN=emSign ECC Root CA - C3, O=eMudhra Inc, OU=emSign PKI, C=US, Key type:EC, Length:384, Cert Id:3346510540, Valid from:2/19/18, 1:30 AM, Valid until:2/19/43, 1:30 AM
2025-12-30 22:35:55.472 DEBUG --- [  restartedMain] jdk.event.security                       : X509Certificate: Alg:SHA256withRSA, Serial:110034b64ec6362d36, Subject:OU=certSIGN ROOT CA G2, O=CERTSIGN SA, C=RO, Issuer:OU=certSIGN ROOT CA G2, O=CERTSIGN SA, C=RO, Key type:RSA, Length:4096, Cert Id:2181086866, Valid from:2/6/17, 4:27 PM, Valid until:2/6/42, 4:27 PM
2025-12-30 22:35:55.472 DEBUG --- [  restartedMain] jdk.event.security                       : X509Certificate: Alg:SHA256withRSA, Serial:92b888dbb08ac163, Subject:CN=CA Disig Root R2, O=Disig a.s., L=Bratislava, C=SK, Issuer:CN=CA Disig Root R2, O=Disig a.s., L=Bratislava, C=SK, Key type:RSA, Length:4096, Cert Id:747175721, Valid from:7/19/12, 4:15 PM, Valid until:7/19/42, 4:15 PM
2025-12-30 22:35:55.472 DEBUG --- [  restartedMain] jdk.event.security                       : X509Certificate: Alg:SHA256withRSA, Serial:8165f8a4ca5ec00c99340dfc4c6ae23b81c5aa4, Subject:CN=Hongkong Post Root CA 3, O=Hongkong Post, L=Hong Kong, ST=Hong Kong, C=HK, Issuer:CN=Hongkong Post Root CA 3, O=Hongkong Post, L=Hong Kong, ST=Hong Kong, C=HK, Key type:RSA, Length:4096, Cert Id:3393016216, Valid from:6/3/17, 9:29 AM, Valid until:6/3/42, 9:29 AM
2025-12-30 22:35:55.472 DEBUG --- [  restartedMain] jdk.event.security                       : X509Certificate: Alg:SHA256withRSA, Serial:5a4bbd5afb4f8a5bfa65e5, Subject:CN=GLOBALTRUST 2020, O=e-commerce monitoring GmbH, C=AT, Issuer:CN=GLOBALTRUST 2020, O=e-commerce monitoring GmbH, C=AT, Key type:RSA, Length:4096, Cert Id:3772720413, Valid from:2/10/20, 7:00 AM, Valid until:6/10/40, 7:00 AM
2025-12-30 22:35:55.472 DEBUG --- [  restartedMain] jdk.event.security                       : X509Certificate: Alg:SHA384withECDSA, Serial:66f23daf87de8bb14aea0c573101c2ec, Subject:CN=Microsoft ECC Root Certificate Authority 2017, O=Microsoft Corporation, C=US, Issuer:CN=Microsoft ECC Root Certificate Authority 2017, O=Microsoft Corporation, C=US, Key type:EC, Length:384, Cert Id:3240761285, Valid from:12/19/19, 6:06 AM, Valid until:7/19/42, 6:16 AM
2025-12-30 22:35:55.473 DEBUG --- [  restartedMain] jdk.event.security                       : X509Certificate: Alg:SHA1withRSA, Serial:75622a4e8d48a894df413c8f0f8eaa5, Subject:CN=Secure Global CA, O=SecureTrust Corporation, C=US, Issuer:CN=Secure Global CA, O=SecureTrust Corporation, C=US, Key type:RSA, Length:2048, Cert Id:2818194321, Valid from:11/8/06, 2:42 AM, Valid until:1/1/30, 2:52 AM
2025-12-30 22:35:55.473 DEBUG --- [  restartedMain] jdk.event.security                       : X509Certificate: Alg:SHA256withRSA, Serial:4fd22b8ff564c8339e4f345866237060, Subject:CN=UCA Extended Validation Root, O=UniTrust, C=CN, Issuer:CN=UCA Extended Validation Root, O=UniTrust, C=CN, Key type:RSA, Length:4096, Cert Id:649181271, Valid from:3/13/15, 7:00 AM, Valid until:12/31/38, 7:00 AM
2025-12-30 22:35:55.473 DEBUG --- [  restartedMain] jdk.event.security                       : X509Certificate: Alg:SHA256withECDSA, Serial:d6a5f083f285c3e5195df5d, Subject:CN=Trustwave Global ECC P256 Certification Authority, O="Trustwave Holdings, Inc.", L=Chicago, ST=Illinois, C=US, Issuer:CN=Trustwave Global ECC P256 Certification Authority, O="Trustwave Holdings, Inc.", L=Chicago, ST=Illinois, C=US, Key type:EC, Length:256, Cert Id:948272517, Valid from:8/24/17, 2:35 AM, Valid until:8/24/42, 2:35 AM
2025-12-30 22:35:55.473 DEBUG --- [  restartedMain] jdk.event.security                       : X509Certificate: Alg:SHA384withECDSA, Serial:11d2bbba336ed4bce62468c50d841d98e843, Subject:CN=GlobalSign Root E46, O=GlobalSign nv-sa, C=BE, Issuer:CN=GlobalSign Root E46, O=GlobalSign nv-sa, C=BE, Key type:EC, Length:384, Cert Id:3405603905, Valid from:3/20/19, 7:00 AM, Valid until:3/20/46, 7:00 AM
2025-12-30 22:35:55.473 DEBUG --- [  restartedMain] jdk.event.security                       : X509Certificate: Alg:SHA256withRSA, Serial:c27e43044e473f19, Subject:EMAILADDRESS=info@e-szigno.hu, CN=Microsec e-Szigno Root CA 2009, O=Microsec Ltd., L=Budapest, C=HU, Issuer:EMAILADDRESS=info@e-szigno.hu, CN=Microsec e-Szigno Root CA 2009, O=Microsec Ltd., L=Budapest, C=HU, Key type:RSA, Length:2048, Cert Id:2391017284, Valid from:6/16/09, 6:30 PM, Valid until:12/30/29, 6:30 PM
2025-12-30 22:35:55.474 DEBUG --- [  restartedMain] jdk.event.security                       : X509Certificate: Alg:SHA256withRSA, Serial:3e8a5d07ec55d232d5b7e3b65f01eb2ddce4d6e4, Subject:CN=SZAFIR ROOT CA2, O=Krajowa Izba Rozliczeniowa S.A., C=PL, Issuer:CN=SZAFIR ROOT CA2, O=Krajowa Izba Rozliczeniowa S.A., C=PL, Key type:RSA, Length:2048, Cert Id:381279303, Valid from:10/19/15, 2:43 PM, Valid until:10/19/35, 2:43 PM
2025-12-30 22:35:55.474 DEBUG --- [  restartedMain] jdk.event.security                       : X509Certificate: Alg:SHA1withRSA, Serial:53ec3beefbb2485f, Subject:CN=Autoridad de Certificacion Firmaprofesional CIF A62634068, C=ES, Issuer:CN=Autoridad de Certificacion Firmaprofesional CIF A62634068, C=ES, Key type:RSA, Length:4096, Cert Id:692250759, Valid from:5/20/09, 3:38 PM, Valid until:12/31/30, 3:38 PM
2025-12-30 22:35:55.474 DEBUG --- [  restartedMain] jdk.event.security                       : X509Certificate: Alg:SHA1withRSA, Serial:1, Subject:CN=TWCA Root Certification Authority, OU=Root CA, O=TAIWAN-CA, C=TW, Issuer:CN=TWCA Root Certification Authority, OU=Root CA, O=TAIWAN-CA, C=TW, Key type:RSA, Length:2048, Cert Id:2652873033, Valid from:8/28/08, 2:24 PM, Valid until:12/31/30, 10:59 PM
2025-12-30 22:35:55.474 DEBUG --- [  restartedMain] jdk.event.security                       : X509Certificate: Alg:SHA256withRSA, Serial:49412ce40010, Subject:CN=NetLock Arany (Class Gold) Főtanúsítvány, OU=Tanúsítványkiadók (Certification Services), O=NetLock Kft., L=Budapest, C=HU, Issuer:CN=NetLock Arany (Class Gold) Főtanúsítvány, OU=Tanúsítványkiadók (Certification Services), O=NetLock Kft., L=Budapest, C=HU, Key type:RSA, Length:2048, Cert Id:58541246, Valid from:12/11/08, 10:08 PM, Valid until:12/6/28, 10:08 PM
2025-12-30 22:35:55.474 DEBUG --- [  restartedMain] jdk.event.security                       : X509Certificate: Alg:SHA384withECDSA, Serial:8bd85976c9927a48068473b, Subject:CN=Trustwave Global ECC P384 Certification Authority, O="Trustwave Holdings, Inc.", L=Chicago, ST=Illinois, C=US, Issuer:CN=Trustwave Global ECC P384 Certification Authority, O="Trustwave Holdings, Inc.", L=Chicago, ST=Illinois, C=US, Key type:EC, Length:384, Cert Id:2301042373, Valid from:8/24/17, 2:36 AM, Valid until:8/24/42, 2:36 AM
2025-12-30 22:35:55.474 DEBUG --- [  restartedMain] jdk.event.security                       : X509Certificate: Alg:SHA512withRSA, Serial:21d6d04a4f250fc93237fcaa5e128de9, Subject:CN=Certum Trusted Network CA 2, OU=Certum Certification Authority, O=Unizeto Technologies S.A., C=PL, Issuer:CN=Certum Trusted Network CA 2, OU=Certum Certification Authority, O=Unizeto Technologies S.A., C=PL, Key type:RSA, Length:4096, Cert Id:1983350452, Valid from:10/6/11, 3:39 PM, Valid until:10/6/46, 3:39 PM
2025-12-30 22:35:55.474 DEBUG --- [  restartedMain] jdk.event.security                       : X509Certificate: Alg:SHA384withECDSA, Serial:788f275c81125220a504d02dddba73f4, Subject:CN=Certum EC-384 CA, OU=Certum Certification Authority, O=Asseco Data Systems S.A., C=PL, Issuer:CN=Certum EC-384 CA, OU=Certum Certification Authority, O=Asseco Data Systems S.A., C=PL, Key type:EC, Length:384, Cert Id:994586241, Valid from:3/26/18, 2:24 PM, Valid until:3/26/43, 2:24 PM
2025-12-30 22:35:55.474 DEBUG --- [  restartedMain] jdk.event.security                       : X509Certificate: Alg:SHA1withRSA, Serial:4e812d8a8265e00b02ee3e350246e53d, Subject:CN=COMODO Certification Authority, O=COMODO CA Limited, L=Salford, ST=Greater Manchester, C=GB, Issuer:CN=COMODO Certification Authority, O=COMODO CA Limited, L=Salford, ST=Greater Manchester, C=GB, Key type:RSA, Length:2048, Cert Id:904304908, Valid from:12/1/06, 7:00 AM, Valid until:1/1/30, 6:59 AM
2025-12-30 22:35:55.474 DEBUG --- [  restartedMain] jdk.event.security                       : X509Certificate: Alg:SHA256withRSA, Serial:cae91b89f155030da3e6416dc4e3a6e1, Subject:CN=Certigna Root CA, OU=0002 48146308100036, O=Dhimyotis, C=FR, Issuer:CN=Certigna Root CA, OU=0002 48146308100036, O=Dhimyotis, C=FR, Key type:RSA, Length:4096, Cert Id:356684591, Valid from:10/1/13, 3:32 PM, Valid until:10/1/33, 3:32 PM
2025-12-30 22:35:55.475 DEBUG --- [  restartedMain] jdk.event.security                       : X509Certificate: Alg:SHA256withECDSA, Serial:2c299c5b16ed0595, Subject:CN=SSL.com EV Root Certification Authority ECC, O=SSL Corporation, L=Houston, ST=Texas, C=US, Issuer:CN=SSL.com EV Root Certification Authority ECC, O=SSL Corporation, L=Houston, ST=Texas, C=US, Key type:EC, Length:384, Cert Id:1789254518, Valid from:2/13/16, 1:15 AM, Valid until:2/13/41, 1:15 AM
2025-12-30 22:35:55.475 DEBUG --- [  restartedMain] jdk.event.security                       : X509Certificate: Alg:SHA384withECDSA, Serial:62f6326ce5c4e3685c1b62dd9c2e9d95, Subject:CN=AC RAIZ FNMT-RCM SERVIDORES SEGUROS, OID.2.5.4.97=VATES-Q2826004J, OU=Ceres, O=FNMT-RCM, C=ES, Issuer:CN=AC RAIZ FNMT-RCM SERVIDORES SEGUROS, OID.2.5.4.97=VATES-Q2826004J, OU=Ceres, O=FNMT-RCM, C=ES, Key type:EC, Length:384, Cert Id:246315697, Valid from:12/20/18, 4:37 PM, Valid until:12/20/43, 4:37 PM
2025-12-30 22:35:55.554 DEBUG --- [  restartedMain] o.s.b.f.s.DefaultListableBeanFactory     : Creating shared instance of singleton bean 'org.springframework.boot.autoconfigure.amqp.RabbitAutoConfiguration$RabbitTemplateConfiguration'
2025-12-30 22:35:55.554 DEBUG --- [  restartedMain] o.s.b.f.s.DefaultListableBeanFactory     : Creating shared instance of singleton bean 'rabbitTemplateConfigurer'
2025-12-30 22:35:55.555 DEBUG --- [  restartedMain] o.s.b.f.s.DefaultListableBeanFactory     : Autowiring by type from bean name 'rabbitTemplateConfigurer' via factory method to bean named 'spring.rabbitmq-org.springframework.boot.autoconfigure.amqp.RabbitProperties'
2025-12-30 22:35:55.558 DEBUG --- [  restartedMain] o.s.b.f.s.DefaultListableBeanFactory     : Creating shared instance of singleton bean 'rabbitTemplate'
2025-12-30 22:35:55.559 DEBUG --- [  restartedMain] o.s.b.f.s.DefaultListableBeanFactory     : Autowiring by type from bean name 'rabbitTemplate' via factory method to bean named 'rabbitTemplateConfigurer'
2025-12-30 22:35:55.559 DEBUG --- [  restartedMain] o.s.b.f.s.DefaultListableBeanFactory     : Autowiring by type from bean name 'rabbitTemplate' via factory method to bean named 'rabbitConnectionFactory'
2025-12-30 22:35:55.595 DEBUG --- [  restartedMain] o.s.b.f.s.DefaultListableBeanFactory     : Creating shared instance of singleton bean 'amqpAdmin'
2025-12-30 22:35:55.596 DEBUG --- [  restartedMain] o.s.b.f.s.DefaultListableBeanFactory     : Autowiring by type from bean name 'amqpAdmin' via factory method to bean named 'rabbitConnectionFactory'
2025-12-30 22:35:55.616 DEBUG --- [  restartedMain] o.s.b.f.s.DefaultListableBeanFactory     : Creating shared instance of singleton bean 'org.springframework.boot.autoconfigure.amqp.RabbitAutoConfiguration$MessagingTemplateConfiguration'
2025-12-30 22:35:55.617 DEBUG --- [  restartedMain] o.s.b.f.s.DefaultListableBeanFactory     : Creating shared instance of singleton bean 'rabbitMessagingTemplate'
2025-12-30 22:35:55.617 DEBUG --- [  restartedMain] o.s.b.f.s.DefaultListableBeanFactory     : Autowiring by type from bean name 'rabbitMessagingTemplate' via factory method to bean named 'rabbitTemplate'
2025-12-30 22:35:55.626 DEBUG --- [  restartedMain] o.s.b.f.s.DefaultListableBeanFactory     : Creating shared instance of singleton bean 'org.springframework.boot.autoconfigure.amqp.RabbitAnnotationDrivenConfiguration$EnableRabbitConfiguration'
2025-12-30 22:35:55.627 DEBUG --- [  restartedMain] o.s.b.f.s.DefaultListableBeanFactory     : Creating shared instance of singleton bean 'org.springframework.boot.autoconfigure.amqp.RabbitAnnotationDrivenConfiguration'
2025-12-30 22:35:55.627 DEBUG --- [  restartedMain] o.s.b.f.s.DefaultListableBeanFactory     : Autowiring by type from bean name 'org.springframework.boot.autoconfigure.amqp.RabbitAnnotationDrivenConfiguration' via constructor to bean named 'spring.rabbitmq-org.springframework.boot.autoconfigure.amqp.RabbitProperties'
2025-12-30 22:35:55.629 DEBUG --- [  restartedMain] o.s.b.f.s.DefaultListableBeanFactory     : Creating shared instance of singleton bean 'simpleRabbitListenerContainerFactoryConfigurer'
2025-12-30 22:35:55.631 DEBUG --- [  restartedMain] o.s.b.f.s.DefaultListableBeanFactory     : Creating shared instance of singleton bean 'rabbitListenerContainerFactory'
2025-12-30 22:35:55.634 DEBUG --- [  restartedMain] o.s.b.f.s.DefaultListableBeanFactory     : Autowiring by type from bean name 'rabbitListenerContainerFactory' via factory method to bean named 'simpleRabbitListenerContainerFactoryConfigurer'
2025-12-30 22:35:55.634 DEBUG --- [  restartedMain] o.s.b.f.s.DefaultListableBeanFactory     : Autowiring by type from bean name 'rabbitListenerContainerFactory' via factory method to bean named 'rabbitConnectionFactory'
2025-12-30 22:35:55.640 DEBUG --- [  restartedMain] o.s.b.f.s.DefaultListableBeanFactory     : Creating shared instance of singleton bean 'directRabbitListenerContainerFactoryConfigurer'
2025-12-30 22:35:55.641 DEBUG --- [  restartedMain] o.s.b.f.s.DefaultListableBeanFactory     : Creating shared instance of singleton bean 'org.springframework.boot.autoconfigure.amqp.RabbitAutoConfiguration'
2025-12-30 22:35:55.641 DEBUG --- [  restartedMain] o.s.b.f.s.DefaultListableBeanFactory     : Creating shared instance of singleton bean 'org.springframework.boot.autoconfigure.aop.AopAutoConfiguration$ClassProxyingConfiguration'
2025-12-30 22:35:55.641 DEBUG --- [  restartedMain] o.s.b.f.s.DefaultListableBeanFactory     : Creating shared instance of singleton bean 'org.springframework.boot.autoconfigure.aop.AopAutoConfiguration'
2025-12-30 22:35:55.642 DEBUG --- [  restartedMain] o.s.b.f.s.DefaultListableBeanFactory     : Creating shared instance of singleton bean 'org.springframework.boot.autoconfigure.availability.ApplicationAvailabilityAutoConfiguration'
2025-12-30 22:35:55.642 DEBUG --- [  restartedMain] o.s.b.f.s.DefaultListableBeanFactory     : Creating shared instance of singleton bean 'applicationAvailability'
2025-12-30 22:35:55.643 DEBUG --- [  restartedMain] o.s.b.f.s.DefaultListableBeanFactory     : Creating shared instance of singleton bean 'org.springframework.boot.autoconfigure.data.redis.LettuceConnectionConfiguration'
2025-12-30 22:35:55.644 DEBUG --- [  restartedMain] o.s.b.f.s.DefaultListableBeanFactory     : Creating shared instance of singleton bean 'spring.data.redis-org.springframework.boot.autoconfigure.data.redis.RedisProperties'
2025-12-30 22:35:55.646 DEBUG --- [  restartedMain] ySourcesPropertyResolver$DefaultResolver : Found key 'REDIS_CONTAINER' in PropertySource 'Config resource 'file [.env]' via location 'optional:file:.env[.properties]'' with value of type String
2025-12-30 22:35:55.648 DEBUG --- [  restartedMain] ySourcesPropertyResolver$DefaultResolver : Found key 'REDIS_PASSWORD' in PropertySource 'Config resource 'file [.env]' via location 'optional:file:.env[.properties]'' with value of type String
2025-12-30 22:35:55.649 DEBUG --- [  restartedMain] ySourcesPropertyResolver$DefaultResolver : Found key 'REDIS_PORT' in PropertySource 'Config resource 'file [.env]' via location 'optional:file:.env[.properties]'' with value of type String
2025-12-30 22:35:55.651 DEBUG --- [  restartedMain] o.s.b.f.s.DefaultListableBeanFactory     : Creating shared instance of singleton bean 'redisConnectionDetails'
2025-12-30 22:35:55.651 DEBUG --- [  restartedMain] o.s.b.f.s.DefaultListableBeanFactory     : Creating shared instance of singleton bean 'org.springframework.boot.autoconfigure.data.redis.RedisAutoConfiguration'
2025-12-30 22:35:55.652 DEBUG --- [  restartedMain] o.s.b.f.s.DefaultListableBeanFactory     : Autowiring by type from bean name 'redisConnectionDetails' via factory method to bean named 'spring.data.redis-org.springframework.boot.autoconfigure.data.redis.RedisProperties'
2025-12-30 22:35:55.653 DEBUG --- [  restartedMain] o.s.b.f.s.DefaultListableBeanFactory     : Autowiring by type from bean name 'org.springframework.boot.autoconfigure.data.redis.LettuceConnectionConfiguration' via constructor to bean named 'spring.data.redis-org.springframework.boot.autoconfigure.data.redis.RedisProperties'
2025-12-30 22:35:55.653 DEBUG --- [  restartedMain] o.s.b.f.s.DefaultListableBeanFactory     : Autowiring by type from bean name 'org.springframework.boot.autoconfigure.data.redis.LettuceConnectionConfiguration' via constructor to bean named 'redisConnectionDetails'
2025-12-30 22:35:55.656 DEBUG --- [  restartedMain] o.s.b.f.s.DefaultListableBeanFactory     : Creating shared instance of singleton bean 'lettuceClientResources'
2025-12-30 22:35:55.660 DEBUG --- [  restartedMain] o.s.b.f.s.DefaultListableBeanFactory     : Creating shared instance of singleton bean 'stringRedisTemplate'
2025-12-30 22:35:55.660 DEBUG --- [  restartedMain] o.s.b.f.s.DefaultListableBeanFactory     : Autowiring by type from bean name 'stringRedisTemplate' via factory method to bean named 'redisConnectionFactory'
2025-12-30 22:35:55.666 DEBUG --- [  restartedMain] o.s.b.f.s.DefaultListableBeanFactory     : Creating shared instance of singleton bean 'org.springframework.boot.autoconfigure.transaction.jta.JtaAutoConfiguration'
2025-12-30 22:35:55.666 DEBUG --- [  restartedMain] o.s.b.f.s.DefaultListableBeanFactory     : Creating shared instance of singleton bean 'loggingRebinder'
2025-12-30 22:35:55.667 DEBUG --- [  restartedMain] o.s.b.f.s.DefaultListableBeanFactory     : Creating shared instance of singleton bean 'refreshScopeLifecycle'
2025-12-30 22:35:55.668 DEBUG --- [  restartedMain] o.s.b.f.s.DefaultListableBeanFactory     : Autowiring by type from bean name 'refreshScopeLifecycle' via factory method to bean named 'configDataContextRefresher'
2025-12-30 22:35:55.668 DEBUG --- [  restartedMain] o.s.b.f.s.DefaultListableBeanFactory     : Creating shared instance of singleton bean 'org.springframework.boot.autoconfigure.context.ConfigurationPropertiesAutoConfiguration'
2025-12-30 22:35:55.668 DEBUG --- [  restartedMain] o.s.b.f.s.DefaultListableBeanFactory     : Creating shared instance of singleton bean 'org.springframework.boot.autoconfigure.context.LifecycleAutoConfiguration'
2025-12-30 22:35:55.668 DEBUG --- [  restartedMain] o.s.b.f.s.DefaultListableBeanFactory     : Creating shared instance of singleton bean 'lifecycleProcessor'
2025-12-30 22:35:55.668 DEBUG --- [  restartedMain] o.s.b.f.s.DefaultListableBeanFactory     : Creating shared instance of singleton bean 'spring.lifecycle-org.springframework.boot.autoconfigure.context.LifecycleProperties'
2025-12-30 22:35:55.669 DEBUG --- [  restartedMain] o.s.b.f.s.DefaultListableBeanFactory     : Autowiring by type from bean name 'lifecycleProcessor' via factory method to bean named 'spring.lifecycle-org.springframework.boot.autoconfigure.context.LifecycleProperties'
2025-12-30 22:35:55.671 DEBUG --- [  restartedMain] o.s.b.f.s.DefaultListableBeanFactory     : Creating shared instance of singleton bean 'org.springframework.boot.autoconfigure.dao.PersistenceExceptionTranslationAutoConfiguration'
2025-12-30 22:35:55.672 DEBUG --- [  restartedMain] o.s.b.f.s.DefaultListableBeanFactory     : Creating shared instance of singleton bean 'org.springframework.boot.autoconfigure.data.neo4j.Neo4jReactiveDataAutoConfiguration'
2025-12-30 22:35:55.672 DEBUG --- [  restartedMain] o.s.b.f.s.DefaultListableBeanFactory     : Creating shared instance of singleton bean 'reactiveDatabaseSelectionProvider'
2025-12-30 22:35:55.672 DEBUG --- [  restartedMain] o.s.b.f.s.DefaultListableBeanFactory     : Autowiring by type from bean name 'reactiveDatabaseSelectionProvider' via factory method to bean named 'spring.data.neo4j-org.springframework.boot.autoconfigure.data.neo4j.Neo4jDataProperties'
2025-12-30 22:35:55.673 DEBUG --- [  restartedMain] o.s.b.f.s.DefaultListableBeanFactory     : Creating shared instance of singleton bean 'reactiveNeo4jClient'
2025-12-30 22:35:55.674 DEBUG --- [  restartedMain] o.s.b.f.s.DefaultListableBeanFactory     : Autowiring by type from bean name 'reactiveNeo4jClient' via factory method to bean named 'neo4jDriver'
2025-12-30 22:35:55.674 DEBUG --- [  restartedMain] o.s.b.f.s.DefaultListableBeanFactory     : Autowiring by type from bean name 'reactiveNeo4jClient' via factory method to bean named 'reactiveDatabaseSelectionProvider'
2025-12-30 22:35:55.682 DEBUG --- [  restartedMain] o.s.data.convert.CustomConversions       : Adding converter from class java.lang.Void to interface org.neo4j.driver.Value as writing converter
2025-12-30 22:35:55.682 DEBUG --- [  restartedMain] o.s.data.convert.CustomConversions       : Adding converter from interface org.neo4j.driver.Value to class java.lang.Void as reading converter
2025-12-30 22:35:55.682 DEBUG --- [  restartedMain] o.s.data.convert.CustomConversions       : Adding converter from void to interface org.neo4j.driver.Value as writing converter
2025-12-30 22:35:55.682 DEBUG --- [  restartedMain] o.s.data.convert.CustomConversions       : Adding converter from interface org.neo4j.driver.Value to void as reading converter
2025-12-30 22:35:55.682 DEBUG --- [  restartedMain] o.s.data.convert.CustomConversions       : Adding converter from class java.lang.Boolean to interface org.neo4j.driver.Value as writing converter
2025-12-30 22:35:55.682 DEBUG --- [  restartedMain] o.s.data.convert.CustomConversions       : Adding converter from interface org.neo4j.driver.Value to class java.lang.Boolean as reading converter
2025-12-30 22:35:55.682 DEBUG --- [  restartedMain] o.s.data.convert.CustomConversions       : Adding converter from boolean to interface org.neo4j.driver.Value as writing converter
2025-12-30 22:35:55.682 DEBUG --- [  restartedMain] o.s.data.convert.CustomConversions       : Adding converter from interface org.neo4j.driver.Value to boolean as reading converter
2025-12-30 22:35:55.682 DEBUG --- [  restartedMain] o.s.data.convert.CustomConversions       : Adding converter from interface org.neo4j.driver.Value to class java.lang.Long as reading converter
2025-12-30 22:35:55.682 DEBUG --- [  restartedMain] o.s.data.convert.CustomConversions       : Adding converter from class java.lang.Long to interface org.neo4j.driver.Value as writing converter
2025-12-30 22:35:55.682 DEBUG --- [  restartedMain] o.s.data.convert.CustomConversions       : Adding converter from interface org.neo4j.driver.Value to long as reading converter
2025-12-30 22:35:55.682 DEBUG --- [  restartedMain] o.s.data.convert.CustomConversions       : Adding converter from long to interface org.neo4j.driver.Value as writing converter
2025-12-30 22:35:55.682 DEBUG --- [  restartedMain] o.s.data.convert.CustomConversions       : Adding converter from interface org.neo4j.driver.Value to class java.lang.Double as reading converter
2025-12-30 22:35:55.682 DEBUG --- [  restartedMain] o.s.data.convert.CustomConversions       : Adding converter from class java.lang.Double to interface org.neo4j.driver.Value as writing converter
2025-12-30 22:35:55.682 DEBUG --- [  restartedMain] o.s.data.convert.CustomConversions       : Adding converter from interface org.neo4j.driver.Value to double as reading converter
2025-12-30 22:35:55.682 DEBUG --- [  restartedMain] o.s.data.convert.CustomConversions       : Adding converter from double to interface org.neo4j.driver.Value as writing converter
2025-12-30 22:35:55.683 DEBUG --- [  restartedMain] o.s.data.convert.CustomConversions       : Adding converter from class java.lang.String to interface org.neo4j.driver.Value as writing converter
2025-12-30 22:35:55.686 DEBUG --- [  restartedMain] o.s.data.convert.CustomConversions       : Adding converter from interface org.neo4j.driver.Value to class java.lang.String as reading converter
2025-12-30 22:35:55.686 DEBUG --- [  restartedMain] o.s.data.convert.CustomConversions       : Adding converter from interface org.neo4j.driver.Value to class [B as reading converter
2025-12-30 22:35:55.687 DEBUG --- [  restartedMain] o.s.data.convert.CustomConversions       : Adding converter from class [B to interface org.neo4j.driver.Value as writing converter
2025-12-30 22:35:55.687 DEBUG --- [  restartedMain] o.s.data.convert.CustomConversions       : Adding converter from interface org.neo4j.driver.Value to class java.time.LocalDate as reading converter
2025-12-30 22:35:55.687 DEBUG --- [  restartedMain] o.s.data.convert.CustomConversions       : Adding converter from class java.time.LocalDate to interface org.neo4j.driver.Value as writing converter
2025-12-30 22:35:55.687 DEBUG --- [  restartedMain] o.s.data.convert.CustomConversions       : Adding converter from interface org.neo4j.driver.Value to class java.time.OffsetTime as reading converter
2025-12-30 22:35:55.687 DEBUG --- [  restartedMain] o.s.data.convert.CustomConversions       : Adding converter from class java.time.OffsetTime to interface org.neo4j.driver.Value as writing converter
2025-12-30 22:35:55.687 DEBUG --- [  restartedMain] o.s.data.convert.CustomConversions       : Adding converter from interface org.neo4j.driver.Value to class java.time.OffsetDateTime as reading converter
2025-12-30 22:35:55.687 DEBUG --- [  restartedMain] o.s.data.convert.CustomConversions       : Adding converter from class java.time.OffsetDateTime to interface org.neo4j.driver.Value as writing converter
2025-12-30 22:35:55.687 DEBUG --- [  restartedMain] o.s.data.convert.CustomConversions       : Adding converter from interface org.neo4j.driver.Value to class java.time.LocalTime as reading converter
2025-12-30 22:35:55.687 DEBUG --- [  restartedMain] o.s.data.convert.CustomConversions       : Adding converter from class java.time.LocalTime to interface org.neo4j.driver.Value as writing converter
2025-12-30 22:35:55.687 DEBUG --- [  restartedMain] o.s.data.convert.CustomConversions       : Adding converter from class java.time.ZonedDateTime to interface org.neo4j.driver.Value as writing converter
2025-12-30 22:35:55.687 DEBUG --- [  restartedMain] o.s.data.convert.CustomConversions       : Adding converter from interface org.neo4j.driver.Value to class java.time.ZonedDateTime as reading converter
2025-12-30 22:35:55.687 DEBUG --- [  restartedMain] o.s.data.convert.CustomConversions       : Adding converter from class java.time.LocalDateTime to interface org.neo4j.driver.Value as writing converter
2025-12-30 22:35:55.687 DEBUG --- [  restartedMain] o.s.data.convert.CustomConversions       : Adding converter from interface org.neo4j.driver.Value to class java.time.LocalDateTime as reading converter
2025-12-30 22:35:55.687 DEBUG --- [  restartedMain] o.s.data.convert.CustomConversions       : Adding converter from interface org.neo4j.driver.Value to interface org.neo4j.driver.types.IsoDuration as reading converter
2025-12-30 22:35:55.687 DEBUG --- [  restartedMain] o.s.data.convert.CustomConversions       : Adding converter from interface org.neo4j.driver.types.IsoDuration to interface org.neo4j.driver.Value as writing converter
2025-12-30 22:35:55.687 DEBUG --- [  restartedMain] o.s.data.convert.CustomConversions       : Adding converter from interface org.neo4j.driver.Value to interface org.neo4j.driver.types.Point as reading converter
2025-12-30 22:35:55.687 DEBUG --- [  restartedMain] o.s.data.convert.CustomConversions       : Adding converter from interface org.neo4j.driver.types.Point to interface org.neo4j.driver.Value as writing converter
2025-12-30 22:35:55.687 DEBUG --- [  restartedMain] o.s.data.convert.CustomConversions       : Adding converter from interface org.neo4j.driver.Value to class [Z as reading converter
2025-12-30 22:35:55.687 DEBUG --- [  restartedMain] o.s.data.convert.CustomConversions       : Adding converter from class [Z to interface org.neo4j.driver.Value as writing converter
2025-12-30 22:35:55.687 DEBUG --- [  restartedMain] o.s.data.convert.CustomConversions       : Adding converter from class java.lang.Byte to interface org.neo4j.driver.Value as writing converter
2025-12-30 22:35:55.687 DEBUG --- [  restartedMain] o.s.data.convert.CustomConversions       : Adding converter from interface org.neo4j.driver.Value to class java.lang.Byte as reading converter
2025-12-30 22:35:55.687 DEBUG --- [  restartedMain] o.s.data.convert.CustomConversions       : Adding converter from interface org.neo4j.driver.Value to byte as reading converter
2025-12-30 22:35:55.687 DEBUG --- [  restartedMain] o.s.data.convert.CustomConversions       : Adding converter from byte to interface org.neo4j.driver.Value as writing converter
2025-12-30 22:35:55.687 DEBUG --- [  restartedMain] o.s.data.convert.CustomConversions       : Adding converter from interface org.neo4j.driver.Value to class java.lang.Character as reading converter
2025-12-30 22:35:55.687 DEBUG --- [  restartedMain] o.s.data.convert.CustomConversions       : Adding converter from class java.lang.Character to interface org.neo4j.driver.Value as writing converter
2025-12-30 22:35:55.687 DEBUG --- [  restartedMain] o.s.data.convert.CustomConversions       : Adding converter from char to interface org.neo4j.driver.Value as writing converter
2025-12-30 22:35:55.687 DEBUG --- [  restartedMain] o.s.data.convert.CustomConversions       : Adding converter from interface org.neo4j.driver.Value to char as reading converter
2025-12-30 22:35:55.687 DEBUG --- [  restartedMain] o.s.data.convert.CustomConversions       : Adding converter from interface org.neo4j.driver.Value to class [C as reading converter
2025-12-30 22:35:55.687 DEBUG --- [  restartedMain] o.s.data.convert.CustomConversions       : Adding converter from class [C to interface org.neo4j.driver.Value as writing converter
2025-12-30 22:35:55.687 DEBUG --- [  restartedMain] o.s.data.convert.CustomConversions       : Adding converter from class java.util.Date to interface org.neo4j.driver.Value as writing converter
2025-12-30 22:35:55.687 DEBUG --- [  restartedMain] o.s.data.convert.CustomConversions       : Adding converter from interface org.neo4j.driver.Value to class java.util.Date as reading converter
2025-12-30 22:35:55.687 DEBUG --- [  restartedMain] o.s.data.convert.CustomConversions       : Adding converter from interface org.neo4j.driver.Value to class [D as reading converter
2025-12-30 22:35:55.687 DEBUG --- [  restartedMain] o.s.data.convert.CustomConversions       : Adding converter from class [D to interface org.neo4j.driver.Value as writing converter
2025-12-30 22:35:55.687 DEBUG --- [  restartedMain] o.s.data.convert.CustomConversions       : Adding converter from interface org.neo4j.driver.Value to class java.lang.Enum as reading converter
2025-12-30 22:35:55.687 DEBUG --- [  restartedMain] o.s.data.convert.CustomConversions       : Adding converter from class java.lang.Enum to interface org.neo4j.driver.Value as reading converter
2025-12-30 22:35:55.687 DEBUG --- [  restartedMain] o.s.data.convert.CustomConversions       : Adding converter from interface org.neo4j.driver.Value to class java.lang.Float as reading converter
2025-12-30 22:35:55.687 DEBUG --- [  restartedMain] o.s.data.convert.CustomConversions       : Adding converter from class java.lang.Float to interface org.neo4j.driver.Value as writing converter
2025-12-30 22:35:55.687 DEBUG --- [  restartedMain] o.s.data.convert.CustomConversions       : Adding converter from interface org.neo4j.driver.Value to float as reading converter
2025-12-30 22:35:55.687 DEBUG --- [  restartedMain] o.s.data.convert.CustomConversions       : Adding converter from float to interface org.neo4j.driver.Value as writing converter
2025-12-30 22:35:55.687 DEBUG --- [  restartedMain] o.s.data.convert.CustomConversions       : Adding converter from interface org.neo4j.driver.Value to class [F as reading converter
2025-12-30 22:35:55.687 DEBUG --- [  restartedMain] o.s.data.convert.CustomConversions       : Adding converter from class [F to interface org.neo4j.driver.Value as writing converter
2025-12-30 22:35:55.687 DEBUG --- [  restartedMain] o.s.data.convert.CustomConversions       : Adding converter from class java.lang.Integer to interface org.neo4j.driver.Value as writing converter
2025-12-30 22:35:55.687 DEBUG --- [  restartedMain] o.s.data.convert.CustomConversions       : Adding converter from interface org.neo4j.driver.Value to class java.lang.Integer as reading converter
2025-12-30 22:35:55.687 DEBUG --- [  restartedMain] o.s.data.convert.CustomConversions       : Adding converter from interface org.neo4j.driver.Value to int as reading converter
2025-12-30 22:35:55.687 DEBUG --- [  restartedMain] o.s.data.convert.CustomConversions       : Adding converter from int to interface org.neo4j.driver.Value as writing converter
2025-12-30 22:35:55.687 DEBUG --- [  restartedMain] o.s.data.convert.CustomConversions       : Adding converter from interface org.neo4j.driver.Value to class [I as reading converter
2025-12-30 22:35:55.687 DEBUG --- [  restartedMain] o.s.data.convert.CustomConversions       : Adding converter from class [I to interface org.neo4j.driver.Value as writing converter
2025-12-30 22:35:55.687 DEBUG --- [  restartedMain] o.s.data.convert.CustomConversions       : Adding converter from class java.util.Locale to interface org.neo4j.driver.Value as writing converter
2025-12-30 22:35:55.687 DEBUG --- [  restartedMain] o.s.data.convert.CustomConversions       : Adding converter from interface org.neo4j.driver.Value to class java.util.Locale as reading converter
2025-12-30 22:35:55.687 DEBUG --- [  restartedMain] o.s.data.convert.CustomConversions       : Adding converter from class [J to interface org.neo4j.driver.Value as writing converter
2025-12-30 22:35:55.687 DEBUG --- [  restartedMain] o.s.data.convert.CustomConversions       : Adding converter from interface org.neo4j.driver.Value to class [J as reading converter
2025-12-30 22:35:55.687 DEBUG --- [  restartedMain] o.s.data.convert.CustomConversions       : Adding converter from class java.lang.Short to interface org.neo4j.driver.Value as writing converter
2025-12-30 22:35:55.687 DEBUG --- [  restartedMain] o.s.data.convert.CustomConversions       : Adding converter from interface org.neo4j.driver.Value to class java.lang.Short as reading converter
2025-12-30 22:35:55.687 DEBUG --- [  restartedMain] o.s.data.convert.CustomConversions       : Adding converter from interface org.neo4j.driver.Value to short as reading converter
2025-12-30 22:35:55.687 DEBUG --- [  restartedMain] o.s.data.convert.CustomConversions       : Adding converter from short to interface org.neo4j.driver.Value as writing converter
2025-12-30 22:35:55.687 DEBUG --- [  restartedMain] o.s.data.convert.CustomConversions       : Adding converter from interface org.neo4j.driver.Value to class [S as reading converter
2025-12-30 22:35:55.687 DEBUG --- [  restartedMain] o.s.data.convert.CustomConversions       : Adding converter from class [S to interface org.neo4j.driver.Value as writing converter
2025-12-30 22:35:55.687 DEBUG --- [  restartedMain] o.s.data.convert.CustomConversions       : Adding converter from interface org.neo4j.driver.Value to class [Ljava.lang.String; as reading converter
2025-12-30 22:35:55.687 DEBUG --- [  restartedMain] o.s.data.convert.CustomConversions       : Adding converter from class [Ljava.lang.String; to interface org.neo4j.driver.Value as writing converter
2025-12-30 22:35:55.687 DEBUG --- [  restartedMain] o.s.data.convert.CustomConversions       : Adding converter from class java.math.BigDecimal to interface org.neo4j.driver.Value as writing converter
2025-12-30 22:35:55.687 DEBUG --- [  restartedMain] o.s.data.convert.CustomConversions       : Adding converter from interface org.neo4j.driver.Value to class java.math.BigDecimal as reading converter
2025-12-30 22:35:55.687 DEBUG --- [  restartedMain] o.s.data.convert.CustomConversions       : Adding converter from class java.math.BigInteger to interface org.neo4j.driver.Value as writing converter
2025-12-30 22:35:55.687 DEBUG --- [  restartedMain] o.s.data.convert.CustomConversions       : Adding converter from interface org.neo4j.driver.Value to class java.math.BigInteger as reading converter
2025-12-30 22:35:55.687 DEBUG --- [  restartedMain] o.s.data.convert.CustomConversions       : Adding converter from interface org.neo4j.driver.Value to interface java.time.temporal.TemporalAmount as reading converter
2025-12-30 22:35:55.687 DEBUG --- [  restartedMain] o.s.data.convert.CustomConversions       : Adding converter from interface java.time.temporal.TemporalAmount to interface org.neo4j.driver.Value as reading converter
2025-12-30 22:35:55.687 DEBUG --- [  restartedMain] o.s.data.convert.CustomConversions       : Adding converter from class java.time.Instant to interface org.neo4j.driver.Value as writing converter
2025-12-30 22:35:55.687 DEBUG --- [  restartedMain] o.s.data.convert.CustomConversions       : Adding converter from interface org.neo4j.driver.Value to class java.time.Instant as reading converter
2025-12-30 22:35:55.687 DEBUG --- [  restartedMain] o.s.data.convert.CustomConversions       : Adding converter from interface org.neo4j.driver.Value to class java.util.UUID as reading converter
2025-12-30 22:35:55.687 DEBUG --- [  restartedMain] o.s.data.convert.CustomConversions       : Adding converter from class java.util.UUID to interface org.neo4j.driver.Value as writing converter
2025-12-30 22:35:55.687 DEBUG --- [  restartedMain] o.s.data.convert.CustomConversions       : Adding converter from class java.net.URL to interface org.neo4j.driver.Value as writing converter
2025-12-30 22:35:55.687 DEBUG --- [  restartedMain] o.s.data.convert.CustomConversions       : Adding converter from interface org.neo4j.driver.Value to class java.net.URL as reading converter
2025-12-30 22:35:55.687 DEBUG --- [  restartedMain] o.s.data.convert.CustomConversions       : Adding converter from class java.net.URI to interface org.neo4j.driver.Value as writing converter
2025-12-30 22:35:55.687 DEBUG --- [  restartedMain] o.s.data.convert.CustomConversions       : Adding converter from interface org.neo4j.driver.Value to class java.net.URI as reading converter
2025-12-30 22:35:55.687 DEBUG --- [  restartedMain] o.s.data.convert.CustomConversions       : Adding converter from class java.util.TimeZone to interface org.neo4j.driver.Value as writing converter
2025-12-30 22:35:55.687 DEBUG --- [  restartedMain] o.s.data.convert.CustomConversions       : Adding converter from interface org.neo4j.driver.Value to class java.util.TimeZone as reading converter
2025-12-30 22:35:55.687 DEBUG --- [  restartedMain] o.s.data.convert.CustomConversions       : Adding converter from interface org.neo4j.driver.Value to class java.time.ZoneId as reading converter
2025-12-30 22:35:55.687 DEBUG --- [  restartedMain] o.s.data.convert.CustomConversions       : Adding converter from class java.time.ZoneId to interface org.neo4j.driver.Value as writing converter
2025-12-30 22:35:55.687 DEBUG --- [  restartedMain] o.s.data.convert.CustomConversions       : Adding converter from interface org.neo4j.driver.Value to interface org.neo4j.driver.types.Entity as reading converter
2025-12-30 22:35:55.687 DEBUG --- [  restartedMain] o.s.data.convert.CustomConversions       : Adding converter from interface org.neo4j.driver.Value to interface org.neo4j.driver.types.Node as reading converter
2025-12-30 22:35:55.687 DEBUG --- [  restartedMain] o.s.data.convert.CustomConversions       : Adding converter from interface org.neo4j.driver.Value to interface org.neo4j.driver.types.Relationship as reading converter
2025-12-30 22:35:55.687 DEBUG --- [  restartedMain] o.s.data.convert.CustomConversions       : Adding converter from interface java.util.Map to interface org.neo4j.driver.Value as writing converter
2025-12-30 22:35:55.687 DEBUG --- [  restartedMain] o.s.data.convert.CustomConversions       : Adding converter from interface org.neo4j.driver.Value to interface java.util.Map as reading converter
2025-12-30 22:35:55.687 DEBUG --- [  restartedMain] o.s.data.convert.CustomConversions       : Adding converter from class org.springframework.data.geo.Point to interface org.neo4j.driver.Value as writing converter
2025-12-30 22:35:55.687 DEBUG --- [  restartedMain] o.s.data.convert.CustomConversions       : Adding converter from interface org.neo4j.driver.Value to class org.springframework.data.geo.Point as reading converter
2025-12-30 22:35:55.687 DEBUG --- [  restartedMain] o.s.data.convert.CustomConversions       : Adding converter from interface org.neo4j.driver.Value to class [Lorg.springframework.data.geo.Point; as reading converter
2025-12-30 22:35:55.687 DEBUG --- [  restartedMain] o.s.data.convert.CustomConversions       : Adding converter from class [Lorg.springframework.data.geo.Point; to interface org.neo4j.driver.Value as writing converter
2025-12-30 22:35:55.687 DEBUG --- [  restartedMain] o.s.data.convert.CustomConversions       : Adding converter from interface org.springframework.data.neo4j.types.Neo4jPoint to interface org.neo4j.driver.Value as writing converter
2025-12-30 22:35:55.687 DEBUG --- [  restartedMain] o.s.data.convert.CustomConversions       : Adding converter from interface org.neo4j.driver.Value to interface org.springframework.data.neo4j.types.Neo4jPoint as reading converter
2025-12-30 22:35:55.687 DEBUG --- [  restartedMain] o.s.data.convert.CustomConversions       : Adding converter from class java.util.Date to class java.time.LocalDateTime as reading converter
2025-12-30 22:35:55.687 DEBUG --- [  restartedMain] o.s.data.convert.CustomConversions       : Adding converter from class java.time.LocalDateTime to class java.util.Date as writing converter
2025-12-30 22:35:55.687 DEBUG --- [  restartedMain] o.s.data.convert.CustomConversions       : Adding converter from class java.util.Date to class java.time.LocalDate as reading converter
2025-12-30 22:35:55.687 DEBUG --- [  restartedMain] o.s.data.convert.CustomConversions       : Adding converter from class java.time.LocalDate to class java.util.Date as writing converter
2025-12-30 22:35:55.687 DEBUG --- [  restartedMain] o.s.data.convert.CustomConversions       : Adding converter from class java.util.Date to class java.time.LocalTime as reading converter
2025-12-30 22:35:55.687 DEBUG --- [  restartedMain] o.s.data.convert.CustomConversions       : Adding converter from class java.time.LocalTime to class java.util.Date as writing converter
2025-12-30 22:35:55.687 DEBUG --- [  restartedMain] o.s.data.convert.CustomConversions       : Adding converter from class java.util.Date to class java.time.Instant as reading converter
2025-12-30 22:35:55.688 DEBUG --- [  restartedMain] o.s.data.convert.CustomConversions       : Adding converter from class java.time.Instant to class java.util.Date as writing converter
2025-12-30 22:35:55.688 DEBUG --- [  restartedMain] o.s.data.convert.CustomConversions       : Adding converter from class java.time.LocalDateTime to class java.time.Instant as reading converter
2025-12-30 22:35:55.688 DEBUG --- [  restartedMain] o.s.data.convert.CustomConversions       : Adding converter from class java.time.Instant to class java.time.LocalDateTime as reading converter
2025-12-30 22:35:55.688 DEBUG --- [  restartedMain] o.s.data.convert.CustomConversions       : Adding converter from class java.time.ZoneId to class java.lang.String as writing converter
2025-12-30 22:35:55.688 DEBUG --- [  restartedMain] o.s.data.convert.CustomConversions       : Adding converter from class java.lang.String to class java.time.ZoneId as reading converter
2025-12-30 22:35:55.688 DEBUG --- [  restartedMain] o.s.data.convert.CustomConversions       : Adding converter from class java.time.Duration to class java.lang.String as writing converter
2025-12-30 22:35:55.688 DEBUG --- [  restartedMain] o.s.data.convert.CustomConversions       : Adding converter from class java.lang.String to class java.time.Duration as reading converter
2025-12-30 22:35:55.688 DEBUG --- [  restartedMain] o.s.data.convert.CustomConversions       : Adding converter from class java.time.Period to class java.lang.String as writing converter
2025-12-30 22:35:55.688 DEBUG --- [  restartedMain] o.s.data.convert.CustomConversions       : Adding converter from class java.lang.String to class java.time.Period as reading converter
2025-12-30 22:35:55.688 DEBUG --- [  restartedMain] o.s.data.convert.CustomConversions       : Adding converter from class java.lang.String to class java.time.LocalDate as reading converter
2025-12-30 22:35:55.688 DEBUG --- [  restartedMain] o.s.data.convert.CustomConversions       : Adding converter from class java.lang.String to class java.time.LocalDateTime as reading converter
2025-12-30 22:35:55.688 DEBUG --- [  restartedMain] o.s.data.convert.CustomConversions       : Adding converter from class java.lang.String to class java.time.Instant as reading converter
2025-12-30 22:35:55.690 DEBUG --- [  restartedMain] o.s.b.f.s.DefaultListableBeanFactory     : Creating shared instance of singleton bean 'reactiveNeo4jTemplate'
2025-12-30 22:35:55.692 DEBUG --- [  restartedMain] o.s.b.f.s.DefaultListableBeanFactory     : Autowiring by type from bean name 'reactiveNeo4jTemplate' via factory method to bean named 'reactiveNeo4jClient'
2025-12-30 22:35:55.692 DEBUG --- [  restartedMain] o.s.b.f.s.DefaultListableBeanFactory     : Autowiring by type from bean name 'reactiveNeo4jTemplate' via factory method to bean named 'neo4jMappingContext'
2025-12-30 22:35:55.708 DEBUG --- [  restartedMain] o.s.b.f.s.DefaultListableBeanFactory     : Creating shared instance of singleton bean 'org.springframework.boot.autoconfigure.data.neo4j.Neo4jReactiveRepositoriesAutoConfiguration'
2025-12-30 22:35:55.708 DEBUG --- [  restartedMain] o.s.b.f.s.DefaultListableBeanFactory     : Creating shared instance of singleton bean 'org.springframework.data.neo4j.repository.support.Neo4jEvaluationContextExtension'
2025-12-30 22:35:55.708 DEBUG --- [  restartedMain] o.s.b.f.s.DefaultListableBeanFactory     : Creating shared instance of singleton bean 'data-neo4j.repository-aot-processor#0'
2025-12-30 22:35:55.711 DEBUG --- [  restartedMain] o.s.b.f.s.DefaultListableBeanFactory     : Creating shared instance of singleton bean 'org.springframework.boot.autoconfigure.data.neo4j.Neo4jRepositoriesAutoConfiguration'
2025-12-30 22:35:55.712 DEBUG --- [  restartedMain] o.s.b.f.s.DefaultListableBeanFactory     : Creating shared instance of singleton bean 'data-neo4j.repository-aot-processor#1'
2025-12-30 22:35:55.713 DEBUG --- [  restartedMain] o.s.b.f.s.DefaultListableBeanFactory     : Creating shared instance of singleton bean 'org.springframework.boot.autoconfigure.data.redis.RedisReactiveAutoConfiguration'
2025-12-30 22:35:55.713 DEBUG --- [  restartedMain] o.s.b.f.s.DefaultListableBeanFactory     : Creating shared instance of singleton bean 'reactiveRedisTemplate'
2025-12-30 22:35:55.714 DEBUG --- [  restartedMain] o.s.b.f.s.DefaultListableBeanFactory     : Autowiring by type from bean name 'reactiveRedisTemplate' via factory method to bean named 'redisConnectionFactory'
2025-12-30 22:35:55.714 DEBUG --- [  restartedMain] o.s.b.f.s.DefaultListableBeanFactory     : Autowiring by type from bean name 'reactiveRedisTemplate' via factory method to bean named 'org.springframework.boot.web.servlet.context.AnnotationConfigServletWebServerApplicationContext@2afacb41'
2025-12-30 22:35:55.742 DEBUG --- [  restartedMain] o.s.b.f.s.DefaultListableBeanFactory     : Creating shared instance of singleton bean 'reactiveStringRedisTemplate'
2025-12-30 22:35:55.742 DEBUG --- [  restartedMain] o.s.b.f.s.DefaultListableBeanFactory     : Autowiring by type from bean name 'reactiveStringRedisTemplate' via factory method to bean named 'redisConnectionFactory'
2025-12-30 22:35:55.746 DEBUG --- [  restartedMain] o.s.b.f.s.DefaultListableBeanFactory     : Creating shared instance of singleton bean 'org.springframework.boot.autoconfigure.data.redis.RedisRepositoriesAutoConfiguration'
2025-12-30 22:35:55.747 DEBUG --- [  restartedMain] o.s.b.f.s.DefaultListableBeanFactory     : Creating shared instance of singleton bean 'redisIndexConfiguration#0'
2025-12-30 22:35:55.747 DEBUG --- [  restartedMain] o.s.b.f.s.DefaultListableBeanFactory     : Creating shared instance of singleton bean 'redisKeyspaceConfiguration#0'
2025-12-30 22:35:55.747 DEBUG --- [  restartedMain] o.s.b.f.s.DefaultListableBeanFactory     : Creating shared instance of singleton bean 'redisMappingConfiguration#0'
2025-12-30 22:35:55.748 DEBUG --- [  restartedMain] o.s.b.f.s.DefaultListableBeanFactory     : Creating shared instance of singleton bean 'keyValueMappingContext'
2025-12-30 22:35:55.751 DEBUG --- [  restartedMain] o.s.b.f.s.DefaultListableBeanFactory     : Creating shared instance of singleton bean 'redisCustomConversions'
2025-12-30 22:35:55.752 DEBUG --- [  restartedMain] o.s.data.convert.CustomConversions       : Adding converter from class java.lang.String to class [B as writing converter
2025-12-30 22:35:55.752 DEBUG --- [  restartedMain] o.s.data.convert.CustomConversions       : Adding converter from class [B to class java.lang.String as reading converter
2025-12-30 22:35:55.752 DEBUG --- [  restartedMain] o.s.data.convert.CustomConversions       : Adding converter from class java.lang.Number to class [B as writing converter
2025-12-30 22:35:55.752 DEBUG --- [  restartedMain] o.s.data.convert.CustomConversions       : Adding converter from class [B to class java.lang.Number as reading converter
2025-12-30 22:35:55.752 DEBUG --- [  restartedMain] o.s.data.convert.CustomConversions       : Adding converter from class java.lang.Enum to class [B as writing converter
2025-12-30 22:35:55.752 DEBUG --- [  restartedMain] o.s.data.convert.CustomConversions       : Adding converter from class [B to class java.lang.Enum as reading converter
2025-12-30 22:35:55.752 DEBUG --- [  restartedMain] o.s.data.convert.CustomConversions       : Adding converter from class java.lang.Boolean to class [B as writing converter
2025-12-30 22:35:55.752 DEBUG --- [  restartedMain] o.s.data.convert.CustomConversions       : Adding converter from class [B to class java.lang.Boolean as reading converter
2025-12-30 22:35:55.752 DEBUG --- [  restartedMain] o.s.data.convert.CustomConversions       : Adding converter from class java.util.Date to class [B as writing converter
2025-12-30 22:35:55.752 DEBUG --- [  restartedMain] o.s.data.convert.CustomConversions       : Adding converter from class [B to class java.util.Date as reading converter
2025-12-30 22:35:55.752 DEBUG --- [  restartedMain] o.s.data.convert.CustomConversions       : Adding converter from class java.util.UUID to class [B as writing converter
2025-12-30 22:35:55.752 DEBUG --- [  restartedMain] o.s.data.convert.CustomConversions       : Adding converter from class [B to class java.util.UUID as reading converter
2025-12-30 22:35:55.752 DEBUG --- [  restartedMain] o.s.data.convert.CustomConversions       : Adding converter from class java.time.LocalDateTime to class [B as reading converter
2025-12-30 22:35:55.752 DEBUG --- [  restartedMain] o.s.data.convert.CustomConversions       : Adding converter from class [B to class java.time.LocalDateTime as reading converter
2025-12-30 22:35:55.752 DEBUG --- [  restartedMain] o.s.data.convert.CustomConversions       : Adding converter from class java.time.LocalDate to class [B as reading converter
2025-12-30 22:35:55.752 DEBUG --- [  restartedMain] o.s.data.convert.CustomConversions       : Adding converter from class [B to class java.time.LocalDate as reading converter
2025-12-30 22:35:55.752 DEBUG --- [  restartedMain] o.s.data.convert.CustomConversions       : Adding converter from class java.time.LocalTime to class [B as reading converter
2025-12-30 22:35:55.752 DEBUG --- [  restartedMain] o.s.data.convert.CustomConversions       : Adding converter from class [B to class java.time.LocalTime as reading converter
2025-12-30 22:35:55.752 DEBUG --- [  restartedMain] o.s.data.convert.CustomConversions       : Adding converter from class java.time.ZonedDateTime to class [B as reading converter
2025-12-30 22:35:55.752 DEBUG --- [  restartedMain] o.s.data.convert.CustomConversions       : Adding converter from class [B to class java.time.ZonedDateTime as reading converter
2025-12-30 22:35:55.752 DEBUG --- [  restartedMain] o.s.data.convert.CustomConversions       : Adding converter from class java.time.Instant to class [B as reading converter
2025-12-30 22:35:55.752 DEBUG --- [  restartedMain] o.s.data.convert.CustomConversions       : Adding converter from class [B to class java.time.Instant as reading converter
2025-12-30 22:35:55.752 DEBUG --- [  restartedMain] o.s.data.convert.CustomConversions       : Adding converter from class java.time.ZoneId to class [B as reading converter
2025-12-30 22:35:55.752 DEBUG --- [  restartedMain] o.s.data.convert.CustomConversions       : Adding converter from class [B to class java.time.ZoneId as reading converter
2025-12-30 22:35:55.752 DEBUG --- [  restartedMain] o.s.data.convert.CustomConversions       : Adding converter from class java.time.Period to class [B as reading converter
2025-12-30 22:35:55.752 DEBUG --- [  restartedMain] o.s.data.convert.CustomConversions       : Adding converter from class [B to class java.time.Period as reading converter
2025-12-30 22:35:55.752 DEBUG --- [  restartedMain] o.s.data.convert.CustomConversions       : Adding converter from class java.time.Duration to class [B as reading converter
2025-12-30 22:35:55.752 DEBUG --- [  restartedMain] o.s.data.convert.CustomConversions       : Adding converter from class [B to class java.time.Duration as reading converter
2025-12-30 22:35:55.752 DEBUG --- [  restartedMain] o.s.data.convert.CustomConversions       : Adding converter from class java.time.OffsetDateTime to class [B as reading converter
2025-12-30 22:35:55.752 DEBUG --- [  restartedMain] o.s.data.convert.CustomConversions       : Adding converter from class [B to class java.time.OffsetDateTime as reading converter
2025-12-30 22:35:55.752 DEBUG --- [  restartedMain] o.s.data.convert.CustomConversions       : Adding converter from class java.time.OffsetTime to class [B as reading converter
2025-12-30 22:35:55.752 DEBUG --- [  restartedMain] o.s.data.convert.CustomConversions       : Adding converter from class [B to class java.time.OffsetTime as reading converter
2025-12-30 22:35:55.752 DEBUG --- [  restartedMain] o.s.data.convert.CustomConversions       : Adding converter from class java.util.Date to class java.time.LocalDateTime as reading converter
2025-12-30 22:35:55.752 DEBUG --- [  restartedMain] o.s.data.convert.CustomConversions       : Adding converter from class java.time.LocalDateTime to class java.util.Date as writing converter
2025-12-30 22:35:55.753 DEBUG --- [  restartedMain] o.s.data.convert.CustomConversions       : Adding converter from class java.util.Date to class java.time.LocalDate as reading converter
2025-12-30 22:35:55.753 DEBUG --- [  restartedMain] o.s.data.convert.CustomConversions       : Adding converter from class java.time.LocalDate to class java.util.Date as writing converter
2025-12-30 22:35:55.753 DEBUG --- [  restartedMain] o.s.data.convert.CustomConversions       : Adding converter from class java.util.Date to class java.time.LocalTime as reading converter
2025-12-30 22:35:55.753 DEBUG --- [  restartedMain] o.s.data.convert.CustomConversions       : Adding converter from class java.time.LocalTime to class java.util.Date as writing converter
2025-12-30 22:35:55.753 DEBUG --- [  restartedMain] o.s.data.convert.CustomConversions       : Adding converter from class java.util.Date to class java.time.Instant as reading converter
2025-12-30 22:35:55.753 DEBUG --- [  restartedMain] o.s.data.convert.CustomConversions       : Adding converter from class java.time.Instant to class java.util.Date as writing converter
2025-12-30 22:35:55.753 DEBUG --- [  restartedMain] o.s.data.convert.CustomConversions       : Adding converter from class java.time.LocalDateTime to class java.time.Instant as reading converter
2025-12-30 22:35:55.753 DEBUG --- [  restartedMain] o.s.data.convert.CustomConversions       : Adding converter from class java.time.Instant to class java.time.LocalDateTime as reading converter
2025-12-30 22:35:55.753 DEBUG --- [  restartedMain] o.s.data.convert.CustomConversions       : Adding converter from class java.time.ZoneId to class java.lang.String as writing converter
2025-12-30 22:35:55.753 DEBUG --- [  restartedMain] o.s.data.convert.CustomConversions       : Adding converter from class java.lang.String to class java.time.ZoneId as reading converter
2025-12-30 22:35:55.753 DEBUG --- [  restartedMain] o.s.data.convert.CustomConversions       : Adding converter from class java.time.Duration to class java.lang.String as writing converter
2025-12-30 22:35:55.753 DEBUG --- [  restartedMain] o.s.data.convert.CustomConversions       : Adding converter from class java.lang.String to class java.time.Duration as reading converter
2025-12-30 22:35:55.753 DEBUG --- [  restartedMain] o.s.data.convert.CustomConversions       : Adding converter from class java.time.Period to class java.lang.String as writing converter
2025-12-30 22:35:55.753 DEBUG --- [  restartedMain] o.s.data.convert.CustomConversions       : Adding converter from class java.lang.String to class java.time.Period as reading converter
2025-12-30 22:35:55.753 DEBUG --- [  restartedMain] o.s.data.convert.CustomConversions       : Adding converter from class java.lang.String to class java.time.LocalDate as reading converter
2025-12-30 22:35:55.753 DEBUG --- [  restartedMain] o.s.data.convert.CustomConversions       : Adding converter from class java.lang.String to class java.time.LocalDateTime as reading converter
2025-12-30 22:35:55.753 DEBUG --- [  restartedMain] o.s.data.convert.CustomConversions       : Adding converter from class java.lang.String to class java.time.Instant as reading converter
2025-12-30 22:35:55.754 DEBUG --- [  restartedMain] o.s.b.f.s.DefaultListableBeanFactory     : Creating shared instance of singleton bean 'redisReferenceResolver'
2025-12-30 22:35:55.754 DEBUG --- [  restartedMain] o.s.b.f.s.DefaultListableBeanFactory     : Creating shared instance of singleton bean 'redisConverter'
2025-12-30 22:35:55.756 DEBUG --- [  restartedMain] o.s.data.convert.CustomConversions       : Adding converter from class java.lang.String to class [B as writing converter
2025-12-30 22:35:55.756 DEBUG --- [  restartedMain] o.s.data.convert.CustomConversions       : Adding converter from class [B to class java.lang.String as reading converter
2025-12-30 22:35:55.756 DEBUG --- [  restartedMain] o.s.data.convert.CustomConversions       : Adding converter from class java.lang.Number to class [B as writing converter
2025-12-30 22:35:55.756 DEBUG --- [  restartedMain] o.s.data.convert.CustomConversions       : Adding converter from class [B to class java.lang.Number as reading converter
2025-12-30 22:35:55.756 DEBUG --- [  restartedMain] o.s.data.convert.CustomConversions       : Adding converter from class java.lang.Enum to class [B as writing converter
2025-12-30 22:35:55.756 DEBUG --- [  restartedMain] o.s.data.convert.CustomConversions       : Adding converter from class [B to class java.lang.Enum as reading converter
2025-12-30 22:35:55.756 DEBUG --- [  restartedMain] o.s.data.convert.CustomConversions       : Adding converter from class java.lang.Boolean to class [B as writing converter
2025-12-30 22:35:55.756 DEBUG --- [  restartedMain] o.s.data.convert.CustomConversions       : Adding converter from class [B to class java.lang.Boolean as reading converter
2025-12-30 22:35:55.756 DEBUG --- [  restartedMain] o.s.data.convert.CustomConversions       : Adding converter from class java.util.Date to class [B as writing converter
2025-12-30 22:35:55.756 DEBUG --- [  restartedMain] o.s.data.convert.CustomConversions       : Adding converter from class [B to class java.util.Date as reading converter
2025-12-30 22:35:55.756 DEBUG --- [  restartedMain] o.s.data.convert.CustomConversions       : Adding converter from class java.util.UUID to class [B as writing converter
2025-12-30 22:35:55.756 DEBUG --- [  restartedMain] o.s.data.convert.CustomConversions       : Adding converter from class [B to class java.util.UUID as reading converter
2025-12-30 22:35:55.756 DEBUG --- [  restartedMain] o.s.data.convert.CustomConversions       : Adding converter from class java.time.LocalDateTime to class [B as reading converter
2025-12-30 22:35:55.756 DEBUG --- [  restartedMain] o.s.data.convert.CustomConversions       : Adding converter from class [B to class java.time.LocalDateTime as reading converter
2025-12-30 22:35:55.756 DEBUG --- [  restartedMain] o.s.data.convert.CustomConversions       : Adding converter from class java.time.LocalDate to class [B as reading converter
2025-12-30 22:35:55.756 DEBUG --- [  restartedMain] o.s.data.convert.CustomConversions       : Adding converter from class [B to class java.time.LocalDate as reading converter
2025-12-30 22:35:55.756 DEBUG --- [  restartedMain] o.s.data.convert.CustomConversions       : Adding converter from class java.time.LocalTime to class [B as reading converter
2025-12-30 22:35:55.756 DEBUG --- [  restartedMain] o.s.data.convert.CustomConversions       : Adding converter from class [B to class java.time.LocalTime as reading converter
2025-12-30 22:35:55.756 DEBUG --- [  restartedMain] o.s.data.convert.CustomConversions       : Adding converter from class java.time.ZonedDateTime to class [B as reading converter
2025-12-30 22:35:55.756 DEBUG --- [  restartedMain] o.s.data.convert.CustomConversions       : Adding converter from class [B to class java.time.ZonedDateTime as reading converter
2025-12-30 22:35:55.756 DEBUG --- [  restartedMain] o.s.data.convert.CustomConversions       : Adding converter from class java.time.Instant to class [B as reading converter
2025-12-30 22:35:55.756 DEBUG --- [  restartedMain] o.s.data.convert.CustomConversions       : Adding converter from class [B to class java.time.Instant as reading converter
2025-12-30 22:35:55.756 DEBUG --- [  restartedMain] o.s.data.convert.CustomConversions       : Adding converter from class java.time.ZoneId to class [B as reading converter
2025-12-30 22:35:55.756 DEBUG --- [  restartedMain] o.s.data.convert.CustomConversions       : Adding converter from class [B to class java.time.ZoneId as reading converter
2025-12-30 22:35:55.756 DEBUG --- [  restartedMain] o.s.data.convert.CustomConversions       : Adding converter from class java.time.Period to class [B as reading converter
2025-12-30 22:35:55.756 DEBUG --- [  restartedMain] o.s.data.convert.CustomConversions       : Adding converter from class [B to class java.time.Period as reading converter
2025-12-30 22:35:55.756 DEBUG --- [  restartedMain] o.s.data.convert.CustomConversions       : Adding converter from class java.time.Duration to class [B as reading converter
2025-12-30 22:35:55.756 DEBUG --- [  restartedMain] o.s.data.convert.CustomConversions       : Adding converter from class [B to class java.time.Duration as reading converter
2025-12-30 22:35:55.756 DEBUG --- [  restartedMain] o.s.data.convert.CustomConversions       : Adding converter from class java.time.OffsetDateTime to class [B as reading converter
2025-12-30 22:35:55.756 DEBUG --- [  restartedMain] o.s.data.convert.CustomConversions       : Adding converter from class [B to class java.time.OffsetDateTime as reading converter
2025-12-30 22:35:55.756 DEBUG --- [  restartedMain] o.s.data.convert.CustomConversions       : Adding converter from class java.time.OffsetTime to class [B as reading converter
2025-12-30 22:35:55.756 DEBUG --- [  restartedMain] o.s.data.convert.CustomConversions       : Adding converter from class [B to class java.time.OffsetTime as reading converter
2025-12-30 22:35:55.756 DEBUG --- [  restartedMain] o.s.data.convert.CustomConversions       : Adding converter from class java.util.Date to class java.time.LocalDateTime as reading converter
2025-12-30 22:35:55.756 DEBUG --- [  restartedMain] o.s.data.convert.CustomConversions       : Adding converter from class java.time.LocalDateTime to class java.util.Date as writing converter
2025-12-30 22:35:55.756 DEBUG --- [  restartedMain] o.s.data.convert.CustomConversions       : Adding converter from class java.util.Date to class java.time.LocalDate as reading converter
2025-12-30 22:35:55.756 DEBUG --- [  restartedMain] o.s.data.convert.CustomConversions       : Adding converter from class java.time.LocalDate to class java.util.Date as writing converter
2025-12-30 22:35:55.756 DEBUG --- [  restartedMain] o.s.data.convert.CustomConversions       : Adding converter from class java.util.Date to class java.time.LocalTime as reading converter
2025-12-30 22:35:55.756 DEBUG --- [  restartedMain] o.s.data.convert.CustomConversions       : Adding converter from class java.time.LocalTime to class java.util.Date as writing converter
2025-12-30 22:35:55.756 DEBUG --- [  restartedMain] o.s.data.convert.CustomConversions       : Adding converter from class java.util.Date to class java.time.Instant as reading converter
2025-12-30 22:35:55.756 DEBUG --- [  restartedMain] o.s.data.convert.CustomConversions       : Adding converter from class java.time.Instant to class java.util.Date as writing converter
2025-12-30 22:35:55.756 DEBUG --- [  restartedMain] o.s.data.convert.CustomConversions       : Adding converter from class java.time.LocalDateTime to class java.time.Instant as reading converter
2025-12-30 22:35:55.757 DEBUG --- [  restartedMain] o.s.data.convert.CustomConversions       : Adding converter from class java.time.Instant to class java.time.LocalDateTime as reading converter
2025-12-30 22:35:55.757 DEBUG --- [  restartedMain] o.s.data.convert.CustomConversions       : Adding converter from class java.time.ZoneId to class java.lang.String as writing converter
2025-12-30 22:35:55.757 DEBUG --- [  restartedMain] o.s.data.convert.CustomConversions       : Adding converter from class java.lang.String to class java.time.ZoneId as reading converter
2025-12-30 22:35:55.757 DEBUG --- [  restartedMain] o.s.data.convert.CustomConversions       : Adding converter from class java.time.Duration to class java.lang.String as writing converter
2025-12-30 22:35:55.757 DEBUG --- [  restartedMain] o.s.data.convert.CustomConversions       : Adding converter from class java.lang.String to class java.time.Duration as reading converter
2025-12-30 22:35:55.757 DEBUG --- [  restartedMain] o.s.data.convert.CustomConversions       : Adding converter from class java.time.Period to class java.lang.String as writing converter
2025-12-30 22:35:55.757 DEBUG --- [  restartedMain] o.s.data.convert.CustomConversions       : Adding converter from class java.lang.String to class java.time.Period as reading converter
2025-12-30 22:35:55.757 DEBUG --- [  restartedMain] o.s.data.convert.CustomConversions       : Adding converter from class java.lang.String to class java.time.LocalDate as reading converter
2025-12-30 22:35:55.757 DEBUG --- [  restartedMain] o.s.data.convert.CustomConversions       : Adding converter from class java.lang.String to class java.time.LocalDateTime as reading converter
2025-12-30 22:35:55.757 DEBUG --- [  restartedMain] o.s.data.convert.CustomConversions       : Adding converter from class java.lang.String to class java.time.Instant as reading converter
2025-12-30 22:35:55.758 DEBUG --- [  restartedMain] o.s.data.convert.CustomConversions       : Adding converter from class java.lang.String to class [B as writing converter
2025-12-30 22:35:55.758 DEBUG --- [  restartedMain] o.s.data.convert.CustomConversions       : Adding converter from class [B to class java.lang.String as reading converter
2025-12-30 22:35:55.758 DEBUG --- [  restartedMain] o.s.data.convert.CustomConversions       : Adding converter from class java.lang.Number to class [B as writing converter
2025-12-30 22:35:55.758 DEBUG --- [  restartedMain] o.s.data.convert.CustomConversions       : Adding converter from class [B to class java.lang.Number as reading converter
2025-12-30 22:35:55.758 DEBUG --- [  restartedMain] o.s.data.convert.CustomConversions       : Adding converter from class java.lang.Enum to class [B as writing converter
2025-12-30 22:35:55.758 DEBUG --- [  restartedMain] o.s.data.convert.CustomConversions       : Adding converter from class [B to class java.lang.Enum as reading converter
2025-12-30 22:35:55.758 DEBUG --- [  restartedMain] o.s.data.convert.CustomConversions       : Adding converter from class java.lang.Boolean to class [B as writing converter
2025-12-30 22:35:55.758 DEBUG --- [  restartedMain] o.s.data.convert.CustomConversions       : Adding converter from class [B to class java.lang.Boolean as reading converter
2025-12-30 22:35:55.758 DEBUG --- [  restartedMain] o.s.data.convert.CustomConversions       : Adding converter from class java.util.Date to class [B as writing converter
2025-12-30 22:35:55.758 DEBUG --- [  restartedMain] o.s.data.convert.CustomConversions       : Adding converter from class [B to class java.util.Date as reading converter
2025-12-30 22:35:55.758 DEBUG --- [  restartedMain] o.s.data.convert.CustomConversions       : Adding converter from class java.util.UUID to class [B as writing converter
2025-12-30 22:35:55.758 DEBUG --- [  restartedMain] o.s.data.convert.CustomConversions       : Adding converter from class [B to class java.util.UUID as reading converter
2025-12-30 22:35:55.758 DEBUG --- [  restartedMain] o.s.data.convert.CustomConversions       : Adding converter from class java.time.LocalDateTime to class [B as reading converter
2025-12-30 22:35:55.758 DEBUG --- [  restartedMain] o.s.data.convert.CustomConversions       : Adding converter from class [B to class java.time.LocalDateTime as reading converter
2025-12-30 22:35:55.758 DEBUG --- [  restartedMain] o.s.data.convert.CustomConversions       : Adding converter from class java.time.LocalDate to class [B as reading converter
2025-12-30 22:35:55.758 DEBUG --- [  restartedMain] o.s.data.convert.CustomConversions       : Adding converter from class [B to class java.time.LocalDate as reading converter
2025-12-30 22:35:55.758 DEBUG --- [  restartedMain] o.s.data.convert.CustomConversions       : Adding converter from class java.time.LocalTime to class [B as reading converter
2025-12-30 22:35:55.758 DEBUG --- [  restartedMain] o.s.data.convert.CustomConversions       : Adding converter from class [B to class java.time.LocalTime as reading converter
2025-12-30 22:35:55.758 DEBUG --- [  restartedMain] o.s.data.convert.CustomConversions       : Adding converter from class java.time.ZonedDateTime to class [B as reading converter
2025-12-30 22:35:55.758 DEBUG --- [  restartedMain] o.s.data.convert.CustomConversions       : Adding converter from class [B to class java.time.ZonedDateTime as reading converter
2025-12-30 22:35:55.758 DEBUG --- [  restartedMain] o.s.data.convert.CustomConversions       : Adding converter from class java.time.Instant to class [B as reading converter
2025-12-30 22:35:55.758 DEBUG --- [  restartedMain] o.s.data.convert.CustomConversions       : Adding converter from class [B to class java.time.Instant as reading converter
2025-12-30 22:35:55.758 DEBUG --- [  restartedMain] o.s.data.convert.CustomConversions       : Adding converter from class java.time.ZoneId to class [B as reading converter
2025-12-30 22:35:55.758 DEBUG --- [  restartedMain] o.s.data.convert.CustomConversions       : Adding converter from class [B to class java.time.ZoneId as reading converter
2025-12-30 22:35:55.758 DEBUG --- [  restartedMain] o.s.data.convert.CustomConversions       : Adding converter from class java.time.Period to class [B as reading converter
2025-12-30 22:35:55.758 DEBUG --- [  restartedMain] o.s.data.convert.CustomConversions       : Adding converter from class [B to class java.time.Period as reading converter
2025-12-30 22:35:55.758 DEBUG --- [  restartedMain] o.s.data.convert.CustomConversions       : Adding converter from class java.time.Duration to class [B as reading converter
2025-12-30 22:35:55.758 DEBUG --- [  restartedMain] o.s.data.convert.CustomConversions       : Adding converter from class [B to class java.time.Duration as reading converter
2025-12-30 22:35:55.758 DEBUG --- [  restartedMain] o.s.data.convert.CustomConversions       : Adding converter from class java.time.OffsetDateTime to class [B as reading converter
2025-12-30 22:35:55.758 DEBUG --- [  restartedMain] o.s.data.convert.CustomConversions       : Adding converter from class [B to class java.time.OffsetDateTime as reading converter
2025-12-30 22:35:55.759 DEBUG --- [  restartedMain] o.s.data.convert.CustomConversions       : Adding converter from class java.time.OffsetTime to class [B as reading converter
2025-12-30 22:35:55.759 DEBUG --- [  restartedMain] o.s.data.convert.CustomConversions       : Adding converter from class [B to class java.time.OffsetTime as reading converter
2025-12-30 22:35:55.759 DEBUG --- [  restartedMain] o.s.data.convert.CustomConversions       : Adding converter from class java.util.Date to class java.time.LocalDateTime as reading converter
2025-12-30 22:35:55.759 DEBUG --- [  restartedMain] o.s.data.convert.CustomConversions       : Adding converter from class java.time.LocalDateTime to class java.util.Date as writing converter
2025-12-30 22:35:55.759 DEBUG --- [  restartedMain] o.s.data.convert.CustomConversions       : Adding converter from class java.util.Date to class java.time.LocalDate as reading converter
2025-12-30 22:35:55.759 DEBUG --- [  restartedMain] o.s.data.convert.CustomConversions       : Adding converter from class java.time.LocalDate to class java.util.Date as writing converter
2025-12-30 22:35:55.759 DEBUG --- [  restartedMain] o.s.data.convert.CustomConversions       : Adding converter from class java.util.Date to class java.time.LocalTime as reading converter
2025-12-30 22:35:55.759 DEBUG --- [  restartedMain] o.s.data.convert.CustomConversions       : Adding converter from class java.time.LocalTime to class java.util.Date as writing converter
2025-12-30 22:35:55.759 DEBUG --- [  restartedMain] o.s.data.convert.CustomConversions       : Adding converter from class java.util.Date to class java.time.Instant as reading converter
2025-12-30 22:35:55.759 DEBUG --- [  restartedMain] o.s.data.convert.CustomConversions       : Adding converter from class java.time.Instant to class java.util.Date as writing converter
2025-12-30 22:35:55.759 DEBUG --- [  restartedMain] o.s.data.convert.CustomConversions       : Adding converter from class java.time.LocalDateTime to class java.time.Instant as reading converter
2025-12-30 22:35:55.759 DEBUG --- [  restartedMain] o.s.data.convert.CustomConversions       : Adding converter from class java.time.Instant to class java.time.LocalDateTime as reading converter
2025-12-30 22:35:55.759 DEBUG --- [  restartedMain] o.s.data.convert.CustomConversions       : Adding converter from class java.time.ZoneId to class java.lang.String as writing converter
2025-12-30 22:35:55.759 DEBUG --- [  restartedMain] o.s.data.convert.CustomConversions       : Adding converter from class java.lang.String to class java.time.ZoneId as reading converter
2025-12-30 22:35:55.759 DEBUG --- [  restartedMain] o.s.data.convert.CustomConversions       : Adding converter from class java.time.Duration to class java.lang.String as writing converter
2025-12-30 22:35:55.759 DEBUG --- [  restartedMain] o.s.data.convert.CustomConversions       : Adding converter from class java.lang.String to class java.time.Duration as reading converter
2025-12-30 22:35:55.759 DEBUG --- [  restartedMain] o.s.data.convert.CustomConversions       : Adding converter from class java.time.Period to class java.lang.String as writing converter
2025-12-30 22:35:55.759 DEBUG --- [  restartedMain] o.s.data.convert.CustomConversions       : Adding converter from class java.lang.String to class java.time.Period as reading converter
2025-12-30 22:35:55.759 DEBUG --- [  restartedMain] o.s.data.convert.CustomConversions       : Adding converter from class java.lang.String to class java.time.LocalDate as reading converter
2025-12-30 22:35:55.759 DEBUG --- [  restartedMain] o.s.data.convert.CustomConversions       : Adding converter from class java.lang.String to class java.time.LocalDateTime as reading converter
2025-12-30 22:35:55.759 DEBUG --- [  restartedMain] o.s.data.convert.CustomConversions       : Adding converter from class java.lang.String to class java.time.Instant as reading converter
2025-12-30 22:35:55.763 DEBUG --- [  restartedMain] o.s.b.f.s.DefaultListableBeanFactory     : Creating shared instance of singleton bean 'redisKeyValueAdapter'
2025-12-30 22:35:55.777 DEBUG --- [  restartedMain] o.s.b.f.s.DefaultListableBeanFactory     : Creating shared instance of singleton bean 'redisKeyValueTemplate'
2025-12-30 22:35:55.781 DEBUG --- [  restartedMain] o.s.b.f.s.DefaultListableBeanFactory     : Creating shared instance of singleton bean 'data-redis.repository-aot-processor#0'
2025-12-30 22:35:55.781 DEBUG --- [  restartedMain] o.s.b.f.s.DefaultListableBeanFactory     : Creating shared instance of singleton bean 'org.springframework.boot.autoconfigure.http.JacksonHttpMessageConvertersConfiguration'
2025-12-30 22:35:55.782 DEBUG --- [  restartedMain] o.s.b.f.s.DefaultListableBeanFactory     : Creating shared instance of singleton bean 'org.springframework.data.web.config.ProjectingArgumentResolverRegistrar'
2025-12-30 22:35:55.782 DEBUG --- [  restartedMain] o.s.b.f.s.DefaultListableBeanFactory     : Creating shared instance of singleton bean 'offsetResolver'
2025-12-30 22:35:55.784 DEBUG --- [  restartedMain] o.s.b.f.s.DefaultListableBeanFactory     : Creating shared instance of singleton bean 'org.springframework.boot.autoconfigure.http.client.HttpClientAutoConfiguration'
2025-12-30 22:35:55.784 DEBUG --- [  restartedMain] o.s.b.f.s.DefaultListableBeanFactory     : Creating shared instance of singleton bean 'clientHttpRequestFactoryBuilder'
2025-12-30 22:35:55.786 DEBUG --- [  restartedMain] o.s.b.f.s.DefaultListableBeanFactory     : Creating shared instance of singleton bean 'spring.http.client-org.springframework.boot.autoconfigure.http.client.HttpClientProperties'
2025-12-30 22:35:55.788 DEBUG --- [  restartedMain] o.s.b.f.s.DefaultListableBeanFactory     : Autowiring by type from bean name 'clientHttpRequestFactoryBuilder' via factory method to bean named 'spring.http.client-org.springframework.boot.autoconfigure.http.client.HttpClientProperties'
2025-12-30 22:35:55.798 DEBUG --- [  restartedMain] o.s.b.f.s.DefaultListableBeanFactory     : Creating shared instance of singleton bean 'clientHttpRequestFactorySettings'
2025-12-30 22:35:55.798 DEBUG --- [  restartedMain] o.s.b.f.s.DefaultListableBeanFactory     : Autowiring by type from bean name 'clientHttpRequestFactorySettings' via factory method to bean named 'spring.http.client-org.springframework.boot.autoconfigure.http.client.HttpClientProperties'
2025-12-30 22:35:55.799 DEBUG --- [  restartedMain] o.s.b.f.s.DefaultListableBeanFactory     : Creating shared instance of singleton bean 'org.springframework.boot.autoconfigure.info.ProjectInfoAutoConfiguration'
2025-12-30 22:35:55.801 DEBUG --- [  restartedMain] o.s.b.f.s.DefaultListableBeanFactory     : Creating shared instance of singleton bean 'spring.info-org.springframework.boot.autoconfigure.info.ProjectInfoProperties'
2025-12-30 22:35:55.803 DEBUG --- [  restartedMain] o.s.b.f.s.DefaultListableBeanFactory     : Autowiring by type from bean name 'org.springframework.boot.autoconfigure.info.ProjectInfoAutoConfiguration' via constructor to bean named 'spring.info-org.springframework.boot.autoconfigure.info.ProjectInfoProperties'
2025-12-30 22:35:55.803 DEBUG --- [  restartedMain] o.s.b.f.s.DefaultListableBeanFactory     : Creating shared instance of singleton bean 'org.springframework.boot.autoconfigure.kafka.KafkaAnnotationDrivenConfiguration$EnableKafkaConfiguration'
2025-12-30 22:35:55.804 DEBUG --- [  restartedMain] o.s.b.f.s.DefaultListableBeanFactory     : Creating shared instance of singleton bean 'org.springframework.boot.autoconfigure.kafka.KafkaAnnotationDrivenConfiguration'
2025-12-30 22:35:55.808 DEBUG --- [  restartedMain] o.s.b.f.s.DefaultListableBeanFactory     : Autowiring by type from bean name 'org.springframework.boot.autoconfigure.kafka.KafkaAnnotationDrivenConfiguration' via constructor to bean named 'spring.kafka-org.springframework.boot.autoconfigure.kafka.KafkaProperties'
2025-12-30 22:35:55.817 DEBUG --- [  restartedMain] o.s.b.f.s.DefaultListableBeanFactory     : Creating shared instance of singleton bean 'kafkaListenerContainerFactoryConfigurer'
2025-12-30 22:35:55.820 DEBUG --- [  restartedMain] o.s.b.f.s.DefaultListableBeanFactory     : Creating shared instance of singleton bean 'kafkaListenerContainerFactory'
2025-12-30 22:35:55.824 DEBUG --- [  restartedMain] o.s.b.f.s.DefaultListableBeanFactory     : Autowiring by type from bean name 'kafkaListenerContainerFactory' via factory method to bean named 'kafkaListenerContainerFactoryConfigurer'
2025-12-30 22:35:55.826 DEBUG --- [  restartedMain] o.s.b.f.s.DefaultListableBeanFactory     : Creating shared instance of singleton bean 'kafkaConsumerFactory'
2025-12-30 22:35:55.826 DEBUG --- [  restartedMain] o.s.b.f.s.DefaultListableBeanFactory     : Autowiring by type from bean name 'kafkaConsumerFactory' via factory method to bean named 'kafkaConnectionDetails'
2025-12-30 22:35:55.847 DEBUG --- [  restartedMain] o.s.b.f.s.DefaultListableBeanFactory     : Creating shared instance of singleton bean 'kafkaAdmin'
2025-12-30 22:35:55.847 DEBUG --- [  restartedMain] o.s.b.f.s.DefaultListableBeanFactory     : Autowiring by type from bean name 'kafkaAdmin' via factory method to bean named 'kafkaConnectionDetails'
2025-12-30 22:35:55.853 DEBUG --- [  restartedMain] o.s.b.f.s.DefaultListableBeanFactory     : Creating shared instance of singleton bean 'org.springframework.boot.autoconfigure.netty.NettyAutoConfiguration'
2025-12-30 22:35:55.854 DEBUG --- [  restartedMain] o.s.b.f.s.DefaultListableBeanFactory     : Creating shared instance of singleton bean 'spring.netty-org.springframework.boot.autoconfigure.netty.NettyProperties'
2025-12-30 22:35:55.855 DEBUG --- [  restartedMain] o.s.b.f.s.DefaultListableBeanFactory     : Autowiring by type from bean name 'org.springframework.boot.autoconfigure.netty.NettyAutoConfiguration' via constructor to bean named 'spring.netty-org.springframework.boot.autoconfigure.netty.NettyProperties'
2025-12-30 22:35:55.855 DEBUG --- [  restartedMain] o.s.b.f.s.DefaultListableBeanFactory     : Creating shared instance of singleton bean 'org.springframework.boot.autoconfigure.reactor.ReactorAutoConfiguration'
2025-12-30 22:35:55.856 DEBUG --- [  restartedMain] o.s.b.f.s.DefaultListableBeanFactory     : Creating shared instance of singleton bean 'spring.reactor-org.springframework.boot.autoconfigure.reactor.ReactorProperties'
2025-12-30 22:35:55.857 DEBUG --- [  restartedMain] o.s.b.f.s.DefaultListableBeanFactory     : Autowiring by type from bean name 'org.springframework.boot.autoconfigure.reactor.ReactorAutoConfiguration' via constructor to bean named 'spring.reactor-org.springframework.boot.autoconfigure.reactor.ReactorProperties'
2025-12-30 22:35:55.857 DEBUG --- [  restartedMain] o.s.b.f.s.DefaultListableBeanFactory     : Creating shared instance of singleton bean 'org.springframework.boot.autoconfigure.security.oauth2.resource.servlet.Oauth2ResourceServerConfiguration$JwtConfiguration'
2025-12-30 22:35:55.857 DEBUG --- [  restartedMain] o.s.b.f.s.DefaultListableBeanFactory     : Creating shared instance of singleton bean 'org.springframework.boot.autoconfigure.security.oauth2.resource.servlet.OAuth2ResourceServerOpaqueTokenConfiguration$OpaqueTokenIntrospectionClientConfiguration'
2025-12-30 22:35:55.858 DEBUG --- [  restartedMain] o.s.b.f.s.DefaultListableBeanFactory     : Creating shared instance of singleton bean 'org.springframework.boot.autoconfigure.security.oauth2.resource.servlet.Oauth2ResourceServerConfiguration$OpaqueTokenConfiguration'
2025-12-30 22:35:55.858 DEBUG --- [  restartedMain] o.s.b.f.s.DefaultListableBeanFactory     : Creating shared instance of singleton bean 'org.springframework.boot.autoconfigure.security.oauth2.resource.servlet.OAuth2ResourceServerAutoConfiguration'
2025-12-30 22:35:55.859 DEBUG --- [  restartedMain] o.s.b.f.s.DefaultListableBeanFactory     : Creating shared instance of singleton bean 'spring.security.oauth2.resourceserver-org.springframework.boot.autoconfigure.security.oauth2.resource.OAuth2ResourceServerProperties'
2025-12-30 22:35:55.859 DEBUG --- [  restartedMain] o.s.b.f.s.DefaultListableBeanFactory     : Creating shared instance of singleton bean 'org.springframework.boot.autoconfigure.security.servlet.SpringBootWebSecurityConfiguration'
2025-12-30 22:35:55.860 DEBUG --- [  restartedMain] o.s.b.f.s.DefaultListableBeanFactory     : Creating shared instance of singleton bean 'org.springframework.boot.autoconfigure.sql.init.SqlInitializationAutoConfiguration'
2025-12-30 22:35:55.860 DEBUG --- [  restartedMain] o.s.b.f.s.DefaultListableBeanFactory     : Creating shared instance of singleton bean 'spring.sql.init-org.springframework.boot.autoconfigure.sql.init.SqlInitializationProperties'
2025-12-30 22:35:55.861 DEBUG --- [  restartedMain] o.s.b.f.s.DefaultListableBeanFactory     : Creating shared instance of singleton bean 'org.springframework.boot.autoconfigure.task.TaskSchedulingConfigurations$ThreadPoolTaskSchedulerBuilderConfiguration'
2025-12-30 22:35:55.862 DEBUG --- [  restartedMain] o.s.b.f.s.DefaultListableBeanFactory     : Creating shared instance of singleton bean 'threadPoolTaskSchedulerBuilder'
2025-12-30 22:35:55.863 DEBUG --- [  restartedMain] o.s.b.f.s.DefaultListableBeanFactory     : Creating shared instance of singleton bean 'spring.task.scheduling-org.springframework.boot.autoconfigure.task.TaskSchedulingProperties'
2025-12-30 22:35:55.864 DEBUG --- [  restartedMain] o.s.b.f.s.DefaultListableBeanFactory     : Autowiring by type from bean name 'threadPoolTaskSchedulerBuilder' via factory method to bean named 'spring.task.scheduling-org.springframework.boot.autoconfigure.task.TaskSchedulingProperties'
2025-12-30 22:35:55.865 DEBUG --- [  restartedMain] o.s.b.f.s.DefaultListableBeanFactory     : Creating shared instance of singleton bean 'org.springframework.boot.autoconfigure.task.TaskSchedulingConfigurations$SimpleAsyncTaskSchedulerBuilderConfiguration'
2025-12-30 22:35:55.866 DEBUG --- [  restartedMain] o.s.b.f.s.DefaultListableBeanFactory     : Autowiring by type from bean name 'org.springframework.boot.autoconfigure.task.TaskSchedulingConfigurations$SimpleAsyncTaskSchedulerBuilderConfiguration' via constructor to bean named 'spring.task.scheduling-org.springframework.boot.autoconfigure.task.TaskSchedulingProperties'
2025-12-30 22:35:55.866 DEBUG --- [  restartedMain] o.s.b.f.s.DefaultListableBeanFactory     : Creating shared instance of singleton bean 'simpleAsyncTaskSchedulerBuilder'
2025-12-30 22:35:55.868 DEBUG --- [  restartedMain] o.s.b.f.s.DefaultListableBeanFactory     : Creating shared instance of singleton bean 'org.springframework.boot.autoconfigure.task.TaskSchedulingAutoConfiguration'
2025-12-30 22:35:55.870 DEBUG --- [  restartedMain] o.s.b.f.s.DefaultListableBeanFactory     : Creating shared instance of singleton bean 'org.springframework.boot.autoconfigure.transaction.TransactionAutoConfiguration$EnableTransactionManagementConfiguration$CglibAutoProxyConfiguration'
2025-12-30 22:35:55.870 DEBUG --- [  restartedMain] o.s.b.f.s.DefaultListableBeanFactory     : Creating shared instance of singleton bean 'org.springframework.boot.autoconfigure.transaction.TransactionAutoConfiguration$EnableTransactionManagementConfiguration'
2025-12-30 22:35:55.870 DEBUG --- [  restartedMain] o.s.b.f.s.DefaultListableBeanFactory     : Creating shared instance of singleton bean 'org.springframework.boot.autoconfigure.transaction.TransactionAutoConfiguration$TransactionTemplateConfiguration'
2025-12-30 22:35:55.870 DEBUG --- [  restartedMain] o.s.b.f.s.DefaultListableBeanFactory     : Creating shared instance of singleton bean 'transactionTemplate'
2025-12-30 22:35:55.871 DEBUG --- [  restartedMain] o.s.b.f.s.DefaultListableBeanFactory     : Autowiring by type from bean name 'transactionTemplate' via factory method to bean named 'transactionManager'
2025-12-30 22:35:55.872 DEBUG --- [  restartedMain] o.s.b.f.s.DefaultListableBeanFactory     : Creating shared instance of singleton bean 'org.springframework.boot.autoconfigure.transaction.TransactionAutoConfiguration'
2025-12-30 22:35:55.872 DEBUG --- [  restartedMain] o.s.b.f.s.DefaultListableBeanFactory     : Creating shared instance of singleton bean 'org.springframework.boot.autoconfigure.web.client.RestClientAutoConfiguration'
2025-12-30 22:35:55.872 DEBUG --- [  restartedMain] o.s.b.f.s.DefaultListableBeanFactory     : Creating shared instance of singleton bean 'httpMessageConvertersRestClientCustomizer'
2025-12-30 22:35:55.873 DEBUG --- [  restartedMain] o.s.b.f.s.DefaultListableBeanFactory     : Creating shared instance of singleton bean 'restClientSsl'
2025-12-30 22:35:55.873 DEBUG --- [  restartedMain] o.s.b.f.s.DefaultListableBeanFactory     : Autowiring by type from bean name 'restClientSsl' via factory method to bean named 'sslBundleRegistry'
2025-12-30 22:35:55.874 DEBUG --- [  restartedMain] o.s.b.f.s.DefaultListableBeanFactory     : Creating shared instance of singleton bean 'restClientBuilderConfigurer'
2025-12-30 22:35:55.875 DEBUG --- [  restartedMain] o.s.b.f.s.DefaultListableBeanFactory     : Creating shared instance of singleton bean 'org.springframework.boot.autoconfigure.web.client.RestTemplateAutoConfiguration'
2025-12-30 22:35:55.875 DEBUG --- [  restartedMain] o.s.b.f.s.DefaultListableBeanFactory     : Creating shared instance of singleton bean 'org.springframework.boot.autoconfigure.web.embedded.EmbeddedWebServerFactoryCustomizerAutoConfiguration'
2025-12-30 22:35:55.875 DEBUG --- [  restartedMain] o.s.b.f.s.DefaultListableBeanFactory     : Creating shared instance of singleton bean 'multipartResolver'
2025-12-30 22:35:55.876 DEBUG --- [  restartedMain] o.s.b.f.s.DefaultListableBeanFactory     : Creating shared instance of singleton bean 'org.springframework.boot.devtools.autoconfigure.LocalDevToolsAutoConfiguration$RestartConfiguration'
2025-12-30 22:35:55.877 DEBUG --- [  restartedMain] o.s.b.f.s.DefaultListableBeanFactory     : Autowiring by type from bean name 'org.springframework.boot.devtools.autoconfigure.LocalDevToolsAutoConfiguration$RestartConfiguration' via constructor to bean named 'spring.devtools-org.springframework.boot.devtools.autoconfigure.DevToolsProperties'
2025-12-30 22:35:55.877 DEBUG --- [  restartedMain] o.s.b.f.s.DefaultListableBeanFactory     : Creating shared instance of singleton bean 'restartingClassPathChangedEventListener'
2025-12-30 22:35:55.877 DEBUG --- [  restartedMain] o.s.b.f.s.DefaultListableBeanFactory     : Creating shared instance of singleton bean 'fileSystemWatcherFactory'
2025-12-30 22:35:55.877 DEBUG --- [  restartedMain] o.s.b.f.s.DefaultListableBeanFactory     : Autowiring by type from bean name 'restartingClassPathChangedEventListener' via factory method to bean named 'fileSystemWatcherFactory'
2025-12-30 22:35:55.878 DEBUG --- [  restartedMain] o.s.b.f.s.DefaultListableBeanFactory     : Creating shared instance of singleton bean 'classPathFileSystemWatcher'
2025-12-30 22:35:55.878 DEBUG --- [  restartedMain] o.s.b.f.s.DefaultListableBeanFactory     : Creating shared instance of singleton bean 'classPathRestartStrategy'
2025-12-30 22:35:55.879 DEBUG --- [  restartedMain] o.s.b.f.s.DefaultListableBeanFactory     : Autowiring by type from bean name 'classPathFileSystemWatcher' via factory method to bean named 'fileSystemWatcherFactory'
2025-12-30 22:35:55.879 DEBUG --- [  restartedMain] o.s.b.f.s.DefaultListableBeanFactory     : Autowiring by type from bean name 'classPathFileSystemWatcher' via factory method to bean named 'classPathRestartStrategy'
2025-12-30 22:35:55.906 DEBUG --- [  restartedMain] o.s.b.f.s.DefaultListableBeanFactory     : Creating shared instance of singleton bean 'conditionEvaluationDeltaLoggingListener'
2025-12-30 22:35:55.906 DEBUG --- [  restartedMain] o.s.b.f.s.DefaultListableBeanFactory     : Creating shared instance of singleton bean 'org.springframework.boot.devtools.autoconfigure.LocalDevToolsAutoConfiguration'
2025-12-30 22:35:55.907 DEBUG --- [  restartedMain] o.s.b.f.s.DefaultListableBeanFactory     : Creating shared instance of singleton bean 'org.springframework.cloud.autoconfigure.ConfigurationPropertiesRebinderAutoConfiguration'
2025-12-30 22:35:55.907 DEBUG --- [  restartedMain] o.s.b.f.s.DefaultListableBeanFactory     : Creating shared instance of singleton bean 'configurationPropertiesRebinder'
2025-12-30 22:35:55.908 DEBUG --- [  restartedMain] o.s.b.f.s.DefaultListableBeanFactory     : Autowiring by type from bean name 'configurationPropertiesRebinder' via factory method to bean named 'configurationPropertiesBeans'
2025-12-30 22:35:55.910 DEBUG --- [  restartedMain] o.s.b.f.s.DefaultListableBeanFactory     : Creating shared instance of singleton bean 'org.springframework.cloud.autoconfigure.LifecycleMvcEndpointAutoConfiguration'
2025-12-30 22:35:55.910 DEBUG --- [  restartedMain] o.s.b.f.s.DefaultListableBeanFactory     : Creating shared instance of singleton bean 'environmentManager'
2025-12-30 22:35:55.912 DEBUG --- [  restartedMain] o.s.b.f.s.DefaultListableBeanFactory     : Autowiring by type from bean name 'environmentManager' via factory method to bean named 'environment'
2025-12-30 22:35:55.913 DEBUG --- [  restartedMain] o.s.b.f.s.DefaultListableBeanFactory     : Creating shared instance of singleton bean 'org.springframework.cloud.client.discovery.composite.CompositeDiscoveryClientAutoConfiguration'
2025-12-30 22:35:55.913 DEBUG --- [  restartedMain] o.s.b.f.s.DefaultListableBeanFactory     : Creating shared instance of singleton bean 'compositeDiscoveryClient'
2025-12-30 22:35:55.914 DEBUG --- [  restartedMain] o.s.b.f.s.DefaultListableBeanFactory     : Creating shared instance of singleton bean 'simpleDiscoveryClient'
2025-12-30 22:35:55.914 DEBUG --- [  restartedMain] o.s.b.f.s.DefaultListableBeanFactory     : Creating shared instance of singleton bean 'org.springframework.cloud.client.discovery.simple.SimpleDiscoveryClientAutoConfiguration'
2025-12-30 22:35:55.918 DEBUG --- [  restartedMain] o.s.b.f.s.DefaultListableBeanFactory     : Creating shared instance of singleton bean 'inetUtils'
2025-12-30 22:35:55.918 DEBUG --- [  restartedMain] o.s.b.f.s.DefaultListableBeanFactory     : Creating shared instance of singleton bean 'org.springframework.cloud.commons.util.UtilAutoConfiguration'
2025-12-30 22:35:55.920 DEBUG --- [  restartedMain] o.s.b.f.s.DefaultListableBeanFactory     : Creating shared instance of singleton bean 'inetUtilsProperties'
2025-12-30 22:35:55.922 DEBUG --- [  restartedMain] o.s.b.f.s.DefaultListableBeanFactory     : Autowiring by type from bean name 'inetUtils' via factory method to bean named 'inetUtilsProperties'
2025-12-30 22:35:55.924 DEBUG --- [  restartedMain] o.s.b.f.s.DefaultListableBeanFactory     : Creating shared instance of singleton bean 'simpleDiscoveryProperties'
2025-12-30 22:35:55.924 DEBUG --- [  restartedMain] o.s.c.e.PropertySourcesPropertyResolver  : Found key 'spring.application.name' in PropertySource 'environmentProperties' with value of type String
2025-12-30 22:35:55.933 DEBUG --- [  restartedMain] o.s.b.f.s.DefaultListableBeanFactory     : Autowiring by type from bean name 'simpleDiscoveryClient' via factory method to bean named 'simpleDiscoveryProperties'
2025-12-30 22:35:55.934 DEBUG --- [  restartedMain] o.s.b.f.s.DefaultListableBeanFactory     : Autowiring by type from bean name 'compositeDiscoveryClient' via factory method to bean named 'simpleDiscoveryClient'
2025-12-30 22:35:55.934 DEBUG --- [  restartedMain] o.s.b.f.s.DefaultListableBeanFactory     : Creating shared instance of singleton bean 'org.springframework.cloud.client.CommonsClientAutoConfiguration'
2025-12-30 22:35:55.934 DEBUG --- [  restartedMain] o.s.b.f.s.DefaultListableBeanFactory     : Creating shared instance of singleton bean 'org.springframework.cloud.client.ReactiveCommonsClientAutoConfiguration'
2025-12-30 22:35:55.935 DEBUG --- [  restartedMain] o.s.b.f.s.DefaultListableBeanFactory     : Creating shared instance of singleton bean 'org.springframework.cloud.client.serviceregistry.AutoServiceRegistrationConfiguration'
2025-12-30 22:35:55.935 DEBUG --- [  restartedMain] o.s.b.f.s.DefaultListableBeanFactory     : Creating shared instance of singleton bean 'spring.cloud.service-registry.auto-registration-org.springframework.cloud.client.serviceregistry.AutoServiceRegistrationProperties'
2025-12-30 22:35:55.936 DEBUG --- [  restartedMain] o.s.b.f.s.DefaultListableBeanFactory     : Creating shared instance of singleton bean 'org.springframework.cloud.client.serviceregistry.AutoServiceRegistrationAutoConfiguration'
2025-12-30 22:35:55.938 DEBUG --- [  restartedMain] o.s.b.f.s.DefaultListableBeanFactory     : Creating shared instance of singleton bean 'org.springframework.cloud.client.serviceregistry.ServiceRegistryAutoConfiguration'
2025-12-30 22:35:55.938 DEBUG --- [  restartedMain] o.s.b.f.s.DefaultListableBeanFactory     : Creating shared instance of singleton bean 'org.springframework.cloud.commons.security.ResourceServerTokenRelayAutoConfiguration'
2025-12-30 22:35:55.938 DEBUG --- [  restartedMain] o.s.b.f.s.DefaultListableBeanFactory     : Creating shared instance of singleton bean 'org.springframework.cloud.configuration.CompatibilityVerifierAutoConfiguration'
2025-12-30 22:35:55.939 DEBUG --- [  restartedMain] o.s.b.f.s.DefaultListableBeanFactory     : Creating shared instance of singleton bean 'compositeCompatibilityVerifier'
2025-12-30 22:35:55.939 DEBUG --- [  restartedMain] o.s.b.f.s.DefaultListableBeanFactory     : Creating shared instance of singleton bean 'springBootVersionVerifier'
2025-12-30 22:35:55.940 DEBUG --- [  restartedMain] o.s.b.f.s.DefaultListableBeanFactory     : Creating shared instance of singleton bean 'spring.cloud.compatibility-verifier-org.springframework.cloud.configuration.CompatibilityVerifierProperties'
2025-12-30 22:35:55.941 DEBUG --- [  restartedMain] o.s.b.f.s.DefaultListableBeanFactory     : Autowiring by type from bean name 'springBootVersionVerifier' via factory method to bean named 'spring.cloud.compatibility-verifier-org.springframework.cloud.configuration.CompatibilityVerifierProperties'
2025-12-30 22:35:55.943 DEBUG --- [  restartedMain] o.s.b.f.s.DefaultListableBeanFactory     : Creating shared instance of singleton bean 'sleuthPresentVerifier'
2025-12-30 22:35:55.943 DEBUG --- [  restartedMain] o.s.b.f.s.DefaultListableBeanFactory     : Autowiring by type from bean name 'compositeCompatibilityVerifier' via factory method to bean named 'springBootVersionVerifier'
2025-12-30 22:35:55.943 DEBUG --- [  restartedMain] o.s.b.f.s.DefaultListableBeanFactory     : Autowiring by type from bean name 'compositeCompatibilityVerifier' via factory method to bean named 'sleuthPresentVerifier'
2025-12-30 22:35:55.945 DEBUG --- [  restartedMain] o.s.c.c.SpringBootVersionVerifier        : Version found in Boot manifest [3.4.1]
2025-12-30 22:35:55.946 DEBUG --- [  restartedMain] o.s.c.c.CompositeCompatibilityVerifier   : All conditions are passing
2025-12-30 22:35:55.946 DEBUG --- [  restartedMain] o.s.b.f.s.DefaultListableBeanFactory     : Creating shared instance of singleton bean 'feignFeature'
2025-12-30 22:35:55.947 DEBUG --- [  restartedMain] o.s.b.f.s.DefaultListableBeanFactory     : Creating shared instance of singleton bean 'feignChildContextInitializer'
2025-12-30 22:35:55.947 DEBUG --- [  restartedMain] o.s.b.f.s.DefaultListableBeanFactory     : Autowiring by type from bean name 'feignChildContextInitializer' via factory method to bean named 'org.springframework.boot.web.servlet.context.AnnotationConfigServletWebServerApplicationContext@2afacb41'
2025-12-30 22:35:55.948 DEBUG --- [  restartedMain] o.s.b.f.s.DefaultListableBeanFactory     : Autowiring by type from bean name 'feignChildContextInitializer' via factory method to bean named 'feignContext'
2025-12-30 22:35:55.949 DEBUG --- [  restartedMain] o.s.b.f.s.DefaultListableBeanFactory     : Creating shared instance of singleton bean 'feignClientBeanFactoryInitializationCodeGenerator'
2025-12-30 22:35:55.949 DEBUG --- [  restartedMain] o.s.b.f.s.DefaultListableBeanFactory     : Autowiring by type from bean name 'feignClientBeanFactoryInitializationCodeGenerator' via factory method to bean named 'org.springframework.boot.web.servlet.context.AnnotationConfigServletWebServerApplicationContext@2afacb41'
2025-12-30 22:35:55.949 DEBUG --- [  restartedMain] o.s.b.f.s.DefaultListableBeanFactory     : Autowiring by type from bean name 'feignClientBeanFactoryInitializationCodeGenerator' via factory method to bean named 'feignContext'
2025-12-30 22:35:55.952 DEBUG --- [  restartedMain] o.s.b.f.s.DefaultListableBeanFactory     : Creating shared instance of singleton bean 'spring.cloud.openfeign.httpclient-org.springframework.cloud.openfeign.support.FeignHttpClientProperties'
2025-12-30 22:35:55.972 DEBUG --- [  restartedMain] o.s.j.e.a.AnnotationMBeanExporter        : Registering beans for JMX exposure on startup
2025-12-30 22:35:55.972 DEBUG --- [  restartedMain] o.s.j.e.a.AnnotationMBeanExporter        : Auto-detecting user-defined JMX MBeans
2025-12-30 22:35:55.982 DEBUG --- [  restartedMain] o.s.j.e.a.AnnotationMBeanExporter        : Bean with name 'rabbitConnectionFactory' has been autodetected for JMX exposure
2025-12-30 22:35:55.983 DEBUG --- [  restartedMain] o.s.j.e.a.AnnotationMBeanExporter        : Bean with name 'amqpAdmin' has been autodetected for JMX exposure
2025-12-30 22:35:55.983 DEBUG --- [  restartedMain] o.s.j.e.a.AnnotationMBeanExporter        : Bean with name 'refreshScope' has been autodetected for JMX exposure
2025-12-30 22:35:55.985 DEBUG --- [  restartedMain] o.s.j.e.a.AnnotationMBeanExporter        : Bean with name 'configurationPropertiesRebinder' has been autodetected for JMX exposure
2025-12-30 22:35:55.985 DEBUG --- [  restartedMain] o.s.j.e.a.AnnotationMBeanExporter        : Bean with name 'environmentManager' has been autodetected for JMX exposure
2025-12-30 22:35:55.988 DEBUG --- [  restartedMain] o.s.j.e.a.AnnotationMBeanExporter        : Located managed bean 'environmentManager': registering with JMX server as MBean [org.springframework.cloud.context.environment:name=environmentManager,type=EnvironmentManager]
2025-12-30 22:35:56.005 DEBUG --- [  restartedMain] o.s.j.e.a.AnnotationMBeanExporter        : Located managed bean 'amqpAdmin': registering with JMX server as MBean [org.springframework.amqp.rabbit.core:name=amqpAdmin,type=RabbitAdmin]
2025-12-30 22:35:56.012 DEBUG --- [  restartedMain] o.s.j.e.a.AnnotationMBeanExporter        : Located managed bean 'refreshScope': registering with JMX server as MBean [org.springframework.cloud.context.scope.refresh:name=refreshScope,type=RefreshScope]
2025-12-30 22:35:56.015 DEBUG --- [  restartedMain] o.s.j.e.a.AnnotationMBeanExporter        : Located managed bean 'configurationPropertiesRebinder': registering with JMX server as MBean [org.springframework.cloud.context.properties:name=configurationPropertiesRebinder,type=ConfigurationPropertiesRebinder]
2025-12-30 22:35:56.021 DEBUG --- [  restartedMain] o.s.j.e.a.AnnotationMBeanExporter        : Located managed bean 'rabbitConnectionFactory': registering with JMX server as MBean [org.springframework.amqp.rabbit.connection:name=rabbitConnectionFactory,type=CachingConnectionFactory]
2025-12-30 22:35:56.045 DEBUG --- [  restartedMain] .a.r.l.a.MessagingMessageListenerAdapter : Inferred argument type for public void com.fsocial.profileservice.comsumer.ProfileConsumer.eventCreateProfile(com.fsocial.profileservice.dto.request.ProfileRegisterRequest) is class com.fsocial.profileservice.dto.request.ProfileRegisterRequest
2025-12-30 22:35:56.061 DEBUG --- [  restartedMain] o.s.a.r.l.SimpleMessageListenerContainer : No global properties bean
2025-12-30 22:35:56.068 DEBUG --- [  restartedMain] o.s.c.support.DefaultLifecycleProcessor  : Starting beans in phase -2147483648
2025-12-30 22:35:56.069 DEBUG --- [  restartedMain] o.s.c.support.DefaultLifecycleProcessor  : Successfully started bean 'rabbitConnectionFactory'
2025-12-30 22:35:56.069 DEBUG --- [  restartedMain] o.s.c.support.DefaultLifecycleProcessor  : Successfully started bean 'kafkaProducerFactory'
2025-12-30 22:35:56.069 DEBUG --- [  restartedMain] o.s.c.support.DefaultLifecycleProcessor  : Starting beans in phase -2147483647
2025-12-30 22:35:56.069 DEBUG --- [  restartedMain] o.s.c.support.DefaultLifecycleProcessor  : Successfully started bean 'springBootLoggingLifecycle'
2025-12-30 22:35:56.069 DEBUG --- [  restartedMain] o.s.c.support.DefaultLifecycleProcessor  : Starting beans in phase 0
2025-12-30 22:35:56.069 DEBUG --- [  restartedMain] o.s.c.support.DefaultLifecycleProcessor  : Starting beans in phase 1073741823
2025-12-30 22:35:56.069 DEBUG --- [  restartedMain] o.s.c.support.DefaultLifecycleProcessor  : Starting beans in phase 2147481599
2025-12-30 22:35:56.069 DEBUG --- [  restartedMain] org.apache.catalina.util.LifecycleBase   : Setting state for [Connector["http-nio-8085"]] to [STARTING_PREP]
2025-12-30 22:35:56.070 DEBUG --- [  restartedMain] org.apache.catalina.util.LifecycleBase   : Setting state for [Connector["http-nio-8085"]] to [STARTING]
2025-12-30 22:35:56.070  INFO --- [  restartedMain] o.a.coyote.http11.Http11NioProtocol      : Starting ProtocolHandler ["http-nio-8085"]
2025-12-30 22:35:56.082 DEBUG --- [  restartedMain] org.apache.catalina.util.LifecycleBase   : Setting state for [Connector["http-nio-8085"]] to [STARTED]
2025-12-30 22:35:56.083  INFO --- [  restartedMain] o.s.b.w.embedded.tomcat.TomcatWebServer  : Tomcat started on port 8085 (http) with context path '/profile'
2025-12-30 22:35:56.091 DEBUG --- [  restartedMain] o.s.c.support.DefaultLifecycleProcessor  : Successfully started bean 'webServerStartStop'
2025-12-30 22:35:56.091 DEBUG --- [  restartedMain] o.s.c.support.DefaultLifecycleProcessor  : Starting beans in phase 2147482623
2025-12-30 22:35:56.091 DEBUG --- [  restartedMain] o.s.c.support.DefaultLifecycleProcessor  : Successfully started bean 'webServerGracefulShutdown'
2025-12-30 22:35:56.091 DEBUG --- [  restartedMain] o.s.c.support.DefaultLifecycleProcessor  : Starting beans in phase 2147483547
2025-12-30 22:35:56.091 DEBUG --- [  restartedMain] o.s.c.support.DefaultLifecycleProcessor  : Successfully started bean 'org.springframework.kafka.config.internalKafkaListenerEndpointRegistry'
2025-12-30 22:35:56.091 DEBUG --- [  restartedMain] o.s.c.support.DefaultLifecycleProcessor  : Starting beans in phase 2147483647
2025-12-30 22:35:56.091 DEBUG --- [  restartedMain] o.s.a.r.l.SimpleMessageListenerContainer : Starting Rabbit listener container.
2025-12-30 22:35:56.095  INFO --- [  restartedMain] o.s.a.r.c.CachingConnectionFactory       : Attempting to connect to: [gorilla.lmq.cloudamqp.com:5672]
2025-12-30 22:35:56.350 DEBUG --- [  restartedMain] c.r.client.impl.ConsumerWorkService      : Creating executor service with 12 thread(s) for consumer work service
2025-12-30 22:35:57.103  INFO --- [  restartedMain] o.s.a.r.c.CachingConnectionFactory       : Created new connection: rabbitConnectionFactory#5b3c25a7:0/SimpleConnection@d0dc40f [delegate=amqp://ddvrnvxz@34.237.157.33:5672/ddvrnvxz, localPort=51283]
2025-12-30 22:35:57.107 DEBUG --- [  restartedMain] o.s.retry.support.RetryTemplate          : Retry: count=0
2025-12-30 22:35:57.107 DEBUG --- [  restartedMain] o.s.amqp.rabbit.core.RabbitAdmin         : Initializing declarations
2025-12-30 22:35:57.356 DEBUG --- [  restartedMain] o.s.a.r.c.CachingConnectionFactory       : Creating cached Rabbit Channel from AMQChannel(amqp://ddvrnvxz@34.237.157.33:5672/ddvrnvxz,1)
2025-12-30 22:35:57.367 DEBUG --- [  restartedMain] o.s.amqp.rabbit.core.RabbitTemplate      : Executing callback RabbitAdmin$$Lambda/0x000002b7018f40e8 on RabbitMQ Channel: Cached Rabbit Channel: AMQChannel(amqp://ddvrnvxz@34.237.157.33:5672/ddvrnvxz,1), conn: Proxy@25895009 Shared Rabbit Connection: SimpleConnection@d0dc40f [delegate=amqp://ddvrnvxz@34.237.157.33:5672/ddvrnvxz, localPort=51283]
2025-12-30 22:35:57.367 DEBUG --- [  restartedMain] o.s.amqp.rabbit.core.RabbitAdmin         : declaring Exchange 'profile.create'
2025-12-30 22:35:57.613 DEBUG --- [  restartedMain] o.s.amqp.rabbit.core.RabbitAdmin         : declaring Queue 'profileservice.create-profile'
2025-12-30 22:35:57.858 DEBUG --- [  restartedMain] o.s.amqp.rabbit.core.RabbitAdmin         : Binding destination [profileservice.create-profile (QUEUE)] to exchange [profile.create] with routing key [profile.create]
2025-12-30 22:35:58.102 DEBUG --- [  restartedMain] o.s.amqp.rabbit.core.RabbitAdmin         : Declarations finished
2025-12-30 22:35:58.110 DEBUG --- [ntContainer#0-1] o.s.amqp.rabbit.core.RabbitTemplate      : Executing callback RabbitAdmin$$Lambda/0x000002b7018fd228 on RabbitMQ Channel: Cached Rabbit Channel: AMQChannel(amqp://ddvrnvxz@34.237.157.33:5672/ddvrnvxz,1), conn: Proxy@25895009 Shared Rabbit Connection: SimpleConnection@d0dc40f [delegate=amqp://ddvrnvxz@34.237.157.33:5672/ddvrnvxz, localPort=51283]
2025-12-30 22:35:58.357 DEBUG --- [ntContainer#0-1] o.s.a.r.listener.BlockingQueueConsumer   : Starting consumer Consumer@6014631a: tags=[[]], channel=null, acknowledgeMode=AUTO local queue size=0
2025-12-30 22:35:59.094 DEBUG --- [ntContainer#0-1] o.s.a.r.listener.BlockingQueueConsumer   : Started on queue 'profileservice.create-profile' with tag amq.ctag-18e0Qkko0J6LjWr_T4lqH3qUuJOW3rOq: Consumer@6014631a: tags=[[]], channel=Cached Rabbit Channel: AMQChannel(amqp://ddvrnvxz@34.237.157.33:5672/ddvrnvxz,1), conn: Proxy@25895009 Shared Rabbit Connection: SimpleConnection@d0dc40f [delegate=amqp://ddvrnvxz@34.237.157.33:5672/ddvrnvxz, localPort=51283], acknowledgeMode=AUTO local queue size=0
2025-12-30 22:35:59.094 DEBUG --- [  restartedMain] o.s.c.support.DefaultLifecycleProcessor  : Successfully started bean 'org.springframework.amqp.rabbit.config.internalRabbitListenerEndpointRegistry'
2025-12-30 22:35:59.094 DEBUG --- [pool-2-thread-3] o.s.a.r.listener.BlockingQueueConsumer   : ConsumeOK: Consumer@6014631a: tags=[[amq.ctag-18e0Qkko0J6LjWr_T4lqH3qUuJOW3rOq]], channel=Cached Rabbit Channel: AMQChannel(amqp://ddvrnvxz@34.237.157.33:5672/ddvrnvxz,1), conn: Proxy@25895009 Shared Rabbit Connection: SimpleConnection@d0dc40f [delegate=amqp://ddvrnvxz@34.237.157.33:5672/ddvrnvxz, localPort=51283], acknowledgeMode=AUTO local queue size=0
2025-12-30 22:35:59.095 DEBUG --- [  restartedMain] o.s.d.r.l.RedisMessageListenerContainer  : Starting RedisMessageListenerContainer...
2025-12-30 22:35:59.096 DEBUG --- [  restartedMain] o.s.d.r.l.RedisMessageListenerContainer  : Postpone listening for Redis messages until actual listeners are added
2025-12-30 22:35:59.096 DEBUG --- [  restartedMain] o.s.c.support.DefaultLifecycleProcessor  : Successfully started bean 'redisKeyValueAdapter'
2025-12-30 22:35:59.120 DEBUG --- [  restartedMain] .s.b.a.l.ConditionEvaluationReportLogger : 


============================
CONDITIONS EVALUATION REPORT
============================


Positive matches:
-----------------

   AopAutoConfiguration matched:
      - @ConditionalOnProperty (spring.aop.auto=true) matched (OnPropertyCondition)

   AopAutoConfiguration.ClassProxyingConfiguration matched:
      - @ConditionalOnMissingClass did not find unwanted class 'org.aspectj.weaver.Advice' (OnClassCondition)
      - @ConditionalOnProperty (spring.aop.proxy-target-class=true) matched (OnPropertyCondition)

   ApplicationAvailabilityAutoConfiguration#applicationAvailability matched:
      - @ConditionalOnMissingBean (types: org.springframework.boot.availability.ApplicationAvailability; SearchStrategy: all) did not find any beans (OnBeanCondition)

   AutoServiceRegistrationAutoConfiguration matched:
      - @ConditionalOnProperty (spring.cloud.service-registry.auto-registration.enabled) matched (OnPropertyCondition)

   AutoServiceRegistrationConfiguration matched:
      - @ConditionalOnProperty (spring.cloud.service-registry.auto-registration.enabled) matched (OnPropertyCondition)

   CompatibilityVerifierAutoConfiguration matched:
      - @ConditionalOnProperty (spring.cloud.compatibility-verifier.enabled) matched (OnPropertyCondition)

   ConfigurationPropertiesRebinderAutoConfiguration matched:
      - @ConditionalOnBean (types: org.springframework.boot.context.properties.ConfigurationPropertiesBindingPostProcessor; SearchStrategy: all) found bean 'org.springframework.boot.context.properties.ConfigurationPropertiesBindingPostProcessor' (OnBeanCondition)

   ConfigurationPropertiesRebinderAutoConfiguration#configurationPropertiesBeans matched:
      - @ConditionalOnMissingBean (types: org.springframework.cloud.context.properties.ConfigurationPropertiesBeans; SearchStrategy: current) did not find any beans (OnBeanCondition)

   ConfigurationPropertiesRebinderAutoConfiguration#configurationPropertiesRebinder matched:
      - @ConditionalOnMissingBean (types: org.springframework.cloud.context.properties.ConfigurationPropertiesRebinder; SearchStrategy: current) did not find any beans (OnBeanCondition)

   DispatcherServletAutoConfiguration matched:
      - @ConditionalOnClass found required class 'org.springframework.web.servlet.DispatcherServlet' (OnClassCondition)
      - found 'session' scope (OnWebApplicationCondition)

   DispatcherServletAutoConfiguration.DispatcherServletConfiguration matched:
      - @ConditionalOnClass found required class 'jakarta.servlet.ServletRegistration' (OnClassCondition)
      - Default DispatcherServlet did not find dispatcher servlet beans (DispatcherServletAutoConfiguration.DefaultDispatcherServletCondition)

   DispatcherServletAutoConfiguration.DispatcherServletRegistrationConfiguration matched:
      - @ConditionalOnClass found required class 'jakarta.servlet.ServletRegistration' (OnClassCondition)
      - DispatcherServlet Registration did not find servlet registration bean (DispatcherServletAutoConfiguration.DispatcherServletRegistrationCondition)

   DispatcherServletAutoConfiguration.DispatcherServletRegistrationConfiguration#dispatcherServletRegistration matched:
      - @ConditionalOnBean (names: dispatcherServlet types: org.springframework.web.servlet.DispatcherServlet; SearchStrategy: all) found bean 'dispatcherServlet' (OnBeanCondition)

   EmbeddedWebServerFactoryCustomizerAutoConfiguration matched:
      - @ConditionalOnWebApplication (required) found 'session' scope (OnWebApplicationCondition)
      - @ConditionalOnWarDeployment the application is not deployed as a WAR file. (OnWarDeploymentCondition)

   EmbeddedWebServerFactoryCustomizerAutoConfiguration.TomcatWebServerFactoryCustomizerConfiguration matched:
      - @ConditionalOnClass found required classes 'org.apache.catalina.startup.Tomcat', 'org.apache.coyote.UpgradeProtocol' (OnClassCondition)

   ErrorMvcAutoConfiguration matched:
      - @ConditionalOnClass found required classes 'jakarta.servlet.Servlet', 'org.springframework.web.servlet.DispatcherServlet' (OnClassCondition)
      - found 'session' scope (OnWebApplicationCondition)

   ErrorMvcAutoConfiguration#basicErrorController matched:
      - @ConditionalOnMissingBean (types: org.springframework.boot.web.servlet.error.ErrorController; SearchStrategy: current) did not find any beans (OnBeanCondition)

   ErrorMvcAutoConfiguration#errorAttributes matched:
      - @ConditionalOnMissingBean (types: org.springframework.boot.web.servlet.error.ErrorAttributes; SearchStrategy: current) did not find any beans (OnBeanCondition)

   ErrorMvcAutoConfiguration.DefaultErrorViewResolverConfiguration#conventionErrorViewResolver matched:
      - @ConditionalOnBean (types: org.springframework.web.servlet.DispatcherServlet; SearchStrategy: all) found bean 'dispatcherServlet'; @ConditionalOnMissingBean (types: org.springframework.boot.autoconfigure.web.servlet.error.ErrorViewResolver; SearchStrategy: all) did not find any beans (OnBeanCondition)

   ErrorMvcAutoConfiguration.WhitelabelErrorViewConfiguration matched:
      - @ConditionalOnProperty (server.error.whitelabel.enabled) matched (OnPropertyCondition)
      - ErrorTemplate Missing did not find error template view (ErrorMvcAutoConfiguration.ErrorTemplateMissingCondition)

   ErrorMvcAutoConfiguration.WhitelabelErrorViewConfiguration#beanNameViewResolver matched:
      - @ConditionalOnMissingBean (types: org.springframework.web.servlet.view.BeanNameViewResolver; SearchStrategy: all) did not find any beans (OnBeanCondition)

   ErrorMvcAutoConfiguration.WhitelabelErrorViewConfiguration#defaultErrorView matched:
      - @ConditionalOnMissingBean (names: error; SearchStrategy: all) did not find any beans (OnBeanCondition)

   FeignAutoConfiguration matched:
      - @ConditionalOnClass found required class 'feign.Feign' (OnClassCondition)

   FeignAutoConfiguration.DefaultFeignTargeterConfiguration matched:
      - AnyNestedCondition 1 matched 1 did not; NestedCondition on FeignCircuitBreakerDisabledConditions.CircuitBreakerDisabled @ConditionalOnProperty (spring.cloud.openfeign.circuitbreaker.enabled=false) matched; NestedCondition on FeignCircuitBreakerDisabledConditions.CircuitBreakerClassMissing @ConditionalOnMissingClass found unwanted class 'org.springframework.cloud.client.circuitbreaker.CircuitBreaker' (FeignCircuitBreakerDisabledConditions)

   FeignAutoConfiguration.DefaultFeignTargeterConfiguration#feignTargeter matched:
      - @ConditionalOnMissingBean (types: org.springframework.cloud.openfeign.Targeter; SearchStrategy: all) did not find any beans (OnBeanCondition)

   FeignAutoConfiguration.FeignJacksonConfiguration matched:
      - @ConditionalOnClass found required classes 'com.fasterxml.jackson.databind.Module', 'org.springframework.data.domain.Page', 'org.springframework.data.domain.Sort' (OnClassCondition)
      - @ConditionalOnProperty (spring.cloud.openfeign.autoconfiguration.jackson.enabled=true) matched (OnPropertyCondition)

   FeignAutoConfiguration.FeignJacksonConfiguration#pageJacksonModule matched:
      - @ConditionalOnMissingBean (types: org.springframework.cloud.openfeign.support.PageJacksonModule; SearchStrategy: all) did not find any beans (OnBeanCondition)

   FeignAutoConfiguration.FeignJacksonConfiguration#sortModule matched:
      - @ConditionalOnMissingBean (types: org.springframework.cloud.openfeign.support.SortJacksonModule; SearchStrategy: all) did not find any beans (OnBeanCondition)

   GenericCacheConfiguration matched:
      - Cache org.springframework.boot.autoconfigure.cache.GenericCacheConfiguration automatic cache type (CacheCondition)

   HttpClientAutoConfiguration matched:
      - @ConditionalOnClass found required class 'org.springframework.http.client.ClientHttpRequestFactory' (OnClassCondition)
      - NoneNestedConditions 0 matched 1 did not; NestedCondition on NotReactiveWebApplicationCondition.ReactiveWebApplication did not find reactive web application classes (NotReactiveWebApplicationCondition)

   HttpClientAutoConfiguration#clientHttpRequestFactoryBuilder matched:
      - @ConditionalOnMissingBean (types: org.springframework.boot.http.client.ClientHttpRequestFactoryBuilder; SearchStrategy: all) did not find any beans (OnBeanCondition)

   HttpClientAutoConfiguration#clientHttpRequestFactorySettings matched:
      - @ConditionalOnMissingBean (types: org.springframework.boot.http.client.ClientHttpRequestFactorySettings; SearchStrategy: all) did not find any beans (OnBeanCondition)

   HttpEncodingAutoConfiguration matched:
      - @ConditionalOnClass found required class 'org.springframework.web.filter.CharacterEncodingFilter' (OnClassCondition)
      - found 'session' scope (OnWebApplicationCondition)
      - @ConditionalOnProperty (server.servlet.encoding.enabled) matched (OnPropertyCondition)

   HttpEncodingAutoConfiguration#characterEncodingFilter matched:
      - @ConditionalOnMissingBean (types: org.springframework.web.filter.CharacterEncodingFilter; SearchStrategy: all) did not find any beans (OnBeanCondition)

   HttpMessageConvertersAutoConfiguration matched:
      - @ConditionalOnClass found required class 'org.springframework.http.converter.HttpMessageConverter' (OnClassCondition)
      - NoneNestedConditions 0 matched 1 did not; NestedCondition on HttpMessageConvertersAutoConfiguration.NotReactiveWebApplicationCondition.ReactiveWebApplication did not find reactive web application classes (HttpMessageConvertersAutoConfiguration.NotReactiveWebApplicationCondition)

   HttpMessageConvertersAutoConfiguration#messageConverters matched:
      - @ConditionalOnMissingBean (types: org.springframework.boot.autoconfigure.http.HttpMessageConverters; SearchStrategy: all) did not find any beans (OnBeanCondition)

   HttpMessageConvertersAutoConfiguration.StringHttpMessageConverterConfiguration matched:
      - @ConditionalOnClass found required class 'org.springframework.http.converter.StringHttpMessageConverter' (OnClassCondition)

   HttpMessageConvertersAutoConfiguration.StringHttpMessageConverterConfiguration#stringHttpMessageConverter matched:
      - @ConditionalOnMissingBean (types: org.springframework.http.converter.StringHttpMessageConverter; SearchStrategy: all) did not find any beans (OnBeanCondition)

   JacksonAutoConfiguration matched:
      - @ConditionalOnClass found required class 'com.fasterxml.jackson.databind.ObjectMapper' (OnClassCondition)

   JacksonAutoConfiguration.Jackson2ObjectMapperBuilderCustomizerConfiguration matched:
      - @ConditionalOnClass found required class 'org.springframework.http.converter.json.Jackson2ObjectMapperBuilder' (OnClassCondition)

   JacksonAutoConfiguration.JacksonObjectMapperBuilderConfiguration matched:
      - @ConditionalOnClass found required class 'org.springframework.http.converter.json.Jackson2ObjectMapperBuilder' (OnClassCondition)

   JacksonAutoConfiguration.JacksonObjectMapperBuilderConfiguration#jacksonObjectMapperBuilder matched:
      - @ConditionalOnMissingBean (types: org.springframework.http.converter.json.Jackson2ObjectMapperBuilder; SearchStrategy: all) did not find any beans (OnBeanCondition)

   JacksonAutoConfiguration.JacksonObjectMapperConfiguration matched:
      - @ConditionalOnClass found required class 'org.springframework.http.converter.json.Jackson2ObjectMapperBuilder' (OnClassCondition)

   JacksonAutoConfiguration.JacksonObjectMapperConfiguration#jacksonObjectMapper matched:
      - @ConditionalOnMissingBean (types: com.fasterxml.jackson.databind.ObjectMapper; SearchStrategy: all) did not find any beans (OnBeanCondition)

   JacksonAutoConfiguration.ParameterNamesModuleConfiguration matched:
      - @ConditionalOnClass found required class 'com.fasterxml.jackson.module.paramnames.ParameterNamesModule' (OnClassCondition)

   JacksonAutoConfiguration.ParameterNamesModuleConfiguration#parameterNamesModule matched:
      - @ConditionalOnMissingBean (types: com.fasterxml.jackson.module.paramnames.ParameterNamesModule; SearchStrategy: all) did not find any beans (OnBeanCondition)

   JacksonHttpMessageConvertersConfiguration.MappingJackson2HttpMessageConverterConfiguration matched:
      - @ConditionalOnClass found required class 'com.fasterxml.jackson.databind.ObjectMapper' (OnClassCondition)
      - @ConditionalOnProperty (spring.mvc.converters.preferred-json-mapper=jackson) matched (OnPropertyCondition)
      - @ConditionalOnBean (types: com.fasterxml.jackson.databind.ObjectMapper; SearchStrategy: all) found bean 'jacksonObjectMapper' (OnBeanCondition)

   JacksonHttpMessageConvertersConfiguration.MappingJackson2HttpMessageConverterConfiguration#mappingJackson2HttpMessageConverter matched:
      - @ConditionalOnMissingBean (types: org.springframework.http.converter.json.MappingJackson2HttpMessageConverter ignored: org.springframework.hateoas.server.mvc.TypeConstrainedMappingJackson2HttpMessageConverter,org.springframework.data.rest.webmvc.alps.AlpsJsonHttpMessageConverter; SearchStrategy: all) did not find any beans (OnBeanCondition)

   JmxAutoConfiguration matched:
      - @ConditionalOnClass found required class 'org.springframework.jmx.export.MBeanExporter' (OnClassCondition)
      - @ConditionalOnProperty (spring.jmx.enabled=true) matched (OnPropertyCondition)

   JmxAutoConfiguration#mbeanExporter matched:
      - @ConditionalOnMissingBean (types: org.springframework.jmx.export.MBeanExporter; SearchStrategy: current) did not find any beans (OnBeanCondition)

   JmxAutoConfiguration#mbeanServer matched:
      - @ConditionalOnMissingBean (types: javax.management.MBeanServer; SearchStrategy: all) did not find any beans (OnBeanCondition)

   JmxAutoConfiguration#objectNamingStrategy matched:
      - @ConditionalOnMissingBean (types: org.springframework.jmx.export.naming.ObjectNamingStrategy; SearchStrategy: current) did not find any beans (OnBeanCondition)

   JtaAutoConfiguration matched:
      - @ConditionalOnClass found required class 'jakarta.transaction.Transaction' (OnClassCondition)
      - @ConditionalOnProperty (spring.jta.enabled) matched (OnPropertyCondition)

   KafkaAnnotationDrivenConfiguration matched:
      - @ConditionalOnClass found required class 'org.springframework.kafka.annotation.EnableKafka' (OnClassCondition)

   KafkaAnnotationDrivenConfiguration#kafkaListenerContainerFactory matched:
      - @ConditionalOnMissingBean (names: kafkaListenerContainerFactory; SearchStrategy: all) did not find any beans (OnBeanCondition)

   KafkaAnnotationDrivenConfiguration#kafkaListenerContainerFactoryConfigurer matched:
      - @ConditionalOnMissingBean (types: org.springframework.boot.autoconfigure.kafka.ConcurrentKafkaListenerContainerFactoryConfigurer; SearchStrategy: all) did not find any beans (OnBeanCondition)
      - @ConditionalOnThreading found PLATFORM (OnThreadingCondition)

   KafkaAnnotationDrivenConfiguration.EnableKafkaConfiguration matched:
      - @ConditionalOnMissingBean (names: org.springframework.kafka.config.internalKafkaListenerAnnotationProcessor; SearchStrategy: all) did not find any beans (OnBeanCondition)

   KafkaAutoConfiguration matched:
      - @ConditionalOnClass found required class 'org.springframework.kafka.core.KafkaTemplate' (OnClassCondition)

   KafkaAutoConfiguration#kafkaAdmin matched:
      - @ConditionalOnMissingBean (types: org.springframework.kafka.core.KafkaAdmin; SearchStrategy: all) did not find any beans (OnBeanCondition)

   KafkaAutoConfiguration#kafkaConnectionDetails matched:
      - @ConditionalOnMissingBean (types: org.springframework.boot.autoconfigure.kafka.KafkaConnectionDetails; SearchStrategy: all) did not find any beans (OnBeanCondition)

   KafkaAutoConfiguration#kafkaConsumerFactory matched:
      - @ConditionalOnMissingBean (types: org.springframework.kafka.core.ConsumerFactory; SearchStrategy: all) did not find any beans (OnBeanCondition)

   KafkaAutoConfiguration#kafkaProducerFactory matched:
      - @ConditionalOnMissingBean (types: org.springframework.kafka.core.ProducerFactory; SearchStrategy: all) did not find any beans (OnBeanCondition)

   KafkaAutoConfiguration#kafkaProducerListener matched:
      - @ConditionalOnMissingBean (types: org.springframework.kafka.support.ProducerListener; SearchStrategy: all) did not find any beans (OnBeanCondition)

   KafkaAutoConfiguration#kafkaTemplate matched:
      - @ConditionalOnMissingBean (types: org.springframework.kafka.core.KafkaTemplate; SearchStrategy: all) did not find any beans (OnBeanCondition)

   LettuceConnectionConfiguration matched:
      - @ConditionalOnClass found required class 'io.lettuce.core.RedisClient' (OnClassCondition)
      - @ConditionalOnProperty (spring.data.redis.client-type=lettuce) matched (OnPropertyCondition)

   LettuceConnectionConfiguration#lettuceClientResources matched:
      - @ConditionalOnMissingBean (types: io.lettuce.core.resource.ClientResources; SearchStrategy: all) did not find any beans (OnBeanCondition)

   LifecycleAutoConfiguration#defaultLifecycleProcessor matched:
      - @ConditionalOnMissingBean (names: lifecycleProcessor; SearchStrategy: current) did not find any beans (OnBeanCondition)

   LifecycleMvcEndpointAutoConfiguration#environmentManager matched:
      - @ConditionalOnMissingBean (types: org.springframework.cloud.context.environment.EnvironmentManager; SearchStrategy: all) did not find any beans (OnBeanCondition)

   LocalDevToolsAutoConfiguration matched:
      - Initialized Restarter Condition available and initialized (OnInitializedRestarterCondition)

   LocalDevToolsAutoConfiguration.LiveReloadConfiguration matched:
      - @ConditionalOnProperty (spring.devtools.livereload.enabled) matched (OnPropertyCondition)

   LocalDevToolsAutoConfiguration.LiveReloadConfiguration#liveReloadServer matched:
      - @ConditionalOnMissingBean (types: org.springframework.boot.devtools.livereload.LiveReloadServer; SearchStrategy: all) did not find any beans (OnBeanCondition)

   LocalDevToolsAutoConfiguration.RestartConfiguration matched:
      - @ConditionalOnProperty (spring.devtools.restart.enabled) matched (OnPropertyCondition)

   LocalDevToolsAutoConfiguration.RestartConfiguration#classPathFileSystemWatcher matched:
      - @ConditionalOnMissingBean (types: org.springframework.boot.devtools.classpath.ClassPathFileSystemWatcher; SearchStrategy: all) did not find any beans (OnBeanCondition)

   LocalDevToolsAutoConfiguration.RestartConfiguration#classPathRestartStrategy matched:
      - @ConditionalOnMissingBean (types: org.springframework.boot.devtools.classpath.ClassPathRestartStrategy; SearchStrategy: all) did not find any beans (OnBeanCondition)

   LocalDevToolsAutoConfiguration.RestartConfiguration#conditionEvaluationDeltaLoggingListener matched:
      - @ConditionalOnProperty (spring.devtools.restart.log-condition-evaluation-delta) matched (OnPropertyCondition)

   MultipartAutoConfiguration matched:
      - @ConditionalOnClass found required classes 'jakarta.servlet.Servlet', 'org.springframework.web.multipart.support.StandardServletMultipartResolver', 'jakarta.servlet.MultipartConfigElement' (OnClassCondition)
      - found 'session' scope (OnWebApplicationCondition)
      - @ConditionalOnProperty (spring.servlet.multipart.enabled) matched (OnPropertyCondition)

   MultipartAutoConfiguration#multipartConfigElement matched:
      - @ConditionalOnMissingBean (types: jakarta.servlet.MultipartConfigElement; SearchStrategy: all) did not find any beans (OnBeanCondition)

   MultipartAutoConfiguration#multipartResolver matched:
      - @ConditionalOnMissingBean (types: org.springframework.web.multipart.MultipartResolver; SearchStrategy: all) did not find any beans (OnBeanCondition)

   Neo4jAutoConfiguration matched:
      - @ConditionalOnClass found required class 'org.neo4j.driver.Driver' (OnClassCondition)

   Neo4jAutoConfiguration#neo4jConnectionDetails matched:
      - @ConditionalOnMissingBean (types: org.springframework.boot.autoconfigure.neo4j.Neo4jConnectionDetails; SearchStrategy: all) did not find any beans (OnBeanCondition)

   Neo4jAutoConfiguration#neo4jDriver matched:
      - @ConditionalOnMissingBean (types: org.neo4j.driver.Driver; SearchStrategy: all) did not find any beans (OnBeanCondition)

   Neo4jDataAutoConfiguration matched:
      - @ConditionalOnClass found required classes 'org.neo4j.driver.Driver', 'org.springframework.data.neo4j.core.transaction.Neo4jTransactionManager', 'org.springframework.transaction.PlatformTransactionManager' (OnClassCondition)
      - @ConditionalOnBean (types: org.neo4j.driver.Driver; SearchStrategy: all) found bean 'neo4jDriver' (OnBeanCondition)

   Neo4jDataAutoConfiguration#databaseSelectionProvider matched:
      - @ConditionalOnMissingBean (types: org.springframework.data.neo4j.core.DatabaseSelectionProvider; SearchStrategy: all) did not find any beans (OnBeanCondition)

   Neo4jDataAutoConfiguration#neo4jClient matched:
      - @ConditionalOnMissingBean (types: org.springframework.data.neo4j.core.Neo4jClient; SearchStrategy: all) did not find any beans (OnBeanCondition)

   Neo4jDataAutoConfiguration#neo4jConversions matched:
      - @ConditionalOnMissingBean (types: org.springframework.data.neo4j.core.convert.Neo4jConversions; SearchStrategy: all) did not find any beans (OnBeanCondition)

   Neo4jDataAutoConfiguration#neo4jManagedTypes matched:
      - @ConditionalOnMissingBean (types: org.springframework.data.neo4j.aot.Neo4jManagedTypes; SearchStrategy: all) did not find any beans (OnBeanCondition)

   Neo4jDataAutoConfiguration#neo4jMappingContext matched:
      - @ConditionalOnMissingBean (types: org.springframework.data.neo4j.core.mapping.Neo4jMappingContext; SearchStrategy: all) did not find any beans (OnBeanCondition)

   Neo4jDataAutoConfiguration#neo4jTemplate matched:
      - @ConditionalOnMissingBean (types: org.springframework.data.neo4j.core.Neo4jOperations; SearchStrategy: all) did not find any beans (OnBeanCondition)

   Neo4jDataAutoConfiguration#transactionManager matched:
      - @ConditionalOnMissingBean (types: org.springframework.transaction.TransactionManager; SearchStrategy: all) did not find any beans (OnBeanCondition)

   Neo4jReactiveDataAutoConfiguration matched:
      - @ConditionalOnClass found required classes 'org.neo4j.driver.Driver', 'org.springframework.data.neo4j.core.ReactiveNeo4jTemplate', 'org.springframework.transaction.ReactiveTransactionManager', 'reactor.core.publisher.Flux' (OnClassCondition)
      - @ConditionalOnBean (types: org.neo4j.driver.Driver; SearchStrategy: all) found bean 'neo4jDriver' (OnBeanCondition)

   Neo4jReactiveDataAutoConfiguration#reactiveDatabaseSelectionProvider matched:
      - @ConditionalOnMissingBean (types: org.springframework.data.neo4j.core.ReactiveDatabaseSelectionProvider; SearchStrategy: all) did not find any beans (OnBeanCondition)

   Neo4jReactiveDataAutoConfiguration#reactiveNeo4jClient matched:
      - @ConditionalOnMissingBean (types: org.springframework.data.neo4j.core.ReactiveNeo4jClient; SearchStrategy: all) did not find any beans (OnBeanCondition)

   Neo4jReactiveDataAutoConfiguration#reactiveNeo4jTemplate matched:
      - @ConditionalOnMissingBean (types: org.springframework.data.neo4j.core.ReactiveNeo4jOperations; SearchStrategy: all) did not find any beans (OnBeanCondition)

   Neo4jReactiveRepositoriesAutoConfiguration matched:
      - @ConditionalOnClass found required classes 'org.neo4j.driver.Driver', 'org.springframework.data.neo4j.repository.ReactiveNeo4jRepository', 'reactor.core.publisher.Flux' (OnClassCondition)
      - @ConditionalOnRepositoryType configured type of 'AUTO' matched required type (OnRepositoryTypeCondition)
      - @ConditionalOnMissingBean (types: org.springframework.data.neo4j.repository.support.ReactiveNeo4jRepositoryFactoryBean,org.springframework.data.neo4j.repository.config.ReactiveNeo4jRepositoryConfigurationExtension; SearchStrategy: all) did not find any beans (OnBeanCondition)

   Neo4jRepositoriesAutoConfiguration matched:
      - @ConditionalOnClass found required classes 'org.neo4j.driver.Driver', 'org.springframework.data.neo4j.repository.Neo4jRepository' (OnClassCondition)
      - @ConditionalOnRepositoryType configured type of 'AUTO' matched required type (OnRepositoryTypeCondition)
      - @ConditionalOnMissingBean (types: org.springframework.data.neo4j.repository.support.Neo4jRepositoryFactoryBean,org.springframework.data.neo4j.repository.config.Neo4jRepositoryConfigurationExtension; SearchStrategy: all) did not find any beans (OnBeanCondition)

   NettyAutoConfiguration matched:
      - @ConditionalOnClass found required class 'io.netty.util.NettyRuntime' (OnClassCondition)

   NoOpCacheConfiguration matched:
      - Cache org.springframework.boot.autoconfigure.cache.NoOpCacheConfiguration automatic cache type (CacheCondition)

   OAuth2ResourceServerAutoConfiguration matched:
      - @ConditionalOnClass found required class 'org.springframework.security.oauth2.server.resource.authentication.BearerTokenAuthenticationToken' (OnClassCondition)
      - found 'session' scope (OnWebApplicationCondition)

   OAuth2ResourceServerOpaqueTokenConfiguration.OpaqueTokenIntrospectionClientConfiguration matched:
      - @ConditionalOnMissingBean (types: org.springframework.security.oauth2.server.resource.introspection.OpaqueTokenIntrospector; SearchStrategy: all) did not find any beans (OnBeanCondition)

   Oauth2ResourceServerConfiguration.JwtConfiguration matched:
      - @ConditionalOnClass found required class 'org.springframework.security.oauth2.jwt.JwtDecoder' (OnClassCondition)

   PersistenceExceptionTranslationAutoConfiguration matched:
      - @ConditionalOnClass found required class 'org.springframework.dao.annotation.PersistenceExceptionTranslationPostProcessor' (OnClassCondition)

   PersistenceExceptionTranslationAutoConfiguration#persistenceExceptionTranslationPostProcessor matched:
      - @ConditionalOnProperty (spring.dao.exceptiontranslation.enabled) matched (OnPropertyCondition)
      - @ConditionalOnMissingBean (types: org.springframework.dao.annotation.PersistenceExceptionTranslationPostProcessor; SearchStrategy: all) did not find any beans (OnBeanCondition)

   PropertyPlaceholderAutoConfiguration#propertySourcesPlaceholderConfigurer matched:
      - @ConditionalOnMissingBean (types: org.springframework.context.support.PropertySourcesPlaceholderConfigurer; SearchStrategy: current) did not find any beans (OnBeanCondition)

   RabbitAnnotationDrivenConfiguration matched:
      - @ConditionalOnClass found required class 'org.springframework.amqp.rabbit.annotation.EnableRabbit' (OnClassCondition)

   RabbitAnnotationDrivenConfiguration#directRabbitListenerContainerFactoryConfigurer matched:
      - @ConditionalOnMissingBean (types: org.springframework.boot.autoconfigure.amqp.DirectRabbitListenerContainerFactoryConfigurer; SearchStrategy: all) did not find any beans (OnBeanCondition)
      - @ConditionalOnThreading found PLATFORM (OnThreadingCondition)

   RabbitAnnotationDrivenConfiguration#simpleRabbitListenerContainerFactory matched:
      - @ConditionalOnProperty (spring.rabbitmq.listener.type=simple) matched (OnPropertyCondition)
      - @ConditionalOnMissingBean (names: rabbitListenerContainerFactory; SearchStrategy: all) did not find any beans (OnBeanCondition)

   RabbitAnnotationDrivenConfiguration#simpleRabbitListenerContainerFactoryConfigurer matched:
      - @ConditionalOnMissingBean (types: org.springframework.boot.autoconfigure.amqp.SimpleRabbitListenerContainerFactoryConfigurer; SearchStrategy: all) did not find any beans (OnBeanCondition)
      - @ConditionalOnThreading found PLATFORM (OnThreadingCondition)

   RabbitAnnotationDrivenConfiguration.EnableRabbitConfiguration matched:
      - @ConditionalOnMissingBean (names: org.springframework.amqp.rabbit.config.internalRabbitListenerAnnotationProcessor; SearchStrategy: all) did not find any beans (OnBeanCondition)

   RabbitAutoConfiguration matched:
      - @ConditionalOnClass found required classes 'org.springframework.amqp.rabbit.core.RabbitTemplate', 'com.rabbitmq.client.Channel' (OnClassCondition)

   RabbitAutoConfiguration.MessagingTemplateConfiguration matched:
      - @ConditionalOnClass found required class 'org.springframework.amqp.rabbit.core.RabbitMessagingTemplate' (OnClassCondition)
      - @ConditionalOnMissingBean (types: org.springframework.amqp.rabbit.core.RabbitMessagingTemplate; SearchStrategy: all) did not find any beans (OnBeanCondition)

   RabbitAutoConfiguration.MessagingTemplateConfiguration#rabbitMessagingTemplate matched:
      - @ConditionalOnSingleCandidate (types: org.springframework.amqp.rabbit.core.RabbitTemplate; SearchStrategy: all) found a single bean 'rabbitTemplate' (OnBeanCondition)

   RabbitAutoConfiguration.RabbitConnectionFactoryCreator#rabbitConnectionDetails matched:
      - @ConditionalOnMissingBean (types: org.springframework.boot.autoconfigure.amqp.RabbitConnectionDetails; SearchStrategy: all) did not find any beans (OnBeanCondition)

   RabbitAutoConfiguration.RabbitConnectionFactoryCreator#rabbitConnectionFactory matched:
      - @ConditionalOnMissingBean (types: org.springframework.amqp.rabbit.connection.ConnectionFactory; SearchStrategy: all) did not find any beans (OnBeanCondition)

   RabbitAutoConfiguration.RabbitConnectionFactoryCreator#rabbitConnectionFactoryBeanConfigurer matched:
      - @ConditionalOnMissingBean (types: org.springframework.boot.autoconfigure.amqp.RabbitConnectionFactoryBeanConfigurer; SearchStrategy: all) did not find any beans (OnBeanCondition)

   RabbitAutoConfiguration.RabbitConnectionFactoryCreator#rabbitConnectionFactoryConfigurer matched:
      - @ConditionalOnMissingBean (types: org.springframework.boot.autoconfigure.amqp.CachingConnectionFactoryConfigurer; SearchStrategy: all) did not find any beans (OnBeanCondition)

   RabbitAutoConfiguration.RabbitTemplateConfiguration#amqpAdmin matched:
      - @ConditionalOnProperty (spring.rabbitmq.dynamic) matched (OnPropertyCondition)
      - @ConditionalOnSingleCandidate (types: org.springframework.amqp.rabbit.connection.ConnectionFactory; SearchStrategy: all) found a single bean 'rabbitConnectionFactory'; @ConditionalOnMissingBean (types: org.springframework.amqp.core.AmqpAdmin; SearchStrategy: all) did not find any beans (OnBeanCondition)

   RabbitAutoConfiguration.RabbitTemplateConfiguration#rabbitTemplate matched:
      - @ConditionalOnSingleCandidate (types: org.springframework.amqp.rabbit.connection.ConnectionFactory; SearchStrategy: all) found a single bean 'rabbitConnectionFactory'; @ConditionalOnMissingBean (types: org.springframework.amqp.rabbit.core.RabbitOperations; SearchStrategy: all) did not find any beans (OnBeanCondition)

   RabbitAutoConfiguration.RabbitTemplateConfiguration#rabbitTemplateConfigurer matched:
      - @ConditionalOnMissingBean (types: org.springframework.boot.autoconfigure.amqp.RabbitTemplateConfigurer; SearchStrategy: all) did not find any beans (OnBeanCondition)

   ReactorAutoConfiguration matched:
      - @ConditionalOnClass found required class 'reactor.core.publisher.Hooks' (OnClassCondition)

   RedisAutoConfiguration matched:
      - @ConditionalOnClass found required class 'org.springframework.data.redis.core.RedisOperations' (OnClassCondition)

   RedisAutoConfiguration#redisConnectionDetails matched:
      - @ConditionalOnMissingBean (types: org.springframework.boot.autoconfigure.data.redis.RedisConnectionDetails; SearchStrategy: all) did not find any beans (OnBeanCondition)

   RedisAutoConfiguration#stringRedisTemplate matched:
      - @ConditionalOnSingleCandidate (types: org.springframework.data.redis.connection.RedisConnectionFactory; SearchStrategy: all) found a single bean 'redisConnectionFactory'; @ConditionalOnMissingBean (types: org.springframework.data.redis.core.StringRedisTemplate; SearchStrategy: all) did not find any beans (OnBeanCondition)

   RedisCacheConfiguration matched:
      - @ConditionalOnClass found required class 'org.springframework.data.redis.connection.RedisConnectionFactory' (OnClassCondition)
      - Cache org.springframework.boot.autoconfigure.cache.RedisCacheConfiguration automatic cache type (CacheCondition)

   RedisReactiveAutoConfiguration matched:
      - @ConditionalOnClass found required classes 'org.springframework.data.redis.connection.ReactiveRedisConnectionFactory', 'org.springframework.data.redis.core.ReactiveRedisTemplate', 'reactor.core.publisher.Flux' (OnClassCondition)

   RedisReactiveAutoConfiguration#reactiveRedisTemplate matched:
      - @ConditionalOnBean (types: org.springframework.data.redis.connection.ReactiveRedisConnectionFactory; SearchStrategy: all) found bean 'redisConnectionFactory'; @ConditionalOnMissingBean (names: reactiveRedisTemplate; SearchStrategy: all) did not find any beans (OnBeanCondition)

   RedisReactiveAutoConfiguration#reactiveStringRedisTemplate matched:
      - @ConditionalOnBean (types: org.springframework.data.redis.connection.ReactiveRedisConnectionFactory; SearchStrategy: all) found bean 'redisConnectionFactory'; @ConditionalOnMissingBean (names: reactiveStringRedisTemplate; SearchStrategy: all) did not find any beans (OnBeanCondition)

   RedisRepositoriesAutoConfiguration matched:
      - @ConditionalOnClass found required class 'org.springframework.data.redis.repository.configuration.EnableRedisRepositories' (OnClassCondition)
      - @ConditionalOnProperty (spring.data.redis.repositories.enabled=true) matched (OnPropertyCondition)
      - @ConditionalOnBean (types: org.springframework.data.redis.connection.RedisConnectionFactory; SearchStrategy: all) found bean 'redisConnectionFactory'; @ConditionalOnMissingBean (types: org.springframework.data.redis.repository.support.RedisRepositoryFactoryBean; SearchStrategy: all) did not find any beans (OnBeanCondition)

   RefreshAutoConfiguration matched:
      - @ConditionalOnClass found required class 'org.springframework.cloud.context.scope.refresh.RefreshScope' (OnClassCondition)
      - @ConditionalOnProperty (spring.cloud.refresh.enabled) matched (OnPropertyCondition)

   RefreshAutoConfiguration#configDataContextRefresher matched:
      - @ConditionalOnMissingBean (types: org.springframework.cloud.context.refresh.ConfigDataContextRefresher; SearchStrategy: all) did not find any beans (OnBeanCondition)
      - NoneNestedConditions 0 matched 3 did not; NestedCondition on ConditionalOnBootstrapDisabled.OnBootstrapDisabledCondition.OnBootstrapEnabled @ConditionalOnProperty (spring.cloud.bootstrap.enabled) did not find property 'spring.cloud.bootstrap.enabled'; NestedCondition on ConditionalOnBootstrapDisabled.OnBootstrapDisabledCondition.OnUseLegacyProcessingEnabled @ConditionalOnProperty (spring.config.use-legacy-processing) did not find property 'spring.config.use-legacy-processing'; NestedCondition on ConditionalOnBootstrapDisabled.OnBootstrapDisabledCondition.OnBootstrapMarkerClassPresent @ConditionalOnClass did not find required class 'org.springframework.cloud.bootstrap.marker.Marker' (ConditionalOnBootstrapDisabled.OnBootstrapDisabledCondition)

   RefreshAutoConfiguration#loggingRebinder matched:
      - @ConditionalOnMissingBean (types: org.springframework.cloud.logging.LoggingRebinder; SearchStrategy: all) did not find any beans (OnBeanCondition)

   RefreshAutoConfiguration#refreshScope matched:
      - @ConditionalOnMissingBean (types: org.springframework.cloud.context.scope.refresh.RefreshScope; SearchStrategy: all) did not find any beans (OnBeanCondition)

   RefreshAutoConfiguration#refreshScopeLifecycle matched:
      - @ConditionalOnProperty (spring.cloud.refresh.on-restart.enabled) matched (OnPropertyCondition)

   ResourceServerTokenRelayAutoConfiguration matched:
      - @ConditionalOnClass found required class 'org.springframework.web.servlet.config.annotation.WebMvcConfigurer' (OnClassCondition)
      - found 'session' scope (OnWebApplicationCondition)
      - @ConditionalOnProperty (spring.cloud.mvc.token-relay.enabled) matched (OnPropertyCondition)

   RestClientAutoConfiguration matched:
      - @ConditionalOnClass found required class 'org.springframework.web.client.RestClient' (OnClassCondition)
      - NoneNestedConditions 0 matched 1 did not; NestedCondition on NotReactiveWebApplicationCondition.ReactiveWebApplication did not find reactive web application classes (NotReactiveWebApplicationCondition)

   RestClientAutoConfiguration#httpMessageConvertersRestClientCustomizer matched:
      - @ConditionalOnMissingBean (types: org.springframework.boot.autoconfigure.web.client.HttpMessageConvertersRestClientCustomizer; SearchStrategy: all) did not find any beans (OnBeanCondition)

   RestClientAutoConfiguration#restClientBuilder matched:
      - @ConditionalOnMissingBean (types: org.springframework.web.client.RestClient$Builder; SearchStrategy: all) did not find any beans (OnBeanCondition)

   RestClientAutoConfiguration#restClientBuilderConfigurer matched:
      - @ConditionalOnMissingBean (types: org.springframework.boot.autoconfigure.web.client.RestClientBuilderConfigurer; SearchStrategy: all) did not find any beans (OnBeanCondition)

   RestClientAutoConfiguration#restClientSsl matched:
      - @ConditionalOnBean (types: org.springframework.boot.ssl.SslBundles; SearchStrategy: all) found bean 'sslBundleRegistry'; @ConditionalOnMissingBean (types: org.springframework.boot.autoconfigure.web.client.RestClientSsl; SearchStrategy: all) did not find any beans (OnBeanCondition)

   RestTemplateAutoConfiguration matched:
      - @ConditionalOnClass found required class 'org.springframework.web.client.RestTemplate' (OnClassCondition)
      - NoneNestedConditions 0 matched 1 did not; NestedCondition on NotReactiveWebApplicationCondition.ReactiveWebApplication did not find reactive web application classes (NotReactiveWebApplicationCondition)

   RestTemplateAutoConfiguration#restTemplateBuilder matched:
      - @ConditionalOnMissingBean (types: org.springframework.boot.web.client.RestTemplateBuilder; SearchStrategy: all) did not find any beans (OnBeanCondition)

   SecurityAutoConfiguration matched:
      - @ConditionalOnClass found required class 'org.springframework.security.authentication.DefaultAuthenticationEventPublisher' (OnClassCondition)

   SecurityAutoConfiguration#authenticationEventPublisher matched:
      - @ConditionalOnMissingBean (types: org.springframework.security.authentication.AuthenticationEventPublisher; SearchStrategy: all) did not find any beans (OnBeanCondition)

   SecurityFilterAutoConfiguration matched:
      - @ConditionalOnClass found required classes 'org.springframework.security.web.context.AbstractSecurityWebApplicationInitializer', 'org.springframework.security.config.http.SessionCreationPolicy' (OnClassCondition)
      - found 'session' scope (OnWebApplicationCondition)

   SecurityFilterAutoConfiguration#securityFilterChainRegistration matched:
      - @ConditionalOnBean (names: springSecurityFilterChain; SearchStrategy: all) found bean 'springSecurityFilterChain' (OnBeanCondition)

   ServletWebServerFactoryAutoConfiguration matched:
      - @ConditionalOnClass found required class 'jakarta.servlet.ServletRequest' (OnClassCondition)
      - found 'session' scope (OnWebApplicationCondition)

   ServletWebServerFactoryAutoConfiguration#tomcatServletWebServerFactoryCustomizer matched:
      - @ConditionalOnClass found required class 'org.apache.catalina.startup.Tomcat' (OnClassCondition)

   ServletWebServerFactoryConfiguration.EmbeddedTomcat matched:
      - @ConditionalOnClass found required classes 'jakarta.servlet.Servlet', 'org.apache.catalina.startup.Tomcat', 'org.apache.coyote.UpgradeProtocol' (OnClassCondition)
      - @ConditionalOnMissingBean (types: org.springframework.boot.web.servlet.server.ServletWebServerFactory; SearchStrategy: current) did not find any beans (OnBeanCondition)

   SimpleCacheConfiguration matched:
      - Cache org.springframework.boot.autoconfigure.cache.SimpleCacheConfiguration automatic cache type (CacheCondition)

   SimpleDiscoveryClientAutoConfiguration#simpleDiscoveryProperties matched:
      - @ConditionalOnMissingBean (types: org.springframework.cloud.client.discovery.simple.SimpleDiscoveryProperties; SearchStrategy: all) did not find any beans (OnBeanCondition)

   SpringApplicationAdminJmxAutoConfiguration matched:
      - @ConditionalOnProperty (spring.application.admin.enabled=true) matched (OnPropertyCondition)

   SpringApplicationAdminJmxAutoConfiguration#springApplicationAdminRegistrar matched:
      - @ConditionalOnMissingBean (types: org.springframework.boot.admin.SpringApplicationAdminMXBeanRegistrar; SearchStrategy: all) did not find any beans (OnBeanCondition)

   SpringBootWebSecurityConfiguration matched:
      - found 'session' scope (OnWebApplicationCondition)

   SpringDataWebAutoConfiguration matched:
      - @ConditionalOnClass found required classes 'org.springframework.data.web.PageableHandlerMethodArgumentResolver', 'org.springframework.web.servlet.config.annotation.WebMvcConfigurer' (OnClassCondition)
      - found 'session' scope (OnWebApplicationCondition)
      - @ConditionalOnMissingBean (types: org.springframework.data.web.PageableHandlerMethodArgumentResolver; SearchStrategy: all) did not find any beans (OnBeanCondition)

   SpringDataWebAutoConfiguration#pageableCustomizer matched:
      - @ConditionalOnMissingBean (types: org.springframework.data.web.config.PageableHandlerMethodArgumentResolverCustomizer; SearchStrategy: all) did not find any beans (OnBeanCondition)

   SpringDataWebAutoConfiguration#sortCustomizer matched:
      - @ConditionalOnMissingBean (types: org.springframework.data.web.config.SortHandlerMethodArgumentResolverCustomizer; SearchStrategy: all) did not find any beans (OnBeanCondition)

   SpringDataWebAutoConfiguration#springDataWebSettings matched:
      - @ConditionalOnMissingBean (types: org.springframework.data.web.config.SpringDataWebSettings; SearchStrategy: all) did not find any beans (OnBeanCondition)

   SpringDocConfigProperties matched:
      - @ConditionalOnProperty (springdoc.api-docs.enabled) matched (OnPropertyCondition)
      - @ConditionalOnBean (types: org.springdoc.core.configuration.SpringDocConfiguration; SearchStrategy: all) found bean 'org.springdoc.core.configuration.SpringDocConfiguration' (OnBeanCondition)

   SpringDocConfiguration matched:
      - @ConditionalOnWebApplication (required) found 'session' scope (OnWebApplicationCondition)
      - @ConditionalOnProperty (springdoc.api-docs.enabled) matched (OnPropertyCondition)

   SpringDocConfiguration#fileSupportConverter matched:
      - @ConditionalOnMissingBean (types: org.springdoc.core.converters.FileSupportConverter; SearchStrategy: all) did not find any beans (OnBeanCondition)

   SpringDocConfiguration#globalOpenApiCustomizer matched:
      - @ConditionalOnMissingBean (names: globalOpenApiCustomizer; SearchStrategy: all) did not find any beans (OnBeanCondition)

   SpringDocConfiguration#oas31ModelConverter matched:
      - @ConditionalOnMissingBean (types: org.springdoc.core.converters.OAS31ModelConverter; SearchStrategy: all) did not find any beans (OnBeanCondition)

   SpringDocConfiguration#openAPIBuilder matched:
      - @ConditionalOnMissingBean (types: org.springdoc.core.service.OpenAPIService; SearchStrategy: all) did not find any beans (OnBeanCondition)

   SpringDocConfiguration#operationBuilder matched:
      - @ConditionalOnMissingBean (types: org.springdoc.core.service.OperationService; SearchStrategy: all) did not find any beans (OnBeanCondition)

   SpringDocConfiguration#parameterBuilder matched:
      - @ConditionalOnMissingBean (types: org.springdoc.core.service.GenericParameterService; SearchStrategy: all) did not find any beans (OnBeanCondition)

   SpringDocConfiguration#parameterObjectNamingStrategyCustomizer matched:
      - @ConditionalOnMissingBean (types: org.springdoc.core.customizers.ParameterObjectNamingStrategyCustomizer; SearchStrategy: all) did not find any beans (OnBeanCondition)

   SpringDocConfiguration#polymorphicModelConverter matched:
      - @ConditionalOnProperty (springdoc.model-converters.polymorphic-converter.enabled) matched (OnPropertyCondition)
      - @ConditionalOnMissingBean (types: org.springdoc.core.converters.PolymorphicModelConverter; SearchStrategy: all) did not find any beans (OnBeanCondition)

   SpringDocConfiguration#requestBodyBuilder matched:
      - @ConditionalOnMissingBean (types: org.springdoc.core.service.RequestBodyService; SearchStrategy: all) did not find any beans (OnBeanCondition)

   SpringDocConfiguration#responseSupportConverter matched:
      - @ConditionalOnMissingBean (types: org.springdoc.core.converters.ResponseSupportConverter; SearchStrategy: all) did not find any beans (OnBeanCondition)

   SpringDocConfiguration#schemaPropertyDeprecatingConverter matched:
      - @ConditionalOnProperty (springdoc.model-converters.deprecating-converter.enabled) matched (OnPropertyCondition)
      - @ConditionalOnMissingBean (types: org.springdoc.core.converters.SchemaPropertyDeprecatingConverter; SearchStrategy: all) did not find any beans (OnBeanCondition)

   SpringDocConfiguration#securityParser matched:
      - @ConditionalOnMissingBean (types: org.springdoc.core.service.SecurityService; SearchStrategy: all) did not find any beans (OnBeanCondition)

   SpringDocConfiguration#springDocCustomizers matched:
      - @ConditionalOnMissingBean (types: org.springdoc.core.customizers.SpringDocCustomizers; SearchStrategy: all) did not find any beans (OnBeanCondition)

   SpringDocConfiguration#springDocProviders matched:
      - @ConditionalOnMissingBean (types: org.springdoc.core.providers.SpringDocProviders; SearchStrategy: all) did not find any beans (OnBeanCondition)

   SpringDocConfiguration#springdocObjectMapperProvider matched:
      - @ConditionalOnMissingBean (types: org.springdoc.core.providers.ObjectMapperProvider; SearchStrategy: all) did not find any beans (OnBeanCondition)

   SpringDocConfiguration.QuerydslProvider matched:
      - @ConditionalOnClass found required class 'org.springframework.data.querydsl.binding.QuerydslBindingsFactory' (OnClassCondition)

   SpringDocConfiguration.QuerydslProvider#queryDslQuerydslPredicateOperationCustomizer matched:
      - @ConditionalOnMissingBean (types: org.springdoc.core.customizers.QuerydslPredicateOperationCustomizer; SearchStrategy: all) did not find any beans (OnBeanCondition)

   SpringDocConfiguration.SpringDocSpringDataWebPropertiesProvider matched:
      - @ConditionalOnClass found required class 'org.springframework.boot.autoconfigure.data.web.SpringDataWebProperties' (OnClassCondition)

   SpringDocConfiguration.SpringDocSpringDataWebPropertiesProvider#springDataWebPropertiesProvider matched:
      - @ConditionalOnMissingBean (types: org.springdoc.core.providers.SpringDataWebPropertiesProvider; SearchStrategy: all) did not find any beans (OnBeanCondition)

   SpringDocConfiguration.SpringDocWebFluxSupportConfiguration matched:
      - @ConditionalOnClass found required class 'reactor.core.publisher.Flux' (OnClassCondition)

   SpringDocConfiguration.SpringDocWebFluxSupportConfiguration#webFluxSupportConverter matched:
      - @ConditionalOnMissingBean (types: org.springdoc.core.converters.WebFluxSupportConverter; SearchStrategy: all) did not find any beans (OnBeanCondition)

   SpringDocConfiguration.WebConversionServiceConfiguration matched:
      - @ConditionalOnClass found required class 'org.springframework.boot.autoconfigure.web.format.WebConversionService' (OnClassCondition)

   SpringDocKotlinConfiguration matched:
      - @ConditionalOnClass found required class 'kotlin.coroutines.Continuation' (OnClassCondition)
      - @ConditionalOnWebApplication (required) found 'session' scope (OnWebApplicationCondition)
      - @ConditionalOnProperty (springdoc.api-docs.enabled) matched (OnPropertyCondition)
      - @ConditionalOnExpression (#{${springdoc.api-docs.enabled:true} and ${springdoc.enable-kotlin:true}}) resulted in true (OnExpressionCondition)
      - @ConditionalOnBean (types: org.springdoc.core.configuration.SpringDocConfiguration; SearchStrategy: all) found bean 'org.springdoc.core.configuration.SpringDocConfiguration' (OnBeanCondition)

   SpringDocKotlinConfiguration#nullableKotlinRequestParameterCustomizer matched:
      - @ConditionalOnProperty (springdoc.nullable-request-parameter-enabled) matched (OnPropertyCondition)
      - @ConditionalOnMissingBean (types: org.springdoc.core.customizers.ParameterCustomizer; SearchStrategy: all) did not find any beans (OnBeanCondition)

   SpringDocPageableConfiguration matched:
      - @ConditionalOnClass found required class 'org.springframework.data.domain.Pageable' (OnClassCondition)
      - @ConditionalOnWebApplication (required) found 'session' scope (OnWebApplicationCondition)
      - @ConditionalOnProperty (springdoc.api-docs.enabled) matched (OnPropertyCondition)
      - @ConditionalOnBean (types: org.springdoc.core.configuration.SpringDocConfiguration; SearchStrategy: all) found bean 'org.springdoc.core.configuration.SpringDocConfiguration' (OnBeanCondition)

   SpringDocPageableConfiguration#dataRestDelegatingMethodParameterCustomizer matched:
      - @ConditionalOnMissingBean (types: org.springdoc.core.customizers.DataRestDelegatingMethodParameterCustomizer; SearchStrategy: all) did not find any beans (OnBeanCondition)

   SpringDocPageableConfiguration#pageOpenAPIConverter matched:
      - @ConditionalOnClass found required classes 'org.springframework.data.web.PagedModel', 'org.springframework.data.web.config.SpringDataWebSettings' (OnClassCondition)
      - @ConditionalOnMissingBean (types: org.springdoc.core.converters.PageOpenAPIConverter; SearchStrategy: all) did not find any beans (OnBeanCondition)

   SpringDocPageableConfiguration#pageableOpenAPIConverter matched:
      - @ConditionalOnProperty (springdoc.model-converters.pageable-converter.enabled) matched (OnPropertyCondition)
      - @ConditionalOnMissingBean (types: org.springdoc.core.converters.PageableOpenAPIConverter; SearchStrategy: all) did not find any beans (OnBeanCondition)

   SpringDocSecurityConfiguration matched:
      - @ConditionalOnClass found required class 'org.springframework.security.web.SecurityFilterChain' (OnClassCondition)
      - @ConditionalOnWebApplication (required) found 'session' scope (OnWebApplicationCondition)
      - @ConditionalOnExpression (#{${springdoc.api-docs.enabled:true} and ${springdoc.enable-spring-security:true}}) resulted in true (OnExpressionCondition)
      - @ConditionalOnBean (types: org.springdoc.core.configuration.SpringDocConfiguration; SearchStrategy: all) found bean 'org.springdoc.core.configuration.SpringDocConfiguration' (OnBeanCondition)

   SpringDocSecurityConfiguration.SpringSecurityLoginEndpointConfiguration matched:
      - @ConditionalOnClass found required class 'jakarta.servlet.Filter' (OnClassCondition)

   SpringDocSortConfiguration matched:
      - @ConditionalOnClass found required class 'org.springframework.data.domain.Sort' (OnClassCondition)
      - @ConditionalOnWebApplication (required) found 'session' scope (OnWebApplicationCondition)
      - @ConditionalOnProperty (springdoc.api-docs.enabled) matched (OnPropertyCondition)
      - @ConditionalOnBean (types: org.springdoc.core.configuration.SpringDocConfiguration; SearchStrategy: all) found bean 'org.springdoc.core.configuration.SpringDocConfiguration' (OnBeanCondition)

   SpringDocSortConfiguration#sortOpenAPIConverter matched:
      - @ConditionalOnProperty (springdoc.sort-converter.enabled) matched (OnPropertyCondition)
      - @ConditionalOnMissingBean (types: org.springdoc.core.converters.SortOpenAPIConverter; SearchStrategy: all) did not find any beans (OnBeanCondition)

   SpringDocWebMvcConfiguration matched:
      - found 'session' scope (OnWebApplicationCondition)
      - @ConditionalOnProperty (springdoc.api-docs.enabled) matched (OnPropertyCondition)
      - @ConditionalOnBean (types: org.springdoc.core.configuration.SpringDocConfiguration; SearchStrategy: all) found bean 'org.springdoc.core.configuration.SpringDocConfiguration' (OnBeanCondition)

   SpringDocWebMvcConfiguration#openApiResource matched:
      - @ConditionalOnExpression (#{(${springdoc.use-management-port:false} == false ) and ${springdoc.enable-default-api-docs:true}}) resulted in true (OnExpressionCondition)
      - @ConditionalOnMissingBean (types: org.springdoc.webmvc.api.OpenApiWebMvcResource; SearchStrategy: all) did not find any beans (OnBeanCondition)

   SpringDocWebMvcConfiguration#requestBuilder matched:
      - @ConditionalOnMissingBean (types: org.springdoc.webmvc.core.service.RequestService; SearchStrategy: all) did not find any beans (OnBeanCondition)

   SpringDocWebMvcConfiguration#responseBuilder matched:
      - @ConditionalOnMissingBean (types: org.springdoc.core.service.GenericResponseService; SearchStrategy: all) did not find any beans (OnBeanCondition)

   SpringDocWebMvcConfiguration#springWebProvider matched:
      - @ConditionalOnMissingBean (types: org.springdoc.core.providers.SpringWebProvider; SearchStrategy: all) did not find any beans (OnBeanCondition)

   SpringDocWebMvcConfiguration.SpringDocWebMvcRouterConfiguration matched:
      - @ConditionalOnClass found required class 'org.springframework.web.servlet.function.RouterFunction' (OnClassCondition)

   SpringDocWebMvcConfiguration.SpringDocWebMvcRouterConfiguration#routerFunctionProvider matched:
      - @ConditionalOnMissingBean (types: org.springdoc.webmvc.core.providers.RouterFunctionWebMvcProvider; SearchStrategy: all) did not find any beans (OnBeanCondition)

   SqlInitializationAutoConfiguration matched:
      - @ConditionalOnProperty (spring.sql.init.enabled) matched (OnPropertyCondition)
      - NoneNestedConditions 0 matched 1 did not; NestedCondition on SqlInitializationAutoConfiguration.SqlInitializationModeCondition.ModeIsNever @ConditionalOnProperty (spring.sql.init.mode=never) did not find property 'mode' (SqlInitializationAutoConfiguration.SqlInitializationModeCondition)

   SslAutoConfiguration#sslBundleRegistry matched:
      - @ConditionalOnMissingBean (types: org.springframework.boot.ssl.SslBundleRegistry,org.springframework.boot.ssl.SslBundles; SearchStrategy: all) did not find any beans (OnBeanCondition)

   SwaggerConfig matched:
      - found 'session' scope (OnWebApplicationCondition)
      - @ConditionalOnProperty (springdoc.swagger-ui.enabled) matched (OnPropertyCondition)
      - @ConditionalOnBean (types: org.springdoc.core.configuration.SpringDocConfiguration; SearchStrategy: all) found bean 'org.springdoc.core.configuration.SpringDocConfiguration' (OnBeanCondition)

   SwaggerConfig#indexPageTransformer matched:
      - @ConditionalOnMissingBean (types: org.springdoc.webmvc.ui.SwaggerIndexTransformer; SearchStrategy: all) did not find any beans (OnBeanCondition)

   SwaggerConfig#swaggerConfigResource matched:
      - @ConditionalOnProperty (springdoc.use-management-port=false) matched (OnPropertyCondition)
      - @ConditionalOnMissingBean (types: org.springdoc.webmvc.ui.SwaggerConfigResource; SearchStrategy: all) did not find any beans (OnBeanCondition)

   SwaggerConfig#swaggerResourceResolver matched:
      - @ConditionalOnMissingBean (types: org.springdoc.webmvc.ui.SwaggerResourceResolver; SearchStrategy: all) did not find any beans (OnBeanCondition)

   SwaggerConfig#swaggerWebMvcConfigurer matched:
      - @ConditionalOnMissingBean (types: org.springdoc.webmvc.ui.SwaggerWebMvcConfigurer; SearchStrategy: all) did not find any beans (OnBeanCondition)

   SwaggerConfig#swaggerWelcome matched:
      - @ConditionalOnProperty (springdoc.use-management-port=false) matched (OnPropertyCondition)
      - @ConditionalOnMissingBean (types: org.springdoc.webmvc.ui.SwaggerWelcomeWebMvc; SearchStrategy: all) did not find any beans (OnBeanCondition)

   SwaggerUiConfigProperties matched:
      - @ConditionalOnProperty (springdoc.swagger-ui.enabled) matched (OnPropertyCondition)
      - @ConditionalOnBean (types: org.springdoc.core.configuration.SpringDocConfiguration; SearchStrategy: all) found bean 'org.springdoc.core.configuration.SpringDocConfiguration' (OnBeanCondition)

   SwaggerUiOAuthProperties matched:
      - @ConditionalOnProperty (springdoc.swagger-ui.enabled) matched (OnPropertyCondition)
      - @ConditionalOnBean (types: org.springdoc.core.configuration.SpringDocConfiguration; SearchStrategy: all) found bean 'org.springdoc.core.configuration.SpringDocConfiguration' (OnBeanCondition)

   TaskExecutionAutoConfiguration matched:
      - @ConditionalOnClass found required class 'org.springframework.scheduling.concurrent.ThreadPoolTaskExecutor' (OnClassCondition)

   TaskExecutorConfigurations.SimpleAsyncTaskExecutorBuilderConfiguration#simpleAsyncTaskExecutorBuilder matched:
      - @ConditionalOnMissingBean (types: org.springframework.boot.task.SimpleAsyncTaskExecutorBuilder; SearchStrategy: all) did not find any beans (OnBeanCondition)
      - @ConditionalOnThreading found PLATFORM (OnThreadingCondition)

   TaskExecutorConfigurations.TaskExecutorConfiguration matched:
      - @ConditionalOnMissingBean (types: java.util.concurrent.Executor; SearchStrategy: all) did not find any beans (OnBeanCondition)

   TaskExecutorConfigurations.TaskExecutorConfiguration#applicationTaskExecutor matched:
      - @ConditionalOnThreading found PLATFORM (OnThreadingCondition)

   TaskExecutorConfigurations.ThreadPoolTaskExecutorBuilderConfiguration#threadPoolTaskExecutorBuilder matched:
      - @ConditionalOnMissingBean (types: org.springframework.boot.task.ThreadPoolTaskExecutorBuilder; SearchStrategy: all) did not find any beans (OnBeanCondition)

   TaskSchedulingAutoConfiguration matched:
      - @ConditionalOnClass found required class 'org.springframework.scheduling.concurrent.ThreadPoolTaskScheduler' (OnClassCondition)

   TaskSchedulingConfigurations.SimpleAsyncTaskSchedulerBuilderConfiguration#simpleAsyncTaskSchedulerBuilder matched:
      - @ConditionalOnMissingBean (types: org.springframework.boot.task.SimpleAsyncTaskSchedulerBuilder; SearchStrategy: all) did not find any beans (OnBeanCondition)
      - @ConditionalOnThreading found PLATFORM (OnThreadingCondition)

   TaskSchedulingConfigurations.ThreadPoolTaskSchedulerBuilderConfiguration#threadPoolTaskSchedulerBuilder matched:
      - @ConditionalOnMissingBean (types: org.springframework.boot.task.ThreadPoolTaskSchedulerBuilder; SearchStrategy: all) did not find any beans (OnBeanCondition)

   TransactionAutoConfiguration matched:
      - @ConditionalOnClass found required class 'org.springframework.transaction.PlatformTransactionManager' (OnClassCondition)

   TransactionAutoConfiguration.EnableTransactionManagementConfiguration matched:
      - @ConditionalOnBean (types: org.springframework.transaction.TransactionManager; SearchStrategy: all) found bean 'transactionManager'; @ConditionalOnMissingBean (types: org.springframework.transaction.annotation.AbstractTransactionManagementConfiguration; SearchStrategy: all) did not find any beans (OnBeanCondition)

   TransactionAutoConfiguration.EnableTransactionManagementConfiguration.CglibAutoProxyConfiguration matched:
      - @ConditionalOnProperty (spring.aop.proxy-target-class=true) matched (OnPropertyCondition)

   TransactionAutoConfiguration.TransactionTemplateConfiguration matched:
      - @ConditionalOnSingleCandidate (types: org.springframework.transaction.PlatformTransactionManager; SearchStrategy: all) found a single bean 'transactionManager' (OnBeanCondition)

   TransactionAutoConfiguration.TransactionTemplateConfiguration#transactionTemplate matched:
      - @ConditionalOnMissingBean (types: org.springframework.transaction.support.TransactionOperations; SearchStrategy: all) did not find any beans (OnBeanCondition)

   TransactionManagerCustomizationAutoConfiguration matched:
      - @ConditionalOnClass found required class 'org.springframework.transaction.PlatformTransactionManager' (OnClassCondition)

   TransactionManagerCustomizationAutoConfiguration#platformTransactionManagerCustomizers matched:
      - @ConditionalOnMissingBean (types: org.springframework.boot.autoconfigure.transaction.TransactionManagerCustomizers; SearchStrategy: all) did not find any beans (OnBeanCondition)

   UtilAutoConfiguration matched:
      - @ConditionalOnProperty (spring.cloud.util.enabled) matched (OnPropertyCondition)

   UtilAutoConfiguration#inetUtils matched:
      - @ConditionalOnMissingBean (types: org.springframework.cloud.commons.util.InetUtils; SearchStrategy: all) did not find any beans (OnBeanCondition)

   ValidationAutoConfiguration matched:
      - @ConditionalOnClass found required class 'jakarta.validation.executable.ExecutableValidator' (OnClassCondition)
      - @ConditionalOnResource found location classpath:META-INF/services/jakarta.validation.spi.ValidationProvider (OnResourceCondition)

   ValidationAutoConfiguration#defaultValidator matched:
      - @ConditionalOnMissingBean (types: jakarta.validation.Validator; SearchStrategy: all) did not find any beans (OnBeanCondition)

   ValidationAutoConfiguration#methodValidationPostProcessor matched:
      - @ConditionalOnMissingBean (types: org.springframework.validation.beanvalidation.MethodValidationPostProcessor; SearchStrategy: current) did not find any beans (OnBeanCondition)

   WebMvcAutoConfiguration matched:
      - @ConditionalOnClass found required classes 'jakarta.servlet.Servlet', 'org.springframework.web.servlet.DispatcherServlet', 'org.springframework.web.servlet.config.annotation.WebMvcConfigurer' (OnClassCondition)
      - found 'session' scope (OnWebApplicationCondition)
      - @ConditionalOnMissingBean (types: org.springframework.web.servlet.config.annotation.WebMvcConfigurationSupport; SearchStrategy: all) did not find any beans (OnBeanCondition)

   WebMvcAutoConfiguration#formContentFilter matched:
      - @ConditionalOnProperty (spring.mvc.formcontent.filter.enabled) matched (OnPropertyCondition)
      - @ConditionalOnMissingBean (types: org.springframework.web.filter.FormContentFilter; SearchStrategy: all) did not find any beans (OnBeanCondition)

   WebMvcAutoConfiguration.EnableWebMvcConfiguration#flashMapManager matched:
      - @ConditionalOnMissingBean (names: flashMapManager; SearchStrategy: all) did not find any beans (OnBeanCondition)

   WebMvcAutoConfiguration.EnableWebMvcConfiguration#localeResolver matched:
      - @ConditionalOnMissingBean (names: localeResolver; SearchStrategy: all) did not find any beans (OnBeanCondition)

   WebMvcAutoConfiguration.EnableWebMvcConfiguration#themeResolver matched:
      - @ConditionalOnMissingBean (names: themeResolver; SearchStrategy: all) did not find any beans (OnBeanCondition)

   WebMvcAutoConfiguration.EnableWebMvcConfiguration#viewNameTranslator matched:
      - @ConditionalOnMissingBean (names: viewNameTranslator; SearchStrategy: all) did not find any beans (OnBeanCondition)

   WebMvcAutoConfiguration.ResourceChainCustomizerConfiguration matched:
      - @ConditionalOnEnabledResourceChain found class org.webjars.WebJarVersionLocator (OnEnabledResourceChainCondition)

   WebMvcAutoConfiguration.WebMvcAutoConfigurationAdapter#defaultViewResolver matched:
      - @ConditionalOnMissingBean (types: org.springframework.web.servlet.view.InternalResourceViewResolver; SearchStrategy: all) did not find any beans (OnBeanCondition)

   WebMvcAutoConfiguration.WebMvcAutoConfigurationAdapter#requestContextFilter matched:
      - @ConditionalOnMissingBean (types: org.springframework.web.context.request.RequestContextListener,org.springframework.web.filter.RequestContextFilter; SearchStrategy: all) did not find any beans (OnBeanCondition)

   WebMvcAutoConfiguration.WebMvcAutoConfigurationAdapter#viewResolver matched:
      - @ConditionalOnBean (types: org.springframework.web.servlet.ViewResolver; SearchStrategy: all) found beans 'defaultViewResolver', 'beanNameViewResolver', 'mvcViewResolver'; @ConditionalOnMissingBean (names: viewResolver types: org.springframework.web.servlet.view.ContentNegotiatingViewResolver; SearchStrategy: all) did not find any beans (OnBeanCondition)

   WebSocketServletAutoConfiguration matched:
      - @ConditionalOnClass found required classes 'jakarta.servlet.Servlet', 'jakarta.websocket.server.ServerContainer' (OnClassCondition)
      - found 'session' scope (OnWebApplicationCondition)

   WebSocketServletAutoConfiguration.TomcatWebSocketConfiguration matched:
      - @ConditionalOnClass found required classes 'org.apache.catalina.startup.Tomcat', 'org.apache.tomcat.websocket.server.WsSci' (OnClassCondition)

   WebSocketServletAutoConfiguration.TomcatWebSocketConfiguration#websocketServletWebServerCustomizer matched:
      - @ConditionalOnMissingBean (names: websocketServletWebServerCustomizer; SearchStrategy: all) did not find any beans (OnBeanCondition)


Negative matches:
-----------------

   ActiveMQAutoConfiguration:
      Did not match:
         - @ConditionalOnClass did not find required class 'jakarta.jms.ConnectionFactory' (OnClassCondition)

   AopAutoConfiguration.AspectJAutoProxyingConfiguration:
      Did not match:
         - @ConditionalOnClass did not find required class 'org.aspectj.weaver.Advice' (OnClassCondition)

   ArtemisAutoConfiguration:
      Did not match:
         - @ConditionalOnClass did not find required class 'jakarta.jms.ConnectionFactory' (OnClassCondition)

   BatchAutoConfiguration:
      Did not match:
         - @ConditionalOnClass did not find required class 'org.springframework.batch.core.launch.JobLauncher' (OnClassCondition)

   Cache2kCacheConfiguration:
      Did not match:
         - @ConditionalOnClass did not find required class 'org.cache2k.Cache2kBuilder' (OnClassCondition)

   CacheAutoConfiguration:
      Did not match:
         - @ConditionalOnBean (types: org.springframework.cache.interceptor.CacheAspectSupport; SearchStrategy: all) did not find any beans of type org.springframework.cache.interceptor.CacheAspectSupport (OnBeanCondition)
      Matched:
         - @ConditionalOnClass found required class 'org.springframework.cache.CacheManager' (OnClassCondition)

   CacheAutoConfiguration.CacheManagerEntityManagerFactoryDependsOnPostProcessor:
      Did not match:
         - @ConditionalOnClass did not find required class 'org.springframework.orm.jpa.LocalContainerEntityManagerFactoryBean' (OnClassCondition)
         - Ancestor org.springframework.boot.autoconfigure.cache.CacheAutoConfiguration did not match (ConditionEvaluationReport.AncestorsMatchedCondition)

   CaffeineCacheConfiguration:
      Did not match:
         - @ConditionalOnClass did not find required class 'com.github.benmanes.caffeine.cache.Caffeine' (OnClassCondition)

   CassandraAutoConfiguration:
      Did not match:
         - @ConditionalOnClass did not find required class 'com.datastax.oss.driver.api.core.CqlSession' (OnClassCondition)

   CassandraDataAutoConfiguration:
      Did not match:
         - @ConditionalOnClass did not find required class 'com.datastax.oss.driver.api.core.CqlSession' (OnClassCondition)

   CassandraReactiveDataAutoConfiguration:
      Did not match:
         - @ConditionalOnClass did not find required class 'com.datastax.oss.driver.api.core.CqlSession' (OnClassCondition)

   CassandraReactiveRepositoriesAutoConfiguration:
      Did not match:
         - @ConditionalOnClass did not find required class 'org.springframework.data.cassandra.ReactiveSession' (OnClassCondition)

   CassandraRepositoriesAutoConfiguration:
      Did not match:
         - @ConditionalOnClass did not find required class 'com.datastax.oss.driver.api.core.CqlSession' (OnClassCondition)

   ClientHttpConnectorAutoConfiguration:
      Did not match:
         - @ConditionalOnClass did not find required class 'org.springframework.web.reactive.function.client.WebClient' (OnClassCondition)

   CloudHypermediaAutoConfiguration:
      Did not match:
         - @ConditionalOnClass did not find required class 'org.springframework.hateoas.Link' (OnClassCondition)

   CodecsAutoConfiguration:
      Did not match:
         - @ConditionalOnClass did not find required class 'org.springframework.web.reactive.function.client.WebClient' (OnClassCondition)

   CommonsClientAutoConfiguration.ActuatorConfiguration:
      Did not match:
         - @ConditionalOnClass did not find required class 'org.springframework.boot.actuate.endpoint.annotation.Endpoint' (OnClassCondition)

   CommonsClientAutoConfiguration.DiscoveryLoadBalancerConfiguration:
      Did not match:
         - @ConditionalOnClass did not find required class 'org.springframework.boot.actuate.health.HealthIndicator' (OnClassCondition)

   CouchbaseAutoConfiguration:
      Did not match:
         - @ConditionalOnClass did not find required class 'com.couchbase.client.java.Cluster' (OnClassCondition)

   CouchbaseCacheConfiguration:
      Did not match:
         - @ConditionalOnClass did not find required class 'com.couchbase.client.java.Cluster' (OnClassCondition)

   CouchbaseDataAutoConfiguration:
      Did not match:
         - @ConditionalOnClass did not find required class 'com.couchbase.client.java.Bucket' (OnClassCondition)

   CouchbaseReactiveDataAutoConfiguration:
      Did not match:
         - @ConditionalOnClass did not find required class 'com.couchbase.client.java.Cluster' (OnClassCondition)

   CouchbaseReactiveRepositoriesAutoConfiguration:
      Did not match:
         - @ConditionalOnClass did not find required class 'com.couchbase.client.java.Cluster' (OnClassCondition)

   CouchbaseRepositoriesAutoConfiguration:
      Did not match:
         - @ConditionalOnClass did not find required class 'com.couchbase.client.java.Bucket' (OnClassCondition)

   DataSourceAutoConfiguration:
      Did not match:
         - @ConditionalOnClass did not find required class 'org.springframework.jdbc.datasource.embedded.EmbeddedDatabaseType' (OnClassCondition)

   DataSourceInitializationConfiguration:
      Did not match:
         - @ConditionalOnClass did not find required class 'org.springframework.jdbc.datasource.init.DatabasePopulator' (OnClassCondition)

   DataSourceTransactionManagerAutoConfiguration:
      Did not match:
         - @ConditionalOnClass did not find required class 'org.springframework.jdbc.core.JdbcTemplate' (OnClassCondition)

   DevToolsDataSourceAutoConfiguration:
      Did not match:
         - DevTools DataSource Condition did not find a single DataSource bean (DevToolsDataSourceAutoConfiguration.DevToolsDataSourceCondition)
      Matched:
         - @ConditionalOnClass found required class 'javax.sql.DataSource' (OnClassCondition)
         - Devtools devtools enabled. (OnEnabledDevToolsCondition)

   DevToolsDataSourceAutoConfiguration.DatabaseShutdownExecutorEntityManagerFactoryDependsOnPostProcessor:
      Did not match:
         - @ConditionalOnClass did not find required class 'org.springframework.orm.jpa.LocalContainerEntityManagerFactoryBean' (OnClassCondition)
         - Ancestor org.springframework.boot.devtools.autoconfigure.DevToolsDataSourceAutoConfiguration did not match (ConditionEvaluationReport.AncestorsMatchedCondition)

   DevToolsR2dbcAutoConfiguration:
      Did not match:
         - @ConditionalOnClass did not find required class 'io.r2dbc.spi.ConnectionFactory' (OnClassCondition)

   DispatcherServletAutoConfiguration.DispatcherServletConfiguration#multipartResolver:
      Did not match:
         - @ConditionalOnBean (types: org.springframework.web.multipart.MultipartResolver; SearchStrategy: all) did not find any beans of type org.springframework.web.multipart.MultipartResolver (OnBeanCondition)

   ElasticsearchClientAutoConfiguration:
      Did not match:
         - @ConditionalOnClass did not find required class 'co.elastic.clients.elasticsearch.ElasticsearchClient' (OnClassCondition)

   ElasticsearchDataAutoConfiguration:
      Did not match:
         - @ConditionalOnClass did not find required class 'org.springframework.data.elasticsearch.client.elc.ElasticsearchTemplate' (OnClassCondition)

   ElasticsearchRepositoriesAutoConfiguration:
      Did not match:
         - @ConditionalOnClass did not find required class 'org.springframework.data.elasticsearch.repository.ElasticsearchRepository' (OnClassCondition)

   ElasticsearchRestClientAutoConfiguration:
      Did not match:
         - @ConditionalOnClass did not find required class 'org.elasticsearch.client.RestClientBuilder' (OnClassCondition)

   EmbeddedLdapAutoConfiguration:
      Did not match:
         - @ConditionalOnClass did not find required class 'com.unboundid.ldap.listener.InMemoryDirectoryServer' (OnClassCondition)

   EmbeddedWebServerFactoryCustomizerAutoConfiguration.JettyWebServerFactoryCustomizerConfiguration:
      Did not match:
         - @ConditionalOnClass did not find required classes 'org.eclipse.jetty.server.Server', 'org.eclipse.jetty.util.Loader', 'org.eclipse.jetty.ee10.webapp.WebAppContext' (OnClassCondition)

   EmbeddedWebServerFactoryCustomizerAutoConfiguration.NettyWebServerFactoryCustomizerConfiguration:
      Did not match:
         - @ConditionalOnClass did not find required class 'reactor.netty.http.server.HttpServer' (OnClassCondition)

   EmbeddedWebServerFactoryCustomizerAutoConfiguration.TomcatWebServerFactoryCustomizerConfiguration#tomcatVirtualThreadsProtocolHandlerCustomizer:
      Did not match:
         - @ConditionalOnThreading did not find VIRTUAL (OnThreadingCondition)

   EmbeddedWebServerFactoryCustomizerAutoConfiguration.UndertowWebServerFactoryCustomizerConfiguration:
      Did not match:
         - @ConditionalOnClass did not find required classes 'io.undertow.Undertow', 'org.xnio.SslClientAuthMode' (OnClassCondition)

   ErrorWebFluxAutoConfiguration:
      Did not match:
         - @ConditionalOnClass did not find required class 'org.springframework.web.reactive.config.WebFluxConfigurer' (OnClassCondition)

   FeignAcceptGzipEncodingAutoConfiguration:
      Did not match:
         - @ConditionalOnProperty (spring.cloud.openfeign.compression.response.enabled) did not find property 'spring.cloud.openfeign.compression.response.enabled' (OnPropertyCondition)
      Matched:
         - @ConditionalOnClass found required class 'feign.Feign' (OnClassCondition)

   FeignAutoConfiguration#cachingCapability:
      Did not match:
         - @ConditionalOnBean (types: org.springframework.cache.interceptor.CacheInterceptor; SearchStrategy: all) did not find any beans of type org.springframework.cache.interceptor.CacheInterceptor (OnBeanCondition)
      Matched:
         - @ConditionalOnProperty (spring.cloud.openfeign.cache.enabled) matched (OnPropertyCondition)

   FeignAutoConfiguration.CircuitBreakerPresentFeignTargeterConfiguration:
      Did not match:
         - @ConditionalOnProperty (spring.cloud.openfeign.circuitbreaker.enabled=true) did not find property 'spring.cloud.openfeign.circuitbreaker.enabled' (OnPropertyCondition)
      Matched:
         - @ConditionalOnClass found required class 'org.springframework.cloud.client.circuitbreaker.CircuitBreaker' (OnClassCondition)

   FeignAutoConfiguration.Http2ClientFeignConfiguration:
      Did not match:
         - @ConditionalOnClass did not find required class 'feign.http2client.Http2Client' (OnClassCondition)

   FeignAutoConfiguration.HttpClient5FeignConfiguration:
      Did not match:
         - @ConditionalOnClass did not find required class 'feign.hc5.ApacheHttp5Client' (OnClassCondition)

   FeignAutoConfiguration.Oauth2FeignConfiguration:
      Did not match:
         - @ConditionalOnClass did not find required class 'org.springframework.security.oauth2.client.OAuth2AuthorizedClientManager' (OnClassCondition)

   FeignAutoConfiguration.OkHttpFeignConfiguration:
      Did not match:
         - @ConditionalOnClass did not find required class 'feign.okhttp.OkHttpClient' (OnClassCondition)

   FeignContentGzipEncodingAutoConfiguration:
      Did not match:
         - @ConditionalOnProperty (spring.cloud.openfeign.compression.request.enabled) did not find property 'spring.cloud.openfeign.compression.request.enabled' (OnPropertyCondition)
      Matched:
         - @ConditionalOnClass found required class 'feign.Feign' (OnClassCondition)

   FeignHalAutoConfiguration:
      Did not match:
         - @ConditionalOnClass did not find required class 'org.springframework.hateoas.config.WebConverters' (OnClassCondition)

   FeignLoadBalancerAutoConfiguration:
      Did not match:
         - @ConditionalOnBean did not find required type 'org.springframework.cloud.loadbalancer.support.LoadBalancerClientFactory' (OnBeanCondition)

   FlywayAutoConfiguration:
      Did not match:
         - @ConditionalOnClass did not find required class 'org.flywaydb.core.Flyway' (OnClassCondition)

   FreeMarkerAutoConfiguration:
      Did not match:
         - @ConditionalOnClass did not find required class 'freemarker.template.Configuration' (OnClassCondition)

   GraphQlAutoConfiguration:
      Did not match:
         - @ConditionalOnClass did not find required class 'graphql.GraphQL' (OnClassCondition)

   GraphQlQueryByExampleAutoConfiguration:
      Did not match:
         - @ConditionalOnClass did not find required class 'graphql.GraphQL' (OnClassCondition)

   GraphQlQuerydslAutoConfiguration:
      Did not match:
         - @ConditionalOnClass did not find required class 'com.querydsl.core.Query' (OnClassCondition)

   GraphQlRSocketAutoConfiguration:
      Did not match:
         - @ConditionalOnClass did not find required class 'graphql.GraphQL' (OnClassCondition)

   GraphQlReactiveQueryByExampleAutoConfiguration:
      Did not match:
         - @ConditionalOnClass did not find required class 'graphql.GraphQL' (OnClassCondition)

   GraphQlReactiveQuerydslAutoConfiguration:
      Did not match:
         - @ConditionalOnClass did not find required class 'com.querydsl.core.Query' (OnClassCondition)

   GraphQlWebFluxAutoConfiguration:
      Did not match:
         - @ConditionalOnClass did not find required class 'graphql.GraphQL' (OnClassCondition)

   GraphQlWebFluxSecurityAutoConfiguration:
      Did not match:
         - @ConditionalOnClass did not find required class 'graphql.GraphQL' (OnClassCondition)

   GraphQlWebMvcAutoConfiguration:
      Did not match:
         - @ConditionalOnClass did not find required class 'graphql.GraphQL' (OnClassCondition)

   GraphQlWebMvcSecurityAutoConfiguration:
      Did not match:
         - @ConditionalOnClass did not find required class 'graphql.GraphQL' (OnClassCondition)

   GroovyTemplateAutoConfiguration:
      Did not match:
         - @ConditionalOnClass did not find required class 'groovy.text.markup.MarkupTemplateEngine' (OnClassCondition)

   GsonAutoConfiguration:
      Did not match:
         - @ConditionalOnClass did not find required class 'com.google.gson.Gson' (OnClassCondition)

   GsonHttpMessageConvertersConfiguration:
      Did not match:
         - @ConditionalOnClass did not find required class 'com.google.gson.Gson' (OnClassCondition)

   H2ConsoleAutoConfiguration:
      Did not match:
         - @ConditionalOnClass did not find required class 'org.h2.server.web.JakartaWebServlet' (OnClassCondition)

   HazelcastAutoConfiguration:
      Did not match:
         - @ConditionalOnClass did not find required class 'com.hazelcast.core.HazelcastInstance' (OnClassCondition)

   HazelcastCacheConfiguration:
      Did not match:
         - @ConditionalOnClass did not find required class 'com.hazelcast.core.HazelcastInstance' (OnClassCondition)

   HazelcastJpaDependencyAutoConfiguration:
      Did not match:
         - @ConditionalOnClass did not find required class 'com.hazelcast.core.HazelcastInstance' (OnClassCondition)

   HibernateJpaAutoConfiguration:
      Did not match:
         - @ConditionalOnClass did not find required class 'org.springframework.orm.jpa.LocalContainerEntityManagerFactoryBean' (OnClassCondition)

   HttpHandlerAutoConfiguration:
      Did not match:
         - @ConditionalOnClass did not find required class 'org.springframework.web.reactive.DispatcherHandler' (OnClassCondition)

   HypermediaAutoConfiguration:
      Did not match:
         - @ConditionalOnClass did not find required class 'org.springframework.hateoas.EntityModel' (OnClassCondition)

   InfinispanCacheConfiguration:
      Did not match:
         - @ConditionalOnClass did not find required class 'org.infinispan.spring.embedded.provider.SpringEmbeddedCacheManager' (OnClassCondition)

   IntegrationAutoConfiguration:
      Did not match:
         - @ConditionalOnClass did not find required class 'org.springframework.integration.config.EnableIntegration' (OnClassCondition)

   JCacheCacheConfiguration:
      Did not match:
         - @ConditionalOnClass did not find required class 'javax.cache.Caching' (OnClassCondition)

   JacksonHttpMessageConvertersConfiguration.MappingJackson2XmlHttpMessageConverterConfiguration:
      Did not match:
         - @ConditionalOnClass did not find required class 'com.fasterxml.jackson.dataformat.xml.XmlMapper' (OnClassCondition)

   JdbcClientAutoConfiguration:
      Did not match:
         - @ConditionalOnSingleCandidate did not find required type 'org.springframework.jdbc.core.namedparam.NamedParameterJdbcTemplate' (OnBeanCondition)

   JdbcRepositoriesAutoConfiguration:
      Did not match:
         - @ConditionalOnClass did not find required class 'org.springframework.data.jdbc.repository.config.AbstractJdbcConfiguration' (OnClassCondition)

   JdbcTemplateAutoConfiguration:
      Did not match:
         - @ConditionalOnClass did not find required class 'org.springframework.jdbc.core.JdbcTemplate' (OnClassCondition)

   JedisConnectionConfiguration:
      Did not match:
         - @ConditionalOnClass did not find required classes 'org.apache.commons.pool2.impl.GenericObjectPool', 'redis.clients.jedis.Jedis' (OnClassCondition)

   JerseyAutoConfiguration:
      Did not match:
         - @ConditionalOnClass did not find required class 'org.glassfish.jersey.server.spring.SpringComponentProvider' (OnClassCondition)

   JmsAutoConfiguration:
      Did not match:
         - @ConditionalOnClass did not find required class 'jakarta.jms.Message' (OnClassCondition)

   JndiConnectionFactoryAutoConfiguration:
      Did not match:
         - @ConditionalOnClass did not find required class 'org.springframework.jms.core.JmsTemplate' (OnClassCondition)

   JndiDataSourceAutoConfiguration:
      Did not match:
         - @ConditionalOnClass did not find required class 'org.springframework.jdbc.datasource.embedded.EmbeddedDatabaseType' (OnClassCondition)

   JndiJtaConfiguration:
      Did not match:
         - @ConditionalOnJndi JNDI environment is not available (OnJndiCondition)
      Matched:
         - @ConditionalOnClass found required class 'org.springframework.transaction.jta.JtaTransactionManager' (OnClassCondition)

   JooqAutoConfiguration:
      Did not match:
         - @ConditionalOnClass did not find required class 'org.jooq.DSLContext' (OnClassCondition)

   JpaRepositoriesAutoConfiguration:
      Did not match:
         - @ConditionalOnClass did not find required class 'org.springframework.data.jpa.repository.JpaRepository' (OnClassCondition)

   JsonbAutoConfiguration:
      Did not match:
         - @ConditionalOnClass did not find required class 'jakarta.json.bind.Jsonb' (OnClassCondition)

   JsonbHttpMessageConvertersConfiguration:
      Did not match:
         - @ConditionalOnClass did not find required class 'jakarta.json.bind.Jsonb' (OnClassCondition)

   KafkaAnnotationDrivenConfiguration#kafkaListenerContainerFactoryConfigurerVirtualThreads:
      Did not match:
         - @ConditionalOnMissingBean (types: org.springframework.boot.autoconfigure.kafka.ConcurrentKafkaListenerContainerFactoryConfigurer; SearchStrategy: all) found beans of type 'org.springframework.boot.autoconfigure.kafka.ConcurrentKafkaListenerContainerFactoryConfigurer' kafkaListenerContainerFactoryConfigurer (OnBeanCondition)

   KafkaAutoConfiguration#kafkaJaasInitializer:
      Did not match:
         - @ConditionalOnProperty (spring.kafka.jaas.enabled) did not find property 'spring.kafka.jaas.enabled' (OnPropertyCondition)

   KafkaAutoConfiguration#kafkaRetryTopicConfiguration:
      Did not match:
         - @ConditionalOnProperty (spring.kafka.retry.topic.enabled) did not find property 'spring.kafka.retry.topic.enabled' (OnPropertyCondition)

   KafkaAutoConfiguration#kafkaTransactionManager:
      Did not match:
         - @ConditionalOnProperty (spring.kafka.producer.transaction-id-prefix) did not find property 'spring.kafka.producer.transaction-id-prefix' (OnPropertyCondition)

   KafkaStreamsAnnotationDrivenConfiguration:
      Did not match:
         - @ConditionalOnClass did not find required class 'org.apache.kafka.streams.StreamsBuilder' (OnClassCondition)

   LdapAutoConfiguration:
      Did not match:
         - @ConditionalOnClass did not find required class 'org.springframework.ldap.core.ContextSource' (OnClassCondition)

   LdapRepositoriesAutoConfiguration:
      Did not match:
         - @ConditionalOnClass did not find required class 'org.springframework.data.ldap.repository.LdapRepository' (OnClassCondition)

   LettuceConnectionConfiguration#redisConnectionFactory:
      Did not match:
         - @ConditionalOnMissingBean (types: org.springframework.data.redis.connection.RedisConnectionFactory; SearchStrategy: all) found beans of type 'org.springframework.data.redis.connection.RedisConnectionFactory' redisConnectionFactory (OnBeanCondition)

   LettuceConnectionConfiguration#redisConnectionFactoryVirtualThreads:
      Did not match:
         - @ConditionalOnMissingBean (types: org.springframework.data.redis.connection.RedisConnectionFactory; SearchStrategy: all) found beans of type 'org.springframework.data.redis.connection.RedisConnectionFactory' redisConnectionFactory (OnBeanCondition)

   LiquibaseAutoConfiguration:
      Did not match:
         - @ConditionalOnClass did not find required class 'liquibase.change.DatabaseChange' (OnClassCondition)

   LoadBalancerAutoConfiguration:
      Did not match:
         - @ConditionalOnBean (types: org.springframework.cloud.client.loadbalancer.LoadBalancerClient; SearchStrategy: all) did not find any beans of type org.springframework.cloud.client.loadbalancer.LoadBalancerClient (OnBeanCondition)
      Matched:
         - AnyNestedCondition 2 matched 0 did not; NestedCondition on BlockingRestClassesPresentCondition.RestClientPresent @ConditionalOnClass found required class 'org.springframework.web.client.RestClient'; NestedCondition on BlockingRestClassesPresentCondition.RestTemplatePresent @ConditionalOnClass found required class 'org.springframework.web.client.RestTemplate' (BlockingRestClassesPresentCondition)

   LoadBalancerAutoConfiguration.RetryAutoConfiguration:
      Did not match:
         - Ancestor org.springframework.cloud.client.loadbalancer.LoadBalancerAutoConfiguration did not match (ConditionEvaluationReport.AncestorsMatchedCondition)
      Matched:
         - @ConditionalOnClass found required class 'org.springframework.retry.support.RetryTemplate' (OnClassCondition)

   LoadBalancerAutoConfiguration.RetryInterceptorAutoConfiguration:
      Did not match:
         - Ancestor org.springframework.cloud.client.loadbalancer.LoadBalancerAutoConfiguration did not match (ConditionEvaluationReport.AncestorsMatchedCondition)
      Matched:
         - @ConditionalOnClass found required class 'org.springframework.retry.support.RetryTemplate' (OnClassCondition)
         - @ConditionalOnProperty (spring.cloud.loadbalancer.retry.enabled) matched (OnPropertyCondition)

   LoadBalancerBeanPostProcessorAutoConfiguration:
      Did not match:
         - @ConditionalOnClass did not find required class 'org.springframework.web.reactive.function.client.WebClient' (OnClassCondition)

   MailSenderAutoConfiguration:
      Did not match:
         - AnyNestedCondition 0 matched 2 did not; NestedCondition on MailSenderAutoConfiguration.MailSenderCondition.JndiNameProperty @ConditionalOnProperty (spring.mail.jndi-name) did not find property 'jndi-name'; NestedCondition on MailSenderAutoConfiguration.MailSenderCondition.HostProperty @ConditionalOnProperty (spring.mail.host) did not find property 'host' (MailSenderAutoConfiguration.MailSenderCondition)
      Matched:
         - @ConditionalOnClass found required classes 'jakarta.mail.internet.MimeMessage', 'jakarta.activation.MimeType', 'org.springframework.mail.MailSender' (OnClassCondition)

   MailSenderValidatorAutoConfiguration:
      Did not match:
         - @ConditionalOnProperty (spring.mail.test-connection) did not find property 'test-connection' (OnPropertyCondition)

   MessageSourceAutoConfiguration:
      Did not match:
         - ResourceBundle did not find bundle with basename messages (MessageSourceAutoConfiguration.ResourceBundleCondition)

   MongoAutoConfiguration:
      Did not match:
         - @ConditionalOnClass did not find required class 'com.mongodb.client.MongoClient' (OnClassCondition)

   MongoDataAutoConfiguration:
      Did not match:
         - @ConditionalOnClass did not find required class 'com.mongodb.client.MongoClient' (OnClassCondition)

   MongoReactiveAutoConfiguration:
      Did not match:
         - @ConditionalOnClass did not find required class 'com.mongodb.reactivestreams.client.MongoClient' (OnClassCondition)

   MongoReactiveDataAutoConfiguration:
      Did not match:
         - @ConditionalOnClass did not find required class 'com.mongodb.reactivestreams.client.MongoClient' (OnClassCondition)

   MongoReactiveRepositoriesAutoConfiguration:
      Did not match:
         - @ConditionalOnClass did not find required class 'com.mongodb.reactivestreams.client.MongoClient' (OnClassCondition)

   MongoRepositoriesAutoConfiguration:
      Did not match:
         - @ConditionalOnClass did not find required class 'com.mongodb.client.MongoClient' (OnClassCondition)

   MultipleOpenApiSupportConfiguration:
      Did not match:
         - AnyNestedCondition 0 matched 2 did not; NestedCondition on MultipleOpenApiSupportCondition.OnActuatorDifferentPort @ConditionalOnProperty (springdoc.show-actuator) did not find property 'springdoc.show-actuator'; NestedCondition on MultipleOpenApiSupportCondition.OnMultipleOpenApiSupportCondition AnyNestedCondition 0 matched 3 did not; NestedCondition on MultipleOpenApiGroupsCondition.OnListGroupedOpenApiBean @ConditionalOnBean (types: org.springdoc.core.models.GroupedOpenApi; SearchStrategy: all) did not find any beans of type org.springdoc.core.models.GroupedOpenApi; NestedCondition on MultipleOpenApiGroupsCondition.OnGroupConfigProperty @ConditionalOnProperty (springdoc.group-configs[0].group) did not find property 'springdoc.group-configs[0].group'; NestedCondition on MultipleOpenApiGroupsCondition.OnGroupedOpenApiBean @ConditionalOnBean (types: org.springdoc.core.models.GroupedOpenApi; SearchStrategy: all) did not find any beans of type org.springdoc.core.models.GroupedOpenApi (MultipleOpenApiSupportCondition)
      Matched:
         - found 'session' scope (OnWebApplicationCondition)
         - @ConditionalOnProperty (springdoc.api-docs.enabled) matched (OnPropertyCondition)

   MultipleOpenApiSupportConfiguration.SpringDocWebMvcActuatorDifferentConfiguration:
      Did not match:
         - @ConditionalOnClass did not find required class 'org.springframework.boot.actuate.endpoint.web.servlet.WebMvcEndpointHandlerMapping' (OnClassCondition)
         - Ancestor org.springdoc.webmvc.core.configuration.MultipleOpenApiSupportConfiguration did not match (ConditionEvaluationReport.AncestorsMatchedCondition)

   MustacheAutoConfiguration:
      Did not match:
         - @ConditionalOnClass did not find required class 'com.samskivert.mustache.Mustache' (OnClassCondition)

   OAuth2AuthorizationServerAutoConfiguration:
      Did not match:
         - @ConditionalOnClass did not find required class 'org.springframework.security.oauth2.server.authorization.OAuth2Authorization' (OnClassCondition)

   OAuth2AuthorizationServerJwtAutoConfiguration:
      Did not match:
         - @ConditionalOnClass did not find required class 'org.springframework.security.oauth2.server.authorization.OAuth2Authorization' (OnClassCondition)

   OAuth2ClientAutoConfiguration:
      Did not match:
         - @ConditionalOnClass did not find required class 'org.springframework.security.oauth2.client.registration.ClientRegistration' (OnClassCondition)

   OAuth2ResourceServerJwtConfiguration.JwtConverterConfiguration:
      Did not match:
         - AnyNestedCondition 0 matched 3 did not; NestedCondition on OAuth2ResourceServerJwtConfiguration.JwtConverterPropertiesCondition.OnAuthoritiesClaimName @ConditionalOnProperty (spring.security.oauth2.resourceserver.jwt.authorities-claim-name) did not find property 'authorities-claim-name'; NestedCondition on OAuth2ResourceServerJwtConfiguration.JwtConverterPropertiesCondition.OnPrincipalClaimName @ConditionalOnProperty (spring.security.oauth2.resourceserver.jwt.principal-claim-name) did not find property 'principal-claim-name'; NestedCondition on OAuth2ResourceServerJwtConfiguration.JwtConverterPropertiesCondition.OnAuthorityPrefix @ConditionalOnProperty (spring.security.oauth2.resourceserver.jwt.authority-prefix) did not find property 'authority-prefix' (OAuth2ResourceServerJwtConfiguration.JwtConverterPropertiesCondition)

   OAuth2ResourceServerJwtConfiguration.JwtDecoderConfiguration:
      Did not match:
         - @ConditionalOnMissingBean (types: org.springframework.security.oauth2.jwt.JwtDecoder; SearchStrategy: all) found beans of type 'org.springframework.security.oauth2.jwt.JwtDecoder' customJwtDecode (OnBeanCondition)

   OAuth2ResourceServerJwtConfiguration.OAuth2SecurityFilterChainConfiguration:
      Did not match:
         - AllNestedConditions 1 matched 1 did not; NestedCondition on DefaultWebSecurityCondition.Beans @ConditionalOnMissingBean (types: org.springframework.security.web.SecurityFilterChain; SearchStrategy: all) found beans of type 'org.springframework.security.web.SecurityFilterChain' securityFilterChain; NestedCondition on DefaultWebSecurityCondition.Classes @ConditionalOnClass found required classes 'org.springframework.security.web.SecurityFilterChain', 'org.springframework.security.config.annotation.web.builders.HttpSecurity' (DefaultWebSecurityCondition)

   OAuth2ResourceServerOpaqueTokenConfiguration.OAuth2SecurityFilterChainConfiguration:
      Did not match:
         - AllNestedConditions 1 matched 1 did not; NestedCondition on DefaultWebSecurityCondition.Beans @ConditionalOnMissingBean (types: org.springframework.security.web.SecurityFilterChain; SearchStrategy: all) found beans of type 'org.springframework.security.web.SecurityFilterChain' securityFilterChain; NestedCondition on DefaultWebSecurityCondition.Classes @ConditionalOnClass found required classes 'org.springframework.security.web.SecurityFilterChain', 'org.springframework.security.config.annotation.web.builders.HttpSecurity' (DefaultWebSecurityCondition)

   OAuth2ResourceServerOpaqueTokenConfiguration.OpaqueTokenIntrospectionClientConfiguration#opaqueTokenIntrospector:
      Did not match:
         - @ConditionalOnProperty (spring.security.oauth2.resourceserver.opaquetoken.introspection-uri) did not find property 'spring.security.oauth2.resourceserver.opaquetoken.introspection-uri' (OnPropertyCondition)

   ProjectInfoAutoConfiguration#buildProperties:
      Did not match:
         - @ConditionalOnResource did not find resource '${spring.info.build.location:classpath:META-INF/build-info.properties}' (OnResourceCondition)

   ProjectInfoAutoConfiguration#gitProperties:
      Did not match:
         - GitResource did not find git info at classpath:git.properties (ProjectInfoAutoConfiguration.GitResourceAvailableCondition)

   PulsarAutoConfiguration:
      Did not match:
         - @ConditionalOnClass did not find required class 'org.apache.pulsar.client.api.PulsarClient' (OnClassCondition)

   PulsarReactiveAutoConfiguration:
      Did not match:
         - @ConditionalOnClass did not find required class 'org.apache.pulsar.client.api.PulsarClient' (OnClassCondition)

   QuartzAutoConfiguration:
      Did not match:
         - @ConditionalOnClass did not find required class 'org.quartz.Scheduler' (OnClassCondition)

   R2dbcAutoConfiguration:
      Did not match:
         - @ConditionalOnClass did not find required class 'io.r2dbc.spi.ConnectionFactory' (OnClassCondition)

   R2dbcDataAutoConfiguration:
      Did not match:
         - @ConditionalOnClass did not find required class 'org.springframework.data.r2dbc.core.R2dbcEntityTemplate' (OnClassCondition)

   R2dbcInitializationConfiguration:
      Did not match:
         - @ConditionalOnClass did not find required classes 'io.r2dbc.spi.ConnectionFactory', 'org.springframework.r2dbc.connection.init.DatabasePopulator' (OnClassCondition)

   R2dbcProxyAutoConfiguration:
      Did not match:
         - @ConditionalOnClass did not find required class 'io.r2dbc.proxy.ProxyConnectionFactory' (OnClassCondition)

   R2dbcRepositoriesAutoConfiguration:
      Did not match:
         - @ConditionalOnClass did not find required class 'io.r2dbc.spi.ConnectionFactory' (OnClassCondition)

   R2dbcTransactionManagerAutoConfiguration:
      Did not match:
         - @ConditionalOnClass did not find required class 'org.springframework.r2dbc.connection.R2dbcTransactionManager' (OnClassCondition)

   RSocketGraphQlClientAutoConfiguration:
      Did not match:
         - @ConditionalOnClass did not find required class 'graphql.GraphQL' (OnClassCondition)

   RSocketMessagingAutoConfiguration:
      Did not match:
         - @ConditionalOnClass did not find required class 'io.rsocket.RSocket' (OnClassCondition)

   RSocketRequesterAutoConfiguration:
      Did not match:
         - @ConditionalOnClass did not find required class 'io.rsocket.RSocket' (OnClassCondition)

   RSocketSecurityAutoConfiguration:
      Did not match:
         - @ConditionalOnClass did not find required class 'org.springframework.security.rsocket.core.SecuritySocketAcceptorInterceptor' (OnClassCondition)

   RSocketServerAutoConfiguration:
      Did not match:
         - @ConditionalOnClass did not find required class 'io.rsocket.core.RSocketServer' (OnClassCondition)

   RSocketStrategiesAutoConfiguration:
      Did not match:
         - @ConditionalOnClass did not find required class 'io.rsocket.RSocket' (OnClassCondition)

   RabbitAnnotationDrivenConfiguration#directRabbitListenerContainerFactory:
      Did not match:
         - @ConditionalOnProperty (spring.rabbitmq.listener.type=direct) did not find property 'type' (OnPropertyCondition)

   RabbitAnnotationDrivenConfiguration#directRabbitListenerContainerFactoryConfigurerVirtualThreads:
      Did not match:
         - @ConditionalOnMissingBean (types: org.springframework.boot.autoconfigure.amqp.DirectRabbitListenerContainerFactoryConfigurer; SearchStrategy: all) found beans of type 'org.springframework.boot.autoconfigure.amqp.DirectRabbitListenerContainerFactoryConfigurer' directRabbitListenerContainerFactoryConfigurer (OnBeanCondition)

   RabbitAnnotationDrivenConfiguration#simpleRabbitListenerContainerFactoryConfigurerVirtualThreads:
      Did not match:
         - @ConditionalOnMissingBean (types: org.springframework.boot.autoconfigure.amqp.SimpleRabbitListenerContainerFactoryConfigurer; SearchStrategy: all) found beans of type 'org.springframework.boot.autoconfigure.amqp.SimpleRabbitListenerContainerFactoryConfigurer' simpleRabbitListenerContainerFactoryConfigurer (OnBeanCondition)

   RabbitStreamConfiguration:
      Did not match:
         - @ConditionalOnClass did not find required class 'org.springframework.rabbit.stream.config.StreamRabbitListenerContainerFactory' (OnClassCondition)

   ReactiveCommonsClientAutoConfiguration.ReactiveDiscoveryLoadBalancerConfiguration:
      Did not match:
         - @ConditionalOnClass did not find required classes 'org.springframework.boot.actuate.health.ReactiveHealthIndicator', 'org.springframework.web.reactive.function.client.WebClient' (OnClassCondition)

   ReactiveCompositeDiscoveryClientAutoConfiguration:
      Did not match:
         - @ConditionalOnClass did not find required class 'org.springframework.web.reactive.function.client.WebClient' (OnClassCondition)

   ReactiveElasticsearchClientAutoConfiguration:
      Did not match:
         - @ConditionalOnClass did not find required class 'co.elastic.clients.transport.ElasticsearchTransport' (OnClassCondition)

   ReactiveElasticsearchRepositoriesAutoConfiguration:
      Did not match:
         - @ConditionalOnClass did not find required class 'org.springframework.data.elasticsearch.client.elc.ReactiveElasticsearchClient' (OnClassCondition)

   ReactiveMultipartAutoConfiguration:
      Did not match:
         - @ConditionalOnClass did not find required class 'org.springframework.web.reactive.config.WebFluxConfigurer' (OnClassCondition)

   ReactiveOAuth2ClientAutoConfiguration:
      Did not match:
         - @ConditionalOnClass did not find required class 'org.springframework.security.oauth2.client.registration.ClientRegistration' (OnClassCondition)

   ReactiveOAuth2ResourceServerAutoConfiguration:
      Did not match:
         - @ConditionalOnWebApplication did not find reactive web application classes (OnWebApplicationCondition)

   ReactiveSecurityAutoConfiguration:
      Did not match:
         - @ConditionalOnClass did not find required class 'org.springframework.web.reactive.config.WebFluxConfigurer' (OnClassCondition)

   ReactiveUserDetailsServiceAutoConfiguration:
      Did not match:
         - AnyNestedCondition 0 matched 3 did not; NestedCondition on ReactiveUserDetailsServiceAutoConfiguration.MissingAlternativeOrUserPropertiesConfigured.PasswordConfigured @ConditionalOnProperty (spring.security.user.password) did not find property 'password'; NestedCondition on ReactiveUserDetailsServiceAutoConfiguration.MissingAlternativeOrUserPropertiesConfigured.NameConfigured @ConditionalOnProperty (spring.security.user.name) did not find property 'name'; NestedCondition on ReactiveUserDetailsServiceAutoConfiguration.MissingAlternativeOrUserPropertiesConfigured.MissingAlternative @ConditionalOnMissingClass found unwanted class 'org.springframework.security.oauth2.server.resource.introspection.ReactiveOpaqueTokenIntrospector' (ReactiveUserDetailsServiceAutoConfiguration.MissingAlternativeOrUserPropertiesConfigured)
      Matched:
         - @ConditionalOnClass found required class 'org.springframework.security.authentication.ReactiveAuthenticationManager' (OnClassCondition)

   ReactiveWebServerFactoryAutoConfiguration:
      Did not match:
         - @ConditionalOnWebApplication did not find reactive web application classes (OnWebApplicationCondition)

   ReactorLoadBalancerClientAutoConfiguration:
      Did not match:
         - @ConditionalOnClass did not find required class 'org.springframework.web.reactive.function.client.WebClient' (OnClassCondition)

   RedisAutoConfiguration#redisTemplate:
      Did not match:
         - @ConditionalOnMissingBean (names: redisTemplate; SearchStrategy: all) found beans named redisTemplate (OnBeanCondition)

   RefreshAutoConfiguration#legacyContextRefresher:
      Did not match:
         - AnyNestedCondition 0 matched 3 did not; NestedCondition on ConditionalOnBootstrapEnabled.OnBootstrapEnabledCondition.OnBootstrapEnabled @ConditionalOnProperty (spring.cloud.bootstrap.enabled) did not find property 'spring.cloud.bootstrap.enabled'; NestedCondition on ConditionalOnBootstrapEnabled.OnBootstrapEnabledCondition.OnUseLegacyProcessingEnabled @ConditionalOnProperty (spring.config.use-legacy-processing) did not find property 'spring.config.use-legacy-processing'; NestedCondition on ConditionalOnBootstrapEnabled.OnBootstrapEnabledCondition.OnBootstrapMarkerClassPresent @ConditionalOnClass did not find required class 'org.springframework.cloud.bootstrap.marker.Marker' (ConditionalOnBootstrapEnabled.OnBootstrapEnabledCondition)

   RefreshAutoConfiguration.JpaInvokerConfiguration:
      Did not match:
         - @ConditionalOnClass did not find required class 'javax.persistence.EntityManagerFactory' (OnClassCondition)

   RefreshEndpointAutoConfiguration:
      Did not match:
         - @ConditionalOnClass did not find required class 'org.springframework.boot.actuate.autoconfigure.endpoint.EndpointAutoConfiguration' (OnClassCondition)

   RemoteDevToolsAutoConfiguration:
      Did not match:
         - @ConditionalOnProperty (spring.devtools.remote.secret) did not find property 'secret' (OnPropertyCondition)
      Matched:
         - @ConditionalOnClass found required classes 'jakarta.servlet.Filter', 'org.springframework.http.server.ServerHttpRequest' (OnClassCondition)

   RepositoryRestMvcAutoConfiguration:
      Did not match:
         - @ConditionalOnClass did not find required class 'org.springframework.data.rest.webmvc.config.RepositoryRestMvcConfiguration' (OnClassCondition)

   Saml2RelyingPartyAutoConfiguration:
      Did not match:
         - @ConditionalOnClass did not find required class 'org.springframework.security.saml2.provider.service.registration.RelyingPartyRegistrationRepository' (OnClassCondition)

   SecurityDataConfiguration:
      Did not match:
         - @ConditionalOnClass did not find required class 'org.springframework.security.data.repository.query.SecurityEvaluationContextExtension' (OnClassCondition)

   SendGridAutoConfiguration:
      Did not match:
         - @ConditionalOnClass did not find required class 'com.sendgrid.SendGrid' (OnClassCondition)

   ServiceRegistryAutoConfiguration.ServiceRegistryEndpointConfiguration:
      Did not match:
         - @ConditionalOnClass did not find required class 'org.springframework.boot.actuate.endpoint.annotation.Endpoint' (OnClassCondition)

   ServletWebServerFactoryAutoConfiguration.ForwardedHeaderFilterConfiguration:
      Did not match:
         - @ConditionalOnProperty (server.forward-headers-strategy=framework) did not find property 'server.forward-headers-strategy' (OnPropertyCondition)

   ServletWebServerFactoryConfiguration.EmbeddedJetty:
      Did not match:
         - @ConditionalOnClass did not find required classes 'org.eclipse.jetty.server.Server', 'org.eclipse.jetty.util.Loader', 'org.eclipse.jetty.ee10.webapp.WebAppContext' (OnClassCondition)

   ServletWebServerFactoryConfiguration.EmbeddedUndertow:
      Did not match:
         - @ConditionalOnClass did not find required classes 'io.undertow.Undertow', 'org.xnio.SslClientAuthMode' (OnClassCondition)

   SessionAutoConfiguration:
      Did not match:
         - @ConditionalOnClass did not find required class 'org.springframework.session.Session' (OnClassCondition)

   SimpleReactiveDiscoveryClientAutoConfiguration:
      Did not match:
         - @ConditionalOnClass did not find required class 'org.springframework.web.reactive.function.client.WebClient' (OnClassCondition)

   SpringBootWebSecurityConfiguration.SecurityFilterChainConfiguration:
      Did not match:
         - AllNestedConditions 1 matched 1 did not; NestedCondition on DefaultWebSecurityCondition.Beans @ConditionalOnMissingBean (types: org.springframework.security.web.SecurityFilterChain; SearchStrategy: all) found beans of type 'org.springframework.security.web.SecurityFilterChain' securityFilterChain; NestedCondition on DefaultWebSecurityCondition.Classes @ConditionalOnClass found required classes 'org.springframework.security.web.SecurityFilterChain', 'org.springframework.security.config.annotation.web.builders.HttpSecurity' (DefaultWebSecurityCondition)

   SpringBootWebSecurityConfiguration.WebSecurityEnablerConfiguration:
      Did not match:
         - @ConditionalOnMissingBean (names: springSecurityFilterChain; SearchStrategy: all) found beans named springSecurityFilterChain (OnBeanCondition)
      Matched:
         - @ConditionalOnClass found required class 'org.springframework.security.config.annotation.web.configuration.EnableWebSecurity' (OnClassCondition)

   SpringDocConfiguration#propertiesResolverForSchema:
      Did not match:
         - @ConditionalOnProperty (springdoc.api-docs.resolve-schema-properties) did not find property 'springdoc.api-docs.resolve-schema-properties' (OnPropertyCondition)

   SpringDocConfiguration#propertyCustomizingConverter:
      Did not match:
         - @ConditionalOnBean (types: org.springdoc.core.customizers.PropertyCustomizer; SearchStrategy: all) did not find any beans of type org.springdoc.core.customizers.PropertyCustomizer (OnBeanCondition)

   SpringDocConfiguration#springdocBeanFactoryPostProcessor:
      Did not match:
         - AnyNestedCondition 0 matched 2 did not; NestedCondition on CacheOrGroupedOpenApiCondition.OnCacheDisabled found non-matching nested conditions @ConditionalOnProperty (springdoc.cache.disabled) did not find property 'springdoc.cache.disabled'; NestedCondition on CacheOrGroupedOpenApiCondition.OnMultipleOpenApiSupportCondition AnyNestedCondition 0 matched 2 did not; NestedCondition on MultipleOpenApiSupportCondition.OnActuatorDifferentPort @ConditionalOnProperty (springdoc.show-actuator) did not find property 'springdoc.show-actuator'; NestedCondition on MultipleOpenApiSupportCondition.OnMultipleOpenApiSupportCondition AnyNestedCondition 0 matched 3 did not; NestedCondition on MultipleOpenApiGroupsCondition.OnListGroupedOpenApiBean @ConditionalOnBean (types: org.springdoc.core.models.GroupedOpenApi; SearchStrategy: all) did not find any beans of type org.springdoc.core.models.GroupedOpenApi; NestedCondition on MultipleOpenApiGroupsCondition.OnGroupConfigProperty @ConditionalOnProperty (springdoc.group-configs[0].group) did not find property 'springdoc.group-configs[0].group'; NestedCondition on MultipleOpenApiGroupsCondition.OnGroupedOpenApiBean @ConditionalOnBean (types: org.springdoc.core.models.GroupedOpenApi; SearchStrategy: all) did not find any beans of type org.springdoc.core.models.GroupedOpenApi (CacheOrGroupedOpenApiCondition)
      Matched:
         - @ConditionalOnClass found required class 'org.springframework.boot.context.properties.bind.BindResult' (OnClassCondition)

   SpringDocConfiguration#springdocBeanFactoryPostProcessor2:
      Did not match:
         - @ConditionalOnMissingClass found unwanted class 'org.springframework.boot.context.properties.bind.BindResult' (OnClassCondition)

   SpringDocConfiguration.SpringDocActuatorConfiguration:
      Did not match:
         - @ConditionalOnClass did not find required class 'org.springframework.boot.actuate.autoconfigure.endpoint.web.WebEndpointProperties' (OnClassCondition)

   SpringDocConfiguration.SpringDocRepositoryRestConfiguration:
      Did not match:
         - @ConditionalOnClass did not find required class 'org.springframework.data.rest.core.config.RepositoryRestConfiguration' (OnClassCondition)

   SpringDocDataRestConfiguration:
      Did not match:
         - @ConditionalOnClass did not find required class 'org.springframework.data.rest.core.config.RepositoryRestConfiguration' (OnClassCondition)

   SpringDocFunctionCatalogConfiguration:
      Did not match:
         - @ConditionalOnClass did not find required class 'org.springframework.cloud.function.web.function.FunctionEndpointInitializer' (OnClassCondition)

   SpringDocGroovyConfiguration:
      Did not match:
         - @ConditionalOnClass did not find required class 'groovy.lang.MetaClass' (OnClassCondition)

   SpringDocHateoasConfiguration:
      Did not match:
         - @ConditionalOnClass did not find required class 'org.springframework.hateoas.server.LinkRelationProvider' (OnClassCondition)

   SpringDocJacksonKotlinModuleConfiguration:
      Did not match:
         - @ConditionalOnClass did not find required class 'com.fasterxml.jackson.module.kotlin.KotlinModule' (OnClassCondition)

   SpringDocJavadocConfiguration:
      Did not match:
         - @ConditionalOnClass did not find required class 'com.github.therapi.runtimejavadoc.CommentFormatter' (OnClassCondition)

   SpringDocKotlinConfiguration.KotlinReflectDependingConfiguration:
      Did not match:
         - @ConditionalOnClass did not find required class 'kotlin.reflect.full.KClasses' (OnClassCondition)

   SpringDocKotlinxConfiguration:
      Did not match:
         - @ConditionalOnClass did not find required class 'kotlinx.coroutines.flow.Flow' (OnClassCondition)

   SpringDocSecurityConfiguration.SpringDocSecurityOAuth2ClientConfiguration:
      Did not match:
         - @ConditionalOnClass did not find required class 'org.springframework.security.oauth2.client.annotation.RegisteredOAuth2AuthorizedClient' (OnClassCondition)

   SpringDocSecurityConfiguration.SpringDocSecurityOAuth2Configuration:
      Did not match:
         - @ConditionalOnClass did not find required class 'org.springframework.security.oauth2.server.authorization.OAuth2AuthorizationService' (OnClassCondition)

   SpringDocSecurityConfiguration.SpringSecurityLoginEndpointConfiguration#springSecurityLoginEndpointCustomizer:
      Did not match:
         - @ConditionalOnProperty (springdoc.show-login-endpoint) did not find property 'springdoc.show-login-endpoint' (OnPropertyCondition)

   SpringDocSortConfiguration#dataRestDelegatingMethodParameterCustomizer:
      Did not match:
         - @ConditionalOnMissingBean (types: org.springdoc.core.customizers.DataRestDelegatingMethodParameterCustomizer; SearchStrategy: all) found beans of type 'org.springdoc.core.customizers.DataRestDelegatingMethodParameterCustomizer' dataRestDelegatingMethodParameterCustomizer (OnBeanCondition)

   SpringDocWebMvcConfiguration.SpringDocWebMvcActuatorConfiguration:
      Did not match:
         - @ConditionalOnClass did not find required class 'org.springframework.boot.actuate.endpoint.web.servlet.WebMvcEndpointHandlerMapping' (OnClassCondition)

   SwaggerConfig#springWebProvider:
      Did not match:
         - @ConditionalOnMissingBean (types: org.springdoc.core.providers.SpringWebProvider; SearchStrategy: all) found beans of type 'org.springdoc.core.providers.SpringWebProvider' springWebProvider (OnBeanCondition)

   SwaggerConfig#swaggerUiHome:
      Did not match:
         - @ConditionalOnProperty (springdoc.swagger-ui.use-root-path=true) did not find property 'springdoc.swagger-ui.use-root-path' (OnPropertyCondition)

   SwaggerConfig.SwaggerActuatorWelcomeConfiguration:
      Did not match:
         - @ConditionalOnClass did not find required class 'org.springframework.boot.actuate.endpoint.web.servlet.WebMvcEndpointHandlerMapping' (OnClassCondition)

   TaskExecutorConfigurations.SimpleAsyncTaskExecutorBuilderConfiguration#simpleAsyncTaskExecutorBuilderVirtualThreads:
      Did not match:
         - @ConditionalOnMissingBean (types: org.springframework.boot.task.SimpleAsyncTaskExecutorBuilder; SearchStrategy: all) found beans of type 'org.springframework.boot.task.SimpleAsyncTaskExecutorBuilder' simpleAsyncTaskExecutorBuilder (OnBeanCondition)

   TaskExecutorConfigurations.TaskExecutorConfiguration#applicationTaskExecutorVirtualThreads:
      Did not match:
         - @ConditionalOnThreading did not find VIRTUAL (OnThreadingCondition)

   TaskSchedulingAutoConfiguration#scheduledBeanLazyInitializationExcludeFilter:
      Did not match:
         - @ConditionalOnBean (names: org.springframework.context.annotation.internalScheduledAnnotationProcessor; SearchStrategy: all) did not find any beans named org.springframework.context.annotation.internalScheduledAnnotationProcessor (OnBeanCondition)

   TaskSchedulingConfigurations.SimpleAsyncTaskSchedulerBuilderConfiguration#simpleAsyncTaskSchedulerBuilderVirtualThreads:
      Did not match:
         - @ConditionalOnMissingBean (types: org.springframework.boot.task.SimpleAsyncTaskSchedulerBuilder; SearchStrategy: all) found beans of type 'org.springframework.boot.task.SimpleAsyncTaskSchedulerBuilder' simpleAsyncTaskSchedulerBuilder (OnBeanCondition)

   TaskSchedulingConfigurations.TaskSchedulerConfiguration:
      Did not match:
         - @ConditionalOnBean (names: org.springframework.context.annotation.internalScheduledAnnotationProcessor; SearchStrategy: all) did not find any beans named org.springframework.context.annotation.internalScheduledAnnotationProcessor (OnBeanCondition)

   ThymeleafAutoConfiguration:
      Did not match:
         - @ConditionalOnClass did not find required class 'org.thymeleaf.spring6.SpringTemplateEngine' (OnClassCondition)

   TransactionAutoConfiguration#transactionalOperator:
      Did not match:
         - @ConditionalOnSingleCandidate (types: org.springframework.transaction.ReactiveTransactionManager; SearchStrategy: all) did not find any beans (OnBeanCondition)

   TransactionAutoConfiguration.AspectJTransactionManagementConfiguration:
      Did not match:
         - @ConditionalOnBean did not find required type 'org.springframework.transaction.aspectj.AbstractTransactionAspect' (OnBeanCondition)
         - @ConditionalOnBean (types: org.springframework.transaction.aspectj.AbstractTransactionAspect; SearchStrategy: all) did not find any beans of type org.springframework.transaction.aspectj.AbstractTransactionAspect (OnBeanCondition)

   TransactionAutoConfiguration.EnableTransactionManagementConfiguration.JdkDynamicAutoProxyConfiguration:
      Did not match:
         - @ConditionalOnProperty (spring.aop.proxy-target-class=false) did not find property 'proxy-target-class' (OnPropertyCondition)

   UserDetailsServiceAutoConfiguration:
      Did not match:
         - AnyNestedCondition 0 matched 3 did not; NestedCondition on UserDetailsServiceAutoConfiguration.MissingAlternativeOrUserPropertiesConfigured.PasswordConfigured @ConditionalOnProperty (spring.security.user.password) did not find property 'password'; NestedCondition on UserDetailsServiceAutoConfiguration.MissingAlternativeOrUserPropertiesConfigured.NameConfigured @ConditionalOnProperty (spring.security.user.name) did not find property 'name'; NestedCondition on UserDetailsServiceAutoConfiguration.MissingAlternativeOrUserPropertiesConfigured.MissingAlternative @ConditionalOnMissingClass found unwanted class 'org.springframework.security.oauth2.server.resource.introspection.OpaqueTokenIntrospector' (UserDetailsServiceAutoConfiguration.MissingAlternativeOrUserPropertiesConfigured)
      Matched:
         - @ConditionalOnClass found required class 'org.springframework.security.authentication.AuthenticationManager' (OnClassCondition)
         - found 'session' scope (OnWebApplicationCondition)

   WebClientAutoConfiguration:
      Did not match:
         - @ConditionalOnClass did not find required class 'org.springframework.web.reactive.function.client.WebClient' (OnClassCondition)

   WebFluxAutoConfiguration:
      Did not match:
         - @ConditionalOnClass did not find required class 'org.springframework.web.reactive.config.WebFluxConfigurer' (OnClassCondition)

   WebMvcAutoConfiguration#hiddenHttpMethodFilter:
      Did not match:
         - @ConditionalOnProperty (spring.mvc.hiddenmethod.filter.enabled) did not find property 'enabled' (OnPropertyCondition)

   WebMvcAutoConfiguration.ProblemDetailsErrorHandlingConfiguration:
      Did not match:
         - @ConditionalOnProperty (spring.mvc.problemdetails.enabled=true) did not find property 'enabled' (OnPropertyCondition)

   WebMvcAutoConfiguration.WebMvcAutoConfigurationAdapter#beanNameViewResolver:
      Did not match:
         - @ConditionalOnMissingBean (types: org.springframework.web.servlet.view.BeanNameViewResolver; SearchStrategy: all) found beans of type 'org.springframework.web.servlet.view.BeanNameViewResolver' beanNameViewResolver (OnBeanCondition)

   WebServiceTemplateAutoConfiguration:
      Did not match:
         - @ConditionalOnClass did not find required class 'org.springframework.ws.client.core.WebServiceTemplate' (OnClassCondition)

   WebServicesAutoConfiguration:
      Did not match:
         - @ConditionalOnClass did not find required class 'org.springframework.ws.transport.http.MessageDispatcherServlet' (OnClassCondition)

   WebSessionIdResolverAutoConfiguration:
      Did not match:
         - @ConditionalOnWebApplication did not find reactive web application classes (OnWebApplicationCondition)

   WebSocketMessagingAutoConfiguration:
      Did not match:
         - @ConditionalOnClass did not find required class 'org.springframework.web.socket.config.annotation.WebSocketMessageBrokerConfigurer' (OnClassCondition)

   WebSocketReactiveAutoConfiguration:
      Did not match:
         - @ConditionalOnWebApplication did not find reactive web application classes (OnWebApplicationCondition)

   WebSocketServletAutoConfiguration.JettyWebSocketConfiguration:
      Did not match:
         - @ConditionalOnClass did not find required class 'org.eclipse.jetty.ee10.websocket.jakarta.server.config.JakartaWebSocketServletContainerInitializer' (OnClassCondition)

   WebSocketServletAutoConfiguration.UndertowWebSocketConfiguration:
      Did not match:
         - @ConditionalOnClass did not find required class 'io.undertow.websockets.jsr.Bootstrap' (OnClassCondition)

   WritableEnvironmentEndpointAutoConfiguration:
      Did not match:
         - @ConditionalOnClass did not find required class 'org.springframework.boot.actuate.autoconfigure.env.EnvironmentEndpointProperties' (OnClassCondition)

   XADataSourceAutoConfiguration:
      Did not match:
         - @ConditionalOnClass did not find required class 'org.springframework.jdbc.datasource.embedded.EmbeddedDatabaseType' (OnClassCondition)


Exclusions:
-----------

    None


Unconditional classes:
----------------------

    org.springframework.boot.autoconfigure.context.ConfigurationPropertiesAutoConfiguration

    org.springframework.cloud.client.ReactiveCommonsClientAutoConfiguration

    org.springframework.boot.autoconfigure.ssl.SslAutoConfiguration

    org.springframework.cloud.client.discovery.simple.SimpleDiscoveryClientAutoConfiguration

    org.springframework.boot.autoconfigure.context.PropertyPlaceholderAutoConfiguration

    org.springframework.boot.autoconfigure.context.LifecycleAutoConfiguration

    org.springframework.cloud.client.CommonsClientAutoConfiguration

    org.springframework.cloud.commons.config.CommonsConfigAutoConfiguration

    org.springframework.cloud.client.loadbalancer.LoadBalancerDefaultMappingsProviderAutoConfiguration

    org.springframework.cloud.client.discovery.composite.CompositeDiscoveryClientAutoConfiguration

    org.springframework.cloud.client.serviceregistry.ServiceRegistryAutoConfiguration

    org.springframework.cloud.autoconfigure.LifecycleMvcEndpointAutoConfiguration

    org.springdoc.core.configuration.SpringDocSpecPropertiesConfiguration

    org.springframework.boot.autoconfigure.availability.ApplicationAvailabilityAutoConfiguration

    org.springframework.boot.autoconfigure.info.ProjectInfoAutoConfiguration



2025-12-30 22:35:59.129  INFO --- [  restartedMain] c.f.p.ProfileServiceApplication          : Started ProfileServiceApplication in 9.911 seconds (process running for 11.686)
2025-12-30 22:35:59.131 DEBUG --- [  restartedMain] o.s.b.a.ApplicationAvailabilityBean      : Application availability state LivenessState changed to CORRECT
2025-12-30 22:35:59.134 DEBUG --- [  restartedMain] o.s.boot.devtools.restart.Restarter      : Creating new Restarter for thread Thread[#1,main,5,main]
2025-12-30 22:35:59.134 DEBUG --- [  restartedMain] o.s.boot.devtools.restart.Restarter      : Immediately restarting application
2025-12-30 22:35:59.134 DEBUG --- [  restartedMain] o.s.boot.devtools.restart.Restarter      : Starting application com.fsocial.profileservice.ProfileServiceApplication with URLs [file:/C:/Users/acer/OneDrive/Workspace/Fsocial/Fsocial_be/profileService/target/classes/]
2025-12-30 22:35:59.135 DEBUG --- [  restartedMain] o.s.b.a.ApplicationAvailabilityBean      : Application availability state ReadinessState changed to ACCEPTING_TRAFFIC
2025-12-30 22:36:38.631 DEBUG --- [nio-8085-exec-1] o.a.c.a.jaspic.AuthConfigFactoryImpl     : Loading persistent provider registrations from [C:\Users\acer\AppData\Local\Temp\tomcat.8085.8893367412767744999\conf\jaspic-providers.xml]
2025-12-30 22:36:38.635  INFO --- [nio-8085-exec-1] o.a.c.c.C.[.[localhost].[/profile]       : Initializing Spring DispatcherServlet 'dispatcherServlet'
2025-12-30 22:36:38.635  INFO --- [nio-8085-exec-1] o.s.web.servlet.DispatcherServlet        : Initializing Servlet 'dispatcherServlet'
2025-12-30 22:36:38.635 DEBUG --- [nio-8085-exec-1] o.s.web.servlet.DispatcherServlet        : Detected StandardServletMultipartResolver
2025-12-30 22:36:38.635 DEBUG --- [nio-8085-exec-1] o.s.web.servlet.DispatcherServlet        : Detected AcceptHeaderLocaleResolver
2025-12-30 22:36:38.635 DEBUG --- [nio-8085-exec-1] o.s.web.servlet.DispatcherServlet        : Detected FixedThemeResolver
2025-12-30 22:36:38.636 DEBUG --- [nio-8085-exec-1] o.s.web.servlet.DispatcherServlet        : Detected org.springframework.web.servlet.view.DefaultRequestToViewNameTranslator@62908824
2025-12-30 22:36:38.637 DEBUG --- [nio-8085-exec-1] o.s.web.servlet.DispatcherServlet        : Detected org.springframework.web.servlet.support.SessionFlashMapManager@5d69f92e
2025-12-30 22:36:38.637 DEBUG --- [nio-8085-exec-1] o.s.web.servlet.DispatcherServlet        : enableLoggingRequestDetails='false': request parameters and headers will be masked to prevent unsafe logging of potentially sensitive data
2025-12-30 22:36:38.637  INFO --- [nio-8085-exec-1] o.s.web.servlet.DispatcherServlet        : Completed initialization in 2 ms
2025-12-30 22:36:38.655 DEBUG --- [nio-8085-exec-1] o.s.security.web.FilterChainProxy        : Securing GET /profile-page
2025-12-30 22:36:38.706 DEBUG --- [nio-8085-exec-1] o.s.s.o.s.r.a.JwtAuthenticationProvider  : Authenticated token
2025-12-30 22:36:38.707 DEBUG --- [nio-8085-exec-1] .s.r.w.a.BearerTokenAuthenticationFilter : Set SecurityContextHolder to JwtAuthenticationToken [Principal=org.springframework.security.oauth2.jwt.Jwt@2c7278bf, Credentials=[PROTECTED], Authenticated=true, Details=WebAuthenticationDetails [RemoteIpAddress=127.0.0.1, SessionId=null], Granted Authorities=[ROLE_USER]]
2025-12-30 22:36:38.709 DEBUG --- [nio-8085-exec-1] o.s.security.web.FilterChainProxy        : Secured GET /profile-page
2025-12-30 22:36:38.709  INFO --- [nio-8085-exec-1] c.f.profileservice.config.AppConfig      : Request URI: /profile/profile-page
2025-12-30 22:36:38.711 DEBUG --- [nio-8085-exec-1] o.s.web.servlet.DispatcherServlet        : GET "/profile/profile-page", parameters={}
2025-12-30 22:36:38.712 DEBUG --- [nio-8085-exec-1] s.w.s.m.m.a.RequestMappingHandlerMapping : Mapped to com.fsocial.profileservice.controller.AccountProfileController#getProfilePage()
2025-12-30 22:36:38.724 DEBUG --- [nio-8085-exec-1] o.s.d.n.c.t.Neo4jTransactionManager      : Creating new transaction with name [com.fsocial.profileservice.services.impl.AccountProfileServiceImpl.getProfilePageByUserId]: PROPAGATION_REQUIRED,ISOLATION_DEFAULT,readOnly
2025-12-30 22:36:39.118 DEBUG --- [o4jDriverIO-2-2] jdk.event.security                       : X509Certificate: Alg:SHA256withRSA, Serial:6a030e0cbf25b10636fe6e7374478c48, Subject:CN=neo4j.io, Issuer:CN=SSL.com RSA SSL subCA, O=SSL Corporation, L=Houston, ST=Texas, C=US, Key type:RSA, Length:2048, Cert Id:104139854, Valid from:11/21/25, 7:30 PM, Valid until:11/21/26, 7:30 PM
2025-12-30 22:36:39.118 DEBUG --- [o4jDriverIO-2-2] jdk.event.security                       : X509Certificate: Alg:SHA256withRSA, Serial:997ed109d1f07fc, Subject:CN=SSL.com RSA SSL subCA, O=SSL Corporation, L=Houston, ST=Texas, C=US, Issuer:CN=SSL.com Root Certification Authority RSA, O=SSL Corporation, L=Houston, ST=Texas, C=US, Key type:RSA, Length:4096, Cert Id:1219116031, Valid from:2/13/16, 1:48 AM, Valid until:2/13/31, 1:48 AM
2025-12-30 22:36:39.118 DEBUG --- [o4jDriverIO-2-2] jdk.event.security                       : X509Certificate: Alg:SHA256withRSA, Serial:7b2c9bd316803299, Subject:CN=SSL.com Root Certification Authority RSA, O=SSL Corporation, L=Houston, ST=Texas, C=US, Issuer:CN=SSL.com Root Certification Authority RSA, O=SSL Corporation, L=Houston, ST=Texas, C=US, Key type:RSA, Length:4096, Cert Id:156725711, Valid from:2/13/16, 12:39 AM, Valid until:2/13/41, 12:39 AM
2025-12-30 22:36:39.119 DEBUG --- [o4jDriverIO-2-2] jdk.event.security                       : X509Certificate: Alg:SHA1withRSA, Serial:444c0, Subject:CN=Certum Trusted Network CA, OU=Certum Certification Authority, O=Unizeto Technologies S.A., C=PL, Issuer:CN=Certum Trusted Network CA, OU=Certum Certification Authority, O=Unizeto Technologies S.A., C=PL, Key type:RSA, Length:2048, Cert Id:2014002193, Valid from:10/22/08, 7:07 PM, Valid until:12/31/29, 7:07 PM
2025-12-30 22:36:39.139 DEBUG --- [o4jDriverIO-2-2] jdk.event.security                       : ValidationChain: 156725711, 1219116031, 104139854
2025-12-30 22:36:39.143 DEBUG --- [o4jDriverIO-2-2] jdk.event.security                       : X509Certificate: Alg:SHA256withRSA, Serial:570a119742c4e3cc, Subject:CN=Actalis Authentication Root CA, O=Actalis S.p.A./03358520967, L=Milan, C=IT, Issuer:CN=Actalis Authentication Root CA, O=Actalis S.p.A./03358520967, L=Milan, C=IT, Key type:RSA, Length:4096, Cert Id:1729119956, Valid from:9/22/11, 6:22 PM, Valid until:9/22/30, 6:22 PM
2025-12-30 22:36:39.143 DEBUG --- [o4jDriverIO-2-2] jdk.event.security                       : X509Certificate: Alg:SHA1withRSA, Serial:1, Subject:CN=AddTrust External CA Root, OU=AddTrust External TTP Network, O=AddTrust AB, C=SE, Issuer:CN=AddTrust External CA Root, OU=AddTrust External TTP Network, O=AddTrust AB, C=SE, Key type:RSA, Length:2048, Cert Id:3968614624, Valid from:5/30/00, 5:48 PM, Valid until:5/30/20, 5:48 PM
2025-12-30 22:36:39.144 DEBUG --- [o4jDriverIO-2-2] jdk.event.security                       : X509Certificate: Alg:SHA1withRSA, Serial:1, Subject:CN=AddTrust Qualified CA Root, OU=AddTrust TTP Network, O=AddTrust AB, C=SE, Issuer:CN=AddTrust Qualified CA Root, OU=AddTrust TTP Network, O=AddTrust AB, C=SE, Key type:RSA, Length:2048, Cert Id:607365522, Valid from:5/30/00, 5:44 PM, Valid until:5/30/20, 5:44 PM
2025-12-30 22:36:39.144 DEBUG --- [o4jDriverIO-2-2] jdk.event.security                       : X509Certificate: Alg:SHA256withRSA, Serial:7777062726a9b17c, Subject:CN=AffirmTrust Commercial, O=AffirmTrust, C=US, Issuer:CN=AffirmTrust Commercial, O=AffirmTrust, C=US, Key type:RSA, Length:2048, Cert Id:630485644, Valid from:1/29/10, 9:06 PM, Valid until:12/31/30, 9:06 PM
2025-12-30 22:36:39.144 DEBUG --- [o4jDriverIO-2-2] jdk.event.security                       : X509Certificate: Alg:SHA1withRSA, Serial:7c4f04391cd4992d, Subject:CN=AffirmTrust Networking, O=AffirmTrust, C=US, Issuer:CN=AffirmTrust Networking, O=AffirmTrust, C=US, Key type:RSA, Length:2048, Cert Id:651670175, Valid from:1/29/10, 9:08 PM, Valid until:12/31/30, 9:08 PM
2025-12-30 22:36:39.144 DEBUG --- [o4jDriverIO-2-2] jdk.event.security                       : X509Certificate: Alg:SHA384withRSA, Serial:6d8c1446b1a60aee, Subject:CN=AffirmTrust Premium, O=AffirmTrust, C=US, Issuer:CN=AffirmTrust Premium, O=AffirmTrust, C=US, Key type:RSA, Length:4096, Cert Id:2164683341, Valid from:1/29/10, 9:10 PM, Valid until:12/31/40, 9:10 PM
2025-12-30 22:36:39.144 DEBUG --- [o4jDriverIO-2-2] jdk.event.security                       : X509Certificate: Alg:SHA384withECDSA, Serial:7497258ac73f7a54, Subject:CN=AffirmTrust Premium ECC, O=AffirmTrust, C=US, Issuer:CN=AffirmTrust Premium ECC, O=AffirmTrust, C=US, Key type:EC, Length:384, Cert Id:2214603510, Valid from:1/29/10, 9:20 PM, Valid until:12/31/40, 9:20 PM
2025-12-30 22:36:39.144 DEBUG --- [o4jDriverIO-2-2] jdk.event.security                       : X509Certificate: Alg:SHA256withRSA, Serial:66c9fcf99bf8c0a39e2f0788a43e696365bca, Subject:CN=Amazon Root CA 1, O=Amazon, C=US, Issuer:CN=Amazon Root CA 1, O=Amazon, C=US, Key type:RSA, Length:2048, Cert Id:2822522334, Valid from:5/26/15, 7:00 AM, Valid until:1/17/38, 7:00 AM
2025-12-30 22:36:39.144 DEBUG --- [o4jDriverIO-2-2] jdk.event.security                       : X509Certificate: Alg:SHA384withRSA, Serial:66c9fd29635869f0a0fe58678f85b26bb8a37, Subject:CN=Amazon Root CA 2, O=Amazon, C=US, Issuer:CN=Amazon Root CA 2, O=Amazon, C=US, Key type:RSA, Length:4096, Cert Id:2528834908, Valid from:5/26/15, 7:00 AM, Valid until:5/26/40, 7:00 AM
2025-12-30 22:36:39.144 DEBUG --- [o4jDriverIO-2-2] jdk.event.security                       : X509Certificate: Alg:SHA256withECDSA, Serial:66c9fd5749736663f3b0b9ad9e89e7603f24a, Subject:CN=Amazon Root CA 3, O=Amazon, C=US, Issuer:CN=Amazon Root CA 3, O=Amazon, C=US, Key type:EC, Length:256, Cert Id:2732679773, Valid from:5/26/15, 7:00 AM, Valid until:5/26/40, 7:00 AM
2025-12-30 22:36:39.144 DEBUG --- [o4jDriverIO-2-2] jdk.event.security                       : X509Certificate: Alg:SHA384withECDSA, Serial:66c9fd7c1bb104c2943e5717b7b2cc81ac10e, Subject:CN=Amazon Root CA 4, O=Amazon, C=US, Issuer:CN=Amazon Root CA 4, O=Amazon, C=US, Key type:EC, Length:384, Cert Id:2640694783, Valid from:5/26/15, 7:00 AM, Valid until:5/26/40, 7:00 AM
2025-12-30 22:36:39.145 DEBUG --- [o4jDriverIO-2-2] jdk.event.security                       : X509Certificate: Alg:SHA1withRSA, Serial:20000b9, Subject:CN=Baltimore CyberTrust Root, OU=CyberTrust, O=Baltimore, C=IE, Issuer:CN=Baltimore CyberTrust Root, OU=CyberTrust, O=Baltimore, C=IE, Key type:RSA, Length:2048, Cert Id:1425294543, Valid from:5/13/00, 1:46 AM, Valid until:5/13/25, 6:59 AM
2025-12-30 22:36:39.145 DEBUG --- [o4jDriverIO-2-2] jdk.event.security                       : X509Certificate: Alg:SHA256withRSA, Serial:2, Subject:CN=Buypass Class 2 Root CA, O=Buypass AS-983163327, C=NO, Issuer:CN=Buypass Class 2 Root CA, O=Buypass AS-983163327, C=NO, Key type:RSA, Length:4096, Cert Id:969960563, Valid from:10/26/10, 3:38 PM, Valid until:10/26/40, 3:38 PM
2025-12-30 22:36:39.145 DEBUG --- [o4jDriverIO-2-2] jdk.event.security                       : X509Certificate: Alg:SHA256withRSA, Serial:2, Subject:CN=Buypass Class 3 Root CA, O=Buypass AS-983163327, C=NO, Issuer:CN=Buypass Class 3 Root CA, O=Buypass AS-983163327, C=NO, Key type:RSA, Length:4096, Cert Id:1264269967, Valid from:10/26/10, 3:28 PM, Valid until:10/26/40, 3:28 PM
2025-12-30 22:36:39.145 DEBUG --- [o4jDriverIO-2-2] jdk.event.security                       : X509Certificate: Alg:SHA1withRSA, Serial:a3da427ea4b1aeda, Subject:CN=Chambers of Commerce Root - 2008, O=AC Camerfirma S.A., SERIALNUMBER=A82743287, L=Madrid (see current address at www.camerfirma.com/address), C=EU, Issuer:CN=Chambers of Commerce Root - 2008, O=AC Camerfirma S.A., SERIALNUMBER=A82743287, L=Madrid (see current address at www.camerfirma.com/address), C=EU, Key type:RSA, Length:4096, Cert Id:4266703372, Valid from:8/1/08, 7:29 PM, Valid until:7/31/38, 7:29 PM
2025-12-30 22:36:39.145 DEBUG --- [o4jDriverIO-2-2] jdk.event.security                       : X509Certificate: Alg:SHA1withRSA, Serial:0, Subject:CN=Chambers of Commerce Root, OU=http://www.chambersign.org, O=AC Camerfirma SA CIF A82743287, C=EU, Issuer:CN=Chambers of Commerce Root, OU=http://www.chambersign.org, O=AC Camerfirma SA CIF A82743287, C=EU, Key type:RSA, Length:2048, Cert Id:1827306452, Valid from:9/30/03, 11:13 PM, Valid until:9/30/37, 11:13 PM
2025-12-30 22:36:39.145 DEBUG --- [o4jDriverIO-2-2] jdk.event.security                       : X509Certificate: Alg:SHA1withRSA, Serial:c9cdd3e9d57d23ce, Subject:CN=Global Chambersign Root - 2008, O=AC Camerfirma S.A., SERIALNUMBER=A82743287, L=Madrid (see current address at www.camerfirma.com/address), C=EU, Issuer:CN=Global Chambersign Root - 2008, O=AC Camerfirma S.A., SERIALNUMBER=A82743287, L=Madrid (see current address at www.camerfirma.com/address), C=EU, Key type:RSA, Length:4096, Cert Id:1271252776, Valid from:8/1/08, 7:31 PM, Valid until:7/31/38, 7:31 PM
2025-12-30 22:36:39.145 DEBUG --- [o4jDriverIO-2-2] jdk.event.security                       : X509Certificate: Alg:SHA384withECDSA, Serial:62533b1470333275cf98d9ab9bfccf8, Subject:CN=Certainly Root E1, O=Certainly, C=US, Issuer:CN=Certainly Root E1, O=Certainly, C=US, Key type:EC, Length:384, Cert Id:792571453, Valid from:4/1/21, 7:00 AM, Valid until:4/1/46, 7:00 AM
2025-12-30 22:36:39.145 DEBUG --- [o4jDriverIO-2-2] jdk.event.security                       : X509Certificate: Alg:SHA256withRSA, Serial:8e0ff94b907168653354f4d44439b7e0, Subject:CN=Certainly Root R1, O=Certainly, C=US, Issuer:CN=Certainly Root R1, O=Certainly, C=US, Key type:RSA, Length:4096, Cert Id:2255958535, Valid from:4/1/21, 7:00 AM, Valid until:4/1/46, 7:00 AM
2025-12-30 22:36:39.145 DEBUG --- [o4jDriverIO-2-2] jdk.event.security                       : X509Certificate: Alg:SHA1withRSA, Serial:fedce3010fc948ff, Subject:CN=Certigna, O=Dhimyotis, C=FR, Issuer:CN=Certigna, O=Dhimyotis, C=FR, Key type:RSA, Length:2048, Cert Id:3506875840, Valid from:6/29/07, 10:13 PM, Valid until:6/29/27, 10:13 PM
2025-12-30 22:36:39.145 DEBUG --- [o4jDriverIO-2-2] jdk.event.security                       : X509Certificate: Alg:SHA256withRSA, Serial:cae91b89f155030da3e6416dc4e3a6e1, Subject:CN=Certigna Root CA, OU=0002 48146308100036, O=Dhimyotis, C=FR, Issuer:CN=Certigna Root CA, OU=0002 48146308100036, O=Dhimyotis, C=FR, Key type:RSA, Length:4096, Cert Id:356684591, Valid from:10/1/13, 3:32 PM, Valid until:10/1/33, 3:32 PM
2025-12-30 22:36:39.146 DEBUG --- [o4jDriverIO-2-2] jdk.event.security                       : X509Certificate: Alg:SHA1withRSA, Serial:10020, Subject:CN=Certum CA, O=Unizeto Sp. z o.o., C=PL, Issuer:CN=Certum CA, O=Unizeto Sp. z o.o., C=PL, Key type:RSA, Length:2048, Cert Id:3550516030, Valid from:6/11/02, 5:46 PM, Valid until:6/11/27, 5:46 PM
2025-12-30 22:36:39.146 DEBUG --- [o4jDriverIO-2-2] jdk.event.security                       : X509Certificate: Alg:SHA1withRSA, Serial:444c0, Subject:CN=Certum Trusted Network CA, OU=Certum Certification Authority, O=Unizeto Technologies S.A., C=PL, Issuer:CN=Certum Trusted Network CA, OU=Certum Certification Authority, O=Unizeto Technologies S.A., C=PL, Key type:RSA, Length:2048, Cert Id:2014002193, Valid from:10/22/08, 7:07 PM, Valid until:12/31/29, 7:07 PM
2025-12-30 22:36:39.146 DEBUG --- [o4jDriverIO-2-2] jdk.event.security                       : X509Certificate: Alg:SHA1withRSA, Serial:15c8bd65475cafb897005ee406d2bc9d, Subject:OU=ePKI Root Certification Authority, O="Chunghwa Telecom Co., Ltd.", C=TW, Issuer:OU=ePKI Root Certification Authority, O="Chunghwa Telecom Co., Ltd.", C=TW, Key type:RSA, Length:4096, Cert Id:3632331159, Valid from:12/20/04, 9:31 AM, Valid until:12/20/34, 9:31 AM
2025-12-30 22:36:39.146 DEBUG --- [o4jDriverIO-2-2] jdk.event.security                       : X509Certificate: Alg:SHA1withRSA, Serial:1, Subject:CN=AAA Certificate Services, O=Comodo CA Limited, L=Salford, ST=Greater Manchester, C=GB, Issuer:CN=AAA Certificate Services, O=Comodo CA Limited, L=Salford, ST=Greater Manchester, C=GB, Key type:RSA, Length:2048, Cert Id:3097386402, Valid from:1/1/04, 7:00 AM, Valid until:1/1/29, 6:59 AM
2025-12-30 22:36:39.146 DEBUG --- [o4jDriverIO-2-2] jdk.event.security                       : X509Certificate: Alg:SHA384withECDSA, Serial:1f47afaa62007050544c019e9b63992a, Subject:CN=COMODO ECC Certification Authority, O=COMODO CA Limited, L=Salford, ST=Greater Manchester, C=GB, Issuer:CN=COMODO ECC Certification Authority, O=COMODO CA Limited, L=Salford, ST=Greater Manchester, C=GB, Key type:EC, Length:384, Cert Id:1146488932, Valid from:3/6/08, 7:00 AM, Valid until:1/19/38, 6:59 AM
2025-12-30 22:36:39.146 DEBUG --- [o4jDriverIO-2-2] jdk.event.security                       : X509Certificate: Alg:SHA384withRSA, Serial:4caaf9cadb636fe01ff74ed85b03869d, Subject:CN=COMODO RSA Certification Authority, O=COMODO CA Limited, L=Salford, ST=Greater Manchester, C=GB, Issuer:CN=COMODO RSA Certification Authority, O=COMODO CA Limited, L=Salford, ST=Greater Manchester, C=GB, Key type:RSA, Length:4096, Cert Id:1769425049, Valid from:1/19/10, 7:00 AM, Valid until:1/19/38, 6:59 AM
2025-12-30 22:36:39.146 DEBUG --- [o4jDriverIO-2-2] jdk.event.security                       : X509Certificate: Alg:SHA256withRSA, Serial:b931c3ad63967ea6723bfc3af9af44b, Subject:CN=DigiCert Assured ID Root G2, OU=www.digicert.com, O=DigiCert Inc, C=US, Issuer:CN=DigiCert Assured ID Root G2, OU=www.digicert.com, O=DigiCert Inc, C=US, Key type:RSA, Length:2048, Cert Id:3909568913, Valid from:8/1/13, 7:00 PM, Valid until:1/15/38, 7:00 PM
2025-12-30 22:36:39.146 DEBUG --- [o4jDriverIO-2-2] jdk.event.security                       : X509Certificate: Alg:SHA384withECDSA, Serial:ba15afa1ddfa0b54944afcd24a06cec, Subject:CN=DigiCert Assured ID Root G3, OU=www.digicert.com, O=DigiCert Inc, C=US, Issuer:CN=DigiCert Assured ID Root G3, OU=www.digicert.com, O=DigiCert Inc, C=US, Key type:EC, Length:384, Cert Id:3649430051, Valid from:8/1/13, 7:00 PM, Valid until:1/15/38, 7:00 PM
2025-12-30 22:36:39.146 DEBUG --- [o4jDriverIO-2-2] jdk.event.security                       : X509Certificate: Alg:SHA1withRSA, Serial:ce7e0e517d846fe8fe560fc1bf03039, Subject:CN=DigiCert Assured ID Root CA, OU=www.digicert.com, O=DigiCert Inc, C=US, Issuer:CN=DigiCert Assured ID Root CA, OU=www.digicert.com, O=DigiCert Inc, C=US, Key type:RSA, Length:2048, Cert Id:3434562768, Valid from:11/10/06, 7:00 AM, Valid until:11/10/31, 7:00 AM
2025-12-30 22:36:39.147 DEBUG --- [o4jDriverIO-2-2] jdk.event.security                       : X509Certificate: Alg:SHA384withECDSA, Serial:3698fe712d519f3ced0fdb7b1643011, Subject:CN=DigiCert CS ECC P384 Root G5, O="DigiCert, Inc.", C=US, Issuer:CN=DigiCert CS ECC P384 Root G5, O="DigiCert, Inc.", C=US, Key type:EC, Length:384, Cert Id:381797637, Valid from:1/15/21, 7:00 AM, Valid until:1/15/46, 6:59 AM
2025-12-30 22:36:39.147 DEBUG --- [o4jDriverIO-2-2] jdk.event.security                       : X509Certificate: Alg:SHA384withRSA, Serial:6cee131be6d55c807f7c0c7fb44e620, Subject:CN=DigiCert CS RSA4096 Root G5, O="DigiCert, Inc.", C=US, Issuer:CN=DigiCert CS RSA4096 Root G5, O="DigiCert, Inc.", C=US, Key type:RSA, Length:4096, Cert Id:1193514382, Valid from:1/15/21, 7:00 AM, Valid until:1/15/46, 6:59 AM
2025-12-30 22:36:39.147 DEBUG --- [o4jDriverIO-2-2] jdk.event.security                       : X509Certificate: Alg:SHA1withRSA, Serial:83be056904246b1a1756ac95991c74a, Subject:CN=DigiCert Global Root CA, OU=www.digicert.com, O=DigiCert Inc, C=US, Issuer:CN=DigiCert Global Root CA, OU=www.digicert.com, O=DigiCert Inc, C=US, Key type:RSA, Length:2048, Cert Id:1341898239, Valid from:11/10/06, 7:00 AM, Valid until:11/10/31, 7:00 AM
2025-12-30 22:36:39.147 DEBUG --- [o4jDriverIO-2-2] jdk.event.security                       : X509Certificate: Alg:SHA256withRSA, Serial:33af1e6a711a9a0bb2864b11d09fae5, Subject:CN=DigiCert Global Root G2, OU=www.digicert.com, O=DigiCert Inc, C=US, Issuer:CN=DigiCert Global Root G2, OU=www.digicert.com, O=DigiCert Inc, C=US, Key type:RSA, Length:2048, Cert Id:1136084297, Valid from:8/1/13, 7:00 PM, Valid until:1/15/38, 7:00 PM
2025-12-30 22:36:39.147 DEBUG --- [o4jDriverIO-2-2] jdk.event.security                       : X509Certificate: Alg:SHA384withECDSA, Serial:55556bcf25ea43535c3a40fd5ab4572, Subject:CN=DigiCert Global Root G3, OU=www.digicert.com, O=DigiCert Inc, C=US, Issuer:CN=DigiCert Global Root G3, OU=www.digicert.com, O=DigiCert Inc, C=US, Key type:EC, Length:384, Cert Id:3498998753, Valid from:8/1/13, 7:00 PM, Valid until:1/15/38, 7:00 PM
2025-12-30 22:36:39.147 DEBUG --- [o4jDriverIO-2-2] jdk.event.security                       : X509Certificate: Alg:SHA1withRSA, Serial:2ac5c266a0b409b8f0b79f2ae462577, Subject:CN=DigiCert High Assurance EV Root CA, OU=www.digicert.com, O=DigiCert Inc, C=US, Issuer:CN=DigiCert High Assurance EV Root CA, OU=www.digicert.com, O=DigiCert Inc, C=US, Key type:RSA, Length:2048, Cert Id:2884286942, Valid from:11/10/06, 7:00 AM, Valid until:11/10/31, 7:00 AM
2025-12-30 22:36:39.147 DEBUG --- [o4jDriverIO-2-2] jdk.event.security                       : X509Certificate: Alg:SHA384withECDSA, Serial:9e09365acf7d9c8b93e1c0b042a2ef3, Subject:CN=DigiCert TLS ECC P384 Root G5, O="DigiCert, Inc.", C=US, Issuer:CN=DigiCert TLS ECC P384 Root G5, O="DigiCert, Inc.", C=US, Key type:EC, Length:384, Cert Id:3940772018, Valid from:1/15/21, 7:00 AM, Valid until:1/15/46, 6:59 AM
2025-12-30 22:36:39.147 DEBUG --- [o4jDriverIO-2-2] jdk.event.security                       : X509Certificate: Alg:SHA384withRSA, Serial:8f9b478a8fa7eda6a333789de7ccf8a, Subject:CN=DigiCert TLS RSA4096 Root G5, O="DigiCert, Inc.", C=US, Issuer:CN=DigiCert TLS RSA4096 Root G5, O="DigiCert, Inc.", C=US, Key type:RSA, Length:4096, Cert Id:165956757, Valid from:1/15/21, 7:00 AM, Valid until:1/15/46, 6:59 AM
2025-12-30 22:36:39.147 DEBUG --- [o4jDriverIO-2-2] jdk.event.security                       : X509Certificate: Alg:SHA384withRSA, Serial:59b1b579e8e2132e23907bda777755c, Subject:CN=DigiCert Trusted Root G4, OU=www.digicert.com, O=DigiCert Inc, C=US, Issuer:CN=DigiCert Trusted Root G4, OU=www.digicert.com, O=DigiCert Inc, C=US, Key type:RSA, Length:4096, Cert Id:1057369358, Valid from:8/1/13, 7:00 PM, Valid until:1/15/38, 7:00 PM
2025-12-30 22:36:39.148 DEBUG --- [o4jDriverIO-2-2] jdk.event.security                       : X509Certificate: Alg:SHA256withRSA, Serial:983f3, Subject:CN=D-TRUST Root Class 3 CA 2 2009, O=D-Trust GmbH, C=DE, Issuer:CN=D-TRUST Root Class 3 CA 2 2009, O=D-Trust GmbH, C=DE, Key type:RSA, Length:2048, Cert Id:1430153102, Valid from:11/5/09, 3:35 PM, Valid until:11/5/29, 3:35 PM
2025-12-30 22:36:39.148 DEBUG --- [o4jDriverIO-2-2] jdk.event.security                       : X509Certificate: Alg:SHA256withRSA, Serial:983f4, Subject:CN=D-TRUST Root Class 3 CA 2 EV 2009, O=D-Trust GmbH, C=DE, Issuer:CN=D-TRUST Root Class 3 CA 2 EV 2009, O=D-Trust GmbH, C=DE, Key type:RSA, Length:2048, Cert Id:971313728, Valid from:11/5/09, 3:50 PM, Valid until:11/5/29, 3:50 PM
2025-12-30 22:36:39.148 DEBUG --- [o4jDriverIO-2-2] jdk.event.security                       : X509Certificate: Alg:SHA384withECDSA, Serial:3cf607a968700eda8b84, Subject:CN=emSign ECC Root CA - G3, O=eMudhra Technologies Limited, OU=emSign PKI, C=IN, Issuer:CN=emSign ECC Root CA - G3, O=eMudhra Technologies Limited, OU=emSign PKI, C=IN, Key type:EC, Length:384, Cert Id:3832035707, Valid from:2/19/18, 1:30 AM, Valid until:2/19/43, 1:30 AM
2025-12-30 22:36:39.148 DEBUG --- [o4jDriverIO-2-2] jdk.event.security                       : X509Certificate: Alg:SHA256withRSA, Serial:31f5e4620c6c58edd6d8, Subject:CN=emSign Root CA - G1, O=eMudhra Technologies Limited, OU=emSign PKI, C=IN, Issuer:CN=emSign Root CA - G1, O=eMudhra Technologies Limited, OU=emSign PKI, C=IN, Key type:RSA, Length:2048, Cert Id:392709196, Valid from:2/19/18, 1:30 AM, Valid until:2/19/43, 1:30 AM
2025-12-30 22:36:39.148 DEBUG --- [o4jDriverIO-2-2] jdk.event.security                       : X509Certificate: Alg:SHA384withRSA, Serial:864dbf0fe35ed77d8ed8, Subject:CN=emSign Root CA - G2, O=eMudhra Technologies Limited, OU=emSign PKI, C=IN, Issuer:CN=emSign Root CA - G2, O=eMudhra Technologies Limited, OU=emSign PKI, C=IN, Key type:RSA, Length:4096, Cert Id:3373940126, Valid from:2/19/18, 1:30 AM, Valid until:2/19/43, 1:30 AM
2025-12-30 22:36:39.148 DEBUG --- [o4jDriverIO-2-2] jdk.event.security                       : X509Certificate: Alg:SHA1withRSA, Serial:3863def8, Subject:CN=Entrust.net Certification Authority (2048), OU=(c) 1999 Entrust.net Limited, OU=www.entrust.net/CPS_2048 incorp. by ref. (limits liab.), O=Entrust.net, Issuer:CN=Entrust.net Certification Authority (2048), OU=(c) 1999 Entrust.net Limited, OU=www.entrust.net/CPS_2048 incorp. by ref. (limits liab.), O=Entrust.net, Key type:RSA, Length:2048, Cert Id:3966431214, Valid from:12/25/99, 12:50 AM, Valid until:7/24/29, 9:15 PM
2025-12-30 22:36:39.148 DEBUG --- [o4jDriverIO-2-2] jdk.event.security                       : X509Certificate: Alg:SHA1withRSA, Serial:456b5054, Subject:CN=Entrust Root Certification Authority, OU="(c) 2006 Entrust, Inc.", OU=www.entrust.net/CPS is incorporated by reference, O="Entrust, Inc.", C=US, Issuer:CN=Entrust Root Certification Authority, OU="(c) 2006 Entrust, Inc.", OU=www.entrust.net/CPS is incorporated by reference, O="Entrust, Inc.", C=US, Key type:RSA, Length:2048, Cert Id:3033563200, Valid from:11/28/06, 3:23 AM, Valid until:11/28/26, 3:53 AM
2025-12-30 22:36:39.148 DEBUG --- [o4jDriverIO-2-2] jdk.event.security                       : X509Certificate: Alg:SHA384withECDSA, Serial:a68b79290000000050d091f9, Subject:CN=Entrust Root Certification Authority - EC1, OU="(c) 2012 Entrust, Inc. - for authorized use only", OU=See www.entrust.net/legal-terms, O="Entrust, Inc.", C=US, Issuer:CN=Entrust Root Certification Authority - EC1, OU="(c) 2012 Entrust, Inc. - for authorized use only", OU=See www.entrust.net/legal-terms, O="Entrust, Inc.", C=US, Key type:EC, Length:384, Cert Id:924514073, Valid from:12/18/12, 10:25 PM, Valid until:12/18/37, 10:55 PM
2025-12-30 22:36:39.148 DEBUG --- [o4jDriverIO-2-2] jdk.event.security                       : X509Certificate: Alg:SHA256withRSA, Serial:4a538c28, Subject:CN=Entrust Root Certification Authority - G2, OU="(c) 2009 Entrust, Inc. - for authorized use only", OU=See www.entrust.net/legal-terms, O="Entrust, Inc.", C=US, Issuer:CN=Entrust Root Certification Authority - G2, OU="(c) 2009 Entrust, Inc. - for authorized use only", OU=See www.entrust.net/legal-terms, O="Entrust, Inc.", C=US, Key type:RSA, Length:2048, Cert Id:1936920337, Valid from:7/8/09, 12:25 AM, Valid until:12/8/30, 12:55 AM
2025-12-30 22:36:39.148 DEBUG --- [o4jDriverIO-2-2] jdk.event.security                       : X509Certificate: Alg:SHA256withRSA, Serial:d9b5437fafa9390f000000005565ad58, Subject:CN=Entrust Root Certification Authority - G4, OU="(c) 2015 Entrust, Inc. - for authorized use only", OU=See www.entrust.net/legal-terms, O="Entrust, Inc.", C=US, Issuer:CN=Entrust Root Certification Authority - G4, OU="(c) 2015 Entrust, Inc. - for authorized use only", OU=See www.entrust.net/legal-terms, O="Entrust, Inc.", C=US, Key type:RSA, Length:4096, Cert Id:1368037548, Valid from:5/27/15, 6:11 PM, Valid until:12/27/37, 6:41 PM
2025-12-30 22:36:39.149 DEBUG --- [o4jDriverIO-2-2] jdk.event.security                       : X509Certificate: Alg:SHA1withRSA, Serial:23456, Subject:CN=GeoTrust Global CA, O=GeoTrust Inc., C=US, Issuer:CN=GeoTrust Global CA, O=GeoTrust Inc., C=US, Key type:RSA, Length:2048, Cert Id:2266349922, Valid from:5/21/02, 11:00 AM, Valid until:5/21/22, 11:00 AM
2025-12-30 22:36:39.149 DEBUG --- [o4jDriverIO-2-2] jdk.event.security                       : X509Certificate: Alg:SHA1withRSA, Serial:18acb56afd69b6153a636cafdafac4a1, Subject:CN=GeoTrust Primary Certification Authority, O=GeoTrust Inc., C=US, Issuer:CN=GeoTrust Primary Certification Authority, O=GeoTrust Inc., C=US, Key type:RSA, Length:2048, Cert Id:3329622139, Valid from:11/27/06, 7:00 AM, Valid until:7/17/36, 6:59 AM
2025-12-30 22:36:39.149 DEBUG --- [o4jDriverIO-2-2] jdk.event.security                       : X509Certificate: Alg:SHA384withECDSA, Serial:3cb2f4480a00e2feeb243b5e603ec36b, Subject:CN=GeoTrust Primary Certification Authority - G2, OU=(c) 2007 GeoTrust Inc. - For authorized use only, O=GeoTrust Inc., C=US, Issuer:CN=GeoTrust Primary Certification Authority - G2, OU=(c) 2007 GeoTrust Inc. - For authorized use only, O=GeoTrust Inc., C=US, Key type:EC, Length:384, Cert Id:3180663474, Valid from:11/5/07, 7:00 AM, Valid until:1/19/38, 6:59 AM
2025-12-30 22:36:39.149 DEBUG --- [o4jDriverIO-2-2] jdk.event.security                       : X509Certificate: Alg:SHA256withRSA, Serial:15ac6e9419b2794b41f627a9c3180f1f, Subject:CN=GeoTrust Primary Certification Authority - G3, OU=(c) 2008 GeoTrust Inc. - For authorized use only, O=GeoTrust Inc., C=US, Issuer:CN=GeoTrust Primary Certification Authority - G3, OU=(c) 2008 GeoTrust Inc. - For authorized use only, O=GeoTrust Inc., C=US, Key type:RSA, Length:2048, Cert Id:2964813538, Valid from:4/2/08, 7:00 AM, Valid until:12/2/37, 6:59 AM
2025-12-30 22:36:39.149 DEBUG --- [o4jDriverIO-2-2] jdk.event.security                       : X509Certificate: Alg:SHA1withRSA, Serial:1, Subject:CN=GeoTrust Universal CA, O=GeoTrust Inc., C=US, Issuer:CN=GeoTrust Universal CA, O=GeoTrust Inc., C=US, Key type:RSA, Length:4096, Cert Id:313566089, Valid from:3/4/04, 12:00 PM, Valid until:3/4/29, 12:00 PM
2025-12-30 22:36:39.149 DEBUG --- [o4jDriverIO-2-2] jdk.event.security                       : X509Certificate: Alg:SHA1withRSA, Serial:40000000001154b5ac394, Subject:CN=GlobalSign Root CA, OU=Root CA, O=GlobalSign nv-sa, C=BE, Issuer:CN=GlobalSign Root CA, OU=Root CA, O=GlobalSign nv-sa, C=BE, Key type:RSA, Length:2048, Cert Id:536948034, Valid from:9/1/98, 7:00 PM, Valid until:1/28/28, 7:00 PM
2025-12-30 22:36:39.149 DEBUG --- [o4jDriverIO-2-2] jdk.event.security                       : X509Certificate: Alg:SHA384withECDSA, Serial:11d2bbba336ed4bce62468c50d841d98e843, Subject:CN=GlobalSign Root E46, O=GlobalSign nv-sa, C=BE, Issuer:CN=GlobalSign Root E46, O=GlobalSign nv-sa, C=BE, Key type:EC, Length:384, Cert Id:3405603905, Valid from:3/20/19, 7:00 AM, Valid until:3/20/46, 7:00 AM
2025-12-30 22:36:39.149 DEBUG --- [o4jDriverIO-2-2] jdk.event.security                       : X509Certificate: Alg:SHA256withECDSA, Serial:2a38a41c960a04de42b228a50be8349802, Subject:CN=GlobalSign, O=GlobalSign, OU=GlobalSign ECC Root CA - R4, Issuer:CN=GlobalSign, O=GlobalSign, OU=GlobalSign ECC Root CA - R4, Key type:EC, Length:256, Cert Id:2371693751, Valid from:11/13/12, 7:00 AM, Valid until:1/19/38, 10:14 AM
2025-12-30 22:36:39.149 DEBUG --- [o4jDriverIO-2-2] jdk.event.security                       : X509Certificate: Alg:SHA384withECDSA, Serial:605949e0262ebb55f90a778a71f94ad86c, Subject:CN=GlobalSign, O=GlobalSign, OU=GlobalSign ECC Root CA - R5, Issuer:CN=GlobalSign, O=GlobalSign, OU=GlobalSign ECC Root CA - R5, Key type:EC, Length:384, Cert Id:1997048439, Valid from:11/13/12, 7:00 AM, Valid until:1/19/38, 10:14 AM
2025-12-30 22:36:39.150 DEBUG --- [o4jDriverIO-2-2] jdk.event.security                       : X509Certificate: Alg:SHA256withRSA, Serial:4000000000121585308a2, Subject:CN=GlobalSign, O=GlobalSign, OU=GlobalSign Root CA - R3, Issuer:CN=GlobalSign, O=GlobalSign, OU=GlobalSign Root CA - R3, Key type:RSA, Length:2048, Cert Id:733875591, Valid from:3/18/09, 5:00 PM, Valid until:3/18/29, 5:00 PM
2025-12-30 22:36:39.150 DEBUG --- [o4jDriverIO-2-2] jdk.event.security                       : X509Certificate: Alg:SHA384withRSA, Serial:11d2bbb9d723189e405f0a9d2dd0df2567d1, Subject:CN=GlobalSign Root R46, O=GlobalSign nv-sa, C=BE, Issuer:CN=GlobalSign Root R46, O=GlobalSign nv-sa, C=BE, Key type:RSA, Length:4096, Cert Id:1275948927, Valid from:3/20/19, 7:00 AM, Valid until:3/20/46, 7:00 AM
2025-12-30 22:36:39.150 DEBUG --- [o4jDriverIO-2-2] jdk.event.security                       : X509Certificate: Alg:SHA384withRSA, Serial:45e6bb038333c3856548e6ff4551, Subject:CN=GlobalSign, O=GlobalSign, OU=GlobalSign Root CA - R6, Issuer:CN=GlobalSign, O=GlobalSign, OU=GlobalSign Root CA - R6, Key type:RSA, Length:4096, Cert Id:3788339543, Valid from:12/10/14, 7:00 AM, Valid until:12/10/34, 7:00 AM
2025-12-30 22:36:39.150 DEBUG --- [o4jDriverIO-2-2] jdk.event.security                       : X509Certificate: Alg:SHA1withRSA, Serial:0, Subject:OU=Go Daddy Class 2 Certification Authority, O="The Go Daddy Group, Inc.", C=US, Issuer:OU=Go Daddy Class 2 Certification Authority, O="The Go Daddy Group, Inc.", C=US, Key type:RSA, Length:2048, Cert Id:4023522997, Valid from:6/30/04, 12:06 AM, Valid until:6/30/34, 12:06 AM
2025-12-30 22:36:39.150 DEBUG --- [o4jDriverIO-2-2] jdk.event.security                       : X509Certificate: Alg:SHA256withRSA, Serial:0, Subject:CN=Go Daddy Root Certificate Authority - G2, O="GoDaddy.com, Inc.", L=Scottsdale, ST=Arizona, C=US, Issuer:CN=Go Daddy Root Certificate Authority - G2, O="GoDaddy.com, Inc.", L=Scottsdale, ST=Arizona, C=US, Key type:RSA, Length:2048, Cert Id:439600313, Valid from:9/1/09, 7:00 AM, Valid until:1/1/38, 6:59 AM
2025-12-30 22:36:39.150 DEBUG --- [o4jDriverIO-2-2] jdk.event.security                       : X509Certificate: Alg:SHA384withRSA, Serial:203e5936f31b01349886ba217, Subject:CN=GTS Root R1, O=Google Trust Services LLC, C=US, Issuer:CN=GTS Root R1, O=Google Trust Services LLC, C=US, Key type:RSA, Length:4096, Cert Id:657172038, Valid from:6/22/16, 7:00 AM, Valid until:6/22/36, 7:00 AM
2025-12-30 22:36:39.150 DEBUG --- [o4jDriverIO-2-2] jdk.event.security                       : X509Certificate: Alg:SHA384withRSA, Serial:203e5aec58d04251aab1125aa, Subject:CN=GTS Root R2, O=Google Trust Services LLC, C=US, Issuer:CN=GTS Root R2, O=Google Trust Services LLC, C=US, Key type:RSA, Length:4096, Cert Id:948387669, Valid from:6/22/16, 7:00 AM, Valid until:6/22/36, 7:00 AM
2025-12-30 22:36:39.150 DEBUG --- [o4jDriverIO-2-2] jdk.event.security                       : X509Certificate: Alg:SHA384withECDSA, Serial:203e5b882eb20f825276d3d66, Subject:CN=GTS Root R3, O=Google Trust Services LLC, C=US, Issuer:CN=GTS Root R3, O=Google Trust Services LLC, C=US, Key type:EC, Length:384, Cert Id:1163081155, Valid from:6/22/16, 7:00 AM, Valid until:6/22/36, 7:00 AM
2025-12-30 22:36:39.150 DEBUG --- [o4jDriverIO-2-2] jdk.event.security                       : X509Certificate: Alg:SHA384withECDSA, Serial:203e5c068ef631a9c72905052, Subject:CN=GTS Root R4, O=Google Trust Services LLC, C=US, Issuer:CN=GTS Root R4, O=Google Trust Services LLC, C=US, Key type:EC, Length:384, Cert Id:1326433111, Valid from:6/22/16, 7:00 AM, Valid until:6/22/36, 7:00 AM
2025-12-30 22:36:39.150 DEBUG --- [o4jDriverIO-2-2] jdk.event.security                       : X509Certificate: Alg:SHA256withECDSA, Serial:0, Subject:CN=Hellenic Academic and Research Institutions ECC RootCA 2015, O=Hellenic Academic and Research Institutions Cert. Authority, L=Athens, C=GR, Issuer:CN=Hellenic Academic and Research Institutions ECC RootCA 2015, O=Hellenic Academic and Research Institutions Cert. Authority, L=Athens, C=GR, Key type:EC, Length:384, Cert Id:513613456, Valid from:7/7/15, 5:37 PM, Valid until:6/30/40, 5:37 PM
2025-12-30 22:36:39.150 DEBUG --- [o4jDriverIO-2-2] jdk.event.security                       : X509Certificate: Alg:SHA256withRSA, Serial:0, Subject:CN=Hellenic Academic and Research Institutions RootCA 2015, O=Hellenic Academic and Research Institutions Cert. Authority, L=Athens, C=GR, Issuer:CN=Hellenic Academic and Research Institutions RootCA 2015, O=Hellenic Academic and Research Institutions Cert. Authority, L=Athens, C=GR, Key type:RSA, Length:4096, Cert Id:3491990565, Valid from:7/7/15, 5:11 PM, Valid until:6/30/40, 5:11 PM
2025-12-30 22:36:39.151 DEBUG --- [o4jDriverIO-2-2] jdk.event.security                       : X509Certificate: Alg:SHA256withRSA, Serial:a0142800000014523c844b500000002, Subject:CN=IdenTrust Commercial Root CA 1, O=IdenTrust, C=US, Issuer:CN=IdenTrust Commercial Root CA 1, O=IdenTrust, C=US, Key type:RSA, Length:4096, Cert Id:1232565210, Valid from:1/17/14, 1:12 AM, Valid until:1/17/34, 1:12 AM
2025-12-30 22:36:39.151 DEBUG --- [o4jDriverIO-2-2] jdk.event.security                       : X509Certificate: Alg:SHA256withRSA, Serial:a0142800000014523cf467c00000002, Subject:CN=IdenTrust Public Sector Root CA 1, O=IdenTrust, C=US, Issuer:CN=IdenTrust Public Sector Root CA 1, O=IdenTrust, C=US, Key type:RSA, Length:4096, Cert Id:2123370772, Valid from:1/17/14, 12:53 AM, Valid until:1/17/34, 12:53 AM
2025-12-30 22:36:39.151 DEBUG --- [o4jDriverIO-2-2] jdk.event.security                       : X509Certificate: Alg:SHA256withRSA, Serial:8210cfb0d240e3594463e0bb63828b00, Subject:CN=ISRG Root X1, O=Internet Security Research Group, C=US, Issuer:CN=ISRG Root X1, O=Internet Security Research Group, C=US, Key type:RSA, Length:4096, Cert Id:1521974916, Valid from:6/4/15, 6:04 PM, Valid until:6/4/35, 6:04 PM
2025-12-30 22:36:39.151 DEBUG --- [o4jDriverIO-2-2] jdk.event.security                       : X509Certificate: Alg:SHA384withECDSA, Serial:41d29dd172eaeea780c12c6ce92f8752, Subject:CN=ISRG Root X2, O=Internet Security Research Group, C=US, Issuer:CN=ISRG Root X2, O=Internet Security Research Group, C=US, Key type:EC, Length:384, Cert Id:3398642244, Valid from:9/4/20, 7:00 AM, Valid until:9/17/40, 11:00 PM
2025-12-30 22:36:39.151 DEBUG --- [o4jDriverIO-2-2] jdk.event.security                       : X509Certificate: Alg:SHA256withRSA, Serial:a7ea6df4b449eda6a24859ee6b815d3167fbbb1, Subject:CN=LuxTrust Global Root 2, O=LuxTrust S.A., C=LU, Issuer:CN=LuxTrust Global Root 2, O=LuxTrust S.A., C=LU, Key type:RSA, Length:4096, Cert Id:3055636602, Valid from:3/5/15, 8:21 PM, Valid until:3/5/35, 8:21 PM
2025-12-30 22:36:39.151 DEBUG --- [o4jDriverIO-2-2] jdk.event.security                       : X509Certificate: Alg:SHA256withRSA, Serial:bb8, Subject:CN=LuxTrust Global Root, O=LuxTrust s.a., C=LU, Issuer:CN=LuxTrust Global Root, O=LuxTrust s.a., C=LU, Key type:RSA, Length:2048, Cert Id:1714819687, Valid from:3/17/11, 4:51 PM, Valid until:3/17/21, 4:51 PM
2025-12-30 22:36:39.151 DEBUG --- [o4jDriverIO-2-2] jdk.event.security                       : X509Certificate: Alg:SHA384withECDSA, Serial:66f23daf87de8bb14aea0c573101c2ec, Subject:CN=Microsoft ECC Root Certificate Authority 2017, O=Microsoft Corporation, C=US, Issuer:CN=Microsoft ECC Root Certificate Authority 2017, O=Microsoft Corporation, C=US, Key type:EC, Length:384, Cert Id:3240761285, Valid from:12/19/19, 6:06 AM, Valid until:7/19/42, 6:16 AM
2025-12-30 22:36:39.151 DEBUG --- [o4jDriverIO-2-2] jdk.event.security                       : X509Certificate: Alg:SHA384withRSA, Serial:1ed397095fd8b4b347701eaabe7f45b3, Subject:CN=Microsoft RSA Root Certificate Authority 2017, O=Microsoft Corporation, C=US, Issuer:CN=Microsoft RSA Root Certificate Authority 2017, O=Microsoft Corporation, C=US, Key type:RSA, Length:4096, Cert Id:2848349048, Valid from:12/19/19, 5:51 AM, Valid until:7/19/42, 6:00 AM
2025-12-30 22:36:39.151 DEBUG --- [o4jDriverIO-2-2] jdk.event.security                       : X509Certificate: Alg:SHA1withRSA, Serial:3ab6508b, Subject:CN=QuoVadis Root Certification Authority, OU=Root Certification Authority, O=QuoVadis Limited, C=BM, Issuer:CN=QuoVadis Root Certification Authority, OU=Root Certification Authority, O=QuoVadis Limited, C=BM, Key type:RSA, Length:2048, Cert Id:2412561694, Valid from:3/20/01, 1:33 AM, Valid until:3/18/21, 1:33 AM
2025-12-30 22:36:39.151 DEBUG --- [o4jDriverIO-2-2] jdk.event.security                       : X509Certificate: Alg:SHA256withRSA, Serial:78585f2ead2c194be3370735341328b596d46593, Subject:CN=QuoVadis Root CA 1 G3, O=QuoVadis Limited, C=BM, Issuer:CN=QuoVadis Root CA 1 G3, O=QuoVadis Limited, C=BM, Key type:RSA, Length:4096, Cert Id:3532531262, Valid from:1/13/12, 12:27 AM, Valid until:1/13/42, 12:27 AM
2025-12-30 22:36:39.152 DEBUG --- [o4jDriverIO-2-2] jdk.event.security                       : X509Certificate: Alg:SHA1withRSA, Serial:509, Subject:CN=QuoVadis Root CA 2, O=QuoVadis Limited, C=BM, Issuer:CN=QuoVadis Root CA 2, O=QuoVadis Limited, C=BM, Key type:RSA, Length:4096, Cert Id:338250116, Valid from:11/25/06, 1:27 AM, Valid until:11/25/31, 1:23 AM
2025-12-30 22:36:39.152 DEBUG --- [o4jDriverIO-2-2] jdk.event.security                       : X509Certificate: Alg:SHA256withRSA, Serial:445734245b81899b35f2ceb82b3b5ba726f07528, Subject:CN=QuoVadis Root CA 2 G3, O=QuoVadis Limited, C=BM, Issuer:CN=QuoVadis Root CA 2 G3, O=QuoVadis Limited, C=BM, Key type:RSA, Length:4096, Cert Id:696763521, Valid from:1/13/12, 1:59 AM, Valid until:1/13/42, 1:59 AM
2025-12-30 22:36:39.152 DEBUG --- [o4jDriverIO-2-2] jdk.event.security                       : X509Certificate: Alg:SHA1withRSA, Serial:5c6, Subject:CN=QuoVadis Root CA 3, O=QuoVadis Limited, C=BM, Issuer:CN=QuoVadis Root CA 3, O=QuoVadis Limited, C=BM, Key type:RSA, Length:4096, Cert Id:1470392860, Valid from:11/25/06, 2:11 AM, Valid until:11/25/31, 2:06 AM
2025-12-30 22:36:39.152 DEBUG --- [o4jDriverIO-2-2] jdk.event.security                       : X509Certificate: Alg:SHA256withRSA, Serial:2ef59b0228a7db7affd5a3a9eebd03a0cf126a1d, Subject:CN=QuoVadis Root CA 3 G3, O=QuoVadis Limited, C=BM, Issuer:CN=QuoVadis Root CA 3 G3, O=QuoVadis Limited, C=BM, Key type:RSA, Length:4096, Cert Id:3589344305, Valid from:1/13/12, 3:26 AM, Valid until:1/13/42, 3:26 AM
2025-12-30 22:36:39.152 DEBUG --- [o4jDriverIO-2-2] jdk.event.security                       : X509Certificate: Alg:SHA256withRSA, Serial:0, Subject:OU=Security Communication RootCA2, O="SECOM Trust Systems CO.,LTD.", C=JP, Issuer:OU=Security Communication RootCA2, O="SECOM Trust Systems CO.,LTD.", C=JP, Key type:RSA, Length:2048, Cert Id:1521072570, Valid from:5/29/09, 12:00 PM, Valid until:5/29/29, 12:00 PM
2025-12-30 22:36:39.152 DEBUG --- [o4jDriverIO-2-2] jdk.event.security                       : X509Certificate: Alg:SHA1withRSA, Serial:cf08e5c0816a5ad427ff0eb271859d0, Subject:CN=SecureTrust CA, O=SecureTrust Corporation, C=US, Issuer:CN=SecureTrust CA, O=SecureTrust Corporation, C=US, Key type:RSA, Length:2048, Cert Id:2034155325, Valid from:11/8/06, 2:31 AM, Valid until:1/1/30, 2:40 AM
2025-12-30 22:36:39.152 DEBUG --- [o4jDriverIO-2-2] jdk.event.security                       : X509Certificate: Alg:SHA256withECDSA, Serial:75e6dfcbc1685ba8, Subject:CN=SSL.com Root Certification Authority ECC, O=SSL Corporation, L=Houston, ST=Texas, C=US, Issuer:CN=SSL.com Root Certification Authority ECC, O=SSL Corporation, L=Houston, ST=Texas, C=US, Key type:EC, Length:384, Cert Id:2926673683, Valid from:2/13/16, 1:14 AM, Valid until:2/13/41, 1:14 AM
2025-12-30 22:36:39.152 DEBUG --- [o4jDriverIO-2-2] jdk.event.security                       : X509Certificate: Alg:SHA256withRSA, Serial:56b629cd34bc78f6, Subject:CN=SSL.com EV Root Certification Authority RSA R2, O=SSL Corporation, L=Houston, ST=Texas, C=US, Issuer:CN=SSL.com EV Root Certification Authority RSA R2, O=SSL Corporation, L=Houston, ST=Texas, C=US, Key type:RSA, Length:4096, Cert Id:1381862403, Valid from:6/1/17, 1:14 AM, Valid until:5/31/42, 1:14 AM
2025-12-30 22:36:39.152 DEBUG --- [o4jDriverIO-2-2] jdk.event.security                       : X509Certificate: Alg:SHA256withRSA, Serial:7b2c9bd316803299, Subject:CN=SSL.com Root Certification Authority RSA, O=SSL Corporation, L=Houston, ST=Texas, C=US, Issuer:CN=SSL.com Root Certification Authority RSA, O=SSL Corporation, L=Houston, ST=Texas, C=US, Key type:RSA, Length:4096, Cert Id:156725711, Valid from:2/13/16, 12:39 AM, Valid until:2/13/41, 12:39 AM
2025-12-30 22:36:39.152 DEBUG --- [o4jDriverIO-2-2] jdk.event.security                       : X509Certificate: Alg:SHA384withECDSA, Serial:1403f5abfb378b17405be243b2a5d1c4, Subject:CN=SSL.com TLS ECC Root CA 2022, O=SSL Corporation, C=US, Issuer:CN=SSL.com TLS ECC Root CA 2022, O=SSL Corporation, C=US, Key type:EC, Length:384, Cert Id:683561703, Valid from:8/25/22, 11:33 PM, Valid until:8/19/46, 11:33 PM
2025-12-30 22:36:39.153 DEBUG --- [o4jDriverIO-2-2] jdk.event.security                       : X509Certificate: Alg:SHA256withRSA, Serial:6fbedaad73bd0840e28b4dbed4f75b91, Subject:CN=SSL.com TLS RSA Root CA 2022, O=SSL Corporation, C=US, Issuer:CN=SSL.com TLS RSA Root CA 2022, O=SSL Corporation, C=US, Key type:RSA, Length:4096, Cert Id:556880013, Valid from:8/25/22, 11:34 PM, Valid until:8/19/46, 11:34 PM
2025-12-30 22:36:39.153 DEBUG --- [o4jDriverIO-2-2] jdk.event.security                       : X509Certificate: Alg:SHA1withRSA, Serial:0, Subject:OU=Starfield Class 2 Certification Authority, O="Starfield Technologies, Inc.", C=US, Issuer:OU=Starfield Class 2 Certification Authority, O="Starfield Technologies, Inc.", C=US, Key type:RSA, Length:2048, Cert Id:1825617644, Valid from:6/30/04, 12:39 AM, Valid until:6/30/34, 12:39 AM
2025-12-30 22:36:39.153 DEBUG --- [o4jDriverIO-2-2] jdk.event.security                       : X509Certificate: Alg:SHA256withRSA, Serial:0, Subject:CN=Starfield Root Certificate Authority - G2, O="Starfield Technologies, Inc.", L=Scottsdale, ST=Arizona, C=US, Issuer:CN=Starfield Root Certificate Authority - G2, O="Starfield Technologies, Inc.", L=Scottsdale, ST=Arizona, C=US, Key type:RSA, Length:2048, Cert Id:3268325709, Valid from:9/1/09, 7:00 AM, Valid until:1/1/38, 6:59 AM
2025-12-30 22:36:39.153 DEBUG --- [o4jDriverIO-2-2] jdk.event.security                       : X509Certificate: Alg:SHA256withRSA, Serial:0, Subject:CN=Starfield Services Root Certificate Authority - G2, O="Starfield Technologies, Inc.", L=Scottsdale, ST=Arizona, C=US, Issuer:CN=Starfield Services Root Certificate Authority - G2, O="Starfield Technologies, Inc.", L=Scottsdale, ST=Arizona, C=US, Key type:RSA, Length:2048, Cert Id:1964785574, Valid from:9/1/09, 7:00 AM, Valid until:1/1/38, 6:59 AM
2025-12-30 22:36:39.153 DEBUG --- [o4jDriverIO-2-2] jdk.event.security                       : X509Certificate: Alg:SHA1withRSA, Serial:bb401c43f55e4fb0, Subject:CN=SwissSign Gold CA - G2, O=SwissSign AG, C=CH, Issuer:CN=SwissSign Gold CA - G2, O=SwissSign AG, C=CH, Key type:RSA, Length:4096, Cert Id:1516221943, Valid from:10/25/06, 3:30 PM, Valid until:10/25/36, 3:30 PM
2025-12-30 22:36:39.153 DEBUG --- [o4jDriverIO-2-2] jdk.event.security                       : X509Certificate: Alg:SHA1withRSA, Serial:4eb200670c035d4f, Subject:CN=SwissSign Platinum CA - G2, O=SwissSign AG, C=CH, Issuer:CN=SwissSign Platinum CA - G2, O=SwissSign AG, C=CH, Key type:RSA, Length:4096, Cert Id:771312514, Valid from:10/25/06, 3:36 PM, Valid until:10/25/36, 3:36 PM
2025-12-30 22:36:39.153 DEBUG --- [o4jDriverIO-2-2] jdk.event.security                       : X509Certificate: Alg:SHA1withRSA, Serial:4f1bd42f54bb2f4b, Subject:CN=SwissSign Silver CA - G2, O=SwissSign AG, C=CH, Issuer:CN=SwissSign Silver CA - G2, O=SwissSign AG, C=CH, Key type:RSA, Length:4096, Cert Id:126726124, Valid from:10/25/06, 3:32 PM, Valid until:10/25/36, 3:32 PM
2025-12-30 22:36:39.153 DEBUG --- [o4jDriverIO-2-2] jdk.event.security                       : X509Certificate: Alg:SHA256withRSA, Serial:1675f27d6fe7ae3e4acbe095b059e, Subject:CN=Telia Root CA v2, O=Telia Finland Oyj, C=FI, Issuer:CN=Telia Root CA v2, O=Telia Finland Oyj, C=FI, Key type:RSA, Length:4096, Cert Id:3473063976, Valid from:11/29/18, 6:55 PM, Valid until:11/29/43, 6:55 PM
2025-12-30 22:36:39.153 DEBUG --- [o4jDriverIO-2-2] jdk.event.security                       : X509Certificate: Alg:SHA1withRSA, Serial:95be16a0f72e46f17b398272fa8bcd96, Subject:CN=TeliaSonera Root CA v1, O=TeliaSonera, Issuer:CN=TeliaSonera Root CA v1, O=TeliaSonera, Key type:RSA, Length:4096, Cert Id:1495358374, Valid from:10/18/07, 7:00 PM, Valid until:10/18/32, 7:00 PM
2025-12-30 22:36:39.153 DEBUG --- [o4jDriverIO-2-2] jdk.event.security                       : X509Certificate: Alg:SHA1withRSA, Serial:344ed55720d5edec49f42fce37db2b6d, Subject:CN=thawte Primary Root CA, OU="(c) 2006 thawte, Inc. - For authorized use only", OU=Certification Services Division, O="thawte, Inc.", C=US, Issuer:CN=thawte Primary Root CA, OU="(c) 2006 thawte, Inc. - For authorized use only", OU=Certification Services Division, O="thawte, Inc.", C=US, Key type:RSA, Length:2048, Cert Id:643000026, Valid from:11/17/06, 7:00 AM, Valid until:7/17/36, 6:59 AM
2025-12-30 22:36:39.153 DEBUG --- [o4jDriverIO-2-2] jdk.event.security                       : X509Certificate: Alg:SHA384withECDSA, Serial:35fc265cd9844fc93d263d579baed756, Subject:CN=thawte Primary Root CA - G2, OU="(c) 2007 thawte, Inc. - For authorized use only", O="thawte, Inc.", C=US, Issuer:CN=thawte Primary Root CA - G2, OU="(c) 2007 thawte, Inc. - For authorized use only", O="thawte, Inc.", C=US, Key type:EC, Length:384, Cert Id:2068083090, Valid from:11/5/07, 7:00 AM, Valid until:1/19/38, 6:59 AM
2025-12-30 22:36:39.154 DEBUG --- [o4jDriverIO-2-2] jdk.event.security                       : X509Certificate: Alg:SHA256withRSA, Serial:600197b746a7eab4b49ad64b2ff790fb, Subject:CN=thawte Primary Root CA - G3, OU="(c) 2008 thawte, Inc. - For authorized use only", OU=Certification Services Division, O="thawte, Inc.", C=US, Issuer:CN=thawte Primary Root CA - G3, OU="(c) 2008 thawte, Inc. - For authorized use only", OU=Certification Services Division, O="thawte, Inc.", C=US, Key type:RSA, Length:2048, Cert Id:1032730720, Valid from:4/2/08, 7:00 AM, Valid until:12/2/37, 6:59 AM
2025-12-30 22:36:39.154 DEBUG --- [o4jDriverIO-2-2] jdk.event.security                       : X509Certificate: Alg:SHA256withRSA, Serial:1, Subject:CN=T-TeleSec GlobalRoot Class 2, OU=T-Systems Trust Center, O=T-Systems Enterprise Services GmbH, C=DE, Issuer:CN=T-TeleSec GlobalRoot Class 2, OU=T-Systems Trust Center, O=T-Systems Enterprise Services GmbH, C=DE, Key type:RSA, Length:2048, Cert Id:3056503257, Valid from:10/1/08, 5:40 PM, Valid until:10/2/33, 6:59 AM
2025-12-30 22:36:39.154 DEBUG --- [o4jDriverIO-2-2] jdk.event.security                       : X509Certificate: Alg:SHA256withRSA, Serial:1, Subject:CN=T-TeleSec GlobalRoot Class 3, OU=T-Systems Trust Center, O=T-Systems Enterprise Services GmbH, C=DE, Issuer:CN=T-TeleSec GlobalRoot Class 3, OU=T-Systems Trust Center, O=T-Systems Enterprise Services GmbH, C=DE, Key type:RSA, Length:2048, Cert Id:1894096264, Valid from:10/1/08, 5:29 PM, Valid until:10/2/33, 6:59 AM
2025-12-30 22:36:39.154 DEBUG --- [o4jDriverIO-2-2] jdk.event.security                       : X509Certificate: Alg:SHA256withRSA, Serial:cbe, Subject:CN=TWCA Global Root CA, OU=Root CA, O=TAIWAN-CA, C=TW, Issuer:CN=TWCA Global Root CA, OU=Root CA, O=TAIWAN-CA, C=TW, Key type:RSA, Length:4096, Cert Id:861175838, Valid from:6/27/12, 1:28 PM, Valid until:12/31/30, 10:59 PM
2025-12-30 22:36:39.154 DEBUG --- [o4jDriverIO-2-2] jdk.event.security                       : X509Certificate: Alg:SHA384withECDSA, Serial:5c8b99c55a94c5d27156decd8980cc26, Subject:CN=USERTrust ECC Certification Authority, O=The USERTRUST Network, L=Jersey City, ST=New Jersey, C=US, Issuer:CN=USERTrust ECC Certification Authority, O=The USERTRUST Network, L=Jersey City, ST=New Jersey, C=US, Key type:EC, Length:384, Cert Id:3329287386, Valid from:2/1/10, 7:00 AM, Valid until:1/19/38, 6:59 AM
2025-12-30 22:36:39.154 DEBUG --- [o4jDriverIO-2-2] jdk.event.security                       : X509Certificate: Alg:SHA384withRSA, Serial:1fd6d30fca3ca51a81bbc640e35032d, Subject:CN=USERTrust RSA Certification Authority, O=The USERTRUST Network, L=Jersey City, ST=New Jersey, C=US, Issuer:CN=USERTrust RSA Certification Authority, O=The USERTRUST Network, L=Jersey City, ST=New Jersey, C=US, Key type:RSA, Length:4096, Cert Id:3947601401, Valid from:2/1/10, 7:00 AM, Valid until:1/19/38, 6:59 AM
2025-12-30 22:36:39.154 DEBUG --- [o4jDriverIO-2-2] jdk.event.security                       : X509Certificate: Alg:SHA1withRSA, Serial:44be0c8b500024b411d3362de0b35f1b, Subject:CN=UTN-USERFirst-Object, OU=http://www.usertrust.com, O=The USERTRUST Network, L=Salt Lake City, ST=UT, C=US, Issuer:CN=UTN-USERFirst-Object, OU=http://www.usertrust.com, O=The USERTRUST Network, L=Salt Lake City, ST=UT, C=US, Key type:RSA, Length:2048, Cert Id:3997913868, Valid from:7/10/99, 1:31 AM, Valid until:7/10/19, 1:40 AM
2025-12-30 22:36:39.154 DEBUG --- [o4jDriverIO-2-2] jdk.event.security                       : X509Certificate: Alg:SHA1withRSA, Serial:9b7e0649a33e62b9d5ee90487129ef57, Subject:CN=VeriSign Class 3 Public Primary Certification Authority - G3, OU="(c) 1999 VeriSign, Inc. - For authorized use only", OU=VeriSign Trust Network, O="VeriSign, Inc.", C=US, Issuer:CN=VeriSign Class 3 Public Primary Certification Authority - G3, OU="(c) 1999 VeriSign, Inc. - For authorized use only", OU=VeriSign Trust Network, O="VeriSign, Inc.", C=US, Key type:RSA, Length:2048, Cert Id:2057300190, Valid from:10/1/99, 7:00 AM, Valid until:7/17/36, 6:59 AM
2025-12-30 22:36:39.154 DEBUG --- [o4jDriverIO-2-2] jdk.event.security                       : X509Certificate: Alg:SHA384withECDSA, Serial:2f80fe238c0e220f486712289187acb3, Subject:CN=VeriSign Class 3 Public Primary Certification Authority - G4, OU="(c) 2007 VeriSign, Inc. - For authorized use only", OU=VeriSign Trust Network, O="VeriSign, Inc.", C=US, Issuer:CN=VeriSign Class 3 Public Primary Certification Authority - G4, OU="(c) 2007 VeriSign, Inc. - For authorized use only", OU=VeriSign Trust Network, O="VeriSign, Inc.", C=US, Key type:EC, Length:384, Cert Id:4163473319, Valid from:11/5/07, 7:00 AM, Valid until:1/19/38, 6:59 AM
2025-12-30 22:36:39.154 DEBUG --- [o4jDriverIO-2-2] jdk.event.security                       : X509Certificate: Alg:SHA1withRSA, Serial:18dad19e267de8bb4a2158cdcc6b3b4a, Subject:CN=VeriSign Class 3 Public Primary Certification Authority - G5, OU="(c) 2006 VeriSign, Inc. - For authorized use only", OU=VeriSign Trust Network, O="VeriSign, Inc.", C=US, Issuer:CN=VeriSign Class 3 Public Primary Certification Authority - G5, OU="(c) 2006 VeriSign, Inc. - For authorized use only", OU=VeriSign Trust Network, O="VeriSign, Inc.", C=US, Key type:RSA, Length:2048, Cert Id:303010488, Valid from:11/8/06, 7:00 AM, Valid until:7/17/36, 6:59 AM
2025-12-30 22:36:39.155 DEBUG --- [o4jDriverIO-2-2] jdk.event.security                       : X509Certificate: Alg:SHA256withRSA, Serial:401ac46421b31321030ebbe4121ac51d, Subject:CN=VeriSign Universal Root Certification Authority, OU="(c) 2008 VeriSign, Inc. - For authorized use only", OU=VeriSign Trust Network, O="VeriSign, Inc.", C=US, Issuer:CN=VeriSign Universal Root Certification Authority, OU="(c) 2008 VeriSign, Inc. - For authorized use only", OU=VeriSign Trust Network, O="VeriSign, Inc.", C=US, Key type:RSA, Length:2048, Cert Id:2318285810, Valid from:4/2/08, 7:00 AM, Valid until:12/2/37, 6:59 AM
2025-12-30 22:36:39.155 DEBUG --- [o4jDriverIO-2-2] jdk.event.security                       : X509Certificate: Alg:SHA1withRSA, Serial:50946cec18ead59c4dd597ef758fa0ad, Subject:CN=XRamp Global Certification Authority, O=XRamp Security Services Inc, OU=www.xrampsecurity.com, C=US, Issuer:CN=XRamp Global Certification Authority, O=XRamp Security Services Inc, OU=www.xrampsecurity.com, C=US, Key type:RSA, Length:2048, Cert Id:3342493210, Valid from:11/2/04, 12:14 AM, Valid until:1/1/35, 12:37 PM
2025-12-30 22:36:39.155 DEBUG --- [o4jDriverIO-2-2] jdk.event.security                       : X509Certificate: Alg:SHA256withRSA, Serial:5f70e86da49f346352ebab2, Subject:CN=Trustwave Global Certification Authority, O="Trustwave Holdings, Inc.", L=Chicago, ST=Illinois, C=US, Issuer:CN=Trustwave Global Certification Authority, O="Trustwave Holdings, Inc.", L=Chicago, ST=Illinois, C=US, Key type:RSA, Length:4096, Cert Id:416366836, Valid from:8/24/17, 2:34 AM, Valid until:8/24/42, 2:34 AM
2025-12-30 22:36:39.155 DEBUG --- [o4jDriverIO-2-2] jdk.event.security                       : X509Certificate: Alg:SHA256withRSA, Serial:cbe, Subject:CN=TWCA Global Root CA, OU=Root CA, O=TAIWAN-CA, C=TW, Issuer:CN=TWCA Global Root CA, OU=Root CA, O=TAIWAN-CA, C=TW, Key type:RSA, Length:4096, Cert Id:861175838, Valid from:6/27/12, 1:28 PM, Valid until:12/31/30, 10:59 PM
2025-12-30 22:36:39.155 DEBUG --- [o4jDriverIO-2-2] jdk.event.security                       : X509Certificate: Alg:SHA256withRSA, Serial:5ddfb1da5aa3ed5dbe5a6520650390ef, Subject:CN=UCA Global G2 Root, O=UniTrust, C=CN, Issuer:CN=UCA Global G2 Root, O=UniTrust, C=CN, Key type:RSA, Length:4096, Cert Id:1844967193, Valid from:3/11/16, 7:00 AM, Valid until:12/31/40, 7:00 AM
2025-12-30 22:36:39.155 DEBUG --- [o4jDriverIO-2-2] jdk.event.security                       : X509Certificate: Alg:SHA256withRSA, Serial:31f5e4620c6c58edd6d8, Subject:CN=emSign Root CA - G1, O=eMudhra Technologies Limited, OU=emSign PKI, C=IN, Issuer:CN=emSign Root CA - G1, O=eMudhra Technologies Limited, OU=emSign PKI, C=IN, Key type:RSA, Length:2048, Cert Id:392709196, Valid from:2/19/18, 1:30 AM, Valid until:2/19/43, 1:30 AM
2025-12-30 22:36:39.155 DEBUG --- [o4jDriverIO-2-2] jdk.event.security                       : X509Certificate: Alg:SHA384withECDSA, Serial:203e5c068ef631a9c72905052, Subject:CN=GTS Root R4, O=Google Trust Services LLC, C=US, Issuer:CN=GTS Root R4, O=Google Trust Services LLC, C=US, Key type:EC, Length:384, Cert Id:1326433111, Valid from:6/22/16, 7:00 AM, Valid until:6/22/36, 7:00 AM
2025-12-30 22:36:39.155 DEBUG --- [o4jDriverIO-2-2] jdk.event.security                       : X509Certificate: Alg:SHA384withECDSA, Serial:3cf607a968700eda8b84, Subject:CN=emSign ECC Root CA - G3, O=eMudhra Technologies Limited, OU=emSign PKI, C=IN, Issuer:CN=emSign ECC Root CA - G3, O=eMudhra Technologies Limited, OU=emSign PKI, C=IN, Key type:EC, Length:384, Cert Id:3832035707, Valid from:2/19/18, 1:30 AM, Valid until:2/19/43, 1:30 AM
2025-12-30 22:36:39.155 DEBUG --- [o4jDriverIO-2-2] jdk.event.security                       : X509Certificate: Alg:SHA384withECDSA, Serial:203e5b882eb20f825276d3d66, Subject:CN=GTS Root R3, O=Google Trust Services LLC, C=US, Issuer:CN=GTS Root R3, O=Google Trust Services LLC, C=US, Key type:EC, Length:384, Cert Id:1163081155, Valid from:6/22/16, 7:00 AM, Valid until:6/22/36, 7:00 AM
2025-12-30 22:36:39.155 DEBUG --- [o4jDriverIO-2-2] jdk.event.security                       : X509Certificate: Alg:SHA384withRSA, Serial:203e5aec58d04251aab1125aa, Subject:CN=GTS Root R2, O=Google Trust Services LLC, C=US, Issuer:CN=GTS Root R2, O=Google Trust Services LLC, C=US, Key type:RSA, Length:4096, Cert Id:948387669, Valid from:6/22/16, 7:00 AM, Valid until:6/22/36, 7:00 AM
2025-12-30 22:36:39.155 DEBUG --- [o4jDriverIO-2-2] jdk.event.security                       : X509Certificate: Alg:SHA384withRSA, Serial:11d2bbb9d723189e405f0a9d2dd0df2567d1, Subject:CN=GlobalSign Root R46, O=GlobalSign nv-sa, C=BE, Issuer:CN=GlobalSign Root R46, O=GlobalSign nv-sa, C=BE, Key type:RSA, Length:4096, Cert Id:1275948927, Valid from:3/20/19, 7:00 AM, Valid until:3/20/46, 7:00 AM
2025-12-30 22:36:39.156 DEBUG --- [o4jDriverIO-2-2] jdk.event.security                       : X509Certificate: Alg:SHA384withRSA, Serial:203e5936f31b01349886ba217, Subject:CN=GTS Root R1, O=Google Trust Services LLC, C=US, Issuer:CN=GTS Root R1, O=Google Trust Services LLC, C=US, Key type:RSA, Length:4096, Cert Id:657172038, Valid from:6/22/16, 7:00 AM, Valid until:6/22/36, 7:00 AM
2025-12-30 22:36:39.156 DEBUG --- [o4jDriverIO-2-2] jdk.event.security                       : X509Certificate: Alg:SHA256withRSA, Serial:dd3e3bc6cf96bb1, Subject:CN=ANF Secure Server Root CA, OU=ANF CA Raiz, O=ANF Autoridad de Certificacion, C=ES, SERIALNUMBER=G63287510, Issuer:CN=ANF Secure Server Root CA, OU=ANF CA Raiz, O=ANF Autoridad de Certificacion, C=ES, SERIALNUMBER=G63287510, Key type:RSA, Length:4096, Cert Id:3453317601, Valid from:9/4/19, 5:00 PM, Valid until:8/30/39, 5:00 PM
2025-12-30 22:36:39.156 DEBUG --- [o4jDriverIO-2-2] jdk.event.security                       : X509Certificate: Alg:SHA384withECDSA, Serial:212a560caeda0cab4045bf2ba22d3aea, Subject:CN=OISTE WISeKey Global Root GC CA, OU=OISTE Foundation Endorsed, O=WISeKey, C=CH, Issuer:CN=OISTE WISeKey Global Root GC CA, OU=OISTE Foundation Endorsed, O=WISeKey, C=CH, Key type:EC, Length:384, Cert Id:2781801839, Valid from:5/9/17, 4:48 PM, Valid until:5/9/42, 4:58 PM
2025-12-30 22:36:39.156 DEBUG --- [o4jDriverIO-2-2] jdk.event.security                       : X509Certificate: Alg:SHA256withRSA, Serial:b0b75a16485fbfe1cbf58bd719e67d, Subject:CN=Izenpe.com, O=IZENPE S.A., C=ES, Issuer:CN=Izenpe.com, O=IZENPE S.A., C=ES, Key type:RSA, Length:4096, Cert Id:2449386312, Valid from:12/13/07, 8:08 PM, Valid until:12/13/37, 3:27 PM
2025-12-30 22:36:39.156 DEBUG --- [o4jDriverIO-2-2] jdk.event.security                       : X509Certificate: Alg:SHA256withECDSA, Serial:15448ef21fd97590df5040a, Subject:CN=e-Szigno Root CA 2017, OID.2.5.4.97=VATHU-23584497, O=Microsec Ltd., L=Budapest, C=HU, Issuer:CN=e-Szigno Root CA 2017, OID.2.5.4.97=VATHU-23584497, O=Microsec Ltd., L=Budapest, C=HU, Key type:EC, Length:256, Cert Id:3303793581, Valid from:8/22/17, 7:07 PM, Valid until:8/22/42, 7:07 PM
2025-12-30 22:36:39.156 DEBUG --- [o4jDriverIO-2-2] jdk.event.security                       : X509Certificate: Alg:SHA256withRSA, Serial:1, Subject:CN=TUBITAK Kamu SM SSL Kok Sertifikasi - Surum 1, OU=Kamu Sertifikasyon Merkezi - Kamu SM, O=Turkiye Bilimsel ve Teknolojik Arastirma Kurumu - TUBITAK, L=Gebze - Kocaeli, C=TR, Issuer:CN=TUBITAK Kamu SM SSL Kok Sertifikasi - Surum 1, OU=Kamu Sertifikasyon Merkezi - Kamu SM, O=Turkiye Bilimsel ve Teknolojik Arastirma Kurumu - TUBITAK, L=Gebze - Kocaeli, C=TR, Key type:RSA, Length:2048, Cert Id:1093603654, Valid from:11/25/13, 3:25 PM, Valid until:10/25/43, 3:25 PM
2025-12-30 22:36:39.156 DEBUG --- [o4jDriverIO-2-2] jdk.event.security                       : X509Certificate: Alg:SHA256withRSA, Serial:5d938d306736c8061d1ac754846907, Subject:OU=AC RAIZ FNMT-RCM, O=FNMT-RCM, C=ES, Issuer:OU=AC RAIZ FNMT-RCM, O=FNMT-RCM, C=ES, Key type:RSA, Length:4096, Cert Id:1555523573, Valid from:10/29/08, 10:59 PM, Valid until:1/1/30, 7:00 AM
2025-12-30 22:36:39.156 DEBUG --- [o4jDriverIO-2-2] jdk.event.security                       : X509Certificate: Alg:SHA256withRSA, Serial:76b1205274f0858746b3f8231af6c2c0, Subject:CN=OISTE WISeKey Global Root GB CA, OU=OISTE Foundation Endorsed, O=WISeKey, C=CH, Issuer:CN=OISTE WISeKey Global Root GB CA, OU=OISTE Foundation Endorsed, O=WISeKey, C=CH, Key type:RSA, Length:2048, Cert Id:3681485780, Valid from:12/1/14, 10:00 PM, Valid until:12/1/39, 10:10 PM
2025-12-30 22:36:39.156 DEBUG --- [o4jDriverIO-2-2] jdk.event.security                       : X509Certificate: Alg:SHA256withRSA, Serial:5c33cb622c5fb332, Subject:C=DE, O=Atos, CN=Atos TrustedRoot 2011, Issuer:C=DE, O=Atos, CN=Atos TrustedRoot 2011, Key type:RSA, Length:2048, Cert Id:4266438672, Valid from:7/7/11, 9:58 PM, Valid until:1/1/31, 6:59 AM
2025-12-30 22:36:39.156 DEBUG --- [o4jDriverIO-2-2] jdk.event.security                       : X509Certificate: Alg:SHA512withRSA, Serial:1ebf5950b8c980374c06f7eb554fb5ed, Subject:CN=Certum Trusted Root CA, OU=Certum Certification Authority, O=Asseco Data Systems S.A., C=PL, Issuer:CN=Certum Trusted Root CA, OU=Certum Certification Authority, O=Asseco Data Systems S.A., C=PL, Key type:RSA, Length:4096, Cert Id:3520640245, Valid from:3/16/18, 7:10 PM, Valid until:3/16/43, 7:10 PM
2025-12-30 22:36:39.156 DEBUG --- [o4jDriverIO-2-2] jdk.event.security                       : X509Certificate: Alg:SHA1withRSA, Serial:200605167002, Subject:OU=certSIGN ROOT CA, O=certSIGN, C=RO, Issuer:OU=certSIGN ROOT CA, O=certSIGN, C=RO, Key type:RSA, Length:2048, Cert Id:4005006620, Valid from:7/5/06, 12:20 AM, Valid until:7/5/31, 12:20 AM
2025-12-30 22:36:39.157 DEBUG --- [o4jDriverIO-2-2] jdk.event.security                       : X509Certificate: Alg:SHA384withRSA, Serial:194301ea20bddf5c5332ab1434471f8d6504d0d, Subject:CN=NAVER Global Root Certification Authority, O=NAVER BUSINESS PLATFORM Corp., C=KR, Issuer:CN=NAVER Global Root Certification Authority, O=NAVER BUSINESS PLATFORM Corp., C=KR, Key type:RSA, Length:4096, Cert Id:1777546867, Valid from:8/18/17, 3:58 PM, Valid until:8/19/37, 6:59 AM
2025-12-30 22:36:39.157 DEBUG --- [o4jDriverIO-2-2] jdk.event.security                       : X509Certificate: Alg:SHA256withRSA, Serial:184accd6, Subject:CN=CFCA EV ROOT, O=China Financial Certification Authority, C=CN, Issuer:CN=CFCA EV ROOT, O=China Financial Certification Authority, C=CN, Key type:RSA, Length:4096, Cert Id:551407782, Valid from:8/8/12, 10:07 AM, Valid until:12/31/29, 10:07 AM
2025-12-30 22:36:39.157 DEBUG --- [o4jDriverIO-2-2] jdk.event.security                       : X509Certificate: Alg:SHA1withRSA, Serial:1, Subject:CN=SecureSign RootCA11, O="Japan Certification Services, Inc.", C=JP, Issuer:CN=SecureSign RootCA11, O="Japan Certification Services, Inc.", C=JP, Key type:RSA, Length:2048, Cert Id:2079057034, Valid from:4/8/09, 11:56 AM, Valid until:4/8/29, 11:56 AM
2025-12-30 22:36:39.157 DEBUG --- [o4jDriverIO-2-2] jdk.event.security                       : X509Certificate: Alg:SHA1withRSA, Serial:5ec3b7a6437fa4e0, Subject:C=ES, O=ACCV, OU=PKIACCV, CN=ACCVRAIZ1, Issuer:C=ES, O=ACCV, OU=PKIACCV, CN=ACCVRAIZ1, Key type:RSA, Length:4096, Cert Id:3702856060, Valid from:5/5/11, 4:37 PM, Valid until:12/31/30, 4:37 PM
2025-12-30 22:36:39.157 DEBUG --- [o4jDriverIO-2-2] jdk.event.security                       : X509Certificate: Alg:SHA384withRSA, Serial:1ed397095fd8b4b347701eaabe7f45b3, Subject:CN=Microsoft RSA Root Certificate Authority 2017, O=Microsoft Corporation, C=US, Issuer:CN=Microsoft RSA Root Certificate Authority 2017, O=Microsoft Corporation, C=US, Key type:RSA, Length:4096, Cert Id:2848349048, Valid from:12/19/19, 5:51 AM, Valid until:7/19/42, 6:00 AM
2025-12-30 22:36:39.157 DEBUG --- [o4jDriverIO-2-2] jdk.event.security                       : X509Certificate: Alg:SHA256withRSA, Serial:aecf00bac4cf32f843b2, Subject:CN=emSign Root CA - C1, O=eMudhra Inc, OU=emSign PKI, C=US, Issuer:CN=emSign Root CA - C1, O=eMudhra Inc, OU=emSign PKI, C=US, Key type:RSA, Length:2048, Cert Id:3026103940, Valid from:2/19/18, 1:30 AM, Valid until:2/19/43, 1:30 AM
2025-12-30 22:36:39.157 DEBUG --- [o4jDriverIO-2-2] jdk.event.security                       : X509Certificate: Alg:SHA256withRSA, Serial:7d0997fef047ea7a, Subject:CN=GDCA TrustAUTH R5 ROOT, O="GUANG DONG CERTIFICATE AUTHORITY CO.,LTD.", C=CN, Issuer:CN=GDCA TrustAUTH R5 ROOT, O="GUANG DONG CERTIFICATE AUTHORITY CO.,LTD.", C=CN, Key type:RSA, Length:4096, Cert Id:494136981, Valid from:11/26/14, 12:13 PM, Valid until:12/31/40, 10:59 PM
2025-12-30 22:36:39.157 DEBUG --- [o4jDriverIO-2-2] jdk.event.security                       : X509Certificate: Alg:SHA384withECDSA, Serial:7b71b68256b8127c9ca8, Subject:CN=emSign ECC Root CA - C3, O=eMudhra Inc, OU=emSign PKI, C=US, Issuer:CN=emSign ECC Root CA - C3, O=eMudhra Inc, OU=emSign PKI, C=US, Key type:EC, Length:384, Cert Id:3346510540, Valid from:2/19/18, 1:30 AM, Valid until:2/19/43, 1:30 AM
2025-12-30 22:36:39.157 DEBUG --- [o4jDriverIO-2-2] jdk.event.security                       : X509Certificate: Alg:SHA256withRSA, Serial:110034b64ec6362d36, Subject:OU=certSIGN ROOT CA G2, O=CERTSIGN SA, C=RO, Issuer:OU=certSIGN ROOT CA G2, O=CERTSIGN SA, C=RO, Key type:RSA, Length:4096, Cert Id:2181086866, Valid from:2/6/17, 4:27 PM, Valid until:2/6/42, 4:27 PM
2025-12-30 22:36:39.157 DEBUG --- [o4jDriverIO-2-2] jdk.event.security                       : X509Certificate: Alg:SHA256withRSA, Serial:92b888dbb08ac163, Subject:CN=CA Disig Root R2, O=Disig a.s., L=Bratislava, C=SK, Issuer:CN=CA Disig Root R2, O=Disig a.s., L=Bratislava, C=SK, Key type:RSA, Length:4096, Cert Id:747175721, Valid from:7/19/12, 4:15 PM, Valid until:7/19/42, 4:15 PM
2025-12-30 22:36:39.158 DEBUG --- [o4jDriverIO-2-2] jdk.event.security                       : X509Certificate: Alg:SHA256withRSA, Serial:8165f8a4ca5ec00c99340dfc4c6ae23b81c5aa4, Subject:CN=Hongkong Post Root CA 3, O=Hongkong Post, L=Hong Kong, ST=Hong Kong, C=HK, Issuer:CN=Hongkong Post Root CA 3, O=Hongkong Post, L=Hong Kong, ST=Hong Kong, C=HK, Key type:RSA, Length:4096, Cert Id:3393016216, Valid from:6/3/17, 9:29 AM, Valid until:6/3/42, 9:29 AM
2025-12-30 22:36:39.158 DEBUG --- [o4jDriverIO-2-2] jdk.event.security                       : X509Certificate: Alg:SHA256withRSA, Serial:5a4bbd5afb4f8a5bfa65e5, Subject:CN=GLOBALTRUST 2020, O=e-commerce monitoring GmbH, C=AT, Issuer:CN=GLOBALTRUST 2020, O=e-commerce monitoring GmbH, C=AT, Key type:RSA, Length:4096, Cert Id:3772720413, Valid from:2/10/20, 7:00 AM, Valid until:6/10/40, 7:00 AM
2025-12-30 22:36:39.158 DEBUG --- [o4jDriverIO-2-2] jdk.event.security                       : X509Certificate: Alg:SHA384withECDSA, Serial:66f23daf87de8bb14aea0c573101c2ec, Subject:CN=Microsoft ECC Root Certificate Authority 2017, O=Microsoft Corporation, C=US, Issuer:CN=Microsoft ECC Root Certificate Authority 2017, O=Microsoft Corporation, C=US, Key type:EC, Length:384, Cert Id:3240761285, Valid from:12/19/19, 6:06 AM, Valid until:7/19/42, 6:16 AM
2025-12-30 22:36:39.158 DEBUG --- [o4jDriverIO-2-2] jdk.event.security                       : X509Certificate: Alg:SHA1withRSA, Serial:75622a4e8d48a894df413c8f0f8eaa5, Subject:CN=Secure Global CA, O=SecureTrust Corporation, C=US, Issuer:CN=Secure Global CA, O=SecureTrust Corporation, C=US, Key type:RSA, Length:2048, Cert Id:2818194321, Valid from:11/8/06, 2:42 AM, Valid until:1/1/30, 2:52 AM
2025-12-30 22:36:39.158 DEBUG --- [o4jDriverIO-2-2] jdk.event.security                       : X509Certificate: Alg:SHA256withRSA, Serial:4fd22b8ff564c8339e4f345866237060, Subject:CN=UCA Extended Validation Root, O=UniTrust, C=CN, Issuer:CN=UCA Extended Validation Root, O=UniTrust, C=CN, Key type:RSA, Length:4096, Cert Id:649181271, Valid from:3/13/15, 7:00 AM, Valid until:12/31/38, 7:00 AM
2025-12-30 22:36:39.158 DEBUG --- [o4jDriverIO-2-2] jdk.event.security                       : X509Certificate: Alg:SHA256withECDSA, Serial:d6a5f083f285c3e5195df5d, Subject:CN=Trustwave Global ECC P256 Certification Authority, O="Trustwave Holdings, Inc.", L=Chicago, ST=Illinois, C=US, Issuer:CN=Trustwave Global ECC P256 Certification Authority, O="Trustwave Holdings, Inc.", L=Chicago, ST=Illinois, C=US, Key type:EC, Length:256, Cert Id:948272517, Valid from:8/24/17, 2:35 AM, Valid until:8/24/42, 2:35 AM
2025-12-30 22:36:39.158 DEBUG --- [o4jDriverIO-2-2] jdk.event.security                       : X509Certificate: Alg:SHA384withECDSA, Serial:11d2bbba336ed4bce62468c50d841d98e843, Subject:CN=GlobalSign Root E46, O=GlobalSign nv-sa, C=BE, Issuer:CN=GlobalSign Root E46, O=GlobalSign nv-sa, C=BE, Key type:EC, Length:384, Cert Id:3405603905, Valid from:3/20/19, 7:00 AM, Valid until:3/20/46, 7:00 AM
2025-12-30 22:36:39.158 DEBUG --- [o4jDriverIO-2-2] jdk.event.security                       : X509Certificate: Alg:SHA256withRSA, Serial:c27e43044e473f19, Subject:EMAILADDRESS=info@e-szigno.hu, CN=Microsec e-Szigno Root CA 2009, O=Microsec Ltd., L=Budapest, C=HU, Issuer:EMAILADDRESS=info@e-szigno.hu, CN=Microsec e-Szigno Root CA 2009, O=Microsec Ltd., L=Budapest, C=HU, Key type:RSA, Length:2048, Cert Id:2391017284, Valid from:6/16/09, 6:30 PM, Valid until:12/30/29, 6:30 PM
2025-12-30 22:36:39.158 DEBUG --- [o4jDriverIO-2-2] jdk.event.security                       : X509Certificate: Alg:SHA256withRSA, Serial:3e8a5d07ec55d232d5b7e3b65f01eb2ddce4d6e4, Subject:CN=SZAFIR ROOT CA2, O=Krajowa Izba Rozliczeniowa S.A., C=PL, Issuer:CN=SZAFIR ROOT CA2, O=Krajowa Izba Rozliczeniowa S.A., C=PL, Key type:RSA, Length:2048, Cert Id:381279303, Valid from:10/19/15, 2:43 PM, Valid until:10/19/35, 2:43 PM
2025-12-30 22:36:39.158 DEBUG --- [o4jDriverIO-2-2] jdk.event.security                       : X509Certificate: Alg:SHA1withRSA, Serial:53ec3beefbb2485f, Subject:CN=Autoridad de Certificacion Firmaprofesional CIF A62634068, C=ES, Issuer:CN=Autoridad de Certificacion Firmaprofesional CIF A62634068, C=ES, Key type:RSA, Length:4096, Cert Id:692250759, Valid from:5/20/09, 3:38 PM, Valid until:12/31/30, 3:38 PM
2025-12-30 22:36:39.158 DEBUG --- [o4jDriverIO-2-2] jdk.event.security                       : X509Certificate: Alg:SHA1withRSA, Serial:1, Subject:CN=TWCA Root Certification Authority, OU=Root CA, O=TAIWAN-CA, C=TW, Issuer:CN=TWCA Root Certification Authority, OU=Root CA, O=TAIWAN-CA, C=TW, Key type:RSA, Length:2048, Cert Id:2652873033, Valid from:8/28/08, 2:24 PM, Valid until:12/31/30, 10:59 PM
2025-12-30 22:36:39.159 DEBUG --- [o4jDriverIO-2-2] jdk.event.security                       : X509Certificate: Alg:SHA256withRSA, Serial:49412ce40010, Subject:CN=NetLock Arany (Class Gold) Főtanúsítvány, OU=Tanúsítványkiadók (Certification Services), O=NetLock Kft., L=Budapest, C=HU, Issuer:CN=NetLock Arany (Class Gold) Főtanúsítvány, OU=Tanúsítványkiadók (Certification Services), O=NetLock Kft., L=Budapest, C=HU, Key type:RSA, Length:2048, Cert Id:58541246, Valid from:12/11/08, 10:08 PM, Valid until:12/6/28, 10:08 PM
2025-12-30 22:36:39.159 DEBUG --- [o4jDriverIO-2-2] jdk.event.security                       : X509Certificate: Alg:SHA384withECDSA, Serial:8bd85976c9927a48068473b, Subject:CN=Trustwave Global ECC P384 Certification Authority, O="Trustwave Holdings, Inc.", L=Chicago, ST=Illinois, C=US, Issuer:CN=Trustwave Global ECC P384 Certification Authority, O="Trustwave Holdings, Inc.", L=Chicago, ST=Illinois, C=US, Key type:EC, Length:384, Cert Id:2301042373, Valid from:8/24/17, 2:36 AM, Valid until:8/24/42, 2:36 AM
2025-12-30 22:36:39.159 DEBUG --- [o4jDriverIO-2-2] jdk.event.security                       : X509Certificate: Alg:SHA512withRSA, Serial:21d6d04a4f250fc93237fcaa5e128de9, Subject:CN=Certum Trusted Network CA 2, OU=Certum Certification Authority, O=Unizeto Technologies S.A., C=PL, Issuer:CN=Certum Trusted Network CA 2, OU=Certum Certification Authority, O=Unizeto Technologies S.A., C=PL, Key type:RSA, Length:4096, Cert Id:1983350452, Valid from:10/6/11, 3:39 PM, Valid until:10/6/46, 3:39 PM
2025-12-30 22:36:39.159 DEBUG --- [o4jDriverIO-2-2] jdk.event.security                       : X509Certificate: Alg:SHA384withECDSA, Serial:788f275c81125220a504d02dddba73f4, Subject:CN=Certum EC-384 CA, OU=Certum Certification Authority, O=Asseco Data Systems S.A., C=PL, Issuer:CN=Certum EC-384 CA, OU=Certum Certification Authority, O=Asseco Data Systems S.A., C=PL, Key type:EC, Length:384, Cert Id:994586241, Valid from:3/26/18, 2:24 PM, Valid until:3/26/43, 2:24 PM
2025-12-30 22:36:39.159 DEBUG --- [o4jDriverIO-2-2] jdk.event.security                       : X509Certificate: Alg:SHA1withRSA, Serial:4e812d8a8265e00b02ee3e350246e53d, Subject:CN=COMODO Certification Authority, O=COMODO CA Limited, L=Salford, ST=Greater Manchester, C=GB, Issuer:CN=COMODO Certification Authority, O=COMODO CA Limited, L=Salford, ST=Greater Manchester, C=GB, Key type:RSA, Length:2048, Cert Id:904304908, Valid from:12/1/06, 7:00 AM, Valid until:1/1/30, 6:59 AM
2025-12-30 22:36:39.159 DEBUG --- [o4jDriverIO-2-2] jdk.event.security                       : X509Certificate: Alg:SHA256withRSA, Serial:cae91b89f155030da3e6416dc4e3a6e1, Subject:CN=Certigna Root CA, OU=0002 48146308100036, O=Dhimyotis, C=FR, Issuer:CN=Certigna Root CA, OU=0002 48146308100036, O=Dhimyotis, C=FR, Key type:RSA, Length:4096, Cert Id:356684591, Valid from:10/1/13, 3:32 PM, Valid until:10/1/33, 3:32 PM
2025-12-30 22:36:39.159 DEBUG --- [o4jDriverIO-2-2] jdk.event.security                       : X509Certificate: Alg:SHA256withECDSA, Serial:2c299c5b16ed0595, Subject:CN=SSL.com EV Root Certification Authority ECC, O=SSL Corporation, L=Houston, ST=Texas, C=US, Issuer:CN=SSL.com EV Root Certification Authority ECC, O=SSL Corporation, L=Houston, ST=Texas, C=US, Key type:EC, Length:384, Cert Id:1789254518, Valid from:2/13/16, 1:15 AM, Valid until:2/13/41, 1:15 AM
2025-12-30 22:36:39.163 DEBUG --- [o4jDriverIO-2-2] jdk.event.security                       : X509Certificate: Alg:SHA384withECDSA, Serial:62f6326ce5c4e3685c1b62dd9c2e9d95, Subject:CN=AC RAIZ FNMT-RCM SERVIDORES SEGUROS, OID.2.5.4.97=VATES-Q2826004J, OU=Ceres, O=FNMT-RCM, C=ES, Issuer:CN=AC RAIZ FNMT-RCM SERVIDORES SEGUROS, OID.2.5.4.97=VATES-Q2826004J, OU=Ceres, O=FNMT-RCM, C=ES, Key type:EC, Length:384, Cert Id:246315697, Valid from:12/20/18, 4:37 PM, Valid until:12/20/43, 4:37 PM
2025-12-30 22:36:39.178 DEBUG --- [o4jDriverIO-2-2] jdk.event.security                       :  TLSHandshake: a79f6af2.databases.neo4j.io:7687, TLSv1.3, TLS_AES_256_GCM_SHA384, 104139854
2025-12-30 22:36:39.512 DEBUG --- [o4jDriverIO-2-5] jdk.event.security                       : X509Certificate: Alg:SHA256withRSA, Serial:647cc3b014dca869c8093ea6c8877ba9c95, Subject:CN=*.production-orch-0064.neo4j.io, Issuer:CN=R12, O=Let's Encrypt, C=US, Key type:RSA, Length:2048, Cert Id:1780748507, Valid from:11/5/25, 12:31 PM, Valid until:2/3/26, 12:31 PM
2025-12-30 22:36:39.513 DEBUG --- [o4jDriverIO-2-5] jdk.event.security                       : X509Certificate: Alg:SHA256withRSA, Serial:c212324b70a9b49171dc40f7e285263c, Subject:CN=R12, O=Let's Encrypt, C=US, Issuer:CN=ISRG Root X1, O=Internet Security Research Group, C=US, Key type:RSA, Length:2048, Cert Id:2381631701, Valid from:3/13/24, 7:00 AM, Valid until:3/13/27, 6:59 AM
2025-12-30 22:36:39.515 DEBUG --- [o4jDriverIO-2-5] jdk.event.security                       : ValidationChain: 1521974916, 2381631701, 1780748507
2025-12-30 22:36:39.516 DEBUG --- [o4jDriverIO-2-5] jdk.event.security                       :  TLSHandshake: si-a79f6af2-a311.production-orch-0064.neo4j.io:7687, TLSv1.3, TLS_AES_256_GCM_SHA384, 1780748507
2025-12-30 22:36:39.653 DEBUG --- [nio-8085-exec-1] o.s.beans.CachedIntrospectionResults     : Not strongly caching class [com.fsocial.profileservice.entity.AccountProfile] because it is not cache-safe
2025-12-30 22:36:39.663 DEBUG --- [nio-8085-exec-1] o.s.d.n.c.t.Neo4jTransactionManager      : Participating in existing transaction
2025-12-30 22:36:39.673 DEBUG --- [nio-8085-exec-1] org.springframework.data.neo4j.cypher    : Executing:
    MATCH (a)-[:FOLLOWS]->(b:account_profile {user_id: $userId})
    RETURN a

2025-12-30 22:36:39.768 DEBUG --- [nio-8085-exec-1] o.s.d.n.c.t.Neo4jTransactionManager      : Participating in existing transaction
2025-12-30 22:36:39.826 DEBUG --- [nio-8085-exec-1] org.springframework.data.neo4j.cypher    : Executing:
MATCH (accountProfile:`account_profile`) WHERE accountProfile.user_id = $userId RETURN accountProfile{.address, .avatar, .banner, .bio, .createdAt, .created_at, .display_name, .first_name, .gender, .id, .isPublic, .last_name, .updated_at, .user_id, __nodeLabels__: labels(accountProfile), __elementId__: id(accountProfile)}
2025-12-30 22:36:39.881  WARN --- [nio-8085-exec-1] o.s.data.neo4j.cypher.deprecation        : Neo.ClientNotification.Statement.FeatureDeprecationWarning: This feature is deprecated and will be removed in future versions.
	MATCH (accountProfile:`account_profile`) WHERE accountProfile.user_id = $userId RETURN accountProfile{.address, .avatar, .banner, .bio, .createdAt, .created_at, .display_name, .first_name, .gender, .id, .isPublic, .last_name, .updated_at, .user_id, __nodeLabels__: labels(accountProfile), __elementId__: id(accountProfile)}
	                                                                                                                                                                                                                                                                                                                ^
The query used a deprecated function. ('id' has been replaced by 'elementId or consider using an application-generated id')
2025-12-30 22:36:39.881  WARN --- [nio-8085-exec-1] o.s.data.neo4j.cypher.unrecognized       : Neo.ClientNotification.Statement.UnknownPropertyKeyWarning: The provided property key is not in the database
	MATCH (accountProfile:`account_profile`) WHERE accountProfile.user_id = $userId RETURN accountProfile{.address, .avatar, .banner, .bio, .createdAt, .created_at, .display_name, .first_name, .gender, .id, .isPublic, .last_name, .updated_at, .user_id, __nodeLabels__: labels(accountProfile), __elementId__: id(accountProfile)}
	                                                                                                                                                                  ^
One of the property names in your query is not available in the database, make sure you didn't misspell it or that the label is available when you run this statement in your application (the missing property name is: display_name)
2025-12-30 22:36:39.882  INFO --- [nio-8085-exec-1] c.f.p.s.impl.AccountProfileServiceImpl   : accountProfile AccountProfile(id=c6fefc83-6c7e-4114-80bb-8601aebf3cc9, userId=4ca23af0-999d-40fb-b661-93f72533a685, firstName=Fsocial, lastName= Official, displayName=null, bio=sấds, avatar=https://res.cloudinary.com/dwf2vqohm/image/upload/v1761496065/media_d7611628-72ff-458e-ac10-c9b6573ecdbd_cropped-image-1761496049679.png, banner=https://res.cloudinary.com/dwf2vqohm/image/upload/v1764172449/media_704487fe-3ddf-4569-a3e0-bca1b76eaf7c_cropped-image-1764172439493.png, gender=0, address=Bình Tan, Thành phố Hồ  Chí Minh, dob=2000-02-11, updatedAt=2025-12-16, createdAt=2025-10-16, isPublic=true)
2025-12-30 22:36:39.887  INFO --- [nio-8085-exec-1] c.f.p.s.impl.AccountProfileServiceImpl   : response ProfilePageResponse(firstName=Fsocial, lastName= Official, avatar=https://res.cloudinary.com/dwf2vqohm/image/upload/v1761496065/media_d7611628-72ff-458e-ac10-c9b6573ecdbd_cropped-image-1761496049679.png, banner=https://res.cloudinary.com/dwf2vqohm/image/upload/v1764172449/media_704487fe-3ddf-4569-a3e0-bca1b76eaf7c_cropped-image-1764172439493.png, bio=sấds, dob=2000-02-11, followers=null, address=Bình Tan, Thành phố Hồ  Chí Minh, isPublic=false)
2025-12-30 22:36:39.888 DEBUG --- [nio-8085-exec-1] o.s.d.n.c.t.Neo4jTransactionManager      : Initiating transaction commit
2025-12-30 22:36:40.013 DEBUG --- [nio-8085-exec-1] m.m.a.RequestResponseBodyMethodProcessor : Using 'application/json', given [application/json, text/plain, */*] and supported [application/json, application/*+json, application/yaml]
2025-12-30 22:36:40.015 DEBUG --- [nio-8085-exec-1] m.m.a.RequestResponseBodyMethodProcessor : Writing [ApiResponse(statusCode=200, message=Thao tác thành công., data=ProfilePageResponse(firstName=Fsocial (truncated)...]
2025-12-30 22:36:40.033 DEBUG --- [nio-8085-exec-1] o.s.web.servlet.DispatcherServlet        : Completed 200 OK
2025-12-30 22:36:40.055 DEBUG --- [nio-8085-exec-2] o.s.security.web.FilterChainProxy        : Securing GET /profile-page
2025-12-30 22:36:40.055 DEBUG --- [nio-8085-exec-2] o.s.s.o.s.r.a.JwtAuthenticationProvider  : Authenticated token
2025-12-30 22:36:40.056 DEBUG --- [nio-8085-exec-2] .s.r.w.a.BearerTokenAuthenticationFilter : Set SecurityContextHolder to JwtAuthenticationToken [Principal=org.springframework.security.oauth2.jwt.Jwt@2c7278bf, Credentials=[PROTECTED], Authenticated=true, Details=WebAuthenticationDetails [RemoteIpAddress=127.0.0.1, SessionId=null], Granted Authorities=[ROLE_USER]]
2025-12-30 22:36:40.056 DEBUG --- [nio-8085-exec-2] o.s.security.web.FilterChainProxy        : Secured GET /profile-page
2025-12-30 22:36:40.056  INFO --- [nio-8085-exec-2] c.f.profileservice.config.AppConfig      : Request URI: /profile/profile-page
2025-12-30 22:36:40.056 DEBUG --- [nio-8085-exec-2] o.s.web.servlet.DispatcherServlet        : GET "/profile/profile-page", parameters={}
2025-12-30 22:36:40.056 DEBUG --- [nio-8085-exec-2] s.w.s.m.m.a.RequestMappingHandlerMapping : Mapped to com.fsocial.profileservice.controller.AccountProfileController#getProfilePage()
2025-12-30 22:36:40.056 DEBUG --- [nio-8085-exec-2] o.s.d.n.c.t.Neo4jTransactionManager      : Creating new transaction with name [com.fsocial.profileservice.services.impl.AccountProfileServiceImpl.getProfilePageByUserId]: PROPAGATION_REQUIRED,ISOLATION_DEFAULT,readOnly
2025-12-30 22:36:40.177 DEBUG --- [nio-8085-exec-2] o.s.d.n.c.t.Neo4jTransactionManager      : Participating in existing transaction
2025-12-30 22:36:40.177 DEBUG --- [nio-8085-exec-2] org.springframework.data.neo4j.cypher    : Executing:
    MATCH (a)-[:FOLLOWS]->(b:account_profile {user_id: $userId})
    RETURN a

2025-12-30 22:36:40.221 DEBUG --- [nio-8085-exec-2] o.s.d.n.c.t.Neo4jTransactionManager      : Participating in existing transaction
2025-12-30 22:36:40.224 DEBUG --- [nio-8085-exec-2] org.springframework.data.neo4j.cypher    : Executing:
MATCH (accountProfile:`account_profile`) WHERE accountProfile.user_id = $userId RETURN accountProfile{.address, .avatar, .banner, .bio, .createdAt, .created_at, .display_name, .first_name, .gender, .id, .isPublic, .last_name, .updated_at, .user_id, __nodeLabels__: labels(accountProfile), __elementId__: id(accountProfile)}
2025-12-30 22:36:40.272  WARN --- [nio-8085-exec-2] o.s.data.neo4j.cypher.deprecation        : Neo.ClientNotification.Statement.FeatureDeprecationWarning: This feature is deprecated and will be removed in future versions.
	MATCH (accountProfile:`account_profile`) WHERE accountProfile.user_id = $userId RETURN accountProfile{.address, .avatar, .banner, .bio, .createdAt, .created_at, .display_name, .first_name, .gender, .id, .isPublic, .last_name, .updated_at, .user_id, __nodeLabels__: labels(accountProfile), __elementId__: id(accountProfile)}
	                                                                                                                                                                                                                                                                                                                ^
The query used a deprecated function. ('id' has been replaced by 'elementId or consider using an application-generated id')
2025-12-30 22:36:40.272  WARN --- [nio-8085-exec-2] o.s.data.neo4j.cypher.unrecognized       : Neo.ClientNotification.Statement.UnknownPropertyKeyWarning: The provided property key is not in the database
	MATCH (accountProfile:`account_profile`) WHERE accountProfile.user_id = $userId RETURN accountProfile{.address, .avatar, .banner, .bio, .createdAt, .created_at, .display_name, .first_name, .gender, .id, .isPublic, .last_name, .updated_at, .user_id, __nodeLabels__: labels(accountProfile), __elementId__: id(accountProfile)}
	                                                                                                                                                                  ^
One of the property names in your query is not available in the database, make sure you didn't misspell it or that the label is available when you run this statement in your application (the missing property name is: display_name)
2025-12-30 22:36:40.272  INFO --- [nio-8085-exec-2] c.f.p.s.impl.AccountProfileServiceImpl   : accountProfile AccountProfile(id=c6fefc83-6c7e-4114-80bb-8601aebf3cc9, userId=4ca23af0-999d-40fb-b661-93f72533a685, firstName=Fsocial, lastName= Official, displayName=null, bio=sấds, avatar=https://res.cloudinary.com/dwf2vqohm/image/upload/v1761496065/media_d7611628-72ff-458e-ac10-c9b6573ecdbd_cropped-image-1761496049679.png, banner=https://res.cloudinary.com/dwf2vqohm/image/upload/v1764172449/media_704487fe-3ddf-4569-a3e0-bca1b76eaf7c_cropped-image-1764172439493.png, gender=0, address=Bình Tan, Thành phố Hồ  Chí Minh, dob=2000-02-11, updatedAt=2025-12-16, createdAt=2025-10-16, isPublic=true)
2025-12-30 22:36:40.273  INFO --- [nio-8085-exec-2] c.f.p.s.impl.AccountProfileServiceImpl   : response ProfilePageResponse(firstName=Fsocial, lastName= Official, avatar=https://res.cloudinary.com/dwf2vqohm/image/upload/v1761496065/media_d7611628-72ff-458e-ac10-c9b6573ecdbd_cropped-image-1761496049679.png, banner=https://res.cloudinary.com/dwf2vqohm/image/upload/v1764172449/media_704487fe-3ddf-4569-a3e0-bca1b76eaf7c_cropped-image-1764172439493.png, bio=sấds, dob=2000-02-11, followers=null, address=Bình Tan, Thành phố Hồ  Chí Minh, isPublic=false)
2025-12-30 22:36:40.273 DEBUG --- [nio-8085-exec-2] o.s.d.n.c.t.Neo4jTransactionManager      : Initiating transaction commit
2025-12-30 22:36:40.351 DEBUG --- [nio-8085-exec-2] m.m.a.RequestResponseBodyMethodProcessor : Using 'application/json', given [application/json, text/plain, */*] and supported [application/json, application/*+json, application/yaml]
2025-12-30 22:36:40.351 DEBUG --- [nio-8085-exec-2] m.m.a.RequestResponseBodyMethodProcessor : Writing [ApiResponse(statusCode=200, message=Thao tác thành công., data=ProfilePageResponse(firstName=Fsocial (truncated)...]
2025-12-30 22:36:40.351 DEBUG --- [nio-8085-exec-2] o.s.web.servlet.DispatcherServlet        : Completed 200 OK
2025-12-30 22:36:41.751 DEBUG --- [nio-8085-exec-3] o.s.security.web.FilterChainProxy        : Securing GET /external/4ca23af0-999d-40fb-b661-93f72533a685
2025-12-30 22:36:41.751 DEBUG --- [nio-8085-exec-3] o.s.security.web.FilterChainProxy        : Secured GET /external/4ca23af0-999d-40fb-b661-93f72533a685
2025-12-30 22:36:41.751  INFO --- [nio-8085-exec-3] c.f.profileservice.config.AppConfig      : Request URI: /profile/external/4ca23af0-999d-40fb-b661-93f72533a685
2025-12-30 22:36:41.751 DEBUG --- [nio-8085-exec-3] o.s.web.servlet.DispatcherServlet        : GET "/profile/external/4ca23af0-999d-40fb-b661-93f72533a685", parameters={}
2025-12-30 22:36:41.751 DEBUG --- [nio-8085-exec-3] s.w.s.m.m.a.RequestMappingHandlerMapping : Mapped to com.fsocial.profileservice.controller.AccountProfileController#getProfileResponseByUserId(String)
2025-12-30 22:36:41.760 DEBUG --- [nio-8085-exec-3] o.s.d.n.c.t.Neo4jTransactionManager      : Creating new transaction with name [null]: PROPAGATION_REQUIRED,ISOLATION_DEFAULT
2025-12-30 22:36:41.876 DEBUG --- [nio-8085-exec-3] org.springframework.data.neo4j.cypher    : Executing:
MATCH (accountProfile:`account_profile`) WHERE accountProfile.user_id = $userId RETURN accountProfile{.address, .avatar, .banner, .bio, .createdAt, .created_at, .display_name, .first_name, .gender, .id, .isPublic, .last_name, .updated_at, .user_id, __nodeLabels__: labels(accountProfile), __elementId__: id(accountProfile)}
2025-12-30 22:36:41.919  WARN --- [nio-8085-exec-3] o.s.data.neo4j.cypher.deprecation        : Neo.ClientNotification.Statement.FeatureDeprecationWarning: This feature is deprecated and will be removed in future versions.
	MATCH (accountProfile:`account_profile`) WHERE accountProfile.user_id = $userId RETURN accountProfile{.address, .avatar, .banner, .bio, .createdAt, .created_at, .display_name, .first_name, .gender, .id, .isPublic, .last_name, .updated_at, .user_id, __nodeLabels__: labels(accountProfile), __elementId__: id(accountProfile)}
	                                                                                                                                                                                                                                                                                                                ^
The query used a deprecated function. ('id' has been replaced by 'elementId or consider using an application-generated id')
2025-12-30 22:36:41.919  WARN --- [nio-8085-exec-3] o.s.data.neo4j.cypher.unrecognized       : Neo.ClientNotification.Statement.UnknownPropertyKeyWarning: The provided property key is not in the database
	MATCH (accountProfile:`account_profile`) WHERE accountProfile.user_id = $userId RETURN accountProfile{.address, .avatar, .banner, .bio, .createdAt, .created_at, .display_name, .first_name, .gender, .id, .isPublic, .last_name, .updated_at, .user_id, __nodeLabels__: labels(accountProfile), __elementId__: id(accountProfile)}
	                                                                                                                                                                  ^
One of the property names in your query is not available in the database, make sure you didn't misspell it or that the label is available when you run this statement in your application (the missing property name is: display_name)
2025-12-30 22:36:41.919 DEBUG --- [nio-8085-exec-3] o.s.d.n.c.t.Neo4jTransactionManager      : Initiating transaction commit
2025-12-30 22:36:41.999 DEBUG --- [nio-8085-exec-3] m.m.a.RequestResponseBodyMethodProcessor : Using 'application/json', given [application/json] and supported [application/json, application/*+json, application/yaml]
2025-12-30 22:36:42.000 DEBUG --- [nio-8085-exec-3] m.m.a.RequestResponseBodyMethodProcessor : Writing [ProfileResponse(id=c6fefc83-6c7e-4114-80bb-8601aebf3cc9, firstName=Fsocial, lastName= Official, avat (truncated)...]
2025-12-30 22:36:42.001 DEBUG --- [nio-8085-exec-3] o.s.web.servlet.DispatcherServlet        : Completed 200 OK
2025-12-30 22:36:42.001 DEBUG --- [nio-8085-exec-3] o.s.s.w.a.AnonymousAuthenticationFilter  : Set SecurityContextHolder to anonymous SecurityContext
2025-12-30 22:36:42.208 DEBUG --- [nio-8085-exec-4] o.s.security.web.FilterChainProxy        : Securing GET /external/e7a4dee5-e7f9-40d2-83d8-621a5082a30d
2025-12-30 22:36:42.209 DEBUG --- [nio-8085-exec-4] o.s.security.web.FilterChainProxy        : Secured GET /external/e7a4dee5-e7f9-40d2-83d8-621a5082a30d
2025-12-30 22:36:42.209  INFO --- [nio-8085-exec-4] c.f.profileservice.config.AppConfig      : Request URI: /profile/external/e7a4dee5-e7f9-40d2-83d8-621a5082a30d
2025-12-30 22:36:42.209 DEBUG --- [nio-8085-exec-4] o.s.web.servlet.DispatcherServlet        : GET "/profile/external/e7a4dee5-e7f9-40d2-83d8-621a5082a30d", parameters={}
2025-12-30 22:36:42.209 DEBUG --- [nio-8085-exec-4] s.w.s.m.m.a.RequestMappingHandlerMapping : Mapped to com.fsocial.profileservice.controller.AccountProfileController#getProfileResponseByUserId(String)
2025-12-30 22:36:42.210 DEBUG --- [nio-8085-exec-4] o.s.d.n.c.t.Neo4jTransactionManager      : Creating new transaction with name [null]: PROPAGATION_REQUIRED,ISOLATION_DEFAULT
2025-12-30 22:36:42.328 DEBUG --- [nio-8085-exec-4] org.springframework.data.neo4j.cypher    : Executing:
MATCH (accountProfile:`account_profile`) WHERE accountProfile.user_id = $userId RETURN accountProfile{.address, .avatar, .banner, .bio, .createdAt, .created_at, .display_name, .first_name, .gender, .id, .isPublic, .last_name, .updated_at, .user_id, __nodeLabels__: labels(accountProfile), __elementId__: id(accountProfile)}
2025-12-30 22:36:42.371  WARN --- [nio-8085-exec-4] o.s.data.neo4j.cypher.deprecation        : Neo.ClientNotification.Statement.FeatureDeprecationWarning: This feature is deprecated and will be removed in future versions.
	MATCH (accountProfile:`account_profile`) WHERE accountProfile.user_id = $userId RETURN accountProfile{.address, .avatar, .banner, .bio, .createdAt, .created_at, .display_name, .first_name, .gender, .id, .isPublic, .last_name, .updated_at, .user_id, __nodeLabels__: labels(accountProfile), __elementId__: id(accountProfile)}
	                                                                                                                                                                                                                                                                                                                ^
The query used a deprecated function. ('id' has been replaced by 'elementId or consider using an application-generated id')
2025-12-30 22:36:42.371  WARN --- [nio-8085-exec-4] o.s.data.neo4j.cypher.unrecognized       : Neo.ClientNotification.Statement.UnknownPropertyKeyWarning: The provided property key is not in the database
	MATCH (accountProfile:`account_profile`) WHERE accountProfile.user_id = $userId RETURN accountProfile{.address, .avatar, .banner, .bio, .createdAt, .created_at, .display_name, .first_name, .gender, .id, .isPublic, .last_name, .updated_at, .user_id, __nodeLabels__: labels(accountProfile), __elementId__: id(accountProfile)}
	                                                                                                                                                                  ^
One of the property names in your query is not available in the database, make sure you didn't misspell it or that the label is available when you run this statement in your application (the missing property name is: display_name)
2025-12-30 22:36:42.371 DEBUG --- [nio-8085-exec-4] o.s.d.n.c.t.Neo4jTransactionManager      : Initiating transaction commit
2025-12-30 22:36:42.449 DEBUG --- [nio-8085-exec-4] m.m.a.RequestResponseBodyMethodProcessor : Using 'application/json', given [application/json] and supported [application/json, application/*+json, application/yaml]
2025-12-30 22:36:42.449 DEBUG --- [nio-8085-exec-4] m.m.a.RequestResponseBodyMethodProcessor : Writing [ProfileResponse(id=44f71889-7e11-479c-87f6-3e296dea7e40, firstName=Minh, lastName=Nguyen, avatar=)]
2025-12-30 22:36:42.450 DEBUG --- [nio-8085-exec-4] o.s.web.servlet.DispatcherServlet        : Completed 200 OK
2025-12-30 22:36:42.450 DEBUG --- [nio-8085-exec-4] o.s.s.w.a.AnonymousAuthenticationFilter  : Set SecurityContextHolder to anonymous SecurityContext
2025-12-30 22:36:42.577 DEBUG --- [nio-8085-exec-5] o.s.security.web.FilterChainProxy        : Securing GET /external/c01a789c-af0c-4bed-a2e6-86bd3f4747ef
2025-12-30 22:36:42.578 DEBUG --- [nio-8085-exec-5] o.s.security.web.FilterChainProxy        : Secured GET /external/c01a789c-af0c-4bed-a2e6-86bd3f4747ef
2025-12-30 22:36:42.578  INFO --- [nio-8085-exec-5] c.f.profileservice.config.AppConfig      : Request URI: /profile/external/c01a789c-af0c-4bed-a2e6-86bd3f4747ef
2025-12-30 22:36:42.578 DEBUG --- [nio-8085-exec-5] o.s.web.servlet.DispatcherServlet        : GET "/profile/external/c01a789c-af0c-4bed-a2e6-86bd3f4747ef", parameters={}
2025-12-30 22:36:42.578 DEBUG --- [nio-8085-exec-5] s.w.s.m.m.a.RequestMappingHandlerMapping : Mapped to com.fsocial.profileservice.controller.AccountProfileController#getProfileResponseByUserId(String)
2025-12-30 22:36:42.579 DEBUG --- [nio-8085-exec-5] o.s.d.n.c.t.Neo4jTransactionManager      : Creating new transaction with name [null]: PROPAGATION_REQUIRED,ISOLATION_DEFAULT
2025-12-30 22:36:42.693 DEBUG --- [nio-8085-exec-5] org.springframework.data.neo4j.cypher    : Executing:
MATCH (accountProfile:`account_profile`) WHERE accountProfile.user_id = $userId RETURN accountProfile{.address, .avatar, .banner, .bio, .createdAt, .created_at, .display_name, .first_name, .gender, .id, .isPublic, .last_name, .updated_at, .user_id, __nodeLabels__: labels(accountProfile), __elementId__: id(accountProfile)}
2025-12-30 22:36:42.736  WARN --- [nio-8085-exec-5] o.s.data.neo4j.cypher.deprecation        : Neo.ClientNotification.Statement.FeatureDeprecationWarning: This feature is deprecated and will be removed in future versions.
	MATCH (accountProfile:`account_profile`) WHERE accountProfile.user_id = $userId RETURN accountProfile{.address, .avatar, .banner, .bio, .createdAt, .created_at, .display_name, .first_name, .gender, .id, .isPublic, .last_name, .updated_at, .user_id, __nodeLabels__: labels(accountProfile), __elementId__: id(accountProfile)}
	                                                                                                                                                                                                                                                                                                                ^
The query used a deprecated function. ('id' has been replaced by 'elementId or consider using an application-generated id')
2025-12-30 22:36:42.736  WARN --- [nio-8085-exec-5] o.s.data.neo4j.cypher.unrecognized       : Neo.ClientNotification.Statement.UnknownPropertyKeyWarning: The provided property key is not in the database
	MATCH (accountProfile:`account_profile`) WHERE accountProfile.user_id = $userId RETURN accountProfile{.address, .avatar, .banner, .bio, .createdAt, .created_at, .display_name, .first_name, .gender, .id, .isPublic, .last_name, .updated_at, .user_id, __nodeLabels__: labels(accountProfile), __elementId__: id(accountProfile)}
	                                                                                                                                                                  ^
One of the property names in your query is not available in the database, make sure you didn't misspell it or that the label is available when you run this statement in your application (the missing property name is: display_name)
2025-12-30 22:36:42.736 DEBUG --- [nio-8085-exec-5] o.s.d.n.c.t.Neo4jTransactionManager      : Initiating transaction commit
2025-12-30 22:36:42.811 DEBUG --- [nio-8085-exec-5] m.m.a.RequestResponseBodyMethodProcessor : Using 'application/json', given [application/json] and supported [application/json, application/*+json, application/yaml]
2025-12-30 22:36:42.812 DEBUG --- [nio-8085-exec-5] m.m.a.RequestResponseBodyMethodProcessor : Writing [ProfileResponse(id=c43fab09-1fd8-47b7-9c25-23f603b721f5, firstName=Max, lastName=Bean, avatar=)]
2025-12-30 22:36:42.812 DEBUG --- [nio-8085-exec-5] o.s.web.servlet.DispatcherServlet        : Completed 200 OK
2025-12-30 22:36:42.812 DEBUG --- [nio-8085-exec-5] o.s.s.w.a.AnonymousAuthenticationFilter  : Set SecurityContextHolder to anonymous SecurityContext
2025-12-30 22:36:42.938 DEBUG --- [nio-8085-exec-6] o.s.security.web.FilterChainProxy        : Securing GET /external/e7a4dee5-e7f9-40d2-83d8-621a5082a30d
2025-12-30 22:36:42.939 DEBUG --- [nio-8085-exec-6] o.s.security.web.FilterChainProxy        : Secured GET /external/e7a4dee5-e7f9-40d2-83d8-621a5082a30d
2025-12-30 22:36:42.939  INFO --- [nio-8085-exec-6] c.f.profileservice.config.AppConfig      : Request URI: /profile/external/e7a4dee5-e7f9-40d2-83d8-621a5082a30d
2025-12-30 22:36:42.939 DEBUG --- [nio-8085-exec-6] o.s.web.servlet.DispatcherServlet        : GET "/profile/external/e7a4dee5-e7f9-40d2-83d8-621a5082a30d", parameters={}
2025-12-30 22:36:42.939 DEBUG --- [nio-8085-exec-6] s.w.s.m.m.a.RequestMappingHandlerMapping : Mapped to com.fsocial.profileservice.controller.AccountProfileController#getProfileResponseByUserId(String)
2025-12-30 22:36:42.940 DEBUG --- [nio-8085-exec-6] o.s.d.n.c.t.Neo4jTransactionManager      : Creating new transaction with name [null]: PROPAGATION_REQUIRED,ISOLATION_DEFAULT
2025-12-30 22:36:43.052 DEBUG --- [nio-8085-exec-6] org.springframework.data.neo4j.cypher    : Executing:
MATCH (accountProfile:`account_profile`) WHERE accountProfile.user_id = $userId RETURN accountProfile{.address, .avatar, .banner, .bio, .createdAt, .created_at, .display_name, .first_name, .gender, .id, .isPublic, .last_name, .updated_at, .user_id, __nodeLabels__: labels(accountProfile), __elementId__: id(accountProfile)}
2025-12-30 22:36:43.094  WARN --- [nio-8085-exec-6] o.s.data.neo4j.cypher.deprecation        : Neo.ClientNotification.Statement.FeatureDeprecationWarning: This feature is deprecated and will be removed in future versions.
	MATCH (accountProfile:`account_profile`) WHERE accountProfile.user_id = $userId RETURN accountProfile{.address, .avatar, .banner, .bio, .createdAt, .created_at, .display_name, .first_name, .gender, .id, .isPublic, .last_name, .updated_at, .user_id, __nodeLabels__: labels(accountProfile), __elementId__: id(accountProfile)}
	                                                                                                                                                                                                                                                                                                                ^
The query used a deprecated function. ('id' has been replaced by 'elementId or consider using an application-generated id')
2025-12-30 22:36:43.094  WARN --- [nio-8085-exec-6] o.s.data.neo4j.cypher.unrecognized       : Neo.ClientNotification.Statement.UnknownPropertyKeyWarning: The provided property key is not in the database
	MATCH (accountProfile:`account_profile`) WHERE accountProfile.user_id = $userId RETURN accountProfile{.address, .avatar, .banner, .bio, .createdAt, .created_at, .display_name, .first_name, .gender, .id, .isPublic, .last_name, .updated_at, .user_id, __nodeLabels__: labels(accountProfile), __elementId__: id(accountProfile)}
	                                                                                                                                                                  ^
One of the property names in your query is not available in the database, make sure you didn't misspell it or that the label is available when you run this statement in your application (the missing property name is: display_name)
2025-12-30 22:36:43.094 DEBUG --- [nio-8085-exec-6] o.s.d.n.c.t.Neo4jTransactionManager      : Initiating transaction commit
2025-12-30 22:36:43.171 DEBUG --- [nio-8085-exec-6] m.m.a.RequestResponseBodyMethodProcessor : Using 'application/json', given [application/json] and supported [application/json, application/*+json, application/yaml]
2025-12-30 22:36:43.171 DEBUG --- [nio-8085-exec-6] m.m.a.RequestResponseBodyMethodProcessor : Writing [ProfileResponse(id=44f71889-7e11-479c-87f6-3e296dea7e40, firstName=Minh, lastName=Nguyen, avatar=)]
2025-12-30 22:36:43.172 DEBUG --- [nio-8085-exec-6] o.s.web.servlet.DispatcherServlet        : Completed 200 OK
2025-12-30 22:36:43.172 DEBUG --- [nio-8085-exec-6] o.s.s.w.a.AnonymousAuthenticationFilter  : Set SecurityContextHolder to anonymous SecurityContext
2025-12-30 22:51:06.935 DEBUG --- [nio-8085-exec-9] o.s.security.web.FilterChainProxy        : Securing GET /external/4ca23af0-999d-40fb-b661-93f72533a685
2025-12-30 22:51:06.935 DEBUG --- [nio-8085-exec-9] o.s.security.web.FilterChainProxy        : Secured GET /external/4ca23af0-999d-40fb-b661-93f72533a685
2025-12-30 22:51:06.935  INFO --- [nio-8085-exec-9] c.f.profileservice.config.AppConfig      : Request URI: /profile/external/4ca23af0-999d-40fb-b661-93f72533a685
2025-12-30 22:51:06.935 DEBUG --- [nio-8085-exec-9] o.s.web.servlet.DispatcherServlet        : GET "/profile/external/4ca23af0-999d-40fb-b661-93f72533a685", parameters={}
2025-12-30 22:51:06.936 DEBUG --- [nio-8085-exec-9] s.w.s.m.m.a.RequestMappingHandlerMapping : Mapped to com.fsocial.profileservice.controller.AccountProfileController#getProfileResponseByUserId(String)
2025-12-30 22:51:06.938 DEBUG --- [nio-8085-exec-9] o.s.d.n.c.t.Neo4jTransactionManager      : Creating new transaction with name [null]: PROPAGATION_REQUIRED,ISOLATION_DEFAULT
2025-12-30 22:51:07.120 DEBUG --- [nio-8085-exec-9] org.springframework.data.neo4j.cypher    : Executing:
MATCH (accountProfile:`account_profile`) WHERE accountProfile.user_id = $userId RETURN accountProfile{.address, .avatar, .banner, .bio, .createdAt, .created_at, .display_name, .first_name, .gender, .id, .isPublic, .last_name, .updated_at, .user_id, __nodeLabels__: labels(accountProfile), __elementId__: id(accountProfile)}
2025-12-30 22:51:07.168  WARN --- [nio-8085-exec-9] o.s.data.neo4j.cypher.deprecation        : Neo.ClientNotification.Statement.FeatureDeprecationWarning: This feature is deprecated and will be removed in future versions.
	MATCH (accountProfile:`account_profile`) WHERE accountProfile.user_id = $userId RETURN accountProfile{.address, .avatar, .banner, .bio, .createdAt, .created_at, .display_name, .first_name, .gender, .id, .isPublic, .last_name, .updated_at, .user_id, __nodeLabels__: labels(accountProfile), __elementId__: id(accountProfile)}
	                                                                                                                                                                                                                                                                                                                ^
The query used a deprecated function. ('id' has been replaced by 'elementId or consider using an application-generated id')
2025-12-30 22:51:07.169  WARN --- [nio-8085-exec-9] o.s.data.neo4j.cypher.unrecognized       : Neo.ClientNotification.Statement.UnknownPropertyKeyWarning: The provided property key is not in the database
	MATCH (accountProfile:`account_profile`) WHERE accountProfile.user_id = $userId RETURN accountProfile{.address, .avatar, .banner, .bio, .createdAt, .created_at, .display_name, .first_name, .gender, .id, .isPublic, .last_name, .updated_at, .user_id, __nodeLabels__: labels(accountProfile), __elementId__: id(accountProfile)}
	                                                                                                                                                                  ^
One of the property names in your query is not available in the database, make sure you didn't misspell it or that the label is available when you run this statement in your application (the missing property name is: display_name)
2025-12-30 22:51:07.169 DEBUG --- [nio-8085-exec-9] o.s.d.n.c.t.Neo4jTransactionManager      : Initiating transaction commit
2025-12-30 22:51:07.250 DEBUG --- [nio-8085-exec-9] m.m.a.RequestResponseBodyMethodProcessor : Using 'application/json', given [application/json] and supported [application/json, application/*+json, application/yaml]
2025-12-30 22:51:07.250 DEBUG --- [nio-8085-exec-9] m.m.a.RequestResponseBodyMethodProcessor : Writing [ProfileResponse(id=c6fefc83-6c7e-4114-80bb-8601aebf3cc9, firstName=Fsocial, lastName= Official, avat (truncated)...]
2025-12-30 22:51:07.252 DEBUG --- [nio-8085-exec-9] o.s.web.servlet.DispatcherServlet        : Completed 200 OK
2025-12-30 22:51:07.252 DEBUG --- [nio-8085-exec-9] o.s.s.w.a.AnonymousAuthenticationFilter  : Set SecurityContextHolder to anonymous SecurityContext
2025-12-30 22:51:07.379 DEBUG --- [io-8085-exec-10] o.s.security.web.FilterChainProxy        : Securing GET /external/e7a4dee5-e7f9-40d2-83d8-621a5082a30d
2025-12-30 22:51:07.379 DEBUG --- [io-8085-exec-10] o.s.security.web.FilterChainProxy        : Secured GET /external/e7a4dee5-e7f9-40d2-83d8-621a5082a30d
2025-12-30 22:51:07.379  INFO --- [io-8085-exec-10] c.f.profileservice.config.AppConfig      : Request URI: /profile/external/e7a4dee5-e7f9-40d2-83d8-621a5082a30d
2025-12-30 22:51:07.379 DEBUG --- [io-8085-exec-10] o.s.web.servlet.DispatcherServlet        : GET "/profile/external/e7a4dee5-e7f9-40d2-83d8-621a5082a30d", parameters={}
2025-12-30 22:51:07.379 DEBUG --- [io-8085-exec-10] s.w.s.m.m.a.RequestMappingHandlerMapping : Mapped to com.fsocial.profileservice.controller.AccountProfileController#getProfileResponseByUserId(String)
2025-12-30 22:51:07.380 DEBUG --- [io-8085-exec-10] o.s.d.n.c.t.Neo4jTransactionManager      : Creating new transaction with name [null]: PROPAGATION_REQUIRED,ISOLATION_DEFAULT
2025-12-30 22:51:07.494 DEBUG --- [io-8085-exec-10] org.springframework.data.neo4j.cypher    : Executing:
MATCH (accountProfile:`account_profile`) WHERE accountProfile.user_id = $userId RETURN accountProfile{.address, .avatar, .banner, .bio, .createdAt, .created_at, .display_name, .first_name, .gender, .id, .isPublic, .last_name, .updated_at, .user_id, __nodeLabels__: labels(accountProfile), __elementId__: id(accountProfile)}
2025-12-30 22:51:07.539  WARN --- [io-8085-exec-10] o.s.data.neo4j.cypher.deprecation        : Neo.ClientNotification.Statement.FeatureDeprecationWarning: This feature is deprecated and will be removed in future versions.
	MATCH (accountProfile:`account_profile`) WHERE accountProfile.user_id = $userId RETURN accountProfile{.address, .avatar, .banner, .bio, .createdAt, .created_at, .display_name, .first_name, .gender, .id, .isPublic, .last_name, .updated_at, .user_id, __nodeLabels__: labels(accountProfile), __elementId__: id(accountProfile)}
	                                                                                                                                                                                                                                                                                                                ^
The query used a deprecated function. ('id' has been replaced by 'elementId or consider using an application-generated id')
2025-12-30 22:51:07.539  WARN --- [io-8085-exec-10] o.s.data.neo4j.cypher.unrecognized       : Neo.ClientNotification.Statement.UnknownPropertyKeyWarning: The provided property key is not in the database
	MATCH (accountProfile:`account_profile`) WHERE accountProfile.user_id = $userId RETURN accountProfile{.address, .avatar, .banner, .bio, .createdAt, .created_at, .display_name, .first_name, .gender, .id, .isPublic, .last_name, .updated_at, .user_id, __nodeLabels__: labels(accountProfile), __elementId__: id(accountProfile)}
	                                                                                                                                                                  ^
One of the property names in your query is not available in the database, make sure you didn't misspell it or that the label is available when you run this statement in your application (the missing property name is: display_name)
2025-12-30 22:51:07.539 DEBUG --- [io-8085-exec-10] o.s.d.n.c.t.Neo4jTransactionManager      : Initiating transaction commit
2025-12-30 22:51:07.615 DEBUG --- [io-8085-exec-10] m.m.a.RequestResponseBodyMethodProcessor : Using 'application/json', given [application/json] and supported [application/json, application/*+json, application/yaml]
2025-12-30 22:51:07.615 DEBUG --- [io-8085-exec-10] m.m.a.RequestResponseBodyMethodProcessor : Writing [ProfileResponse(id=44f71889-7e11-479c-87f6-3e296dea7e40, firstName=Minh, lastName=Nguyen, avatar=)]
2025-12-30 22:51:07.615 DEBUG --- [io-8085-exec-10] o.s.web.servlet.DispatcherServlet        : Completed 200 OK
2025-12-30 22:51:07.617 DEBUG --- [io-8085-exec-10] o.s.s.w.a.AnonymousAuthenticationFilter  : Set SecurityContextHolder to anonymous SecurityContext
2025-12-30 22:51:07.743 DEBUG --- [nio-8085-exec-1] o.s.security.web.FilterChainProxy        : Securing GET /external/c01a789c-af0c-4bed-a2e6-86bd3f4747ef
2025-12-30 22:51:07.743 DEBUG --- [nio-8085-exec-1] o.s.security.web.FilterChainProxy        : Secured GET /external/c01a789c-af0c-4bed-a2e6-86bd3f4747ef
2025-12-30 22:51:07.743  INFO --- [nio-8085-exec-1] c.f.profileservice.config.AppConfig      : Request URI: /profile/external/c01a789c-af0c-4bed-a2e6-86bd3f4747ef
2025-12-30 22:51:07.743 DEBUG --- [nio-8085-exec-1] o.s.web.servlet.DispatcherServlet        : GET "/profile/external/c01a789c-af0c-4bed-a2e6-86bd3f4747ef", parameters={}
2025-12-30 22:51:07.744 DEBUG --- [nio-8085-exec-1] s.w.s.m.m.a.RequestMappingHandlerMapping : Mapped to com.fsocial.profileservice.controller.AccountProfileController#getProfileResponseByUserId(String)
2025-12-30 22:51:07.744 DEBUG --- [nio-8085-exec-1] o.s.d.n.c.t.Neo4jTransactionManager      : Creating new transaction with name [null]: PROPAGATION_REQUIRED,ISOLATION_DEFAULT
2025-12-30 22:51:07.854 DEBUG --- [nio-8085-exec-1] org.springframework.data.neo4j.cypher    : Executing:
MATCH (accountProfile:`account_profile`) WHERE accountProfile.user_id = $userId RETURN accountProfile{.address, .avatar, .banner, .bio, .createdAt, .created_at, .display_name, .first_name, .gender, .id, .isPublic, .last_name, .updated_at, .user_id, __nodeLabels__: labels(accountProfile), __elementId__: id(accountProfile)}
2025-12-30 22:51:07.899  WARN --- [nio-8085-exec-1] o.s.data.neo4j.cypher.deprecation        : Neo.ClientNotification.Statement.FeatureDeprecationWarning: This feature is deprecated and will be removed in future versions.
	MATCH (accountProfile:`account_profile`) WHERE accountProfile.user_id = $userId RETURN accountProfile{.address, .avatar, .banner, .bio, .createdAt, .created_at, .display_name, .first_name, .gender, .id, .isPublic, .last_name, .updated_at, .user_id, __nodeLabels__: labels(accountProfile), __elementId__: id(accountProfile)}
	                                                                                                                                                                                                                                                                                                                ^
The query used a deprecated function. ('id' has been replaced by 'elementId or consider using an application-generated id')
2025-12-30 22:51:07.899  WARN --- [nio-8085-exec-1] o.s.data.neo4j.cypher.unrecognized       : Neo.ClientNotification.Statement.UnknownPropertyKeyWarning: The provided property key is not in the database
	MATCH (accountProfile:`account_profile`) WHERE accountProfile.user_id = $userId RETURN accountProfile{.address, .avatar, .banner, .bio, .createdAt, .created_at, .display_name, .first_name, .gender, .id, .isPublic, .last_name, .updated_at, .user_id, __nodeLabels__: labels(accountProfile), __elementId__: id(accountProfile)}
	                                                                                                                                                                  ^
One of the property names in your query is not available in the database, make sure you didn't misspell it or that the label is available when you run this statement in your application (the missing property name is: display_name)
2025-12-30 22:51:07.899 DEBUG --- [nio-8085-exec-1] o.s.d.n.c.t.Neo4jTransactionManager      : Initiating transaction commit
2025-12-30 22:51:07.975 DEBUG --- [nio-8085-exec-1] m.m.a.RequestResponseBodyMethodProcessor : Using 'application/json', given [application/json] and supported [application/json, application/*+json, application/yaml]
2025-12-30 22:51:07.975 DEBUG --- [nio-8085-exec-1] m.m.a.RequestResponseBodyMethodProcessor : Writing [ProfileResponse(id=c43fab09-1fd8-47b7-9c25-23f603b721f5, firstName=Max, lastName=Bean, avatar=)]
2025-12-30 22:51:07.977 DEBUG --- [nio-8085-exec-1] o.s.web.servlet.DispatcherServlet        : Completed 200 OK
2025-12-30 22:51:07.977 DEBUG --- [nio-8085-exec-1] o.s.s.w.a.AnonymousAuthenticationFilter  : Set SecurityContextHolder to anonymous SecurityContext
2025-12-30 22:51:08.104 DEBUG --- [nio-8085-exec-2] o.s.security.web.FilterChainProxy        : Securing GET /external/e7a4dee5-e7f9-40d2-83d8-621a5082a30d
2025-12-30 22:51:08.104 DEBUG --- [nio-8085-exec-2] o.s.security.web.FilterChainProxy        : Secured GET /external/e7a4dee5-e7f9-40d2-83d8-621a5082a30d
2025-12-30 22:51:08.104  INFO --- [nio-8085-exec-2] c.f.profileservice.config.AppConfig      : Request URI: /profile/external/e7a4dee5-e7f9-40d2-83d8-621a5082a30d
2025-12-30 22:51:08.104 DEBUG --- [nio-8085-exec-2] o.s.web.servlet.DispatcherServlet        : GET "/profile/external/e7a4dee5-e7f9-40d2-83d8-621a5082a30d", parameters={}
2025-12-30 22:51:08.104 DEBUG --- [nio-8085-exec-2] s.w.s.m.m.a.RequestMappingHandlerMapping : Mapped to com.fsocial.profileservice.controller.AccountProfileController#getProfileResponseByUserId(String)
2025-12-30 22:51:08.104 DEBUG --- [nio-8085-exec-2] o.s.d.n.c.t.Neo4jTransactionManager      : Creating new transaction with name [null]: PROPAGATION_REQUIRED,ISOLATION_DEFAULT
2025-12-30 22:51:08.219 DEBUG --- [nio-8085-exec-2] org.springframework.data.neo4j.cypher    : Executing:
MATCH (accountProfile:`account_profile`) WHERE accountProfile.user_id = $userId RETURN accountProfile{.address, .avatar, .banner, .bio, .createdAt, .created_at, .display_name, .first_name, .gender, .id, .isPublic, .last_name, .updated_at, .user_id, __nodeLabels__: labels(accountProfile), __elementId__: id(accountProfile)}
2025-12-30 22:51:08.260  WARN --- [nio-8085-exec-2] o.s.data.neo4j.cypher.deprecation        : Neo.ClientNotification.Statement.FeatureDeprecationWarning: This feature is deprecated and will be removed in future versions.
	MATCH (accountProfile:`account_profile`) WHERE accountProfile.user_id = $userId RETURN accountProfile{.address, .avatar, .banner, .bio, .createdAt, .created_at, .display_name, .first_name, .gender, .id, .isPublic, .last_name, .updated_at, .user_id, __nodeLabels__: labels(accountProfile), __elementId__: id(accountProfile)}
	                                                                                                                                                                                                                                                                                                                ^
The query used a deprecated function. ('id' has been replaced by 'elementId or consider using an application-generated id')
2025-12-30 22:51:08.260  WARN --- [nio-8085-exec-2] o.s.data.neo4j.cypher.unrecognized       : Neo.ClientNotification.Statement.UnknownPropertyKeyWarning: The provided property key is not in the database
	MATCH (accountProfile:`account_profile`) WHERE accountProfile.user_id = $userId RETURN accountProfile{.address, .avatar, .banner, .bio, .createdAt, .created_at, .display_name, .first_name, .gender, .id, .isPublic, .last_name, .updated_at, .user_id, __nodeLabels__: labels(accountProfile), __elementId__: id(accountProfile)}
	                                                                                                                                                                  ^
One of the property names in your query is not available in the database, make sure you didn't misspell it or that the label is available when you run this statement in your application (the missing property name is: display_name)
2025-12-30 22:51:08.260 DEBUG --- [nio-8085-exec-2] o.s.d.n.c.t.Neo4jTransactionManager      : Initiating transaction commit
2025-12-30 22:51:08.337 DEBUG --- [nio-8085-exec-2] m.m.a.RequestResponseBodyMethodProcessor : Using 'application/json', given [application/json] and supported [application/json, application/*+json, application/yaml]
2025-12-30 22:51:08.337 DEBUG --- [nio-8085-exec-2] m.m.a.RequestResponseBodyMethodProcessor : Writing [ProfileResponse(id=44f71889-7e11-479c-87f6-3e296dea7e40, firstName=Minh, lastName=Nguyen, avatar=)]
2025-12-30 22:51:08.338 DEBUG --- [nio-8085-exec-2] o.s.web.servlet.DispatcherServlet        : Completed 200 OK
2025-12-30 22:51:08.338 DEBUG --- [nio-8085-exec-2] o.s.s.w.a.AnonymousAuthenticationFilter  : Set SecurityContextHolder to anonymous SecurityContext
2025-12-30 23:45:08.347 DEBUG --- [ SIGINT handler] java.lang.Runtime                        : Runtime.exit() called with status: 130
java.lang.Throwable: Runtime.exit(130)
	at java.base/java.lang.Shutdown.logRuntimeExit(Shutdown.java:179)
	at java.base/java.lang.Shutdown.exit(Shutdown.java:160)
	at java.base/java.lang.Terminator$1.handle(Terminator.java:51)
	at java.base/jdk.internal.misc.Signal$1.run(Signal.java:218)
	at java.base/java.lang.Thread.run(Thread.java:1583)
2025-12-30 23:45:08.358 DEBUG --- [ionShutdownHook] o.s.b.a.ApplicationAvailabilityBean      : Application availability state ReadinessState changed from ACCEPTING_TRAFFIC to REFUSING_TRAFFIC
2025-12-30 23:45:08.361 DEBUG --- [ionShutdownHook] ConfigServletWebServerApplicationContext : Closing org.springframework.boot.web.servlet.context.AnnotationConfigServletWebServerApplicationContext@2afacb41, started on Tue Dec 30 22:35:50 ICT 2025
2025-12-30 23:45:08.385 DEBUG --- [ionShutdownHook] o.s.c.support.DefaultLifecycleProcessor  : Stopping beans in phase 2147483647
2025-12-30 23:45:08.388 DEBUG --- [ionShutdownHook] o.s.a.r.l.SimpleMessageListenerContainer : Shutting down Rabbit listener container
2025-12-30 23:45:08.632  INFO --- [ntContainer#0-2] o.s.a.r.l.SimpleMessageListenerContainer : Waiting for workers to finish.
2025-12-30 23:45:08.633 DEBUG --- [ionShutdownHook] o.s.d.r.l.RedisMessageListenerContainer  : Stopped RedisMessageListenerContainer
2025-12-30 23:45:08.634 DEBUG --- [ionShutdownHook] o.s.c.support.DefaultLifecycleProcessor  : Bean 'redisKeyValueAdapter' completed its stop procedure
2025-12-30 23:45:08.634 DEBUG --- [pool-2-thread-4] o.s.a.r.listener.BlockingQueueConsumer   : Received cancelOk for tag amq.ctag-18e0Qkko0J6LjWr_T4lqH3qUuJOW3rOq (profileservice.create-profile); Consumer@6014631a: tags=[[amq.ctag-18e0Qkko0J6LjWr_T4lqH3qUuJOW3rOq]], channel=Cached Rabbit Channel: AMQChannel(amqp://ddvrnvxz@34.237.157.33:5672/ddvrnvxz,1), conn: Proxy@25895009 Shared Rabbit Connection: SimpleConnection@d0dc40f [delegate=amqp://ddvrnvxz@34.237.157.33:5672/ddvrnvxz, localPort=51283], acknowledgeMode=AUTO local queue size=0
2025-12-30 23:45:08.992  INFO --- [ntContainer#0-2] o.s.a.r.l.SimpleMessageListenerContainer : Successfully waited for workers to finish.
2025-12-30 23:45:08.992 DEBUG --- [ntContainer#0-2] o.s.c.support.DefaultLifecycleProcessor  : Bean 'org.springframework.amqp.rabbit.config.internalRabbitListenerEndpointRegistry' completed its stop procedure
2025-12-30 23:45:08.992 DEBUG --- [ionShutdownHook] o.s.c.support.DefaultLifecycleProcessor  : Stopping beans in phase 2147483547
2025-12-30 23:45:08.992 DEBUG --- [ionShutdownHook] o.s.c.support.DefaultLifecycleProcessor  : Bean 'org.springframework.kafka.config.internalKafkaListenerEndpointRegistry' completed its stop procedure
2025-12-30 23:45:08.992 DEBUG --- [ionShutdownHook] o.s.c.support.DefaultLifecycleProcessor  : Stopping beans in phase 2147482623
2025-12-30 23:45:08.992 DEBUG --- [ntContainer#0-1] o.s.a.r.l.SimpleMessageListenerContainer : Cancelling Consumer@6014631a: tags=[[amq.ctag-18e0Qkko0J6LjWr_T4lqH3qUuJOW3rOq]], channel=Cached Rabbit Channel: AMQChannel(amqp://ddvrnvxz@34.237.157.33:5672/ddvrnvxz,1), conn: Proxy@25895009 Shared Rabbit Connection: SimpleConnection@d0dc40f [delegate=amqp://ddvrnvxz@34.237.157.33:5672/ddvrnvxz, localPort=51283], acknowledgeMode=AUTO local queue size=0
2025-12-30 23:45:08.993 DEBUG --- [ntContainer#0-1] o.s.a.r.listener.BlockingQueueConsumer   : Closing Rabbit Channel: Cached Rabbit Channel: AMQChannel(amqp://ddvrnvxz@34.237.157.33:5672/ddvrnvxz,1), conn: Proxy@25895009 Shared Rabbit Connection: SimpleConnection@d0dc40f [delegate=amqp://ddvrnvxz@34.237.157.33:5672/ddvrnvxz, localPort=51283]
2025-12-30 23:45:08.993 DEBUG --- [ntContainer#0-1] o.s.a.r.c.CachingConnectionFactory       : Closing cached Channel: AMQChannel(amqp://ddvrnvxz@34.237.157.33:5672/ddvrnvxz,1)
2025-12-30 23:45:08.995  INFO --- [ionShutdownHook] o.s.b.w.e.tomcat.GracefulShutdown        : Commencing graceful shutdown. Waiting for active requests to complete
2025-12-30 23:45:09.003  INFO --- [tomcat-shutdown] o.s.b.w.e.tomcat.GracefulShutdown        : Graceful shutdown complete
2025-12-30 23:45:09.003 DEBUG --- [tomcat-shutdown] o.s.c.support.DefaultLifecycleProcessor  : Bean 'webServerGracefulShutdown' completed its stop procedure
2025-12-30 23:45:09.003 DEBUG --- [ionShutdownHook] o.s.c.support.DefaultLifecycleProcessor  : Stopping beans in phase 2147481599
2025-12-30 23:45:09.006 DEBUG --- [ionShutdownHook] o.s.c.support.DefaultLifecycleProcessor  : Bean 'webServerStartStop' completed its stop procedure
2025-12-30 23:45:09.006 DEBUG --- [ionShutdownHook] o.s.c.support.DefaultLifecycleProcessor  : Stopping beans in phase 1073741823
2025-12-30 23:45:09.006 DEBUG --- [ionShutdownHook] o.s.c.support.DefaultLifecycleProcessor  : Bean 'applicationTaskExecutor' completed its stop procedure
2025-12-30 23:45:09.006 DEBUG --- [ionShutdownHook] o.s.c.support.DefaultLifecycleProcessor  : Stopping beans in phase 0
2025-12-30 23:45:09.134 DEBUG --- [ionShutdownHook] o.s.c.support.DefaultLifecycleProcessor  : Bean 'redisConnectionFactory' completed its stop procedure
2025-12-30 23:45:09.135 DEBUG --- [ionShutdownHook] o.s.c.support.DefaultLifecycleProcessor  : Successfully stopped bean 'refreshScopeLifecycle'
2025-12-30 23:45:09.135 DEBUG --- [ionShutdownHook] o.s.c.support.DefaultLifecycleProcessor  : Stopping beans in phase -2147483647
2025-12-30 23:45:09.135 DEBUG --- [ionShutdownHook] o.s.c.support.DefaultLifecycleProcessor  : Bean 'springBootLoggingLifecycle' completed its stop procedure
2025-12-30 23:45:09.135 DEBUG --- [ionShutdownHook] o.s.c.support.DefaultLifecycleProcessor  : Stopping beans in phase -2147483648
2025-12-30 23:45:09.514 DEBUG --- [ionShutdownHook] o.s.c.support.DefaultLifecycleProcessor  : Bean 'rabbitConnectionFactory' completed its stop procedure
2025-12-30 23:45:09.515 DEBUG --- [ionShutdownHook] o.s.c.support.DefaultLifecycleProcessor  : Bean 'kafkaProducerFactory' completed its stop procedure
2025-12-30 23:45:09.518 DEBUG --- [ionShutdownHook] o.s.b.f.support.DisposableBeanAdapter    : Custom destroy method 'shutdown' on bean with name 'lettuceClientResources' completed asynchronously
2025-12-30 23:45:09.519 DEBUG --- [ionShutdownHook] o.s.s.concurrent.ThreadPoolTaskExecutor  : Shutting down ExecutorService 'applicationTaskExecutor'
2025-12-30 23:45:09.521 DEBUG --- [ionShutdownHook] o.s.a.r.l.SimpleMessageListenerContainer : Shutdown ignored - container is not active already
2025-12-30 23:45:09.521 DEBUG --- [ionShutdownHook] s.c.a.AnnotationConfigApplicationContext : Closing FeignClientFactory-postService, started on Tue Dec 30 22:35:53 ICT 2025, parent: org.springframework.boot.web.servlet.context.AnnotationConfigServletWebServerApplicationContext@2afacb41
2025-12-30 23:45:09.524 DEBUG --- [ionShutdownHook] o.s.j.e.a.AnnotationMBeanExporter        : Unregistering JMX-exposed beans on shutdown
2025-12-30 23:45:09.525 DEBUG --- [ionShutdownHook] o.s.j.e.a.AnnotationMBeanExporter        : Unregistering JMX-exposed beans
