2025-11-25 21:03:00.143 DEBUG --- [kground-preinit] org.jboss.logging                        : Logging Provider: org.jboss.logging.Slf4jLoggerProvider found via system property
2025-11-25 21:03:00.370  INFO --- [           main] c.f.a.AccountServiceApplicationTests     : Starting AccountServiceApplicationTests using Java 22.0.2 with PID 11292 (started by acer in C:\Users\acer\OneDrive\Workspace\Fsocial\Fsocial_be\accountService)
2025-11-25 21:03:00.373 DEBUG --- [           main] c.f.a.AccountServiceApplicationTests     : Running with Spring Boot v3.4.1, Spring v6.2.1
2025-11-25 21:03:00.374  INFO --- [           main] c.f.a.AccountServiceApplicationTests     : The following 1 profile is active: "dev"
2025-11-25 21:03:00.375 DEBUG --- [           main] o.s.boot.SpringApplication               : Loading source class com.fsocial.accountservice.AccountServiceApplication
2025-11-25 21:03:00.474 DEBUG --- [           main] o.s.w.c.s.GenericWebApplicationContext   : Refreshing org.springframework.web.context.support.GenericWebApplicationContext@629adce
2025-11-25 21:03:00.515 DEBUG --- [           main] o.s.b.f.s.DefaultListableBeanFactory     : Creating shared instance of singleton bean 'org.springframework.context.annotation.internalConfigurationAnnotationProcessor'
2025-11-25 21:03:00.542 DEBUG --- [           main] o.s.b.f.s.DefaultListableBeanFactory     : Creating shared instance of singleton bean 'org.springframework.boot.autoconfigure.internalCachingMetadataReaderFactory'
2025-11-25 21:03:00.685 DEBUG --- [           main] o.s.c.a.ClassPathBeanDefinitionScanner   : Identified candidate component class: file [C:\Users\acer\OneDrive\Workspace\Fsocial\Fsocial_be\accountService\target\classes\com\fsocial\accountservice\config\AppConfig.class]
2025-11-25 21:03:00.688 DEBUG --- [           main] o.s.c.a.ClassPathBeanDefinitionScanner   : Identified candidate component class: file [C:\Users\acer\OneDrive\Workspace\Fsocial\Fsocial_be\accountService\target\classes\com\fsocial\accountservice\config\AuditingConfig.class]
2025-11-25 21:03:00.692 DEBUG --- [           main] o.s.c.a.ClassPathBeanDefinitionScanner   : Identified candidate component class: file [C:\Users\acer\OneDrive\Workspace\Fsocial\Fsocial_be\accountService\target\classes\com\fsocial\accountservice\config\CorsConfig.class]
2025-11-25 21:03:00.694 DEBUG --- [           main] o.s.c.a.ClassPathBeanDefinitionScanner   : Identified candidate component class: file [C:\Users\acer\OneDrive\Workspace\Fsocial\Fsocial_be\accountService\target\classes\com\fsocial\accountservice\config\CustomJwtDecode.class]
2025-11-25 21:03:00.694 DEBUG --- [           main] o.s.c.a.ClassPathBeanDefinitionScanner   : Identified candidate component class: file [C:\Users\acer\OneDrive\Workspace\Fsocial\Fsocial_be\accountService\target\classes\com\fsocial\accountservice\config\JacksonConfig.class]
2025-11-25 21:03:00.697 DEBUG --- [           main] o.s.c.a.ClassPathBeanDefinitionScanner   : Identified candidate component class: file [C:\Users\acer\OneDrive\Workspace\Fsocial\Fsocial_be\accountService\target\classes\com\fsocial\accountservice\config\JwtConfig.class]
2025-11-25 21:03:00.699 DEBUG --- [           main] o.s.c.a.ClassPathBeanDefinitionScanner   : Identified candidate component class: file [C:\Users\acer\OneDrive\Workspace\Fsocial\Fsocial_be\accountService\target\classes\com\fsocial\accountservice\config\OAuth2LoginSuccessHandler.class]
2025-11-25 21:03:00.701 DEBUG --- [           main] o.s.c.a.ClassPathBeanDefinitionScanner   : Identified candidate component class: file [C:\Users\acer\OneDrive\Workspace\Fsocial\Fsocial_be\accountService\target\classes\com\fsocial\accountservice\config\OpenAPIConfig.class]
2025-11-25 21:03:00.702 DEBUG --- [           main] o.s.c.a.ClassPathBeanDefinitionScanner   : Identified candidate component class: file [C:\Users\acer\OneDrive\Workspace\Fsocial\Fsocial_be\accountService\target\classes\com\fsocial\accountservice\config\RedisConfig.class]
2025-11-25 21:03:00.722 DEBUG --- [           main] o.s.c.a.ClassPathBeanDefinitionScanner   : Identified candidate component class: file [C:\Users\acer\OneDrive\Workspace\Fsocial\Fsocial_be\accountService\target\classes\com\fsocial\accountservice\controller\AccountController.class]
2025-11-25 21:03:00.724 DEBUG --- [           main] o.s.c.a.ClassPathBeanDefinitionScanner   : Identified candidate component class: file [C:\Users\acer\OneDrive\Workspace\Fsocial\Fsocial_be\accountService\target\classes\com\fsocial\accountservice\controller\AuthenticateController.class]
2025-11-25 21:03:00.727 DEBUG --- [           main] o.s.c.a.ClassPathBeanDefinitionScanner   : Identified candidate component class: file [C:\Users\acer\OneDrive\Workspace\Fsocial\Fsocial_be\accountService\target\classes\com\fsocial\accountservice\controller\CheckConnection.class]
2025-11-25 21:03:00.728 DEBUG --- [           main] o.s.c.a.ClassPathBeanDefinitionScanner   : Identified candidate component class: file [C:\Users\acer\OneDrive\Workspace\Fsocial\Fsocial_be\accountService\target\classes\com\fsocial\accountservice\controller\GoogleAuthen.class]
2025-11-25 21:03:00.729 DEBUG --- [           main] o.s.c.a.ClassPathBeanDefinitionScanner   : Identified candidate component class: file [C:\Users\acer\OneDrive\Workspace\Fsocial\Fsocial_be\accountService\target\classes\com\fsocial\accountservice\controller\InternalController.class]
2025-11-25 21:03:00.730 DEBUG --- [           main] o.s.c.a.ClassPathBeanDefinitionScanner   : Identified candidate component class: file [C:\Users\acer\OneDrive\Workspace\Fsocial\Fsocial_be\accountService\target\classes\com\fsocial\accountservice\controller\OAuth2AuthenticationSuccessHandler.class]
2025-11-25 21:03:00.733 DEBUG --- [           main] o.s.c.a.ClassPathBeanDefinitionScanner   : Identified candidate component class: file [C:\Users\acer\OneDrive\Workspace\Fsocial\Fsocial_be\accountService\target\classes\com\fsocial\accountservice\controller\PermissionController.class]
2025-11-25 21:03:00.735 DEBUG --- [           main] o.s.c.a.ClassPathBeanDefinitionScanner   : Identified candidate component class: file [C:\Users\acer\OneDrive\Workspace\Fsocial\Fsocial_be\accountService\target\classes\com\fsocial\accountservice\controller\RoleController.class]
2025-11-25 21:03:00.836 DEBUG --- [           main] o.s.c.a.ClassPathBeanDefinitionScanner   : Identified candidate component class: file [C:\Users\acer\OneDrive\Workspace\Fsocial\Fsocial_be\accountService\target\classes\com\fsocial\accountservice\exception\GlobalExceptionHandler.class]
2025-11-25 21:03:00.838 DEBUG --- [           main] o.s.c.a.ClassPathBeanDefinitionScanner   : Identified candidate component class: file [C:\Users\acer\OneDrive\Workspace\Fsocial\Fsocial_be\accountService\target\classes\com\fsocial\accountservice\mapper\AccountMapperImpl.class]
2025-11-25 21:03:00.841 DEBUG --- [           main] o.s.c.a.ClassPathBeanDefinitionScanner   : Identified candidate component class: file [C:\Users\acer\OneDrive\Workspace\Fsocial\Fsocial_be\accountService\target\classes\com\fsocial\accountservice\mapper\PermissionMapperImpl.class]
2025-11-25 21:03:00.845 DEBUG --- [           main] o.s.c.a.ClassPathBeanDefinitionScanner   : Identified candidate component class: file [C:\Users\acer\OneDrive\Workspace\Fsocial\Fsocial_be\accountService\target\classes\com\fsocial\accountservice\mapper\ProfileMapperImpl.class]
2025-11-25 21:03:00.847 DEBUG --- [           main] o.s.c.a.ClassPathBeanDefinitionScanner   : Identified candidate component class: file [C:\Users\acer\OneDrive\Workspace\Fsocial\Fsocial_be\accountService\target\classes\com\fsocial\accountservice\mapper\RoleMapperImpl.class]
2025-11-25 21:03:00.853 DEBUG --- [           main] o.s.c.a.ClassPathBeanDefinitionScanner   : Ignored because not a concrete top-level class: file [C:\Users\acer\OneDrive\Workspace\Fsocial\Fsocial_be\accountService\target\classes\com\fsocial\accountservice\repository\AccountRepository.class]
2025-11-25 21:03:00.863 DEBUG --- [           main] o.s.c.a.ClassPathBeanDefinitionScanner   : Ignored because not a concrete top-level class: file [C:\Users\acer\OneDrive\Workspace\Fsocial\Fsocial_be\accountService\target\classes\com\fsocial\accountservice\repository\PermissionRepository.class]
2025-11-25 21:03:00.864 DEBUG --- [           main] o.s.c.a.ClassPathBeanDefinitionScanner   : Ignored because not a concrete top-level class: file [C:\Users\acer\OneDrive\Workspace\Fsocial\Fsocial_be\accountService\target\classes\com\fsocial\accountservice\repository\RefreshTokenRepository.class]
2025-11-25 21:03:00.867 DEBUG --- [           main] o.s.c.a.ClassPathBeanDefinitionScanner   : Ignored because not a concrete top-level class: file [C:\Users\acer\OneDrive\Workspace\Fsocial\Fsocial_be\accountService\target\classes\com\fsocial\accountservice\repository\RoleRepository.class]
2025-11-25 21:03:00.869 DEBUG --- [           main] o.s.c.a.ClassPathBeanDefinitionScanner   : Ignored because not a concrete top-level class: file [C:\Users\acer\OneDrive\Workspace\Fsocial\Fsocial_be\accountService\target\classes\com\fsocial\accountservice\repository\TokenRepository.class]
2025-11-25 21:03:00.877 DEBUG --- [           main] o.s.c.a.ClassPathBeanDefinitionScanner   : Identified candidate component class: file [C:\Users\acer\OneDrive\Workspace\Fsocial\Fsocial_be\accountService\target\classes\com\fsocial\accountservice\services\impl\AccountServiceImpl.class]
2025-11-25 21:03:00.879 DEBUG --- [           main] o.s.c.a.ClassPathBeanDefinitionScanner   : Identified candidate component class: file [C:\Users\acer\OneDrive\Workspace\Fsocial\Fsocial_be\accountService\target\classes\com\fsocial\accountservice\services\impl\AuthenticationServiceImpl.class]
2025-11-25 21:03:00.881 DEBUG --- [           main] o.s.c.a.ClassPathBeanDefinitionScanner   : Identified candidate component class: file [C:\Users\acer\OneDrive\Workspace\Fsocial\Fsocial_be\accountService\target\classes\com\fsocial\accountservice\services\impl\BanServiceImpl.class]
2025-11-25 21:03:00.882 DEBUG --- [           main] o.s.c.a.ClassPathBeanDefinitionScanner   : Identified candidate component class: file [C:\Users\acer\OneDrive\Workspace\Fsocial\Fsocial_be\accountService\target\classes\com\fsocial\accountservice\services\impl\JwtServiceImpl.class]
2025-11-25 21:03:00.883 DEBUG --- [           main] o.s.c.a.ClassPathBeanDefinitionScanner   : Identified candidate component class: file [C:\Users\acer\OneDrive\Workspace\Fsocial\Fsocial_be\accountService\target\classes\com\fsocial\accountservice\services\impl\OtpServiceImpl.class]
2025-11-25 21:03:00.884 DEBUG --- [           main] o.s.c.a.ClassPathBeanDefinitionScanner   : Identified candidate component class: file [C:\Users\acer\OneDrive\Workspace\Fsocial\Fsocial_be\accountService\target\classes\com\fsocial\accountservice\services\impl\PermissionServiceImpl.class]
2025-11-25 21:03:00.885 DEBUG --- [           main] o.s.c.a.ClassPathBeanDefinitionScanner   : Identified candidate component class: file [C:\Users\acer\OneDrive\Workspace\Fsocial\Fsocial_be\accountService\target\classes\com\fsocial\accountservice\services\impl\RefreshTokenServiceImpl.class]
2025-11-25 21:03:00.886 DEBUG --- [           main] o.s.c.a.ClassPathBeanDefinitionScanner   : Identified candidate component class: file [C:\Users\acer\OneDrive\Workspace\Fsocial\Fsocial_be\accountService\target\classes\com\fsocial\accountservice\services\impl\RoleServiceImpl.class]
2025-11-25 21:03:00.891 DEBUG --- [           main] o.s.c.a.ClassPathBeanDefinitionScanner   : Identified candidate component class: file [C:\Users\acer\OneDrive\Workspace\Fsocial\Fsocial_be\accountService\target\classes\com\fsocial\accountservice\util\MailUtils.class]
2025-11-25 21:03:01.757  WARN --- [           main] o.s.w.c.s.GenericWebApplicationContext   : Exception encountered during context initialization - cancelling refresh attempt: org.springframework.beans.factory.BeanDefinitionStoreException: Failed to process import candidates for configuration class [com.fsocial.accountservice.AccountServiceApplication]: Error processing condition on org.springframework.boot.autoconfigure.mail.MailSenderAutoConfiguration
2025-11-25 21:03:01.764 DEBUG --- [           main] o.s.boot.devtools.restart.Restarter      : Creating new Restarter for thread Thread[#1,main,5,main]
2025-11-25 21:03:01.791 DEBUG --- [           main] .s.b.a.l.ConditionEvaluationReportLogger : 


============================
CONDITIONS EVALUATION REPORT
============================


Positive matches:
-----------------

   AopAutoConfiguration matched:
      - @ConditionalOnProperty (spring.aop.auto=true) matched (OnPropertyCondition)

   AopAutoConfiguration.AspectJAutoProxyingConfiguration matched:
      - @ConditionalOnClass found required class 'org.aspectj.weaver.Advice' (OnClassCondition)

   AopAutoConfiguration.AspectJAutoProxyingConfiguration.CglibAutoProxyConfiguration matched:
      - @ConditionalOnProperty (spring.aop.proxy-target-class=true) matched (OnPropertyCondition)

   CacheAutoConfiguration matched:
      - @ConditionalOnClass found required class 'org.springframework.cache.CacheManager' (OnClassCondition)

   CacheAutoConfiguration.CacheManagerEntityManagerFactoryDependsOnPostProcessor matched:
      - @ConditionalOnClass found required class 'org.springframework.orm.jpa.LocalContainerEntityManagerFactoryBean' (OnClassCondition)

   DataSourceAutoConfiguration matched:
      - @ConditionalOnClass found required classes 'javax.sql.DataSource', 'org.springframework.jdbc.datasource.embedded.EmbeddedDatabaseType' (OnClassCondition)

   DataSourceAutoConfiguration.PooledDataSourceConfiguration matched:
      - AnyNestedCondition 1 matched 1 did not; NestedCondition on DataSourceAutoConfiguration.PooledDataSourceCondition.PooledDataSourceAvailable PooledDataSource found supported DataSource; NestedCondition on DataSourceAutoConfiguration.PooledDataSourceCondition.ExplicitType @ConditionalOnProperty (spring.datasource.type) did not find property 'type' (DataSourceAutoConfiguration.PooledDataSourceCondition)

   DataSourceConfiguration.Hikari matched:
      - @ConditionalOnClass found required class 'com.zaxxer.hikari.HikariDataSource' (OnClassCondition)
      - @ConditionalOnProperty (spring.datasource.type=com.zaxxer.hikari.HikariDataSource) matched (OnPropertyCondition)

   DataSourcePoolMetadataProvidersConfiguration.HikariPoolDataSourceMetadataProviderConfiguration matched:
      - @ConditionalOnClass found required class 'com.zaxxer.hikari.HikariDataSource' (OnClassCondition)

   DispatcherServletAutoConfiguration matched:
      - @ConditionalOnClass found required class 'org.springframework.web.servlet.DispatcherServlet' (OnClassCondition)
      - found 'session' scope (OnWebApplicationCondition)

   DispatcherServletAutoConfiguration.DispatcherServletConfiguration matched:
      - @ConditionalOnClass found required class 'jakarta.servlet.ServletRegistration' (OnClassCondition)
      - Default DispatcherServlet did not find dispatcher servlet beans (DispatcherServletAutoConfiguration.DefaultDispatcherServletCondition)

   DispatcherServletAutoConfiguration.DispatcherServletRegistrationConfiguration matched:
      - @ConditionalOnClass found required class 'jakarta.servlet.ServletRegistration' (OnClassCondition)
      - DispatcherServlet Registration did not find servlet registration bean (DispatcherServletAutoConfiguration.DispatcherServletRegistrationCondition)

   ErrorMvcAutoConfiguration matched:
      - @ConditionalOnClass found required classes 'jakarta.servlet.Servlet', 'org.springframework.web.servlet.DispatcherServlet' (OnClassCondition)
      - found 'session' scope (OnWebApplicationCondition)

   ErrorMvcAutoConfiguration.WhitelabelErrorViewConfiguration matched:
      - @ConditionalOnProperty (server.error.whitelabel.enabled) matched (OnPropertyCondition)
      - ErrorTemplate Missing did not find error template view (ErrorMvcAutoConfiguration.ErrorTemplateMissingCondition)

   GenericCacheConfiguration matched:
      - Cache org.springframework.boot.autoconfigure.cache.GenericCacheConfiguration automatic cache type (CacheCondition)

   HibernateJpaAutoConfiguration matched:
      - @ConditionalOnClass found required classes 'org.springframework.orm.jpa.LocalContainerEntityManagerFactoryBean', 'jakarta.persistence.EntityManager', 'org.hibernate.engine.spi.SessionImplementor' (OnClassCondition)

   HttpClientAutoConfiguration matched:
      - @ConditionalOnClass found required class 'org.springframework.http.client.ClientHttpRequestFactory' (OnClassCondition)
      - NoneNestedConditions 0 matched 1 did not; NestedCondition on NotReactiveWebApplicationCondition.ReactiveWebApplication did not find reactive web application classes (NotReactiveWebApplicationCondition)

   HttpMessageConvertersAutoConfiguration matched:
      - @ConditionalOnClass found required class 'org.springframework.http.converter.HttpMessageConverter' (OnClassCondition)
      - NoneNestedConditions 0 matched 1 did not; NestedCondition on HttpMessageConvertersAutoConfiguration.NotReactiveWebApplicationCondition.ReactiveWebApplication did not find reactive web application classes (HttpMessageConvertersAutoConfiguration.NotReactiveWebApplicationCondition)

   HttpMessageConvertersAutoConfiguration.StringHttpMessageConverterConfiguration matched:
      - @ConditionalOnClass found required class 'org.springframework.http.converter.StringHttpMessageConverter' (OnClassCondition)

   JacksonAutoConfiguration matched:
      - @ConditionalOnClass found required class 'com.fasterxml.jackson.databind.ObjectMapper' (OnClassCondition)

   JacksonAutoConfiguration.Jackson2ObjectMapperBuilderCustomizerConfiguration matched:
      - @ConditionalOnClass found required class 'org.springframework.http.converter.json.Jackson2ObjectMapperBuilder' (OnClassCondition)

   JacksonAutoConfiguration.JacksonObjectMapperBuilderConfiguration matched:
      - @ConditionalOnClass found required class 'org.springframework.http.converter.json.Jackson2ObjectMapperBuilder' (OnClassCondition)

   JacksonAutoConfiguration.JacksonObjectMapperConfiguration matched:
      - @ConditionalOnClass found required class 'org.springframework.http.converter.json.Jackson2ObjectMapperBuilder' (OnClassCondition)

   JacksonAutoConfiguration.ParameterNamesModuleConfiguration matched:
      - @ConditionalOnClass found required class 'com.fasterxml.jackson.module.paramnames.ParameterNamesModule' (OnClassCondition)

   JacksonHttpMessageConvertersConfiguration.MappingJackson2HttpMessageConverterConfiguration matched:
      - @ConditionalOnClass found required class 'com.fasterxml.jackson.databind.ObjectMapper' (OnClassCondition)
      - @ConditionalOnProperty (spring.mvc.converters.preferred-json-mapper=jackson) matched (OnPropertyCondition)

   JdbcTemplateAutoConfiguration matched:
      - @ConditionalOnClass found required classes 'javax.sql.DataSource', 'org.springframework.jdbc.core.JdbcTemplate' (OnClassCondition)

   JpaBaseConfiguration.JpaWebConfiguration matched:
      - @ConditionalOnClass found required class 'org.springframework.web.servlet.config.annotation.WebMvcConfigurer' (OnClassCondition)
      - found 'session' scope (OnWebApplicationCondition)
      - @ConditionalOnProperty (spring.jpa.open-in-view=true) matched (OnPropertyCondition)

   JpaRepositoriesAutoConfiguration matched:
      - @ConditionalOnClass found required class 'org.springframework.data.jpa.repository.JpaRepository' (OnClassCondition)
      - @ConditionalOnProperty (spring.data.jpa.repositories.enabled=true) matched (OnPropertyCondition)

   JtaAutoConfiguration matched:
      - @ConditionalOnClass found required class 'jakarta.transaction.Transaction' (OnClassCondition)
      - @ConditionalOnProperty (spring.jta.enabled) matched (OnPropertyCondition)

   LettuceConnectionConfiguration matched:
      - @ConditionalOnClass found required class 'io.lettuce.core.RedisClient' (OnClassCondition)
      - @ConditionalOnProperty (spring.data.redis.client-type=lettuce) matched (OnPropertyCondition)

   MailSenderAutoConfiguration matched:
      - @ConditionalOnClass found required classes 'jakarta.mail.internet.MimeMessage', 'jakarta.activation.MimeType', 'org.springframework.mail.MailSender' (OnClassCondition)

   MultipleOpenApiSupportConfiguration matched:
      - found 'session' scope (OnWebApplicationCondition)
      - @ConditionalOnProperty (springdoc.api-docs.enabled) matched (OnPropertyCondition)

   NoOpCacheConfiguration matched:
      - Cache org.springframework.boot.autoconfigure.cache.NoOpCacheConfiguration automatic cache type (CacheCondition)

   PersistenceExceptionTranslationAutoConfiguration matched:
      - @ConditionalOnClass found required class 'org.springframework.dao.annotation.PersistenceExceptionTranslationPostProcessor' (OnClassCondition)

   RedisAutoConfiguration matched:
      - @ConditionalOnClass found required class 'org.springframework.data.redis.core.RedisOperations' (OnClassCondition)

   RedisCacheConfiguration matched:
      - @ConditionalOnClass found required class 'org.springframework.data.redis.connection.RedisConnectionFactory' (OnClassCondition)
      - Cache org.springframework.boot.autoconfigure.cache.RedisCacheConfiguration automatic cache type (CacheCondition)

   RedisReactiveAutoConfiguration matched:
      - @ConditionalOnClass found required classes 'org.springframework.data.redis.connection.ReactiveRedisConnectionFactory', 'org.springframework.data.redis.core.ReactiveRedisTemplate', 'reactor.core.publisher.Flux' (OnClassCondition)

   RedisRepositoriesAutoConfiguration matched:
      - @ConditionalOnClass found required class 'org.springframework.data.redis.repository.configuration.EnableRedisRepositories' (OnClassCondition)
      - @ConditionalOnProperty (spring.data.redis.repositories.enabled=true) matched (OnPropertyCondition)

   RefreshAutoConfiguration matched:
      - @ConditionalOnClass found required class 'org.springframework.cloud.context.scope.refresh.RefreshScope' (OnClassCondition)
      - @ConditionalOnProperty (spring.cloud.refresh.enabled) matched (OnPropertyCondition)

   ServletWebServerFactoryAutoConfiguration matched:
      - @ConditionalOnClass found required class 'jakarta.servlet.ServletRequest' (OnClassCondition)
      - found 'session' scope (OnWebApplicationCondition)

   ServletWebServerFactoryConfiguration.EmbeddedTomcat matched:
      - @ConditionalOnClass found required classes 'jakarta.servlet.Servlet', 'org.apache.catalina.startup.Tomcat', 'org.apache.coyote.UpgradeProtocol' (OnClassCondition)

   SimpleCacheConfiguration matched:
      - Cache org.springframework.boot.autoconfigure.cache.SimpleCacheConfiguration automatic cache type (CacheCondition)

   SpringDataWebAutoConfiguration matched:
      - @ConditionalOnClass found required classes 'org.springframework.data.web.PageableHandlerMethodArgumentResolver', 'org.springframework.web.servlet.config.annotation.WebMvcConfigurer' (OnClassCondition)
      - found 'session' scope (OnWebApplicationCondition)

   SpringDocConfigProperties matched:
      - @ConditionalOnProperty (springdoc.api-docs.enabled) matched (OnPropertyCondition)

   SpringDocConfiguration matched:
      - @ConditionalOnWebApplication (required) found 'session' scope (OnWebApplicationCondition)
      - @ConditionalOnProperty (springdoc.api-docs.enabled) matched (OnPropertyCondition)

   SpringDocConfiguration.QuerydslProvider matched:
      - @ConditionalOnClass found required class 'org.springframework.data.querydsl.binding.QuerydslBindingsFactory' (OnClassCondition)

   SpringDocConfiguration.SpringDocSpringDataWebPropertiesProvider matched:
      - @ConditionalOnClass found required class 'org.springframework.boot.autoconfigure.data.web.SpringDataWebProperties' (OnClassCondition)

   SpringDocConfiguration.SpringDocWebFluxSupportConfiguration matched:
      - @ConditionalOnClass found required class 'reactor.core.publisher.Flux' (OnClassCondition)

   SpringDocConfiguration.WebConversionServiceConfiguration matched:
      - @ConditionalOnClass found required class 'org.springframework.boot.autoconfigure.web.format.WebConversionService' (OnClassCondition)

   SpringDocPageableConfiguration matched:
      - @ConditionalOnClass found required class 'org.springframework.data.domain.Pageable' (OnClassCondition)
      - @ConditionalOnWebApplication (required) found 'session' scope (OnWebApplicationCondition)
      - @ConditionalOnProperty (springdoc.api-docs.enabled) matched (OnPropertyCondition)

   SpringDocSecurityConfiguration matched:
      - @ConditionalOnClass found required class 'org.springframework.security.web.SecurityFilterChain' (OnClassCondition)
      - @ConditionalOnWebApplication (required) found 'session' scope (OnWebApplicationCondition)
      - @ConditionalOnExpression (#{${springdoc.api-docs.enabled:true} and ${springdoc.enable-spring-security:true}}) resulted in true (OnExpressionCondition)

   SpringDocSecurityConfiguration.SpringDocSecurityOAuth2ClientConfiguration matched:
      - @ConditionalOnClass found required class 'org.springframework.security.oauth2.client.annotation.RegisteredOAuth2AuthorizedClient' (OnClassCondition)

   SpringDocSecurityConfiguration.SpringSecurityLoginEndpointConfiguration matched:
      - @ConditionalOnClass found required class 'jakarta.servlet.Filter' (OnClassCondition)

   SpringDocSortConfiguration matched:
      - @ConditionalOnClass found required class 'org.springframework.data.domain.Sort' (OnClassCondition)
      - @ConditionalOnWebApplication (required) found 'session' scope (OnWebApplicationCondition)
      - @ConditionalOnProperty (springdoc.api-docs.enabled) matched (OnPropertyCondition)

   SpringDocWebMvcConfiguration matched:
      - found 'session' scope (OnWebApplicationCondition)
      - @ConditionalOnProperty (springdoc.api-docs.enabled) matched (OnPropertyCondition)

   SpringDocWebMvcConfiguration.SpringDocWebMvcRouterConfiguration matched:
      - @ConditionalOnClass found required class 'org.springframework.web.servlet.function.RouterFunction' (OnClassCondition)

   SwaggerConfig matched:
      - found 'session' scope (OnWebApplicationCondition)
      - @ConditionalOnProperty (springdoc.swagger-ui.enabled) matched (OnPropertyCondition)

   SwaggerUiConfigProperties matched:
      - @ConditionalOnProperty (springdoc.swagger-ui.enabled) matched (OnPropertyCondition)

   SwaggerUiOAuthProperties matched:
      - @ConditionalOnProperty (springdoc.swagger-ui.enabled) matched (OnPropertyCondition)

   TaskExecutionAutoConfiguration matched:
      - @ConditionalOnClass found required class 'org.springframework.scheduling.concurrent.ThreadPoolTaskExecutor' (OnClassCondition)

   TransactionManagerCustomizationAutoConfiguration matched:
      - @ConditionalOnClass found required class 'org.springframework.transaction.PlatformTransactionManager' (OnClassCondition)

   ValidationAutoConfiguration matched:
      - @ConditionalOnClass found required class 'jakarta.validation.executable.ExecutableValidator' (OnClassCondition)
      - @ConditionalOnResource found location classpath:META-INF/services/jakarta.validation.spi.ValidationProvider (OnResourceCondition)

   WebMvcAutoConfiguration matched:
      - @ConditionalOnClass found required classes 'jakarta.servlet.Servlet', 'org.springframework.web.servlet.DispatcherServlet', 'org.springframework.web.servlet.config.annotation.WebMvcConfigurer' (OnClassCondition)
      - found 'session' scope (OnWebApplicationCondition)

   WebMvcAutoConfiguration.ResourceChainCustomizerConfiguration matched:
      - @ConditionalOnEnabledResourceChain found class org.webjars.WebJarVersionLocator (OnEnabledResourceChainCondition)

   WebSocketServletAutoConfiguration matched:
      - @ConditionalOnClass found required classes 'jakarta.servlet.Servlet', 'jakarta.websocket.server.ServerContainer' (OnClassCondition)
      - found 'session' scope (OnWebApplicationCondition)

   WebSocketServletAutoConfiguration.TomcatWebSocketConfiguration matched:
      - @ConditionalOnClass found required classes 'org.apache.catalina.startup.Tomcat', 'org.apache.tomcat.websocket.server.WsSci' (OnClassCondition)

   XADataSourceAutoConfiguration matched:
      - @ConditionalOnClass found required classes 'javax.sql.DataSource', 'jakarta.transaction.TransactionManager', 'org.springframework.jdbc.datasource.embedded.EmbeddedDatabaseType' (OnClassCondition)


Negative matches:
-----------------

   ActiveMQAutoConfiguration:
      Did not match:
         - @ConditionalOnClass did not find required class 'jakarta.jms.ConnectionFactory' (OnClassCondition)

   AopAutoConfiguration.AspectJAutoProxyingConfiguration.JdkDynamicAutoProxyConfiguration:
      Did not match:
         - @ConditionalOnProperty (spring.aop.proxy-target-class=false) did not find property 'proxy-target-class' (OnPropertyCondition)

   AopAutoConfiguration.ClassProxyingConfiguration:
      Did not match:
         - @ConditionalOnMissingClass found unwanted class 'org.aspectj.weaver.Advice' (OnClassCondition)

   ArtemisAutoConfiguration:
      Did not match:
         - @ConditionalOnClass did not find required class 'jakarta.jms.ConnectionFactory' (OnClassCondition)

   BatchAutoConfiguration:
      Did not match:
         - @ConditionalOnClass did not find required class 'org.springframework.batch.core.launch.JobLauncher' (OnClassCondition)

   Cache2kCacheConfiguration:
      Did not match:
         - @ConditionalOnClass did not find required class 'org.cache2k.Cache2kBuilder' (OnClassCondition)

   CaffeineCacheConfiguration:
      Did not match:
         - @ConditionalOnClass did not find required class 'com.github.benmanes.caffeine.cache.Caffeine' (OnClassCondition)

   CassandraAutoConfiguration:
      Did not match:
         - @ConditionalOnClass did not find required class 'com.datastax.oss.driver.api.core.CqlSession' (OnClassCondition)

   CassandraDataAutoConfiguration:
      Did not match:
         - @ConditionalOnClass did not find required class 'com.datastax.oss.driver.api.core.CqlSession' (OnClassCondition)

   CassandraReactiveDataAutoConfiguration:
      Did not match:
         - @ConditionalOnClass did not find required class 'com.datastax.oss.driver.api.core.CqlSession' (OnClassCondition)

   CassandraReactiveRepositoriesAutoConfiguration:
      Did not match:
         - @ConditionalOnClass did not find required class 'org.springframework.data.cassandra.ReactiveSession' (OnClassCondition)

   CassandraRepositoriesAutoConfiguration:
      Did not match:
         - @ConditionalOnClass did not find required class 'com.datastax.oss.driver.api.core.CqlSession' (OnClassCondition)

   ClientHttpConnectorAutoConfiguration:
      Did not match:
         - @ConditionalOnClass did not find required class 'org.springframework.web.reactive.function.client.WebClient' (OnClassCondition)

   CodecsAutoConfiguration:
      Did not match:
         - @ConditionalOnClass did not find required class 'org.springframework.web.reactive.function.client.WebClient' (OnClassCondition)

   CouchbaseAutoConfiguration:
      Did not match:
         - @ConditionalOnClass did not find required class 'com.couchbase.client.java.Cluster' (OnClassCondition)

   CouchbaseCacheConfiguration:
      Did not match:
         - @ConditionalOnClass did not find required class 'com.couchbase.client.java.Cluster' (OnClassCondition)

   CouchbaseDataAutoConfiguration:
      Did not match:
         - @ConditionalOnClass did not find required class 'com.couchbase.client.java.Bucket' (OnClassCondition)

   CouchbaseReactiveDataAutoConfiguration:
      Did not match:
         - @ConditionalOnClass did not find required class 'com.couchbase.client.java.Cluster' (OnClassCondition)

   CouchbaseReactiveRepositoriesAutoConfiguration:
      Did not match:
         - @ConditionalOnClass did not find required class 'com.couchbase.client.java.Cluster' (OnClassCondition)

   CouchbaseRepositoriesAutoConfiguration:
      Did not match:
         - @ConditionalOnClass did not find required class 'com.couchbase.client.java.Bucket' (OnClassCondition)

   DataSourceAutoConfiguration.EmbeddedDatabaseConfiguration:
      Did not match:
         - EmbeddedDataSource found supported pooled data source (DataSourceAutoConfiguration.EmbeddedDatabaseCondition)

   DataSourceCheckpointRestoreConfiguration:
      Did not match:
         - @ConditionalOnClass did not find required class 'org.crac.Resource' (OnClassCondition)

   DataSourceConfiguration.Dbcp2:
      Did not match:
         - @ConditionalOnClass did not find required class 'org.apache.commons.dbcp2.BasicDataSource' (OnClassCondition)

   DataSourceConfiguration.Generic:
      Did not match:
         - @ConditionalOnProperty (spring.datasource.type) did not find property 'spring.datasource.type' (OnPropertyCondition)

   DataSourceConfiguration.OracleUcp:
      Did not match:
         - @ConditionalOnClass did not find required classes 'oracle.ucp.jdbc.PoolDataSourceImpl', 'oracle.jdbc.OracleConnection' (OnClassCondition)

   DataSourceConfiguration.Tomcat:
      Did not match:
         - @ConditionalOnClass did not find required class 'org.apache.tomcat.jdbc.pool.DataSource' (OnClassCondition)

   DataSourceJmxConfiguration:
      Did not match:
         - @ConditionalOnProperty (spring.jmx.enabled=true) found different value in property 'enabled' (OnPropertyCondition)

   DataSourcePoolMetadataProvidersConfiguration.CommonsDbcp2PoolDataSourceMetadataProviderConfiguration:
      Did not match:
         - @ConditionalOnClass did not find required class 'org.apache.commons.dbcp2.BasicDataSource' (OnClassCondition)

   DataSourcePoolMetadataProvidersConfiguration.OracleUcpPoolDataSourceMetadataProviderConfiguration:
      Did not match:
         - @ConditionalOnClass did not find required classes 'oracle.ucp.jdbc.PoolDataSource', 'oracle.jdbc.OracleConnection' (OnClassCondition)

   DataSourcePoolMetadataProvidersConfiguration.TomcatDataSourcePoolMetadataProviderConfiguration:
      Did not match:
         - @ConditionalOnClass did not find required class 'org.apache.tomcat.jdbc.pool.DataSource' (OnClassCondition)

   DevToolsR2dbcAutoConfiguration:
      Did not match:
         - @ConditionalOnClass did not find required class 'io.r2dbc.spi.ConnectionFactory' (OnClassCondition)

   ElasticsearchClientAutoConfiguration:
      Did not match:
         - @ConditionalOnClass did not find required class 'co.elastic.clients.elasticsearch.ElasticsearchClient' (OnClassCondition)

   ElasticsearchDataAutoConfiguration:
      Did not match:
         - @ConditionalOnClass did not find required class 'org.springframework.data.elasticsearch.client.elc.ElasticsearchTemplate' (OnClassCondition)

   ElasticsearchRepositoriesAutoConfiguration:
      Did not match:
         - @ConditionalOnClass did not find required class 'org.springframework.data.elasticsearch.repository.ElasticsearchRepository' (OnClassCondition)

   ElasticsearchRestClientAutoConfiguration:
      Did not match:
         - @ConditionalOnClass did not find required class 'org.elasticsearch.client.RestClientBuilder' (OnClassCondition)

   EmbeddedLdapAutoConfiguration:
      Did not match:
         - @ConditionalOnClass did not find required class 'com.unboundid.ldap.listener.InMemoryDirectoryServer' (OnClassCondition)

   ErrorWebFluxAutoConfiguration:
      Did not match:
         - @ConditionalOnClass did not find required class 'org.springframework.web.reactive.config.WebFluxConfigurer' (OnClassCondition)

   FeignHalAutoConfiguration:
      Did not match:
         - @ConditionalOnClass did not find required class 'org.springframework.hateoas.config.WebConverters' (OnClassCondition)

   FeignLoadBalancerAutoConfiguration:
      Did not match:
         - @ConditionalOnBean did not find required type 'org.springframework.cloud.loadbalancer.support.LoadBalancerClientFactory' (OnBeanCondition)

   FlywayAutoConfiguration:
      Did not match:
         - @ConditionalOnClass did not find required class 'org.flywaydb.core.Flyway' (OnClassCondition)

   FreeMarkerAutoConfiguration:
      Did not match:
         - @ConditionalOnClass did not find required class 'freemarker.template.Configuration' (OnClassCondition)

   GraphQlAutoConfiguration:
      Did not match:
         - @ConditionalOnClass did not find required class 'graphql.GraphQL' (OnClassCondition)

   GraphQlQueryByExampleAutoConfiguration:
      Did not match:
         - @ConditionalOnClass did not find required class 'graphql.GraphQL' (OnClassCondition)

   GraphQlQuerydslAutoConfiguration:
      Did not match:
         - @ConditionalOnClass did not find required class 'com.querydsl.core.Query' (OnClassCondition)

   GraphQlRSocketAutoConfiguration:
      Did not match:
         - @ConditionalOnClass did not find required class 'graphql.GraphQL' (OnClassCondition)

   GraphQlReactiveQueryByExampleAutoConfiguration:
      Did not match:
         - @ConditionalOnClass did not find required class 'graphql.GraphQL' (OnClassCondition)

   GraphQlReactiveQuerydslAutoConfiguration:
      Did not match:
         - @ConditionalOnClass did not find required class 'com.querydsl.core.Query' (OnClassCondition)

   GraphQlWebFluxAutoConfiguration:
      Did not match:
         - @ConditionalOnClass did not find required class 'graphql.GraphQL' (OnClassCondition)

   GraphQlWebFluxSecurityAutoConfiguration:
      Did not match:
         - @ConditionalOnClass did not find required class 'graphql.GraphQL' (OnClassCondition)

   GraphQlWebMvcAutoConfiguration:
      Did not match:
         - @ConditionalOnClass did not find required class 'graphql.GraphQL' (OnClassCondition)

   GraphQlWebMvcSecurityAutoConfiguration:
      Did not match:
         - @ConditionalOnClass did not find required class 'graphql.GraphQL' (OnClassCondition)

   GroovyTemplateAutoConfiguration:
      Did not match:
         - @ConditionalOnClass did not find required class 'groovy.text.markup.MarkupTemplateEngine' (OnClassCondition)

   GsonAutoConfiguration:
      Did not match:
         - @ConditionalOnClass did not find required class 'com.google.gson.Gson' (OnClassCondition)

   GsonHttpMessageConvertersConfiguration:
      Did not match:
         - @ConditionalOnClass did not find required class 'com.google.gson.Gson' (OnClassCondition)

   H2ConsoleAutoConfiguration:
      Did not match:
         - @ConditionalOnClass did not find required class 'org.h2.server.web.JakartaWebServlet' (OnClassCondition)

   HazelcastAutoConfiguration:
      Did not match:
         - @ConditionalOnClass did not find required class 'com.hazelcast.core.HazelcastInstance' (OnClassCondition)

   HazelcastCacheConfiguration:
      Did not match:
         - @ConditionalOnClass did not find required class 'com.hazelcast.core.HazelcastInstance' (OnClassCondition)

   HazelcastJpaDependencyAutoConfiguration:
      Did not match:
         - @ConditionalOnClass did not find required class 'com.hazelcast.core.HazelcastInstance' (OnClassCondition)

   HttpHandlerAutoConfiguration:
      Did not match:
         - @ConditionalOnClass did not find required class 'org.springframework.web.reactive.DispatcherHandler' (OnClassCondition)

   HypermediaAutoConfiguration:
      Did not match:
         - @ConditionalOnClass did not find required class 'org.springframework.hateoas.EntityModel' (OnClassCondition)

   InfinispanCacheConfiguration:
      Did not match:
         - @ConditionalOnClass did not find required class 'org.infinispan.spring.embedded.provider.SpringEmbeddedCacheManager' (OnClassCondition)

   IntegrationAutoConfiguration:
      Did not match:
         - @ConditionalOnClass did not find required class 'org.springframework.integration.config.EnableIntegration' (OnClassCondition)

   JCacheCacheConfiguration:
      Did not match:
         - @ConditionalOnClass did not find required class 'javax.cache.Caching' (OnClassCondition)

   JacksonHttpMessageConvertersConfiguration.MappingJackson2XmlHttpMessageConverterConfiguration:
      Did not match:
         - @ConditionalOnClass did not find required class 'com.fasterxml.jackson.dataformat.xml.XmlMapper' (OnClassCondition)

   JdbcRepositoriesAutoConfiguration:
      Did not match:
         - @ConditionalOnClass did not find required class 'org.springframework.data.jdbc.repository.config.AbstractJdbcConfiguration' (OnClassCondition)

   JedisConnectionConfiguration:
      Did not match:
         - @ConditionalOnClass did not find required classes 'org.apache.commons.pool2.impl.GenericObjectPool', 'redis.clients.jedis.Jedis' (OnClassCondition)

   JerseyAutoConfiguration:
      Did not match:
         - @ConditionalOnClass did not find required class 'org.glassfish.jersey.server.spring.SpringComponentProvider' (OnClassCondition)

   JmsAutoConfiguration:
      Did not match:
         - @ConditionalOnClass did not find required class 'jakarta.jms.Message' (OnClassCondition)

   JmxAutoConfiguration:
      Did not match:
         - @ConditionalOnProperty (spring.jmx.enabled=true) found different value in property 'enabled' (OnPropertyCondition)
      Matched:
         - @ConditionalOnClass found required class 'org.springframework.jmx.export.MBeanExporter' (OnClassCondition)

   JndiConnectionFactoryAutoConfiguration:
      Did not match:
         - @ConditionalOnClass did not find required class 'org.springframework.jms.core.JmsTemplate' (OnClassCondition)

   JndiDataSourceAutoConfiguration:
      Did not match:
         - @ConditionalOnProperty (spring.datasource.jndi-name) did not find property 'jndi-name' (OnPropertyCondition)
      Matched:
         - @ConditionalOnClass found required classes 'javax.sql.DataSource', 'org.springframework.jdbc.datasource.embedded.EmbeddedDatabaseType' (OnClassCondition)

   JndiJtaConfiguration:
      Did not match:
         - @ConditionalOnJndi JNDI environment is not available (OnJndiCondition)
      Matched:
         - @ConditionalOnClass found required class 'org.springframework.transaction.jta.JtaTransactionManager' (OnClassCondition)

   JooqAutoConfiguration:
      Did not match:
         - @ConditionalOnClass did not find required class 'org.jooq.DSLContext' (OnClassCondition)

   JsonbAutoConfiguration:
      Did not match:
         - @ConditionalOnClass did not find required class 'jakarta.json.bind.Jsonb' (OnClassCondition)

   JsonbHttpMessageConvertersConfiguration:
      Did not match:
         - @ConditionalOnClass did not find required class 'jakarta.json.bind.Jsonb' (OnClassCondition)

   KafkaAutoConfiguration:
      Did not match:
         - @ConditionalOnClass did not find required class 'org.springframework.kafka.core.KafkaTemplate' (OnClassCondition)

   LdapAutoConfiguration:
      Did not match:
         - @ConditionalOnClass did not find required class 'org.springframework.ldap.core.ContextSource' (OnClassCondition)

   LdapRepositoriesAutoConfiguration:
      Did not match:
         - @ConditionalOnClass did not find required class 'org.springframework.data.ldap.repository.LdapRepository' (OnClassCondition)

   LiquibaseAutoConfiguration:
      Did not match:
         - @ConditionalOnClass did not find required class 'liquibase.change.DatabaseChange' (OnClassCondition)

   MessageSourceAutoConfiguration:
      Did not match:
         - ResourceBundle did not find bundle with basename messages (MessageSourceAutoConfiguration.ResourceBundleCondition)

   MongoAutoConfiguration:
      Did not match:
         - @ConditionalOnClass did not find required class 'com.mongodb.client.MongoClient' (OnClassCondition)

   MongoDataAutoConfiguration:
      Did not match:
         - @ConditionalOnClass did not find required class 'com.mongodb.client.MongoClient' (OnClassCondition)

   MongoReactiveAutoConfiguration:
      Did not match:
         - @ConditionalOnClass did not find required class 'com.mongodb.reactivestreams.client.MongoClient' (OnClassCondition)

   MongoReactiveDataAutoConfiguration:
      Did not match:
         - @ConditionalOnClass did not find required class 'com.mongodb.reactivestreams.client.MongoClient' (OnClassCondition)

   MongoReactiveRepositoriesAutoConfiguration:
      Did not match:
         - @ConditionalOnClass did not find required class 'com.mongodb.reactivestreams.client.MongoClient' (OnClassCondition)

   MongoRepositoriesAutoConfiguration:
      Did not match:
         - @ConditionalOnClass did not find required class 'com.mongodb.client.MongoClient' (OnClassCondition)

   MultipleOpenApiSupportConfiguration.SpringDocWebMvcActuatorDifferentConfiguration:
      Did not match:
         - @ConditionalOnClass did not find required class 'org.springframework.boot.actuate.endpoint.web.servlet.WebMvcEndpointHandlerMapping' (OnClassCondition)

   MustacheAutoConfiguration:
      Did not match:
         - @ConditionalOnClass did not find required class 'com.samskivert.mustache.Mustache' (OnClassCondition)

   Neo4jAutoConfiguration:
      Did not match:
         - @ConditionalOnClass did not find required class 'org.neo4j.driver.Driver' (OnClassCondition)

   Neo4jDataAutoConfiguration:
      Did not match:
         - @ConditionalOnClass did not find required class 'org.neo4j.driver.Driver' (OnClassCondition)

   Neo4jReactiveDataAutoConfiguration:
      Did not match:
         - @ConditionalOnClass did not find required class 'org.neo4j.driver.Driver' (OnClassCondition)

   Neo4jReactiveRepositoriesAutoConfiguration:
      Did not match:
         - @ConditionalOnClass did not find required class 'org.neo4j.driver.Driver' (OnClassCondition)

   Neo4jRepositoriesAutoConfiguration:
      Did not match:
         - @ConditionalOnClass did not find required class 'org.neo4j.driver.Driver' (OnClassCondition)

   OAuth2AuthorizationServerAutoConfiguration:
      Did not match:
         - @ConditionalOnClass did not find required class 'org.springframework.security.oauth2.server.authorization.OAuth2Authorization' (OnClassCondition)

   OAuth2AuthorizationServerJwtAutoConfiguration:
      Did not match:
         - @ConditionalOnClass did not find required class 'org.springframework.security.oauth2.server.authorization.OAuth2Authorization' (OnClassCondition)

   PulsarAutoConfiguration:
      Did not match:
         - @ConditionalOnClass did not find required class 'org.apache.pulsar.client.api.PulsarClient' (OnClassCondition)

   PulsarReactiveAutoConfiguration:
      Did not match:
         - @ConditionalOnClass did not find required class 'org.apache.pulsar.client.api.PulsarClient' (OnClassCondition)

   QuartzAutoConfiguration:
      Did not match:
         - @ConditionalOnClass did not find required class 'org.quartz.Scheduler' (OnClassCondition)

   R2dbcAutoConfiguration:
      Did not match:
         - @ConditionalOnClass did not find required class 'io.r2dbc.spi.ConnectionFactory' (OnClassCondition)

   R2dbcDataAutoConfiguration:
      Did not match:
         - @ConditionalOnClass did not find required class 'org.springframework.data.r2dbc.core.R2dbcEntityTemplate' (OnClassCondition)

   R2dbcProxyAutoConfiguration:
      Did not match:
         - @ConditionalOnClass did not find required class 'io.r2dbc.proxy.ProxyConnectionFactory' (OnClassCondition)

   R2dbcRepositoriesAutoConfiguration:
      Did not match:
         - @ConditionalOnClass did not find required class 'io.r2dbc.spi.ConnectionFactory' (OnClassCondition)

   R2dbcTransactionManagerAutoConfiguration:
      Did not match:
         - @ConditionalOnClass did not find required class 'org.springframework.r2dbc.connection.R2dbcTransactionManager' (OnClassCondition)

   RSocketGraphQlClientAutoConfiguration:
      Did not match:
         - @ConditionalOnClass did not find required class 'graphql.GraphQL' (OnClassCondition)

   RSocketMessagingAutoConfiguration:
      Did not match:
         - @ConditionalOnClass did not find required class 'io.rsocket.RSocket' (OnClassCondition)

   RSocketRequesterAutoConfiguration:
      Did not match:
         - @ConditionalOnClass did not find required class 'io.rsocket.RSocket' (OnClassCondition)

   RSocketSecurityAutoConfiguration:
      Did not match:
         - @ConditionalOnClass did not find required class 'org.springframework.security.rsocket.core.SecuritySocketAcceptorInterceptor' (OnClassCondition)

   RSocketServerAutoConfiguration:
      Did not match:
         - @ConditionalOnClass did not find required class 'io.rsocket.core.RSocketServer' (OnClassCondition)

   RSocketStrategiesAutoConfiguration:
      Did not match:
         - @ConditionalOnClass did not find required class 'io.rsocket.RSocket' (OnClassCondition)

   RabbitAutoConfiguration:
      Did not match:
         - @ConditionalOnClass did not find required class 'com.rabbitmq.client.Channel' (OnClassCondition)

   ReactiveElasticsearchClientAutoConfiguration:
      Did not match:
         - @ConditionalOnClass did not find required class 'co.elastic.clients.transport.ElasticsearchTransport' (OnClassCondition)

   ReactiveElasticsearchRepositoriesAutoConfiguration:
      Did not match:
         - @ConditionalOnClass did not find required class 'org.springframework.data.elasticsearch.client.elc.ReactiveElasticsearchClient' (OnClassCondition)

   ReactiveMultipartAutoConfiguration:
      Did not match:
         - @ConditionalOnClass did not find required class 'org.springframework.web.reactive.config.WebFluxConfigurer' (OnClassCondition)

   ReactiveOAuth2ResourceServerAutoConfiguration:
      Did not match:
         - @ConditionalOnWebApplication did not find reactive web application classes (OnWebApplicationCondition)

   ReactiveSecurityAutoConfiguration:
      Did not match:
         - @ConditionalOnClass did not find required class 'org.springframework.web.reactive.config.WebFluxConfigurer' (OnClassCondition)

   ReactiveWebServerFactoryAutoConfiguration:
      Did not match:
         - @ConditionalOnWebApplication did not find reactive web application classes (OnWebApplicationCondition)

   RefreshAutoConfiguration.JpaInvokerConfiguration:
      Did not match:
         - @ConditionalOnClass did not find required class 'javax.persistence.EntityManagerFactory' (OnClassCondition)

   RefreshEndpointAutoConfiguration:
      Did not match:
         - @ConditionalOnClass did not find required class 'org.springframework.boot.actuate.autoconfigure.endpoint.EndpointAutoConfiguration' (OnClassCondition)

   RepositoryRestMvcAutoConfiguration:
      Did not match:
         - @ConditionalOnClass did not find required class 'org.springframework.data.rest.webmvc.config.RepositoryRestMvcConfiguration' (OnClassCondition)

   Saml2RelyingPartyAutoConfiguration:
      Did not match:
         - @ConditionalOnClass did not find required class 'org.springframework.security.saml2.provider.service.registration.RelyingPartyRegistrationRepository' (OnClassCondition)

   ServletWebServerFactoryAutoConfiguration.ForwardedHeaderFilterConfiguration:
      Did not match:
         - @ConditionalOnProperty (server.forward-headers-strategy=framework) did not find property 'server.forward-headers-strategy' (OnPropertyCondition)

   ServletWebServerFactoryConfiguration.EmbeddedJetty:
      Did not match:
         - @ConditionalOnClass did not find required classes 'org.eclipse.jetty.server.Server', 'org.eclipse.jetty.util.Loader', 'org.eclipse.jetty.ee10.webapp.WebAppContext' (OnClassCondition)

   ServletWebServerFactoryConfiguration.EmbeddedUndertow:
      Did not match:
         - @ConditionalOnClass did not find required classes 'io.undertow.Undertow', 'org.xnio.SslClientAuthMode' (OnClassCondition)

   SessionAutoConfiguration:
      Did not match:
         - @ConditionalOnClass did not find required class 'org.springframework.session.Session' (OnClassCondition)

   SpringApplicationAdminJmxAutoConfiguration:
      Did not match:
         - @ConditionalOnProperty (spring.application.admin.enabled=true) did not find property 'enabled' (OnPropertyCondition)

   SpringDocConfiguration.SpringDocActuatorConfiguration:
      Did not match:
         - @ConditionalOnClass did not find required class 'org.springframework.boot.actuate.autoconfigure.endpoint.web.WebEndpointProperties' (OnClassCondition)

   SpringDocConfiguration.SpringDocRepositoryRestConfiguration:
      Did not match:
         - @ConditionalOnClass did not find required class 'org.springframework.data.rest.core.config.RepositoryRestConfiguration' (OnClassCondition)

   SpringDocDataRestConfiguration:
      Did not match:
         - @ConditionalOnClass did not find required class 'org.springframework.data.rest.core.config.RepositoryRestConfiguration' (OnClassCondition)

   SpringDocFunctionCatalogConfiguration:
      Did not match:
         - @ConditionalOnClass did not find required class 'org.springframework.cloud.function.web.function.FunctionEndpointInitializer' (OnClassCondition)

   SpringDocGroovyConfiguration:
      Did not match:
         - @ConditionalOnClass did not find required class 'groovy.lang.MetaClass' (OnClassCondition)

   SpringDocHateoasConfiguration:
      Did not match:
         - @ConditionalOnClass did not find required class 'org.springframework.hateoas.server.LinkRelationProvider' (OnClassCondition)

   SpringDocJacksonKotlinModuleConfiguration:
      Did not match:
         - @ConditionalOnClass did not find required class 'com.fasterxml.jackson.module.kotlin.KotlinModule' (OnClassCondition)

   SpringDocJavadocConfiguration:
      Did not match:
         - @ConditionalOnClass did not find required class 'com.github.therapi.runtimejavadoc.CommentFormatter' (OnClassCondition)

   SpringDocKotlinConfiguration:
      Did not match:
         - @ConditionalOnClass did not find required class 'kotlin.coroutines.Continuation' (OnClassCondition)

   SpringDocKotlinxConfiguration:
      Did not match:
         - @ConditionalOnClass did not find required class 'kotlinx.coroutines.flow.Flow' (OnClassCondition)

   SpringDocSecurityConfiguration.SpringDocSecurityOAuth2Configuration:
      Did not match:
         - @ConditionalOnClass did not find required class 'org.springframework.security.oauth2.server.authorization.OAuth2AuthorizationService' (OnClassCondition)

   SpringDocWebMvcConfiguration.SpringDocWebMvcActuatorConfiguration:
      Did not match:
         - @ConditionalOnClass did not find required class 'org.springframework.boot.actuate.endpoint.web.servlet.WebMvcEndpointHandlerMapping' (OnClassCondition)

   SwaggerConfig.SwaggerActuatorWelcomeConfiguration:
      Did not match:
         - @ConditionalOnClass did not find required class 'org.springframework.boot.actuate.endpoint.web.servlet.WebMvcEndpointHandlerMapping' (OnClassCondition)

   ThymeleafAutoConfiguration:
      Did not match:
         - @ConditionalOnClass did not find required class 'org.thymeleaf.spring6.SpringTemplateEngine' (OnClassCondition)

   WebClientAutoConfiguration:
      Did not match:
         - @ConditionalOnClass did not find required class 'org.springframework.web.reactive.function.client.WebClient' (OnClassCondition)

   WebFluxAutoConfiguration:
      Did not match:
         - @ConditionalOnClass did not find required class 'org.springframework.web.reactive.config.WebFluxConfigurer' (OnClassCondition)

   WebMvcAutoConfiguration.ProblemDetailsErrorHandlingConfiguration:
      Did not match:
         - @ConditionalOnProperty (spring.mvc.problemdetails.enabled=true) did not find property 'enabled' (OnPropertyCondition)

   WebServiceTemplateAutoConfiguration:
      Did not match:
         - @ConditionalOnClass did not find required class 'org.springframework.ws.client.core.WebServiceTemplate' (OnClassCondition)

   WebServicesAutoConfiguration:
      Did not match:
         - @ConditionalOnClass did not find required class 'org.springframework.ws.transport.http.MessageDispatcherServlet' (OnClassCondition)

   WebSessionIdResolverAutoConfiguration:
      Did not match:
         - @ConditionalOnWebApplication did not find reactive web application classes (OnWebApplicationCondition)

   WebSocketMessagingAutoConfiguration:
      Did not match:
         - @ConditionalOnClass did not find required class 'org.springframework.web.socket.config.annotation.WebSocketMessageBrokerConfigurer' (OnClassCondition)

   WebSocketReactiveAutoConfiguration:
      Did not match:
         - @ConditionalOnWebApplication did not find reactive web application classes (OnWebApplicationCondition)

   WebSocketServletAutoConfiguration.JettyWebSocketConfiguration:
      Did not match:
         - @ConditionalOnClass did not find required class 'org.eclipse.jetty.ee10.websocket.jakarta.server.config.JakartaWebSocketServletContainerInitializer' (OnClassCondition)

   WebSocketServletAutoConfiguration.UndertowWebSocketConfiguration:
      Did not match:
         - @ConditionalOnClass did not find required class 'io.undertow.websockets.jsr.Bootstrap' (OnClassCondition)

   WritableEnvironmentEndpointAutoConfiguration:
      Did not match:
         - @ConditionalOnClass did not find required class 'org.springframework.boot.actuate.autoconfigure.env.EnvironmentEndpointProperties' (OnClassCondition)


Exclusions:
-----------

    None


Unconditional classes:
----------------------

    org.springframework.boot.autoconfigure.security.reactive.ReactiveUserDetailsServiceAutoConfiguration

    org.springframework.cloud.client.loadbalancer.reactive.ReactorLoadBalancerClientAutoConfiguration

    org.springframework.cloud.client.discovery.simple.SimpleDiscoveryClientAutoConfiguration

    org.springframework.boot.autoconfigure.context.PropertyPlaceholderAutoConfiguration

    org.springframework.cloud.client.discovery.simple.reactive.SimpleReactiveDiscoveryClientAutoConfiguration

    org.springframework.boot.autoconfigure.web.servlet.MultipartAutoConfiguration

    org.springframework.cloud.openfeign.encoding.FeignContentGzipEncodingAutoConfiguration

    org.springframework.cloud.client.serviceregistry.ServiceRegistryAutoConfiguration

    org.springframework.cloud.autoconfigure.LifecycleMvcEndpointAutoConfiguration

    org.springframework.cloud.commons.security.ResourceServerTokenRelayAutoConfiguration

    org.springframework.boot.autoconfigure.mail.MailSenderValidatorAutoConfiguration

    org.springframework.boot.autoconfigure.sendgrid.SendGridAutoConfiguration

    org.springframework.cloud.autoconfigure.ConfigurationPropertiesRebinderAutoConfiguration

    org.springframework.boot.autoconfigure.transaction.TransactionAutoConfiguration

    org.springframework.boot.autoconfigure.security.oauth2.client.servlet.OAuth2ClientAutoConfiguration

    org.springframework.boot.devtools.autoconfigure.DevToolsDataSourceAutoConfiguration

    org.springframework.cloud.client.hypermedia.CloudHypermediaAutoConfiguration

    org.springframework.cloud.client.loadbalancer.LoadBalancerDefaultMappingsProviderAutoConfiguration

    org.springframework.boot.autoconfigure.netty.NettyAutoConfiguration

    org.springframework.cloud.client.discovery.composite.CompositeDiscoveryClientAutoConfiguration

    org.springframework.cloud.openfeign.FeignAutoConfiguration

    org.springframework.boot.autoconfigure.security.servlet.UserDetailsServiceAutoConfiguration

    org.springframework.boot.autoconfigure.security.oauth2.resource.servlet.OAuth2ResourceServerAutoConfiguration

    org.springframework.boot.autoconfigure.web.client.RestTemplateAutoConfiguration

    org.springframework.cloud.openfeign.encoding.FeignAcceptGzipEncodingAutoConfiguration

    org.springframework.boot.devtools.autoconfigure.RemoteDevToolsAutoConfiguration

    org.springframework.cloud.client.ReactiveCommonsClientAutoConfiguration

    org.springframework.boot.autoconfigure.web.servlet.HttpEncodingAutoConfiguration

    org.springframework.boot.autoconfigure.sql.init.SqlInitializationAutoConfiguration

    org.springframework.boot.autoconfigure.context.LifecycleAutoConfiguration

    org.springframework.boot.autoconfigure.web.embedded.EmbeddedWebServerFactoryCustomizerAutoConfiguration

    org.springframework.cloud.client.loadbalancer.LoadBalancerAutoConfiguration

    org.springframework.boot.autoconfigure.jdbc.DataSourceTransactionManagerAutoConfiguration

    org.springframework.cloud.client.serviceregistry.AutoServiceRegistrationAutoConfiguration

    org.springframework.boot.autoconfigure.jdbc.JdbcClientAutoConfiguration

    org.springframework.boot.autoconfigure.security.servlet.SecurityFilterAutoConfiguration

    org.springframework.boot.autoconfigure.security.servlet.SecurityAutoConfiguration

    org.springframework.boot.autoconfigure.security.oauth2.client.reactive.ReactiveOAuth2ClientAutoConfiguration

    org.springframework.boot.autoconfigure.web.client.RestClientAutoConfiguration

    org.springframework.cloud.commons.util.UtilAutoConfiguration

    org.springframework.boot.autoconfigure.context.ConfigurationPropertiesAutoConfiguration

    org.springframework.boot.autoconfigure.ssl.SslAutoConfiguration

    org.springframework.cloud.client.CommonsClientAutoConfiguration

    org.springframework.cloud.commons.config.CommonsConfigAutoConfiguration

    org.springframework.boot.autoconfigure.task.TaskSchedulingAutoConfiguration

    org.springframework.cloud.client.discovery.composite.reactive.ReactiveCompositeDiscoveryClientAutoConfiguration

    org.springframework.cloud.configuration.CompatibilityVerifierAutoConfiguration

    org.springframework.boot.devtools.autoconfigure.LocalDevToolsAutoConfiguration

    org.springframework.boot.autoconfigure.reactor.ReactorAutoConfiguration

    org.springdoc.core.configuration.SpringDocSpecPropertiesConfiguration

    org.springframework.boot.autoconfigure.availability.ApplicationAvailabilityAutoConfiguration

    org.springframework.cloud.client.loadbalancer.reactive.LoadBalancerBeanPostProcessorAutoConfiguration

    org.springframework.boot.autoconfigure.info.ProjectInfoAutoConfiguration



2025-11-25 21:03:01.836 ERROR --- [           main] o.s.boot.SpringApplication               : Application run failed
org.springframework.beans.factory.BeanDefinitionStoreException: Failed to process import candidates for configuration class [com.fsocial.accountservice.AccountServiceApplication]: Error processing condition on org.springframework.boot.autoconfigure.mail.MailSenderAutoConfiguration
	at org.springframework.context.annotation.ConfigurationClassParser.processImports(ConfigurationClassParser.java:613)
	at org.springframework.context.annotation.ConfigurationClassParser$DeferredImportSelectorGroupingHandler.lambda$processGroupImports$1(ConfigurationClassParser.java:836)
	at java.base/java.lang.Iterable.forEach(Iterable.java:75)
	at org.springframework.context.annotation.ConfigurationClassParser$DeferredImportSelectorGroupingHandler.processGroupImports(ConfigurationClassParser.java:833)
	at org.springframework.context.annotation.ConfigurationClassParser$DeferredImportSelectorHandler.process(ConfigurationClassParser.java:803)
	at org.springframework.context.annotation.ConfigurationClassParser.parse(ConfigurationClassParser.java:189)
	at org.springframework.context.annotation.ConfigurationClassPostProcessor.processConfigBeanDefinitions(ConfigurationClassPostProcessor.java:418)
	at org.springframework.context.annotation.ConfigurationClassPostProcessor.postProcessBeanDefinitionRegistry(ConfigurationClassPostProcessor.java:290)
	at org.springframework.context.support.PostProcessorRegistrationDelegate.invokeBeanDefinitionRegistryPostProcessors(PostProcessorRegistrationDelegate.java:349)
	at org.springframework.context.support.PostProcessorRegistrationDelegate.invokeBeanFactoryPostProcessors(PostProcessorRegistrationDelegate.java:118)
	at org.springframework.context.support.AbstractApplicationContext.invokeBeanFactoryPostProcessors(AbstractApplicationContext.java:791)
	at org.springframework.context.support.AbstractApplicationContext.refresh(AbstractApplicationContext.java:609)
	at org.springframework.boot.SpringApplication.refresh(SpringApplication.java:752)
	at org.springframework.boot.SpringApplication.refreshContext(SpringApplication.java:439)
	at org.springframework.boot.SpringApplication.run(SpringApplication.java:318)
	at org.springframework.boot.test.context.SpringBootContextLoader.lambda$loadContext$3(SpringBootContextLoader.java:137)
	at org.springframework.util.function.ThrowingSupplier.get(ThrowingSupplier.java:58)
	at org.springframework.util.function.ThrowingSupplier.get(ThrowingSupplier.java:46)
	at org.springframework.boot.SpringApplication.withHook(SpringApplication.java:1461)
	at org.springframework.boot.test.context.SpringBootContextLoader$ContextLoaderHook.run(SpringBootContextLoader.java:553)
	at org.springframework.boot.test.context.SpringBootContextLoader.loadContext(SpringBootContextLoader.java:137)
	at org.springframework.boot.test.context.SpringBootContextLoader.loadContext(SpringBootContextLoader.java:108)
	at org.springframework.test.context.cache.DefaultCacheAwareContextLoaderDelegate.loadContextInternal(DefaultCacheAwareContextLoaderDelegate.java:225)
	at org.springframework.test.context.cache.DefaultCacheAwareContextLoaderDelegate.loadContext(DefaultCacheAwareContextLoaderDelegate.java:152)
	at org.springframework.test.context.support.DefaultTestContext.getApplicationContext(DefaultTestContext.java:130)
	at org.springframework.test.context.web.ServletTestExecutionListener.setUpRequestContextIfNecessary(ServletTestExecutionListener.java:191)
	at org.springframework.test.context.web.ServletTestExecutionListener.prepareTestInstance(ServletTestExecutionListener.java:130)
	at org.springframework.test.context.TestContextManager.prepareTestInstance(TestContextManager.java:260)
	at org.springframework.test.context.junit.jupiter.SpringExtension.postProcessTestInstance(SpringExtension.java:160)
	at org.junit.jupiter.engine.descriptor.ClassBasedTestDescriptor.lambda$invokeTestInstancePostProcessors$11(ClassBasedTestDescriptor.java:378)
	at org.junit.jupiter.engine.descriptor.ClassBasedTestDescriptor.executeAndMaskThrowable(ClassBasedTestDescriptor.java:383)
	at org.junit.jupiter.engine.descriptor.ClassBasedTestDescriptor.lambda$invokeTestInstancePostProcessors$12(ClassBasedTestDescriptor.java:378)
	at java.base/java.util.stream.ForEachOps$ForEachOp$OfRef.accept(ForEachOps.java:184)
	at java.base/java.util.stream.ReferencePipeline$3$1.accept(ReferencePipeline.java:212)
	at java.base/java.util.stream.ReferencePipeline$2$1.accept(ReferencePipeline.java:194)
	at java.base/java.util.stream.ReferencePipeline$3$1.accept(ReferencePipeline.java:212)
	at java.base/java.util.ArrayList$ArrayListSpliterator.forEachRemaining(ArrayList.java:1709)
	at java.base/java.util.stream.AbstractPipeline.copyInto(AbstractPipeline.java:556)
	at java.base/java.util.stream.AbstractPipeline.wrapAndCopyInto(AbstractPipeline.java:546)
	at java.base/java.util.stream.ForEachOps$ForEachOp.evaluateSequential(ForEachOps.java:151)
	at java.base/java.util.stream.ForEachOps$ForEachOp$OfRef.evaluateSequential(ForEachOps.java:174)
	at java.base/java.util.stream.AbstractPipeline.evaluate(AbstractPipeline.java:265)
	at java.base/java.util.stream.ReferencePipeline.forEach(ReferencePipeline.java:611)
	at org.junit.jupiter.engine.descriptor.ClassBasedTestDescriptor.invokeTestInstancePostProcessors(ClassBasedTestDescriptor.java:377)
	at org.junit.jupiter.engine.descriptor.ClassBasedTestDescriptor.lambda$instantiateAndPostProcessTestInstance$7(ClassBasedTestDescriptor.java:290)
	at org.junit.platform.engine.support.hierarchical.ThrowableCollector.execute(ThrowableCollector.java:73)
	at org.junit.jupiter.engine.descriptor.ClassBasedTestDescriptor.instantiateAndPostProcessTestInstance(ClassBasedTestDescriptor.java:289)
	at org.junit.jupiter.engine.descriptor.ClassBasedTestDescriptor.lambda$testInstancesProvider$5(ClassBasedTestDescriptor.java:279)
	at java.base/java.util.Optional.orElseGet(Optional.java:364)
	at org.junit.jupiter.engine.descriptor.ClassBasedTestDescriptor.lambda$testInstancesProvider$6(ClassBasedTestDescriptor.java:278)
	at org.junit.jupiter.engine.execution.TestInstancesProvider.getTestInstances(TestInstancesProvider.java:31)
	at org.junit.jupiter.engine.descriptor.TestMethodTestDescriptor.lambda$prepare$1(TestMethodTestDescriptor.java:105)
	at org.junit.platform.engine.support.hierarchical.ThrowableCollector.execute(ThrowableCollector.java:73)
	at org.junit.jupiter.engine.descriptor.TestMethodTestDescriptor.prepare(TestMethodTestDescriptor.java:104)
	at org.junit.jupiter.engine.descriptor.TestMethodTestDescriptor.prepare(TestMethodTestDescriptor.java:68)
	at org.junit.platform.engine.support.hierarchical.NodeTestTask.lambda$prepare$2(NodeTestTask.java:128)
	at org.junit.platform.engine.support.hierarchical.ThrowableCollector.execute(ThrowableCollector.java:73)
	at org.junit.platform.engine.support.hierarchical.NodeTestTask.prepare(NodeTestTask.java:128)
	at org.junit.platform.engine.support.hierarchical.NodeTestTask.execute(NodeTestTask.java:95)
	at java.base/java.util.ArrayList.forEach(ArrayList.java:1597)
	at org.junit.platform.engine.support.hierarchical.SameThreadHierarchicalTestExecutorService.invokeAll(SameThreadHierarchicalTestExecutorService.java:41)
	at org.junit.platform.engine.support.hierarchical.NodeTestTask.lambda$executeRecursively$6(NodeTestTask.java:160)
	at org.junit.platform.engine.support.hierarchical.ThrowableCollector.execute(ThrowableCollector.java:73)
	at org.junit.platform.engine.support.hierarchical.NodeTestTask.lambda$executeRecursively$8(NodeTestTask.java:146)
	at org.junit.platform.engine.support.hierarchical.Node.around(Node.java:137)
	at org.junit.platform.engine.support.hierarchical.NodeTestTask.lambda$executeRecursively$9(NodeTestTask.java:144)
	at org.junit.platform.engine.support.hierarchical.ThrowableCollector.execute(ThrowableCollector.java:73)
	at org.junit.platform.engine.support.hierarchical.NodeTestTask.executeRecursively(NodeTestTask.java:143)
	at org.junit.platform.engine.support.hierarchical.NodeTestTask.execute(NodeTestTask.java:100)
	at java.base/java.util.ArrayList.forEach(ArrayList.java:1597)
	at org.junit.platform.engine.support.hierarchical.SameThreadHierarchicalTestExecutorService.invokeAll(SameThreadHierarchicalTestExecutorService.java:41)
	at org.junit.platform.engine.support.hierarchical.NodeTestTask.lambda$executeRecursively$6(NodeTestTask.java:160)
	at org.junit.platform.engine.support.hierarchical.ThrowableCollector.execute(ThrowableCollector.java:73)
	at org.junit.platform.engine.support.hierarchical.NodeTestTask.lambda$executeRecursively$8(NodeTestTask.java:146)
	at org.junit.platform.engine.support.hierarchical.Node.around(Node.java:137)
	at org.junit.platform.engine.support.hierarchical.NodeTestTask.lambda$executeRecursively$9(NodeTestTask.java:144)
	at org.junit.platform.engine.support.hierarchical.ThrowableCollector.execute(ThrowableCollector.java:73)
	at org.junit.platform.engine.support.hierarchical.NodeTestTask.executeRecursively(NodeTestTask.java:143)
	at org.junit.platform.engine.support.hierarchical.NodeTestTask.execute(NodeTestTask.java:100)
	at org.junit.platform.engine.support.hierarchical.SameThreadHierarchicalTestExecutorService.submit(SameThreadHierarchicalTestExecutorService.java:35)
	at org.junit.platform.engine.support.hierarchical.HierarchicalTestExecutor.execute(HierarchicalTestExecutor.java:57)
	at org.junit.platform.engine.support.hierarchical.HierarchicalTestEngine.execute(HierarchicalTestEngine.java:54)
	at org.junit.platform.launcher.core.EngineExecutionOrchestrator.execute(EngineExecutionOrchestrator.java:198)
	at org.junit.platform.launcher.core.EngineExecutionOrchestrator.execute(EngineExecutionOrchestrator.java:169)
	at org.junit.platform.launcher.core.EngineExecutionOrchestrator.execute(EngineExecutionOrchestrator.java:93)
	at org.junit.platform.launcher.core.EngineExecutionOrchestrator.lambda$execute$0(EngineExecutionOrchestrator.java:58)
	at org.junit.platform.launcher.core.EngineExecutionOrchestrator.withInterceptedStreams(EngineExecutionOrchestrator.java:141)
	at org.junit.platform.launcher.core.EngineExecutionOrchestrator.execute(EngineExecutionOrchestrator.java:57)
	at org.junit.platform.launcher.core.DefaultLauncher.execute(DefaultLauncher.java:103)
	at org.junit.platform.launcher.core.DefaultLauncher.execute(DefaultLauncher.java:85)
	at org.junit.platform.launcher.core.DelegatingLauncher.execute(DelegatingLauncher.java:47)
	at org.apache.maven.surefire.junitplatform.LazyLauncher.execute(LazyLauncher.java:56)
	at org.apache.maven.surefire.junitplatform.JUnitPlatformProvider.execute(JUnitPlatformProvider.java:184)
	at org.apache.maven.surefire.junitplatform.JUnitPlatformProvider.invokeAllTests(JUnitPlatformProvider.java:148)
	at org.apache.maven.surefire.junitplatform.JUnitPlatformProvider.invoke(JUnitPlatformProvider.java:122)
	at org.apache.maven.surefire.booter.ForkedBooter.runSuitesInProcess(ForkedBooter.java:385)
	at org.apache.maven.surefire.booter.ForkedBooter.execute(ForkedBooter.java:162)
	at org.apache.maven.surefire.booter.ForkedBooter.run(ForkedBooter.java:507)
	at org.apache.maven.surefire.booter.ForkedBooter.main(ForkedBooter.java:495)
Caused by: java.lang.IllegalStateException: Error processing condition on org.springframework.boot.autoconfigure.mail.MailSenderAutoConfiguration
	at org.springframework.boot.autoconfigure.condition.SpringBootCondition.matches(SpringBootCondition.java:60)
	at org.springframework.context.annotation.ConditionEvaluator.shouldSkip(ConditionEvaluator.java:99)
	at org.springframework.context.annotation.ConfigurationClassParser.processConfigurationClass(ConfigurationClassParser.java:233)
	at org.springframework.context.annotation.ConfigurationClassParser.processImports(ConfigurationClassParser.java:603)
	... 98 common frames omitted
Caused by: org.springframework.util.PlaceholderResolutionException: Could not resolve placeholder 'SENDGRID_HOST' in value "${SENDGRID_HOST}"
	at org.springframework.util.PlaceholderResolutionException.withValue(PlaceholderResolutionException.java:81)
	at org.springframework.util.PlaceholderParser$ParsedValue.resolve(PlaceholderParser.java:416)
	at org.springframework.util.PlaceholderParser.replacePlaceholders(PlaceholderParser.java:128)
	at org.springframework.util.PropertyPlaceholderHelper.parseStringValue(PropertyPlaceholderHelper.java:118)
	at org.springframework.util.PropertyPlaceholderHelper.replacePlaceholders(PropertyPlaceholderHelper.java:114)
	at org.springframework.core.env.AbstractPropertyResolver.doResolvePlaceholders(AbstractPropertyResolver.java:255)
	at org.springframework.core.env.AbstractPropertyResolver.resolveRequiredPlaceholders(AbstractPropertyResolver.java:226)
	at org.springframework.core.env.AbstractPropertyResolver.resolveNestedPlaceholders(AbstractPropertyResolver.java:246)
	at org.springframework.boot.context.properties.source.ConfigurationPropertySourcesPropertyResolver.getProperty(ConfigurationPropertySourcesPropertyResolver.java:81)
	at org.springframework.boot.context.properties.source.ConfigurationPropertySourcesPropertyResolver.getProperty(ConfigurationPropertySourcesPropertyResolver.java:62)
	at org.springframework.core.env.AbstractEnvironment.getProperty(AbstractEnvironment.java:557)
	at org.springframework.boot.autoconfigure.condition.OnPropertyCondition$Spec.collectProperties(OnPropertyCondition.java:121)
	at org.springframework.boot.autoconfigure.condition.OnPropertyCondition.determineOutcome(OnPropertyCondition.java:71)
	at org.springframework.boot.autoconfigure.condition.OnPropertyCondition.getMatchOutcome(OnPropertyCondition.java:58)
	at org.springframework.boot.autoconfigure.condition.AbstractNestedCondition$MemberOutcomes.getConditionOutcome(AbstractNestedCondition.java:195)
	at org.springframework.boot.autoconfigure.condition.AbstractNestedCondition$MemberOutcomes.<init>(AbstractNestedCondition.java:189)
	at org.springframework.boot.autoconfigure.condition.AbstractNestedCondition$MemberConditions.lambda$getMatchOutcomes$0(AbstractNestedCondition.java:169)
	at java.base/java.util.LinkedHashMap.forEach(LinkedHashMap.java:986)
	at org.springframework.util.MultiValueMapAdapter.forEach(MultiValueMapAdapter.java:179)
	at java.base/java.util.Collections$UnmodifiableMap.forEach(Collections.java:1708)
	at org.springframework.boot.autoconfigure.condition.AbstractNestedCondition$MemberConditions.getMatchOutcomes(AbstractNestedCondition.java:169)
	at org.springframework.boot.autoconfigure.condition.AbstractNestedCondition$MemberMatchOutcomes.<init>(AbstractNestedCondition.java:78)
	at org.springframework.boot.autoconfigure.condition.AbstractNestedCondition.getMatchOutcome(AbstractNestedCondition.java:63)
	at org.springframework.boot.autoconfigure.condition.SpringBootCondition.matches(SpringBootCondition.java:47)
	... 101 common frames omitted
2025-11-25 21:03:01.849 DEBUG --- [           main] org.springframework.test.context.cache   : Spring test ApplicationContext cache statistics: [DefaultContextCache@488f3dd1 size = 0, maxSize = 32, parentContextCount = 0, hitCount = 0, missCount = 1, failureCount = 1]
2025-11-25 21:03:01.849  WARN --- [           main] o.s.test.context.TestContextManager      : Caught exception while allowing TestExecutionListener [org.springframework.test.context.web.ServletTestExecutionListener] to prepare test instance [com.fsocial.accountservice.AccountServiceApplicationTests@2091833]
java.lang.IllegalStateException: Failed to load ApplicationContext for [WebMergedContextConfiguration@48eaf42f testClass = com.fsocial.accountservice.AccountServiceApplicationTests, locations = [], classes = [com.fsocial.accountservice.AccountServiceApplication], contextInitializerClasses = [], activeProfiles = [], propertySourceDescriptors = [], propertySourceProperties = ["org.springframework.boot.test.context.SpringBootTestContextBootstrapper=true"], contextCustomizers = [org.springframework.boot.test.context.filter.ExcludeFilterContextCustomizer@7de62196, org.springframework.boot.test.json.DuplicateJsonObjectContextCustomizerFactory$DuplicateJsonObjectContextCustomizer@389b0789, org.springframework.boot.test.mock.mockito.MockitoContextCustomizer@0, org.springframework.boot.test.web.client.TestRestTemplateContextCustomizer@75c56eb9, org.springframework.boot.test.web.reactor.netty.DisableReactorResourceFactoryGlobalResourcesContextCustomizerFactory$DisableReactorResourceFactoryGlobalResourcesContextCustomizerCustomizer@7ba8c737, org.springframework.boot.test.autoconfigure.OnFailureConditionReportContextCustomizerFactory$OnFailureConditionReportContextCustomizer@16c069df, org.springframework.boot.test.autoconfigure.actuate.observability.ObservabilityContextCustomizerFactory$DisableObservabilityContextCustomizer@1f, org.springframework.boot.test.autoconfigure.properties.PropertyMappingContextCustomizer@0, org.springframework.boot.test.autoconfigure.web.servlet.WebDriverContextCustomizer@4e928fbf, org.springframework.test.context.support.DynamicPropertiesContextCustomizer@0, org.springframework.boot.test.context.SpringBootTestAnnotation@e81c68c4], resourceBasePath = "src/main/webapp", contextLoader = org.springframework.boot.test.context.SpringBootContextLoader, parent = null]
	at org.springframework.test.context.cache.DefaultCacheAwareContextLoaderDelegate.loadContext(DefaultCacheAwareContextLoaderDelegate.java:180)
	at org.springframework.test.context.support.DefaultTestContext.getApplicationContext(DefaultTestContext.java:130)
	at org.springframework.test.context.web.ServletTestExecutionListener.setUpRequestContextIfNecessary(ServletTestExecutionListener.java:191)
	at org.springframework.test.context.web.ServletTestExecutionListener.prepareTestInstance(ServletTestExecutionListener.java:130)
	at org.springframework.test.context.TestContextManager.prepareTestInstance(TestContextManager.java:260)
	at org.springframework.test.context.junit.jupiter.SpringExtension.postProcessTestInstance(SpringExtension.java:160)
	at org.junit.jupiter.engine.descriptor.ClassBasedTestDescriptor.lambda$invokeTestInstancePostProcessors$11(ClassBasedTestDescriptor.java:378)
	at org.junit.jupiter.engine.descriptor.ClassBasedTestDescriptor.executeAndMaskThrowable(ClassBasedTestDescriptor.java:383)
	at org.junit.jupiter.engine.descriptor.ClassBasedTestDescriptor.lambda$invokeTestInstancePostProcessors$12(ClassBasedTestDescriptor.java:378)
	at java.base/java.util.stream.ForEachOps$ForEachOp$OfRef.accept(ForEachOps.java:184)
	at java.base/java.util.stream.ReferencePipeline$3$1.accept(ReferencePipeline.java:212)
	at java.base/java.util.stream.ReferencePipeline$2$1.accept(ReferencePipeline.java:194)
	at java.base/java.util.stream.ReferencePipeline$3$1.accept(ReferencePipeline.java:212)
	at java.base/java.util.ArrayList$ArrayListSpliterator.forEachRemaining(ArrayList.java:1709)
	at java.base/java.util.stream.AbstractPipeline.copyInto(AbstractPipeline.java:556)
	at java.base/java.util.stream.AbstractPipeline.wrapAndCopyInto(AbstractPipeline.java:546)
	at java.base/java.util.stream.ForEachOps$ForEachOp.evaluateSequential(ForEachOps.java:151)
	at java.base/java.util.stream.ForEachOps$ForEachOp$OfRef.evaluateSequential(ForEachOps.java:174)
	at java.base/java.util.stream.AbstractPipeline.evaluate(AbstractPipeline.java:265)
	at java.base/java.util.stream.ReferencePipeline.forEach(ReferencePipeline.java:611)
	at org.junit.jupiter.engine.descriptor.ClassBasedTestDescriptor.invokeTestInstancePostProcessors(ClassBasedTestDescriptor.java:377)
	at org.junit.jupiter.engine.descriptor.ClassBasedTestDescriptor.lambda$instantiateAndPostProcessTestInstance$7(ClassBasedTestDescriptor.java:290)
	at org.junit.platform.engine.support.hierarchical.ThrowableCollector.execute(ThrowableCollector.java:73)
	at org.junit.jupiter.engine.descriptor.ClassBasedTestDescriptor.instantiateAndPostProcessTestInstance(ClassBasedTestDescriptor.java:289)
	at org.junit.jupiter.engine.descriptor.ClassBasedTestDescriptor.lambda$testInstancesProvider$5(ClassBasedTestDescriptor.java:279)
	at java.base/java.util.Optional.orElseGet(Optional.java:364)
	at org.junit.jupiter.engine.descriptor.ClassBasedTestDescriptor.lambda$testInstancesProvider$6(ClassBasedTestDescriptor.java:278)
	at org.junit.jupiter.engine.execution.TestInstancesProvider.getTestInstances(TestInstancesProvider.java:31)
	at org.junit.jupiter.engine.descriptor.TestMethodTestDescriptor.lambda$prepare$1(TestMethodTestDescriptor.java:105)
	at org.junit.platform.engine.support.hierarchical.ThrowableCollector.execute(ThrowableCollector.java:73)
	at org.junit.jupiter.engine.descriptor.TestMethodTestDescriptor.prepare(TestMethodTestDescriptor.java:104)
	at org.junit.jupiter.engine.descriptor.TestMethodTestDescriptor.prepare(TestMethodTestDescriptor.java:68)
	at org.junit.platform.engine.support.hierarchical.NodeTestTask.lambda$prepare$2(NodeTestTask.java:128)
	at org.junit.platform.engine.support.hierarchical.ThrowableCollector.execute(ThrowableCollector.java:73)
	at org.junit.platform.engine.support.hierarchical.NodeTestTask.prepare(NodeTestTask.java:128)
	at org.junit.platform.engine.support.hierarchical.NodeTestTask.execute(NodeTestTask.java:95)
	at java.base/java.util.ArrayList.forEach(ArrayList.java:1597)
	at org.junit.platform.engine.support.hierarchical.SameThreadHierarchicalTestExecutorService.invokeAll(SameThreadHierarchicalTestExecutorService.java:41)
	at org.junit.platform.engine.support.hierarchical.NodeTestTask.lambda$executeRecursively$6(NodeTestTask.java:160)
	at org.junit.platform.engine.support.hierarchical.ThrowableCollector.execute(ThrowableCollector.java:73)
	at org.junit.platform.engine.support.hierarchical.NodeTestTask.lambda$executeRecursively$8(NodeTestTask.java:146)
	at org.junit.platform.engine.support.hierarchical.Node.around(Node.java:137)
	at org.junit.platform.engine.support.hierarchical.NodeTestTask.lambda$executeRecursively$9(NodeTestTask.java:144)
	at org.junit.platform.engine.support.hierarchical.ThrowableCollector.execute(ThrowableCollector.java:73)
	at org.junit.platform.engine.support.hierarchical.NodeTestTask.executeRecursively(NodeTestTask.java:143)
	at org.junit.platform.engine.support.hierarchical.NodeTestTask.execute(NodeTestTask.java:100)
	at java.base/java.util.ArrayList.forEach(ArrayList.java:1597)
	at org.junit.platform.engine.support.hierarchical.SameThreadHierarchicalTestExecutorService.invokeAll(SameThreadHierarchicalTestExecutorService.java:41)
	at org.junit.platform.engine.support.hierarchical.NodeTestTask.lambda$executeRecursively$6(NodeTestTask.java:160)
	at org.junit.platform.engine.support.hierarchical.ThrowableCollector.execute(ThrowableCollector.java:73)
	at org.junit.platform.engine.support.hierarchical.NodeTestTask.lambda$executeRecursively$8(NodeTestTask.java:146)
	at org.junit.platform.engine.support.hierarchical.Node.around(Node.java:137)
	at org.junit.platform.engine.support.hierarchical.NodeTestTask.lambda$executeRecursively$9(NodeTestTask.java:144)
	at org.junit.platform.engine.support.hierarchical.ThrowableCollector.execute(ThrowableCollector.java:73)
	at org.junit.platform.engine.support.hierarchical.NodeTestTask.executeRecursively(NodeTestTask.java:143)
	at org.junit.platform.engine.support.hierarchical.NodeTestTask.execute(NodeTestTask.java:100)
	at org.junit.platform.engine.support.hierarchical.SameThreadHierarchicalTestExecutorService.submit(SameThreadHierarchicalTestExecutorService.java:35)
	at org.junit.platform.engine.support.hierarchical.HierarchicalTestExecutor.execute(HierarchicalTestExecutor.java:57)
	at org.junit.platform.engine.support.hierarchical.HierarchicalTestEngine.execute(HierarchicalTestEngine.java:54)
	at org.junit.platform.launcher.core.EngineExecutionOrchestrator.execute(EngineExecutionOrchestrator.java:198)
	at org.junit.platform.launcher.core.EngineExecutionOrchestrator.execute(EngineExecutionOrchestrator.java:169)
	at org.junit.platform.launcher.core.EngineExecutionOrchestrator.execute(EngineExecutionOrchestrator.java:93)
	at org.junit.platform.launcher.core.EngineExecutionOrchestrator.lambda$execute$0(EngineExecutionOrchestrator.java:58)
	at org.junit.platform.launcher.core.EngineExecutionOrchestrator.withInterceptedStreams(EngineExecutionOrchestrator.java:141)
	at org.junit.platform.launcher.core.EngineExecutionOrchestrator.execute(EngineExecutionOrchestrator.java:57)
	at org.junit.platform.launcher.core.DefaultLauncher.execute(DefaultLauncher.java:103)
	at org.junit.platform.launcher.core.DefaultLauncher.execute(DefaultLauncher.java:85)
	at org.junit.platform.launcher.core.DelegatingLauncher.execute(DelegatingLauncher.java:47)
	at org.apache.maven.surefire.junitplatform.LazyLauncher.execute(LazyLauncher.java:56)
	at org.apache.maven.surefire.junitplatform.JUnitPlatformProvider.execute(JUnitPlatformProvider.java:184)
	at org.apache.maven.surefire.junitplatform.JUnitPlatformProvider.invokeAllTests(JUnitPlatformProvider.java:148)
	at org.apache.maven.surefire.junitplatform.JUnitPlatformProvider.invoke(JUnitPlatformProvider.java:122)
	at org.apache.maven.surefire.booter.ForkedBooter.runSuitesInProcess(ForkedBooter.java:385)
	at org.apache.maven.surefire.booter.ForkedBooter.execute(ForkedBooter.java:162)
	at org.apache.maven.surefire.booter.ForkedBooter.run(ForkedBooter.java:507)
	at org.apache.maven.surefire.booter.ForkedBooter.main(ForkedBooter.java:495)
Caused by: org.springframework.beans.factory.BeanDefinitionStoreException: Failed to process import candidates for configuration class [com.fsocial.accountservice.AccountServiceApplication]: Error processing condition on org.springframework.boot.autoconfigure.mail.MailSenderAutoConfiguration
	at org.springframework.context.annotation.ConfigurationClassParser.processImports(ConfigurationClassParser.java:613)
	at org.springframework.context.annotation.ConfigurationClassParser$DeferredImportSelectorGroupingHandler.lambda$processGroupImports$1(ConfigurationClassParser.java:836)
	at java.base/java.lang.Iterable.forEach(Iterable.java:75)
	at org.springframework.context.annotation.ConfigurationClassParser$DeferredImportSelectorGroupingHandler.processGroupImports(ConfigurationClassParser.java:833)
	at org.springframework.context.annotation.ConfigurationClassParser$DeferredImportSelectorHandler.process(ConfigurationClassParser.java:803)
	at org.springframework.context.annotation.ConfigurationClassParser.parse(ConfigurationClassParser.java:189)
	at org.springframework.context.annotation.ConfigurationClassPostProcessor.processConfigBeanDefinitions(ConfigurationClassPostProcessor.java:418)
	at org.springframework.context.annotation.ConfigurationClassPostProcessor.postProcessBeanDefinitionRegistry(ConfigurationClassPostProcessor.java:290)
	at org.springframework.context.support.PostProcessorRegistrationDelegate.invokeBeanDefinitionRegistryPostProcessors(PostProcessorRegistrationDelegate.java:349)
	at org.springframework.context.support.PostProcessorRegistrationDelegate.invokeBeanFactoryPostProcessors(PostProcessorRegistrationDelegate.java:118)
	at org.springframework.context.support.AbstractApplicationContext.invokeBeanFactoryPostProcessors(AbstractApplicationContext.java:791)
	at org.springframework.context.support.AbstractApplicationContext.refresh(AbstractApplicationContext.java:609)
	at org.springframework.boot.SpringApplication.refresh(SpringApplication.java:752)
	at org.springframework.boot.SpringApplication.refreshContext(SpringApplication.java:439)
	at org.springframework.boot.SpringApplication.run(SpringApplication.java:318)
	at org.springframework.boot.test.context.SpringBootContextLoader.lambda$loadContext$3(SpringBootContextLoader.java:137)
	at org.springframework.util.function.ThrowingSupplier.get(ThrowingSupplier.java:58)
	at org.springframework.util.function.ThrowingSupplier.get(ThrowingSupplier.java:46)
	at org.springframework.boot.SpringApplication.withHook(SpringApplication.java:1461)
	at org.springframework.boot.test.context.SpringBootContextLoader$ContextLoaderHook.run(SpringBootContextLoader.java:553)
	at org.springframework.boot.test.context.SpringBootContextLoader.loadContext(SpringBootContextLoader.java:137)
	at org.springframework.boot.test.context.SpringBootContextLoader.loadContext(SpringBootContextLoader.java:108)
	at org.springframework.test.context.cache.DefaultCacheAwareContextLoaderDelegate.loadContextInternal(DefaultCacheAwareContextLoaderDelegate.java:225)
	at org.springframework.test.context.cache.DefaultCacheAwareContextLoaderDelegate.loadContext(DefaultCacheAwareContextLoaderDelegate.java:152)
	... 75 common frames omitted
Caused by: java.lang.IllegalStateException: Error processing condition on org.springframework.boot.autoconfigure.mail.MailSenderAutoConfiguration
	at org.springframework.boot.autoconfigure.condition.SpringBootCondition.matches(SpringBootCondition.java:60)
	at org.springframework.context.annotation.ConditionEvaluator.shouldSkip(ConditionEvaluator.java:99)
	at org.springframework.context.annotation.ConfigurationClassParser.processConfigurationClass(ConfigurationClassParser.java:233)
	at org.springframework.context.annotation.ConfigurationClassParser.processImports(ConfigurationClassParser.java:603)
	... 98 common frames omitted
Caused by: org.springframework.util.PlaceholderResolutionException: Could not resolve placeholder 'SENDGRID_HOST' in value "${SENDGRID_HOST}"
	at org.springframework.util.PlaceholderResolutionException.withValue(PlaceholderResolutionException.java:81)
	at org.springframework.util.PlaceholderParser$ParsedValue.resolve(PlaceholderParser.java:416)
	at org.springframework.util.PlaceholderParser.replacePlaceholders(PlaceholderParser.java:128)
	at org.springframework.util.PropertyPlaceholderHelper.parseStringValue(PropertyPlaceholderHelper.java:118)
	at org.springframework.util.PropertyPlaceholderHelper.replacePlaceholders(PropertyPlaceholderHelper.java:114)
	at org.springframework.core.env.AbstractPropertyResolver.doResolvePlaceholders(AbstractPropertyResolver.java:255)
	at org.springframework.core.env.AbstractPropertyResolver.resolveRequiredPlaceholders(AbstractPropertyResolver.java:226)
	at org.springframework.core.env.AbstractPropertyResolver.resolveNestedPlaceholders(AbstractPropertyResolver.java:246)
	at org.springframework.boot.context.properties.source.ConfigurationPropertySourcesPropertyResolver.getProperty(ConfigurationPropertySourcesPropertyResolver.java:81)
	at org.springframework.boot.context.properties.source.ConfigurationPropertySourcesPropertyResolver.getProperty(ConfigurationPropertySourcesPropertyResolver.java:62)
	at org.springframework.core.env.AbstractEnvironment.getProperty(AbstractEnvironment.java:557)
	at org.springframework.boot.autoconfigure.condition.OnPropertyCondition$Spec.collectProperties(OnPropertyCondition.java:121)
	at org.springframework.boot.autoconfigure.condition.OnPropertyCondition.determineOutcome(OnPropertyCondition.java:71)
	at org.springframework.boot.autoconfigure.condition.OnPropertyCondition.getMatchOutcome(OnPropertyCondition.java:58)
	at org.springframework.boot.autoconfigure.condition.AbstractNestedCondition$MemberOutcomes.getConditionOutcome(AbstractNestedCondition.java:195)
	at org.springframework.boot.autoconfigure.condition.AbstractNestedCondition$MemberOutcomes.<init>(AbstractNestedCondition.java:189)
	at org.springframework.boot.autoconfigure.condition.AbstractNestedCondition$MemberConditions.lambda$getMatchOutcomes$0(AbstractNestedCondition.java:169)
	at java.base/java.util.LinkedHashMap.forEach(LinkedHashMap.java:986)
	at org.springframework.util.MultiValueMapAdapter.forEach(MultiValueMapAdapter.java:179)
	at java.base/java.util.Collections$UnmodifiableMap.forEach(Collections.java:1708)
	at org.springframework.boot.autoconfigure.condition.AbstractNestedCondition$MemberConditions.getMatchOutcomes(AbstractNestedCondition.java:169)
	at org.springframework.boot.autoconfigure.condition.AbstractNestedCondition$MemberMatchOutcomes.<init>(AbstractNestedCondition.java:78)
	at org.springframework.boot.autoconfigure.condition.AbstractNestedCondition.getMatchOutcome(AbstractNestedCondition.java:63)
	at org.springframework.boot.autoconfigure.condition.SpringBootCondition.matches(SpringBootCondition.java:47)
	... 101 common frames omitted
2025-11-25 21:03:01.885 DEBUG --- [           main] .c.s.DirtiesContextTestExecutionListener : After test class: class [AccountServiceApplicationTests], class annotated with @DirtiesContext [false] with mode [null]
2025-11-25 21:07:10.828 DEBUG --- [kground-preinit] org.jboss.logging                        : Logging Provider: org.jboss.logging.Slf4jLoggerProvider found via system property
2025-11-25 21:07:10.934  INFO --- [           main] c.f.a.AccountServiceApplicationTests     : Starting AccountServiceApplicationTests using Java 22.0.2 with PID 16240 (started by acer in C:\Users\acer\OneDrive\Workspace\Fsocial\Fsocial_be\accountService)
2025-11-25 21:07:10.935 DEBUG --- [           main] c.f.a.AccountServiceApplicationTests     : Running with Spring Boot v3.4.1, Spring v6.2.1
2025-11-25 21:07:10.935  INFO --- [           main] c.f.a.AccountServiceApplicationTests     : The following 1 profile is active: "dev"
2025-11-25 21:07:10.936 DEBUG --- [           main] o.s.boot.SpringApplication               : Loading source class com.fsocial.accountservice.AccountServiceApplication
2025-11-25 21:07:10.986 DEBUG --- [           main] o.s.w.c.s.GenericWebApplicationContext   : Refreshing org.springframework.web.context.support.GenericWebApplicationContext@629adce
2025-11-25 21:07:11.009 DEBUG --- [           main] o.s.b.f.s.DefaultListableBeanFactory     : Creating shared instance of singleton bean 'org.springframework.context.annotation.internalConfigurationAnnotationProcessor'
2025-11-25 21:07:11.037 DEBUG --- [           main] o.s.b.f.s.DefaultListableBeanFactory     : Creating shared instance of singleton bean 'org.springframework.boot.autoconfigure.internalCachingMetadataReaderFactory'
2025-11-25 21:07:11.114 DEBUG --- [           main] o.s.c.a.ClassPathBeanDefinitionScanner   : Identified candidate component class: file [C:\Users\acer\OneDrive\Workspace\Fsocial\Fsocial_be\accountService\target\classes\com\fsocial\accountservice\config\AppConfig.class]
2025-11-25 21:07:11.116 DEBUG --- [           main] o.s.c.a.ClassPathBeanDefinitionScanner   : Identified candidate component class: file [C:\Users\acer\OneDrive\Workspace\Fsocial\Fsocial_be\accountService\target\classes\com\fsocial\accountservice\config\AuditingConfig.class]
2025-11-25 21:07:11.118 DEBUG --- [           main] o.s.c.a.ClassPathBeanDefinitionScanner   : Identified candidate component class: file [C:\Users\acer\OneDrive\Workspace\Fsocial\Fsocial_be\accountService\target\classes\com\fsocial\accountservice\config\CorsConfig.class]
2025-11-25 21:07:11.119 DEBUG --- [           main] o.s.c.a.ClassPathBeanDefinitionScanner   : Identified candidate component class: file [C:\Users\acer\OneDrive\Workspace\Fsocial\Fsocial_be\accountService\target\classes\com\fsocial\accountservice\config\CustomJwtDecode.class]
2025-11-25 21:07:11.120 DEBUG --- [           main] o.s.c.a.ClassPathBeanDefinitionScanner   : Identified candidate component class: file [C:\Users\acer\OneDrive\Workspace\Fsocial\Fsocial_be\accountService\target\classes\com\fsocial\accountservice\config\JacksonConfig.class]
2025-11-25 21:07:11.122 DEBUG --- [           main] o.s.c.a.ClassPathBeanDefinitionScanner   : Identified candidate component class: file [C:\Users\acer\OneDrive\Workspace\Fsocial\Fsocial_be\accountService\target\classes\com\fsocial\accountservice\config\JwtConfig.class]
2025-11-25 21:07:11.123 DEBUG --- [           main] o.s.c.a.ClassPathBeanDefinitionScanner   : Identified candidate component class: file [C:\Users\acer\OneDrive\Workspace\Fsocial\Fsocial_be\accountService\target\classes\com\fsocial\accountservice\config\OAuth2LoginSuccessHandler.class]
2025-11-25 21:07:11.124 DEBUG --- [           main] o.s.c.a.ClassPathBeanDefinitionScanner   : Identified candidate component class: file [C:\Users\acer\OneDrive\Workspace\Fsocial\Fsocial_be\accountService\target\classes\com\fsocial\accountservice\config\OpenAPIConfig.class]
2025-11-25 21:07:11.125 DEBUG --- [           main] o.s.c.a.ClassPathBeanDefinitionScanner   : Identified candidate component class: file [C:\Users\acer\OneDrive\Workspace\Fsocial\Fsocial_be\accountService\target\classes\com\fsocial\accountservice\config\RedisConfig.class]
2025-11-25 21:07:11.142 DEBUG --- [           main] o.s.c.a.ClassPathBeanDefinitionScanner   : Identified candidate component class: file [C:\Users\acer\OneDrive\Workspace\Fsocial\Fsocial_be\accountService\target\classes\com\fsocial\accountservice\controller\AccountController.class]
2025-11-25 21:07:11.144 DEBUG --- [           main] o.s.c.a.ClassPathBeanDefinitionScanner   : Identified candidate component class: file [C:\Users\acer\OneDrive\Workspace\Fsocial\Fsocial_be\accountService\target\classes\com\fsocial\accountservice\controller\AuthenticateController.class]
2025-11-25 21:07:11.145 DEBUG --- [           main] o.s.c.a.ClassPathBeanDefinitionScanner   : Identified candidate component class: file [C:\Users\acer\OneDrive\Workspace\Fsocial\Fsocial_be\accountService\target\classes\com\fsocial\accountservice\controller\CheckConnection.class]
2025-11-25 21:07:11.147 DEBUG --- [           main] o.s.c.a.ClassPathBeanDefinitionScanner   : Identified candidate component class: file [C:\Users\acer\OneDrive\Workspace\Fsocial\Fsocial_be\accountService\target\classes\com\fsocial\accountservice\controller\GoogleAuthen.class]
2025-11-25 21:07:11.147 DEBUG --- [           main] o.s.c.a.ClassPathBeanDefinitionScanner   : Identified candidate component class: file [C:\Users\acer\OneDrive\Workspace\Fsocial\Fsocial_be\accountService\target\classes\com\fsocial\accountservice\controller\InternalController.class]
2025-11-25 21:07:11.148 DEBUG --- [           main] o.s.c.a.ClassPathBeanDefinitionScanner   : Identified candidate component class: file [C:\Users\acer\OneDrive\Workspace\Fsocial\Fsocial_be\accountService\target\classes\com\fsocial\accountservice\controller\OAuth2AuthenticationSuccessHandler.class]
2025-11-25 21:07:11.152 DEBUG --- [           main] o.s.c.a.ClassPathBeanDefinitionScanner   : Identified candidate component class: file [C:\Users\acer\OneDrive\Workspace\Fsocial\Fsocial_be\accountService\target\classes\com\fsocial\accountservice\controller\PermissionController.class]
2025-11-25 21:07:11.153 DEBUG --- [           main] o.s.c.a.ClassPathBeanDefinitionScanner   : Identified candidate component class: file [C:\Users\acer\OneDrive\Workspace\Fsocial\Fsocial_be\accountService\target\classes\com\fsocial\accountservice\controller\RoleController.class]
2025-11-25 21:07:11.223 DEBUG --- [           main] o.s.c.a.ClassPathBeanDefinitionScanner   : Identified candidate component class: file [C:\Users\acer\OneDrive\Workspace\Fsocial\Fsocial_be\accountService\target\classes\com\fsocial\accountservice\exception\GlobalExceptionHandler.class]
2025-11-25 21:07:11.225 DEBUG --- [           main] o.s.c.a.ClassPathBeanDefinitionScanner   : Identified candidate component class: file [C:\Users\acer\OneDrive\Workspace\Fsocial\Fsocial_be\accountService\target\classes\com\fsocial\accountservice\mapper\AccountMapperImpl.class]
2025-11-25 21:07:11.227 DEBUG --- [           main] o.s.c.a.ClassPathBeanDefinitionScanner   : Identified candidate component class: file [C:\Users\acer\OneDrive\Workspace\Fsocial\Fsocial_be\accountService\target\classes\com\fsocial\accountservice\mapper\PermissionMapperImpl.class]
2025-11-25 21:07:11.228 DEBUG --- [           main] o.s.c.a.ClassPathBeanDefinitionScanner   : Identified candidate component class: file [C:\Users\acer\OneDrive\Workspace\Fsocial\Fsocial_be\accountService\target\classes\com\fsocial\accountservice\mapper\ProfileMapperImpl.class]
2025-11-25 21:07:11.229 DEBUG --- [           main] o.s.c.a.ClassPathBeanDefinitionScanner   : Identified candidate component class: file [C:\Users\acer\OneDrive\Workspace\Fsocial\Fsocial_be\accountService\target\classes\com\fsocial\accountservice\mapper\RoleMapperImpl.class]
2025-11-25 21:07:11.233 DEBUG --- [           main] o.s.c.a.ClassPathBeanDefinitionScanner   : Ignored because not a concrete top-level class: file [C:\Users\acer\OneDrive\Workspace\Fsocial\Fsocial_be\accountService\target\classes\com\fsocial\accountservice\repository\AccountRepository.class]
2025-11-25 21:07:11.236 DEBUG --- [           main] o.s.c.a.ClassPathBeanDefinitionScanner   : Ignored because not a concrete top-level class: file [C:\Users\acer\OneDrive\Workspace\Fsocial\Fsocial_be\accountService\target\classes\com\fsocial\accountservice\repository\PermissionRepository.class]
2025-11-25 21:07:11.237 DEBUG --- [           main] o.s.c.a.ClassPathBeanDefinitionScanner   : Ignored because not a concrete top-level class: file [C:\Users\acer\OneDrive\Workspace\Fsocial\Fsocial_be\accountService\target\classes\com\fsocial\accountservice\repository\RefreshTokenRepository.class]
2025-11-25 21:07:11.239 DEBUG --- [           main] o.s.c.a.ClassPathBeanDefinitionScanner   : Ignored because not a concrete top-level class: file [C:\Users\acer\OneDrive\Workspace\Fsocial\Fsocial_be\accountService\target\classes\com\fsocial\accountservice\repository\RoleRepository.class]
2025-11-25 21:07:11.240 DEBUG --- [           main] o.s.c.a.ClassPathBeanDefinitionScanner   : Ignored because not a concrete top-level class: file [C:\Users\acer\OneDrive\Workspace\Fsocial\Fsocial_be\accountService\target\classes\com\fsocial\accountservice\repository\TokenRepository.class]
2025-11-25 21:07:11.244 DEBUG --- [           main] o.s.c.a.ClassPathBeanDefinitionScanner   : Identified candidate component class: file [C:\Users\acer\OneDrive\Workspace\Fsocial\Fsocial_be\accountService\target\classes\com\fsocial\accountservice\services\impl\AccountServiceImpl.class]
2025-11-25 21:07:11.245 DEBUG --- [           main] o.s.c.a.ClassPathBeanDefinitionScanner   : Identified candidate component class: file [C:\Users\acer\OneDrive\Workspace\Fsocial\Fsocial_be\accountService\target\classes\com\fsocial\accountservice\services\impl\AuthenticationServiceImpl.class]
2025-11-25 21:07:11.246 DEBUG --- [           main] o.s.c.a.ClassPathBeanDefinitionScanner   : Identified candidate component class: file [C:\Users\acer\OneDrive\Workspace\Fsocial\Fsocial_be\accountService\target\classes\com\fsocial\accountservice\services\impl\BanServiceImpl.class]
2025-11-25 21:07:11.246 DEBUG --- [           main] o.s.c.a.ClassPathBeanDefinitionScanner   : Identified candidate component class: file [C:\Users\acer\OneDrive\Workspace\Fsocial\Fsocial_be\accountService\target\classes\com\fsocial\accountservice\services\impl\JwtServiceImpl.class]
2025-11-25 21:07:11.247 DEBUG --- [           main] o.s.c.a.ClassPathBeanDefinitionScanner   : Identified candidate component class: file [C:\Users\acer\OneDrive\Workspace\Fsocial\Fsocial_be\accountService\target\classes\com\fsocial\accountservice\services\impl\OtpServiceImpl.class]
2025-11-25 21:07:11.247 DEBUG --- [           main] o.s.c.a.ClassPathBeanDefinitionScanner   : Identified candidate component class: file [C:\Users\acer\OneDrive\Workspace\Fsocial\Fsocial_be\accountService\target\classes\com\fsocial\accountservice\services\impl\PermissionServiceImpl.class]
2025-11-25 21:07:11.248 DEBUG --- [           main] o.s.c.a.ClassPathBeanDefinitionScanner   : Identified candidate component class: file [C:\Users\acer\OneDrive\Workspace\Fsocial\Fsocial_be\accountService\target\classes\com\fsocial\accountservice\services\impl\RefreshTokenServiceImpl.class]
2025-11-25 21:07:11.249 DEBUG --- [           main] o.s.c.a.ClassPathBeanDefinitionScanner   : Identified candidate component class: file [C:\Users\acer\OneDrive\Workspace\Fsocial\Fsocial_be\accountService\target\classes\com\fsocial\accountservice\services\impl\RoleServiceImpl.class]
2025-11-25 21:07:11.250 DEBUG --- [           main] o.s.c.a.ClassPathBeanDefinitionScanner   : Identified candidate component class: file [C:\Users\acer\OneDrive\Workspace\Fsocial\Fsocial_be\accountService\target\classes\com\fsocial\accountservice\util\MailUtils.class]
2025-11-25 21:07:11.769  WARN --- [           main] o.s.w.c.s.GenericWebApplicationContext   : Exception encountered during context initialization - cancelling refresh attempt: org.springframework.beans.factory.BeanDefinitionStoreException: Failed to process import candidates for configuration class [com.fsocial.accountservice.AccountServiceApplication]: Error processing condition on org.springframework.boot.autoconfigure.mail.MailSenderAutoConfiguration
2025-11-25 21:07:11.774 DEBUG --- [           main] o.s.boot.devtools.restart.Restarter      : Creating new Restarter for thread Thread[#1,main,5,main]
2025-11-25 21:07:11.790 DEBUG --- [           main] .s.b.a.l.ConditionEvaluationReportLogger : 


============================
CONDITIONS EVALUATION REPORT
============================


Positive matches:
-----------------

   AopAutoConfiguration matched:
      - @ConditionalOnProperty (spring.aop.auto=true) matched (OnPropertyCondition)

   AopAutoConfiguration.AspectJAutoProxyingConfiguration matched:
      - @ConditionalOnClass found required class 'org.aspectj.weaver.Advice' (OnClassCondition)

   AopAutoConfiguration.AspectJAutoProxyingConfiguration.CglibAutoProxyConfiguration matched:
      - @ConditionalOnProperty (spring.aop.proxy-target-class=true) matched (OnPropertyCondition)

   CacheAutoConfiguration matched:
      - @ConditionalOnClass found required class 'org.springframework.cache.CacheManager' (OnClassCondition)

   CacheAutoConfiguration.CacheManagerEntityManagerFactoryDependsOnPostProcessor matched:
      - @ConditionalOnClass found required class 'org.springframework.orm.jpa.LocalContainerEntityManagerFactoryBean' (OnClassCondition)

   DataSourceAutoConfiguration matched:
      - @ConditionalOnClass found required classes 'javax.sql.DataSource', 'org.springframework.jdbc.datasource.embedded.EmbeddedDatabaseType' (OnClassCondition)

   DataSourceAutoConfiguration.PooledDataSourceConfiguration matched:
      - AnyNestedCondition 1 matched 1 did not; NestedCondition on DataSourceAutoConfiguration.PooledDataSourceCondition.PooledDataSourceAvailable PooledDataSource found supported DataSource; NestedCondition on DataSourceAutoConfiguration.PooledDataSourceCondition.ExplicitType @ConditionalOnProperty (spring.datasource.type) did not find property 'type' (DataSourceAutoConfiguration.PooledDataSourceCondition)

   DataSourceConfiguration.Hikari matched:
      - @ConditionalOnClass found required class 'com.zaxxer.hikari.HikariDataSource' (OnClassCondition)
      - @ConditionalOnProperty (spring.datasource.type=com.zaxxer.hikari.HikariDataSource) matched (OnPropertyCondition)

   DataSourcePoolMetadataProvidersConfiguration.HikariPoolDataSourceMetadataProviderConfiguration matched:
      - @ConditionalOnClass found required class 'com.zaxxer.hikari.HikariDataSource' (OnClassCondition)

   DispatcherServletAutoConfiguration matched:
      - @ConditionalOnClass found required class 'org.springframework.web.servlet.DispatcherServlet' (OnClassCondition)
      - found 'session' scope (OnWebApplicationCondition)

   DispatcherServletAutoConfiguration.DispatcherServletConfiguration matched:
      - @ConditionalOnClass found required class 'jakarta.servlet.ServletRegistration' (OnClassCondition)
      - Default DispatcherServlet did not find dispatcher servlet beans (DispatcherServletAutoConfiguration.DefaultDispatcherServletCondition)

   DispatcherServletAutoConfiguration.DispatcherServletRegistrationConfiguration matched:
      - @ConditionalOnClass found required class 'jakarta.servlet.ServletRegistration' (OnClassCondition)
      - DispatcherServlet Registration did not find servlet registration bean (DispatcherServletAutoConfiguration.DispatcherServletRegistrationCondition)

   ErrorMvcAutoConfiguration matched:
      - @ConditionalOnClass found required classes 'jakarta.servlet.Servlet', 'org.springframework.web.servlet.DispatcherServlet' (OnClassCondition)
      - found 'session' scope (OnWebApplicationCondition)

   ErrorMvcAutoConfiguration.WhitelabelErrorViewConfiguration matched:
      - @ConditionalOnProperty (server.error.whitelabel.enabled) matched (OnPropertyCondition)
      - ErrorTemplate Missing did not find error template view (ErrorMvcAutoConfiguration.ErrorTemplateMissingCondition)

   GenericCacheConfiguration matched:
      - Cache org.springframework.boot.autoconfigure.cache.GenericCacheConfiguration automatic cache type (CacheCondition)

   HibernateJpaAutoConfiguration matched:
      - @ConditionalOnClass found required classes 'org.springframework.orm.jpa.LocalContainerEntityManagerFactoryBean', 'jakarta.persistence.EntityManager', 'org.hibernate.engine.spi.SessionImplementor' (OnClassCondition)

   HttpClientAutoConfiguration matched:
      - @ConditionalOnClass found required class 'org.springframework.http.client.ClientHttpRequestFactory' (OnClassCondition)
      - NoneNestedConditions 0 matched 1 did not; NestedCondition on NotReactiveWebApplicationCondition.ReactiveWebApplication did not find reactive web application classes (NotReactiveWebApplicationCondition)

   HttpMessageConvertersAutoConfiguration matched:
      - @ConditionalOnClass found required class 'org.springframework.http.converter.HttpMessageConverter' (OnClassCondition)
      - NoneNestedConditions 0 matched 1 did not; NestedCondition on HttpMessageConvertersAutoConfiguration.NotReactiveWebApplicationCondition.ReactiveWebApplication did not find reactive web application classes (HttpMessageConvertersAutoConfiguration.NotReactiveWebApplicationCondition)

   HttpMessageConvertersAutoConfiguration.StringHttpMessageConverterConfiguration matched:
      - @ConditionalOnClass found required class 'org.springframework.http.converter.StringHttpMessageConverter' (OnClassCondition)

   JacksonAutoConfiguration matched:
      - @ConditionalOnClass found required class 'com.fasterxml.jackson.databind.ObjectMapper' (OnClassCondition)

   JacksonAutoConfiguration.Jackson2ObjectMapperBuilderCustomizerConfiguration matched:
      - @ConditionalOnClass found required class 'org.springframework.http.converter.json.Jackson2ObjectMapperBuilder' (OnClassCondition)

   JacksonAutoConfiguration.JacksonObjectMapperBuilderConfiguration matched:
      - @ConditionalOnClass found required class 'org.springframework.http.converter.json.Jackson2ObjectMapperBuilder' (OnClassCondition)

   JacksonAutoConfiguration.JacksonObjectMapperConfiguration matched:
      - @ConditionalOnClass found required class 'org.springframework.http.converter.json.Jackson2ObjectMapperBuilder' (OnClassCondition)

   JacksonAutoConfiguration.ParameterNamesModuleConfiguration matched:
      - @ConditionalOnClass found required class 'com.fasterxml.jackson.module.paramnames.ParameterNamesModule' (OnClassCondition)

   JacksonHttpMessageConvertersConfiguration.MappingJackson2HttpMessageConverterConfiguration matched:
      - @ConditionalOnClass found required class 'com.fasterxml.jackson.databind.ObjectMapper' (OnClassCondition)
      - @ConditionalOnProperty (spring.mvc.converters.preferred-json-mapper=jackson) matched (OnPropertyCondition)

   JdbcTemplateAutoConfiguration matched:
      - @ConditionalOnClass found required classes 'javax.sql.DataSource', 'org.springframework.jdbc.core.JdbcTemplate' (OnClassCondition)

   JpaBaseConfiguration.JpaWebConfiguration matched:
      - @ConditionalOnClass found required class 'org.springframework.web.servlet.config.annotation.WebMvcConfigurer' (OnClassCondition)
      - found 'session' scope (OnWebApplicationCondition)
      - @ConditionalOnProperty (spring.jpa.open-in-view=true) matched (OnPropertyCondition)

   JpaRepositoriesAutoConfiguration matched:
      - @ConditionalOnClass found required class 'org.springframework.data.jpa.repository.JpaRepository' (OnClassCondition)
      - @ConditionalOnProperty (spring.data.jpa.repositories.enabled=true) matched (OnPropertyCondition)

   JtaAutoConfiguration matched:
      - @ConditionalOnClass found required class 'jakarta.transaction.Transaction' (OnClassCondition)
      - @ConditionalOnProperty (spring.jta.enabled) matched (OnPropertyCondition)

   LettuceConnectionConfiguration matched:
      - @ConditionalOnClass found required class 'io.lettuce.core.RedisClient' (OnClassCondition)
      - @ConditionalOnProperty (spring.data.redis.client-type=lettuce) matched (OnPropertyCondition)

   MailSenderAutoConfiguration matched:
      - @ConditionalOnClass found required classes 'jakarta.mail.internet.MimeMessage', 'jakarta.activation.MimeType', 'org.springframework.mail.MailSender' (OnClassCondition)

   MultipleOpenApiSupportConfiguration matched:
      - found 'session' scope (OnWebApplicationCondition)
      - @ConditionalOnProperty (springdoc.api-docs.enabled) matched (OnPropertyCondition)

   NoOpCacheConfiguration matched:
      - Cache org.springframework.boot.autoconfigure.cache.NoOpCacheConfiguration automatic cache type (CacheCondition)

   PersistenceExceptionTranslationAutoConfiguration matched:
      - @ConditionalOnClass found required class 'org.springframework.dao.annotation.PersistenceExceptionTranslationPostProcessor' (OnClassCondition)

   RedisAutoConfiguration matched:
      - @ConditionalOnClass found required class 'org.springframework.data.redis.core.RedisOperations' (OnClassCondition)

   RedisCacheConfiguration matched:
      - @ConditionalOnClass found required class 'org.springframework.data.redis.connection.RedisConnectionFactory' (OnClassCondition)
      - Cache org.springframework.boot.autoconfigure.cache.RedisCacheConfiguration automatic cache type (CacheCondition)

   RedisReactiveAutoConfiguration matched:
      - @ConditionalOnClass found required classes 'org.springframework.data.redis.connection.ReactiveRedisConnectionFactory', 'org.springframework.data.redis.core.ReactiveRedisTemplate', 'reactor.core.publisher.Flux' (OnClassCondition)

   RedisRepositoriesAutoConfiguration matched:
      - @ConditionalOnClass found required class 'org.springframework.data.redis.repository.configuration.EnableRedisRepositories' (OnClassCondition)
      - @ConditionalOnProperty (spring.data.redis.repositories.enabled=true) matched (OnPropertyCondition)

   RefreshAutoConfiguration matched:
      - @ConditionalOnClass found required class 'org.springframework.cloud.context.scope.refresh.RefreshScope' (OnClassCondition)
      - @ConditionalOnProperty (spring.cloud.refresh.enabled) matched (OnPropertyCondition)

   ServletWebServerFactoryAutoConfiguration matched:
      - @ConditionalOnClass found required class 'jakarta.servlet.ServletRequest' (OnClassCondition)
      - found 'session' scope (OnWebApplicationCondition)

   ServletWebServerFactoryConfiguration.EmbeddedTomcat matched:
      - @ConditionalOnClass found required classes 'jakarta.servlet.Servlet', 'org.apache.catalina.startup.Tomcat', 'org.apache.coyote.UpgradeProtocol' (OnClassCondition)

   SimpleCacheConfiguration matched:
      - Cache org.springframework.boot.autoconfigure.cache.SimpleCacheConfiguration automatic cache type (CacheCondition)

   SpringDataWebAutoConfiguration matched:
      - @ConditionalOnClass found required classes 'org.springframework.data.web.PageableHandlerMethodArgumentResolver', 'org.springframework.web.servlet.config.annotation.WebMvcConfigurer' (OnClassCondition)
      - found 'session' scope (OnWebApplicationCondition)

   SpringDocConfigProperties matched:
      - @ConditionalOnProperty (springdoc.api-docs.enabled) matched (OnPropertyCondition)

   SpringDocConfiguration matched:
      - @ConditionalOnWebApplication (required) found 'session' scope (OnWebApplicationCondition)
      - @ConditionalOnProperty (springdoc.api-docs.enabled) matched (OnPropertyCondition)

   SpringDocConfiguration.QuerydslProvider matched:
      - @ConditionalOnClass found required class 'org.springframework.data.querydsl.binding.QuerydslBindingsFactory' (OnClassCondition)

   SpringDocConfiguration.SpringDocSpringDataWebPropertiesProvider matched:
      - @ConditionalOnClass found required class 'org.springframework.boot.autoconfigure.data.web.SpringDataWebProperties' (OnClassCondition)

   SpringDocConfiguration.SpringDocWebFluxSupportConfiguration matched:
      - @ConditionalOnClass found required class 'reactor.core.publisher.Flux' (OnClassCondition)

   SpringDocConfiguration.WebConversionServiceConfiguration matched:
      - @ConditionalOnClass found required class 'org.springframework.boot.autoconfigure.web.format.WebConversionService' (OnClassCondition)

   SpringDocPageableConfiguration matched:
      - @ConditionalOnClass found required class 'org.springframework.data.domain.Pageable' (OnClassCondition)
      - @ConditionalOnWebApplication (required) found 'session' scope (OnWebApplicationCondition)
      - @ConditionalOnProperty (springdoc.api-docs.enabled) matched (OnPropertyCondition)

   SpringDocSecurityConfiguration matched:
      - @ConditionalOnClass found required class 'org.springframework.security.web.SecurityFilterChain' (OnClassCondition)
      - @ConditionalOnWebApplication (required) found 'session' scope (OnWebApplicationCondition)
      - @ConditionalOnExpression (#{${springdoc.api-docs.enabled:true} and ${springdoc.enable-spring-security:true}}) resulted in true (OnExpressionCondition)

   SpringDocSecurityConfiguration.SpringDocSecurityOAuth2ClientConfiguration matched:
      - @ConditionalOnClass found required class 'org.springframework.security.oauth2.client.annotation.RegisteredOAuth2AuthorizedClient' (OnClassCondition)

   SpringDocSecurityConfiguration.SpringSecurityLoginEndpointConfiguration matched:
      - @ConditionalOnClass found required class 'jakarta.servlet.Filter' (OnClassCondition)

   SpringDocSortConfiguration matched:
      - @ConditionalOnClass found required class 'org.springframework.data.domain.Sort' (OnClassCondition)
      - @ConditionalOnWebApplication (required) found 'session' scope (OnWebApplicationCondition)
      - @ConditionalOnProperty (springdoc.api-docs.enabled) matched (OnPropertyCondition)

   SpringDocWebMvcConfiguration matched:
      - found 'session' scope (OnWebApplicationCondition)
      - @ConditionalOnProperty (springdoc.api-docs.enabled) matched (OnPropertyCondition)

   SpringDocWebMvcConfiguration.SpringDocWebMvcRouterConfiguration matched:
      - @ConditionalOnClass found required class 'org.springframework.web.servlet.function.RouterFunction' (OnClassCondition)

   SwaggerConfig matched:
      - found 'session' scope (OnWebApplicationCondition)
      - @ConditionalOnProperty (springdoc.swagger-ui.enabled) matched (OnPropertyCondition)

   SwaggerUiConfigProperties matched:
      - @ConditionalOnProperty (springdoc.swagger-ui.enabled) matched (OnPropertyCondition)

   SwaggerUiOAuthProperties matched:
      - @ConditionalOnProperty (springdoc.swagger-ui.enabled) matched (OnPropertyCondition)

   TaskExecutionAutoConfiguration matched:
      - @ConditionalOnClass found required class 'org.springframework.scheduling.concurrent.ThreadPoolTaskExecutor' (OnClassCondition)

   TransactionManagerCustomizationAutoConfiguration matched:
      - @ConditionalOnClass found required class 'org.springframework.transaction.PlatformTransactionManager' (OnClassCondition)

   ValidationAutoConfiguration matched:
      - @ConditionalOnClass found required class 'jakarta.validation.executable.ExecutableValidator' (OnClassCondition)
      - @ConditionalOnResource found location classpath:META-INF/services/jakarta.validation.spi.ValidationProvider (OnResourceCondition)

   WebMvcAutoConfiguration matched:
      - @ConditionalOnClass found required classes 'jakarta.servlet.Servlet', 'org.springframework.web.servlet.DispatcherServlet', 'org.springframework.web.servlet.config.annotation.WebMvcConfigurer' (OnClassCondition)
      - found 'session' scope (OnWebApplicationCondition)

   WebMvcAutoConfiguration.ResourceChainCustomizerConfiguration matched:
      - @ConditionalOnEnabledResourceChain found class org.webjars.WebJarVersionLocator (OnEnabledResourceChainCondition)

   WebSocketServletAutoConfiguration matched:
      - @ConditionalOnClass found required classes 'jakarta.servlet.Servlet', 'jakarta.websocket.server.ServerContainer' (OnClassCondition)
      - found 'session' scope (OnWebApplicationCondition)

   WebSocketServletAutoConfiguration.TomcatWebSocketConfiguration matched:
      - @ConditionalOnClass found required classes 'org.apache.catalina.startup.Tomcat', 'org.apache.tomcat.websocket.server.WsSci' (OnClassCondition)

   XADataSourceAutoConfiguration matched:
      - @ConditionalOnClass found required classes 'javax.sql.DataSource', 'jakarta.transaction.TransactionManager', 'org.springframework.jdbc.datasource.embedded.EmbeddedDatabaseType' (OnClassCondition)


Negative matches:
-----------------

   ActiveMQAutoConfiguration:
      Did not match:
         - @ConditionalOnClass did not find required class 'jakarta.jms.ConnectionFactory' (OnClassCondition)

   AopAutoConfiguration.AspectJAutoProxyingConfiguration.JdkDynamicAutoProxyConfiguration:
      Did not match:
         - @ConditionalOnProperty (spring.aop.proxy-target-class=false) did not find property 'proxy-target-class' (OnPropertyCondition)

   AopAutoConfiguration.ClassProxyingConfiguration:
      Did not match:
         - @ConditionalOnMissingClass found unwanted class 'org.aspectj.weaver.Advice' (OnClassCondition)

   ArtemisAutoConfiguration:
      Did not match:
         - @ConditionalOnClass did not find required class 'jakarta.jms.ConnectionFactory' (OnClassCondition)

   BatchAutoConfiguration:
      Did not match:
         - @ConditionalOnClass did not find required class 'org.springframework.batch.core.launch.JobLauncher' (OnClassCondition)

   Cache2kCacheConfiguration:
      Did not match:
         - @ConditionalOnClass did not find required class 'org.cache2k.Cache2kBuilder' (OnClassCondition)

   CaffeineCacheConfiguration:
      Did not match:
         - @ConditionalOnClass did not find required class 'com.github.benmanes.caffeine.cache.Caffeine' (OnClassCondition)

   CassandraAutoConfiguration:
      Did not match:
         - @ConditionalOnClass did not find required class 'com.datastax.oss.driver.api.core.CqlSession' (OnClassCondition)

   CassandraDataAutoConfiguration:
      Did not match:
         - @ConditionalOnClass did not find required class 'com.datastax.oss.driver.api.core.CqlSession' (OnClassCondition)

   CassandraReactiveDataAutoConfiguration:
      Did not match:
         - @ConditionalOnClass did not find required class 'com.datastax.oss.driver.api.core.CqlSession' (OnClassCondition)

   CassandraReactiveRepositoriesAutoConfiguration:
      Did not match:
         - @ConditionalOnClass did not find required class 'org.springframework.data.cassandra.ReactiveSession' (OnClassCondition)

   CassandraRepositoriesAutoConfiguration:
      Did not match:
         - @ConditionalOnClass did not find required class 'com.datastax.oss.driver.api.core.CqlSession' (OnClassCondition)

   ClientHttpConnectorAutoConfiguration:
      Did not match:
         - @ConditionalOnClass did not find required class 'org.springframework.web.reactive.function.client.WebClient' (OnClassCondition)

   CodecsAutoConfiguration:
      Did not match:
         - @ConditionalOnClass did not find required class 'org.springframework.web.reactive.function.client.WebClient' (OnClassCondition)

   CouchbaseAutoConfiguration:
      Did not match:
         - @ConditionalOnClass did not find required class 'com.couchbase.client.java.Cluster' (OnClassCondition)

   CouchbaseCacheConfiguration:
      Did not match:
         - @ConditionalOnClass did not find required class 'com.couchbase.client.java.Cluster' (OnClassCondition)

   CouchbaseDataAutoConfiguration:
      Did not match:
         - @ConditionalOnClass did not find required class 'com.couchbase.client.java.Bucket' (OnClassCondition)

   CouchbaseReactiveDataAutoConfiguration:
      Did not match:
         - @ConditionalOnClass did not find required class 'com.couchbase.client.java.Cluster' (OnClassCondition)

   CouchbaseReactiveRepositoriesAutoConfiguration:
      Did not match:
         - @ConditionalOnClass did not find required class 'com.couchbase.client.java.Cluster' (OnClassCondition)

   CouchbaseRepositoriesAutoConfiguration:
      Did not match:
         - @ConditionalOnClass did not find required class 'com.couchbase.client.java.Bucket' (OnClassCondition)

   DataSourceAutoConfiguration.EmbeddedDatabaseConfiguration:
      Did not match:
         - EmbeddedDataSource found supported pooled data source (DataSourceAutoConfiguration.EmbeddedDatabaseCondition)

   DataSourceCheckpointRestoreConfiguration:
      Did not match:
         - @ConditionalOnClass did not find required class 'org.crac.Resource' (OnClassCondition)

   DataSourceConfiguration.Dbcp2:
      Did not match:
         - @ConditionalOnClass did not find required class 'org.apache.commons.dbcp2.BasicDataSource' (OnClassCondition)

   DataSourceConfiguration.Generic:
      Did not match:
         - @ConditionalOnProperty (spring.datasource.type) did not find property 'spring.datasource.type' (OnPropertyCondition)

   DataSourceConfiguration.OracleUcp:
      Did not match:
         - @ConditionalOnClass did not find required classes 'oracle.ucp.jdbc.PoolDataSourceImpl', 'oracle.jdbc.OracleConnection' (OnClassCondition)

   DataSourceConfiguration.Tomcat:
      Did not match:
         - @ConditionalOnClass did not find required class 'org.apache.tomcat.jdbc.pool.DataSource' (OnClassCondition)

   DataSourceJmxConfiguration:
      Did not match:
         - @ConditionalOnProperty (spring.jmx.enabled=true) found different value in property 'enabled' (OnPropertyCondition)

   DataSourcePoolMetadataProvidersConfiguration.CommonsDbcp2PoolDataSourceMetadataProviderConfiguration:
      Did not match:
         - @ConditionalOnClass did not find required class 'org.apache.commons.dbcp2.BasicDataSource' (OnClassCondition)

   DataSourcePoolMetadataProvidersConfiguration.OracleUcpPoolDataSourceMetadataProviderConfiguration:
      Did not match:
         - @ConditionalOnClass did not find required classes 'oracle.ucp.jdbc.PoolDataSource', 'oracle.jdbc.OracleConnection' (OnClassCondition)

   DataSourcePoolMetadataProvidersConfiguration.TomcatDataSourcePoolMetadataProviderConfiguration:
      Did not match:
         - @ConditionalOnClass did not find required class 'org.apache.tomcat.jdbc.pool.DataSource' (OnClassCondition)

   DevToolsR2dbcAutoConfiguration:
      Did not match:
         - @ConditionalOnClass did not find required class 'io.r2dbc.spi.ConnectionFactory' (OnClassCondition)

   ElasticsearchClientAutoConfiguration:
      Did not match:
         - @ConditionalOnClass did not find required class 'co.elastic.clients.elasticsearch.ElasticsearchClient' (OnClassCondition)

   ElasticsearchDataAutoConfiguration:
      Did not match:
         - @ConditionalOnClass did not find required class 'org.springframework.data.elasticsearch.client.elc.ElasticsearchTemplate' (OnClassCondition)

   ElasticsearchRepositoriesAutoConfiguration:
      Did not match:
         - @ConditionalOnClass did not find required class 'org.springframework.data.elasticsearch.repository.ElasticsearchRepository' (OnClassCondition)

   ElasticsearchRestClientAutoConfiguration:
      Did not match:
         - @ConditionalOnClass did not find required class 'org.elasticsearch.client.RestClientBuilder' (OnClassCondition)

   EmbeddedLdapAutoConfiguration:
      Did not match:
         - @ConditionalOnClass did not find required class 'com.unboundid.ldap.listener.InMemoryDirectoryServer' (OnClassCondition)

   ErrorWebFluxAutoConfiguration:
      Did not match:
         - @ConditionalOnClass did not find required class 'org.springframework.web.reactive.config.WebFluxConfigurer' (OnClassCondition)

   FeignHalAutoConfiguration:
      Did not match:
         - @ConditionalOnClass did not find required class 'org.springframework.hateoas.config.WebConverters' (OnClassCondition)

   FeignLoadBalancerAutoConfiguration:
      Did not match:
         - @ConditionalOnBean did not find required type 'org.springframework.cloud.loadbalancer.support.LoadBalancerClientFactory' (OnBeanCondition)

   FlywayAutoConfiguration:
      Did not match:
         - @ConditionalOnClass did not find required class 'org.flywaydb.core.Flyway' (OnClassCondition)

   FreeMarkerAutoConfiguration:
      Did not match:
         - @ConditionalOnClass did not find required class 'freemarker.template.Configuration' (OnClassCondition)

   GraphQlAutoConfiguration:
      Did not match:
         - @ConditionalOnClass did not find required class 'graphql.GraphQL' (OnClassCondition)

   GraphQlQueryByExampleAutoConfiguration:
      Did not match:
         - @ConditionalOnClass did not find required class 'graphql.GraphQL' (OnClassCondition)

   GraphQlQuerydslAutoConfiguration:
      Did not match:
         - @ConditionalOnClass did not find required class 'com.querydsl.core.Query' (OnClassCondition)

   GraphQlRSocketAutoConfiguration:
      Did not match:
         - @ConditionalOnClass did not find required class 'graphql.GraphQL' (OnClassCondition)

   GraphQlReactiveQueryByExampleAutoConfiguration:
      Did not match:
         - @ConditionalOnClass did not find required class 'graphql.GraphQL' (OnClassCondition)

   GraphQlReactiveQuerydslAutoConfiguration:
      Did not match:
         - @ConditionalOnClass did not find required class 'com.querydsl.core.Query' (OnClassCondition)

   GraphQlWebFluxAutoConfiguration:
      Did not match:
         - @ConditionalOnClass did not find required class 'graphql.GraphQL' (OnClassCondition)

   GraphQlWebFluxSecurityAutoConfiguration:
      Did not match:
         - @ConditionalOnClass did not find required class 'graphql.GraphQL' (OnClassCondition)

   GraphQlWebMvcAutoConfiguration:
      Did not match:
         - @ConditionalOnClass did not find required class 'graphql.GraphQL' (OnClassCondition)

   GraphQlWebMvcSecurityAutoConfiguration:
      Did not match:
         - @ConditionalOnClass did not find required class 'graphql.GraphQL' (OnClassCondition)

   GroovyTemplateAutoConfiguration:
      Did not match:
         - @ConditionalOnClass did not find required class 'groovy.text.markup.MarkupTemplateEngine' (OnClassCondition)

   GsonAutoConfiguration:
      Did not match:
         - @ConditionalOnClass did not find required class 'com.google.gson.Gson' (OnClassCondition)

   GsonHttpMessageConvertersConfiguration:
      Did not match:
         - @ConditionalOnClass did not find required class 'com.google.gson.Gson' (OnClassCondition)

   H2ConsoleAutoConfiguration:
      Did not match:
         - @ConditionalOnClass did not find required class 'org.h2.server.web.JakartaWebServlet' (OnClassCondition)

   HazelcastAutoConfiguration:
      Did not match:
         - @ConditionalOnClass did not find required class 'com.hazelcast.core.HazelcastInstance' (OnClassCondition)

   HazelcastCacheConfiguration:
      Did not match:
         - @ConditionalOnClass did not find required class 'com.hazelcast.core.HazelcastInstance' (OnClassCondition)

   HazelcastJpaDependencyAutoConfiguration:
      Did not match:
         - @ConditionalOnClass did not find required class 'com.hazelcast.core.HazelcastInstance' (OnClassCondition)

   HttpHandlerAutoConfiguration:
      Did not match:
         - @ConditionalOnClass did not find required class 'org.springframework.web.reactive.DispatcherHandler' (OnClassCondition)

   HypermediaAutoConfiguration:
      Did not match:
         - @ConditionalOnClass did not find required class 'org.springframework.hateoas.EntityModel' (OnClassCondition)

   InfinispanCacheConfiguration:
      Did not match:
         - @ConditionalOnClass did not find required class 'org.infinispan.spring.embedded.provider.SpringEmbeddedCacheManager' (OnClassCondition)

   IntegrationAutoConfiguration:
      Did not match:
         - @ConditionalOnClass did not find required class 'org.springframework.integration.config.EnableIntegration' (OnClassCondition)

   JCacheCacheConfiguration:
      Did not match:
         - @ConditionalOnClass did not find required class 'javax.cache.Caching' (OnClassCondition)

   JacksonHttpMessageConvertersConfiguration.MappingJackson2XmlHttpMessageConverterConfiguration:
      Did not match:
         - @ConditionalOnClass did not find required class 'com.fasterxml.jackson.dataformat.xml.XmlMapper' (OnClassCondition)

   JdbcRepositoriesAutoConfiguration:
      Did not match:
         - @ConditionalOnClass did not find required class 'org.springframework.data.jdbc.repository.config.AbstractJdbcConfiguration' (OnClassCondition)

   JedisConnectionConfiguration:
      Did not match:
         - @ConditionalOnClass did not find required classes 'org.apache.commons.pool2.impl.GenericObjectPool', 'redis.clients.jedis.Jedis' (OnClassCondition)

   JerseyAutoConfiguration:
      Did not match:
         - @ConditionalOnClass did not find required class 'org.glassfish.jersey.server.spring.SpringComponentProvider' (OnClassCondition)

   JmsAutoConfiguration:
      Did not match:
         - @ConditionalOnClass did not find required class 'jakarta.jms.Message' (OnClassCondition)

   JmxAutoConfiguration:
      Did not match:
         - @ConditionalOnProperty (spring.jmx.enabled=true) found different value in property 'enabled' (OnPropertyCondition)
      Matched:
         - @ConditionalOnClass found required class 'org.springframework.jmx.export.MBeanExporter' (OnClassCondition)

   JndiConnectionFactoryAutoConfiguration:
      Did not match:
         - @ConditionalOnClass did not find required class 'org.springframework.jms.core.JmsTemplate' (OnClassCondition)

   JndiDataSourceAutoConfiguration:
      Did not match:
         - @ConditionalOnProperty (spring.datasource.jndi-name) did not find property 'jndi-name' (OnPropertyCondition)
      Matched:
         - @ConditionalOnClass found required classes 'javax.sql.DataSource', 'org.springframework.jdbc.datasource.embedded.EmbeddedDatabaseType' (OnClassCondition)

   JndiJtaConfiguration:
      Did not match:
         - @ConditionalOnJndi JNDI environment is not available (OnJndiCondition)
      Matched:
         - @ConditionalOnClass found required class 'org.springframework.transaction.jta.JtaTransactionManager' (OnClassCondition)

   JooqAutoConfiguration:
      Did not match:
         - @ConditionalOnClass did not find required class 'org.jooq.DSLContext' (OnClassCondition)

   JsonbAutoConfiguration:
      Did not match:
         - @ConditionalOnClass did not find required class 'jakarta.json.bind.Jsonb' (OnClassCondition)

   JsonbHttpMessageConvertersConfiguration:
      Did not match:
         - @ConditionalOnClass did not find required class 'jakarta.json.bind.Jsonb' (OnClassCondition)

   KafkaAutoConfiguration:
      Did not match:
         - @ConditionalOnClass did not find required class 'org.springframework.kafka.core.KafkaTemplate' (OnClassCondition)

   LdapAutoConfiguration:
      Did not match:
         - @ConditionalOnClass did not find required class 'org.springframework.ldap.core.ContextSource' (OnClassCondition)

   LdapRepositoriesAutoConfiguration:
      Did not match:
         - @ConditionalOnClass did not find required class 'org.springframework.data.ldap.repository.LdapRepository' (OnClassCondition)

   LiquibaseAutoConfiguration:
      Did not match:
         - @ConditionalOnClass did not find required class 'liquibase.change.DatabaseChange' (OnClassCondition)

   MessageSourceAutoConfiguration:
      Did not match:
         - ResourceBundle did not find bundle with basename messages (MessageSourceAutoConfiguration.ResourceBundleCondition)

   MongoAutoConfiguration:
      Did not match:
         - @ConditionalOnClass did not find required class 'com.mongodb.client.MongoClient' (OnClassCondition)

   MongoDataAutoConfiguration:
      Did not match:
         - @ConditionalOnClass did not find required class 'com.mongodb.client.MongoClient' (OnClassCondition)

   MongoReactiveAutoConfiguration:
      Did not match:
         - @ConditionalOnClass did not find required class 'com.mongodb.reactivestreams.client.MongoClient' (OnClassCondition)

   MongoReactiveDataAutoConfiguration:
      Did not match:
         - @ConditionalOnClass did not find required class 'com.mongodb.reactivestreams.client.MongoClient' (OnClassCondition)

   MongoReactiveRepositoriesAutoConfiguration:
      Did not match:
         - @ConditionalOnClass did not find required class 'com.mongodb.reactivestreams.client.MongoClient' (OnClassCondition)

   MongoRepositoriesAutoConfiguration:
      Did not match:
         - @ConditionalOnClass did not find required class 'com.mongodb.client.MongoClient' (OnClassCondition)

   MultipleOpenApiSupportConfiguration.SpringDocWebMvcActuatorDifferentConfiguration:
      Did not match:
         - @ConditionalOnClass did not find required class 'org.springframework.boot.actuate.endpoint.web.servlet.WebMvcEndpointHandlerMapping' (OnClassCondition)

   MustacheAutoConfiguration:
      Did not match:
         - @ConditionalOnClass did not find required class 'com.samskivert.mustache.Mustache' (OnClassCondition)

   Neo4jAutoConfiguration:
      Did not match:
         - @ConditionalOnClass did not find required class 'org.neo4j.driver.Driver' (OnClassCondition)

   Neo4jDataAutoConfiguration:
      Did not match:
         - @ConditionalOnClass did not find required class 'org.neo4j.driver.Driver' (OnClassCondition)

   Neo4jReactiveDataAutoConfiguration:
      Did not match:
         - @ConditionalOnClass did not find required class 'org.neo4j.driver.Driver' (OnClassCondition)

   Neo4jReactiveRepositoriesAutoConfiguration:
      Did not match:
         - @ConditionalOnClass did not find required class 'org.neo4j.driver.Driver' (OnClassCondition)

   Neo4jRepositoriesAutoConfiguration:
      Did not match:
         - @ConditionalOnClass did not find required class 'org.neo4j.driver.Driver' (OnClassCondition)

   OAuth2AuthorizationServerAutoConfiguration:
      Did not match:
         - @ConditionalOnClass did not find required class 'org.springframework.security.oauth2.server.authorization.OAuth2Authorization' (OnClassCondition)

   OAuth2AuthorizationServerJwtAutoConfiguration:
      Did not match:
         - @ConditionalOnClass did not find required class 'org.springframework.security.oauth2.server.authorization.OAuth2Authorization' (OnClassCondition)

   PulsarAutoConfiguration:
      Did not match:
         - @ConditionalOnClass did not find required class 'org.apache.pulsar.client.api.PulsarClient' (OnClassCondition)

   PulsarReactiveAutoConfiguration:
      Did not match:
         - @ConditionalOnClass did not find required class 'org.apache.pulsar.client.api.PulsarClient' (OnClassCondition)

   QuartzAutoConfiguration:
      Did not match:
         - @ConditionalOnClass did not find required class 'org.quartz.Scheduler' (OnClassCondition)

   R2dbcAutoConfiguration:
      Did not match:
         - @ConditionalOnClass did not find required class 'io.r2dbc.spi.ConnectionFactory' (OnClassCondition)

   R2dbcDataAutoConfiguration:
      Did not match:
         - @ConditionalOnClass did not find required class 'org.springframework.data.r2dbc.core.R2dbcEntityTemplate' (OnClassCondition)

   R2dbcProxyAutoConfiguration:
      Did not match:
         - @ConditionalOnClass did not find required class 'io.r2dbc.proxy.ProxyConnectionFactory' (OnClassCondition)

   R2dbcRepositoriesAutoConfiguration:
      Did not match:
         - @ConditionalOnClass did not find required class 'io.r2dbc.spi.ConnectionFactory' (OnClassCondition)

   R2dbcTransactionManagerAutoConfiguration:
      Did not match:
         - @ConditionalOnClass did not find required class 'org.springframework.r2dbc.connection.R2dbcTransactionManager' (OnClassCondition)

   RSocketGraphQlClientAutoConfiguration:
      Did not match:
         - @ConditionalOnClass did not find required class 'graphql.GraphQL' (OnClassCondition)

   RSocketMessagingAutoConfiguration:
      Did not match:
         - @ConditionalOnClass did not find required class 'io.rsocket.RSocket' (OnClassCondition)

   RSocketRequesterAutoConfiguration:
      Did not match:
         - @ConditionalOnClass did not find required class 'io.rsocket.RSocket' (OnClassCondition)

   RSocketSecurityAutoConfiguration:
      Did not match:
         - @ConditionalOnClass did not find required class 'org.springframework.security.rsocket.core.SecuritySocketAcceptorInterceptor' (OnClassCondition)

   RSocketServerAutoConfiguration:
      Did not match:
         - @ConditionalOnClass did not find required class 'io.rsocket.core.RSocketServer' (OnClassCondition)

   RSocketStrategiesAutoConfiguration:
      Did not match:
         - @ConditionalOnClass did not find required class 'io.rsocket.RSocket' (OnClassCondition)

   RabbitAutoConfiguration:
      Did not match:
         - @ConditionalOnClass did not find required class 'com.rabbitmq.client.Channel' (OnClassCondition)

   ReactiveElasticsearchClientAutoConfiguration:
      Did not match:
         - @ConditionalOnClass did not find required class 'co.elastic.clients.transport.ElasticsearchTransport' (OnClassCondition)

   ReactiveElasticsearchRepositoriesAutoConfiguration:
      Did not match:
         - @ConditionalOnClass did not find required class 'org.springframework.data.elasticsearch.client.elc.ReactiveElasticsearchClient' (OnClassCondition)

   ReactiveMultipartAutoConfiguration:
      Did not match:
         - @ConditionalOnClass did not find required class 'org.springframework.web.reactive.config.WebFluxConfigurer' (OnClassCondition)

   ReactiveOAuth2ResourceServerAutoConfiguration:
      Did not match:
         - @ConditionalOnWebApplication did not find reactive web application classes (OnWebApplicationCondition)

   ReactiveSecurityAutoConfiguration:
      Did not match:
         - @ConditionalOnClass did not find required class 'org.springframework.web.reactive.config.WebFluxConfigurer' (OnClassCondition)

   ReactiveWebServerFactoryAutoConfiguration:
      Did not match:
         - @ConditionalOnWebApplication did not find reactive web application classes (OnWebApplicationCondition)

   RefreshAutoConfiguration.JpaInvokerConfiguration:
      Did not match:
         - @ConditionalOnClass did not find required class 'javax.persistence.EntityManagerFactory' (OnClassCondition)

   RefreshEndpointAutoConfiguration:
      Did not match:
         - @ConditionalOnClass did not find required class 'org.springframework.boot.actuate.autoconfigure.endpoint.EndpointAutoConfiguration' (OnClassCondition)

   RepositoryRestMvcAutoConfiguration:
      Did not match:
         - @ConditionalOnClass did not find required class 'org.springframework.data.rest.webmvc.config.RepositoryRestMvcConfiguration' (OnClassCondition)

   Saml2RelyingPartyAutoConfiguration:
      Did not match:
         - @ConditionalOnClass did not find required class 'org.springframework.security.saml2.provider.service.registration.RelyingPartyRegistrationRepository' (OnClassCondition)

   ServletWebServerFactoryAutoConfiguration.ForwardedHeaderFilterConfiguration:
      Did not match:
         - @ConditionalOnProperty (server.forward-headers-strategy=framework) did not find property 'server.forward-headers-strategy' (OnPropertyCondition)

   ServletWebServerFactoryConfiguration.EmbeddedJetty:
      Did not match:
         - @ConditionalOnClass did not find required classes 'org.eclipse.jetty.server.Server', 'org.eclipse.jetty.util.Loader', 'org.eclipse.jetty.ee10.webapp.WebAppContext' (OnClassCondition)

   ServletWebServerFactoryConfiguration.EmbeddedUndertow:
      Did not match:
         - @ConditionalOnClass did not find required classes 'io.undertow.Undertow', 'org.xnio.SslClientAuthMode' (OnClassCondition)

   SessionAutoConfiguration:
      Did not match:
         - @ConditionalOnClass did not find required class 'org.springframework.session.Session' (OnClassCondition)

   SpringApplicationAdminJmxAutoConfiguration:
      Did not match:
         - @ConditionalOnProperty (spring.application.admin.enabled=true) did not find property 'enabled' (OnPropertyCondition)

   SpringDocConfiguration.SpringDocActuatorConfiguration:
      Did not match:
         - @ConditionalOnClass did not find required class 'org.springframework.boot.actuate.autoconfigure.endpoint.web.WebEndpointProperties' (OnClassCondition)

   SpringDocConfiguration.SpringDocRepositoryRestConfiguration:
      Did not match:
         - @ConditionalOnClass did not find required class 'org.springframework.data.rest.core.config.RepositoryRestConfiguration' (OnClassCondition)

   SpringDocDataRestConfiguration:
      Did not match:
         - @ConditionalOnClass did not find required class 'org.springframework.data.rest.core.config.RepositoryRestConfiguration' (OnClassCondition)

   SpringDocFunctionCatalogConfiguration:
      Did not match:
         - @ConditionalOnClass did not find required class 'org.springframework.cloud.function.web.function.FunctionEndpointInitializer' (OnClassCondition)

   SpringDocGroovyConfiguration:
      Did not match:
         - @ConditionalOnClass did not find required class 'groovy.lang.MetaClass' (OnClassCondition)

   SpringDocHateoasConfiguration:
      Did not match:
         - @ConditionalOnClass did not find required class 'org.springframework.hateoas.server.LinkRelationProvider' (OnClassCondition)

   SpringDocJacksonKotlinModuleConfiguration:
      Did not match:
         - @ConditionalOnClass did not find required class 'com.fasterxml.jackson.module.kotlin.KotlinModule' (OnClassCondition)

   SpringDocJavadocConfiguration:
      Did not match:
         - @ConditionalOnClass did not find required class 'com.github.therapi.runtimejavadoc.CommentFormatter' (OnClassCondition)

   SpringDocKotlinConfiguration:
      Did not match:
         - @ConditionalOnClass did not find required class 'kotlin.coroutines.Continuation' (OnClassCondition)

   SpringDocKotlinxConfiguration:
      Did not match:
         - @ConditionalOnClass did not find required class 'kotlinx.coroutines.flow.Flow' (OnClassCondition)

   SpringDocSecurityConfiguration.SpringDocSecurityOAuth2Configuration:
      Did not match:
         - @ConditionalOnClass did not find required class 'org.springframework.security.oauth2.server.authorization.OAuth2AuthorizationService' (OnClassCondition)

   SpringDocWebMvcConfiguration.SpringDocWebMvcActuatorConfiguration:
      Did not match:
         - @ConditionalOnClass did not find required class 'org.springframework.boot.actuate.endpoint.web.servlet.WebMvcEndpointHandlerMapping' (OnClassCondition)

   SwaggerConfig.SwaggerActuatorWelcomeConfiguration:
      Did not match:
         - @ConditionalOnClass did not find required class 'org.springframework.boot.actuate.endpoint.web.servlet.WebMvcEndpointHandlerMapping' (OnClassCondition)

   ThymeleafAutoConfiguration:
      Did not match:
         - @ConditionalOnClass did not find required class 'org.thymeleaf.spring6.SpringTemplateEngine' (OnClassCondition)

   WebClientAutoConfiguration:
      Did not match:
         - @ConditionalOnClass did not find required class 'org.springframework.web.reactive.function.client.WebClient' (OnClassCondition)

   WebFluxAutoConfiguration:
      Did not match:
         - @ConditionalOnClass did not find required class 'org.springframework.web.reactive.config.WebFluxConfigurer' (OnClassCondition)

   WebMvcAutoConfiguration.ProblemDetailsErrorHandlingConfiguration:
      Did not match:
         - @ConditionalOnProperty (spring.mvc.problemdetails.enabled=true) did not find property 'enabled' (OnPropertyCondition)

   WebServiceTemplateAutoConfiguration:
      Did not match:
         - @ConditionalOnClass did not find required class 'org.springframework.ws.client.core.WebServiceTemplate' (OnClassCondition)

   WebServicesAutoConfiguration:
      Did not match:
         - @ConditionalOnClass did not find required class 'org.springframework.ws.transport.http.MessageDispatcherServlet' (OnClassCondition)

   WebSessionIdResolverAutoConfiguration:
      Did not match:
         - @ConditionalOnWebApplication did not find reactive web application classes (OnWebApplicationCondition)

   WebSocketMessagingAutoConfiguration:
      Did not match:
         - @ConditionalOnClass did not find required class 'org.springframework.web.socket.config.annotation.WebSocketMessageBrokerConfigurer' (OnClassCondition)

   WebSocketReactiveAutoConfiguration:
      Did not match:
         - @ConditionalOnWebApplication did not find reactive web application classes (OnWebApplicationCondition)

   WebSocketServletAutoConfiguration.JettyWebSocketConfiguration:
      Did not match:
         - @ConditionalOnClass did not find required class 'org.eclipse.jetty.ee10.websocket.jakarta.server.config.JakartaWebSocketServletContainerInitializer' (OnClassCondition)

   WebSocketServletAutoConfiguration.UndertowWebSocketConfiguration:
      Did not match:
         - @ConditionalOnClass did not find required class 'io.undertow.websockets.jsr.Bootstrap' (OnClassCondition)

   WritableEnvironmentEndpointAutoConfiguration:
      Did not match:
         - @ConditionalOnClass did not find required class 'org.springframework.boot.actuate.autoconfigure.env.EnvironmentEndpointProperties' (OnClassCondition)


Exclusions:
-----------

    None


Unconditional classes:
----------------------

    org.springframework.boot.autoconfigure.security.reactive.ReactiveUserDetailsServiceAutoConfiguration

    org.springframework.cloud.client.loadbalancer.reactive.ReactorLoadBalancerClientAutoConfiguration

    org.springframework.cloud.client.discovery.simple.SimpleDiscoveryClientAutoConfiguration

    org.springframework.boot.autoconfigure.context.PropertyPlaceholderAutoConfiguration

    org.springframework.cloud.client.discovery.simple.reactive.SimpleReactiveDiscoveryClientAutoConfiguration

    org.springframework.boot.autoconfigure.web.servlet.MultipartAutoConfiguration

    org.springframework.cloud.openfeign.encoding.FeignContentGzipEncodingAutoConfiguration

    org.springframework.cloud.client.serviceregistry.ServiceRegistryAutoConfiguration

    org.springframework.cloud.autoconfigure.LifecycleMvcEndpointAutoConfiguration

    org.springframework.cloud.commons.security.ResourceServerTokenRelayAutoConfiguration

    org.springframework.boot.autoconfigure.mail.MailSenderValidatorAutoConfiguration

    org.springframework.boot.autoconfigure.sendgrid.SendGridAutoConfiguration

    org.springframework.cloud.autoconfigure.ConfigurationPropertiesRebinderAutoConfiguration

    org.springframework.boot.autoconfigure.transaction.TransactionAutoConfiguration

    org.springframework.boot.autoconfigure.security.oauth2.client.servlet.OAuth2ClientAutoConfiguration

    org.springframework.boot.devtools.autoconfigure.DevToolsDataSourceAutoConfiguration

    org.springframework.cloud.client.hypermedia.CloudHypermediaAutoConfiguration

    org.springframework.cloud.client.loadbalancer.LoadBalancerDefaultMappingsProviderAutoConfiguration

    org.springframework.boot.autoconfigure.netty.NettyAutoConfiguration

    org.springframework.cloud.client.discovery.composite.CompositeDiscoveryClientAutoConfiguration

    org.springframework.cloud.openfeign.FeignAutoConfiguration

    org.springframework.boot.autoconfigure.security.servlet.UserDetailsServiceAutoConfiguration

    org.springframework.boot.autoconfigure.security.oauth2.resource.servlet.OAuth2ResourceServerAutoConfiguration

    org.springframework.boot.autoconfigure.web.client.RestTemplateAutoConfiguration

    org.springframework.cloud.openfeign.encoding.FeignAcceptGzipEncodingAutoConfiguration

    org.springframework.boot.devtools.autoconfigure.RemoteDevToolsAutoConfiguration

    org.springframework.cloud.client.ReactiveCommonsClientAutoConfiguration

    org.springframework.boot.autoconfigure.web.servlet.HttpEncodingAutoConfiguration

    org.springframework.boot.autoconfigure.sql.init.SqlInitializationAutoConfiguration

    org.springframework.boot.autoconfigure.context.LifecycleAutoConfiguration

    org.springframework.boot.autoconfigure.web.embedded.EmbeddedWebServerFactoryCustomizerAutoConfiguration

    org.springframework.cloud.client.loadbalancer.LoadBalancerAutoConfiguration

    org.springframework.boot.autoconfigure.jdbc.DataSourceTransactionManagerAutoConfiguration

    org.springframework.cloud.client.serviceregistry.AutoServiceRegistrationAutoConfiguration

    org.springframework.boot.autoconfigure.jdbc.JdbcClientAutoConfiguration

    org.springframework.boot.autoconfigure.security.servlet.SecurityFilterAutoConfiguration

    org.springframework.boot.autoconfigure.security.servlet.SecurityAutoConfiguration

    org.springframework.boot.autoconfigure.security.oauth2.client.reactive.ReactiveOAuth2ClientAutoConfiguration

    org.springframework.boot.autoconfigure.web.client.RestClientAutoConfiguration

    org.springframework.cloud.commons.util.UtilAutoConfiguration

    org.springframework.boot.autoconfigure.context.ConfigurationPropertiesAutoConfiguration

    org.springframework.boot.autoconfigure.ssl.SslAutoConfiguration

    org.springframework.cloud.client.CommonsClientAutoConfiguration

    org.springframework.cloud.commons.config.CommonsConfigAutoConfiguration

    org.springframework.boot.autoconfigure.task.TaskSchedulingAutoConfiguration

    org.springframework.cloud.client.discovery.composite.reactive.ReactiveCompositeDiscoveryClientAutoConfiguration

    org.springframework.cloud.configuration.CompatibilityVerifierAutoConfiguration

    org.springframework.boot.devtools.autoconfigure.LocalDevToolsAutoConfiguration

    org.springframework.boot.autoconfigure.reactor.ReactorAutoConfiguration

    org.springdoc.core.configuration.SpringDocSpecPropertiesConfiguration

    org.springframework.boot.autoconfigure.availability.ApplicationAvailabilityAutoConfiguration

    org.springframework.cloud.client.loadbalancer.reactive.LoadBalancerBeanPostProcessorAutoConfiguration

    org.springframework.boot.autoconfigure.info.ProjectInfoAutoConfiguration



2025-11-25 21:07:11.813 ERROR --- [           main] o.s.boot.SpringApplication               : Application run failed
org.springframework.beans.factory.BeanDefinitionStoreException: Failed to process import candidates for configuration class [com.fsocial.accountservice.AccountServiceApplication]: Error processing condition on org.springframework.boot.autoconfigure.mail.MailSenderAutoConfiguration
	at org.springframework.context.annotation.ConfigurationClassParser.processImports(ConfigurationClassParser.java:613)
	at org.springframework.context.annotation.ConfigurationClassParser$DeferredImportSelectorGroupingHandler.lambda$processGroupImports$1(ConfigurationClassParser.java:836)
	at java.base/java.lang.Iterable.forEach(Iterable.java:75)
	at org.springframework.context.annotation.ConfigurationClassParser$DeferredImportSelectorGroupingHandler.processGroupImports(ConfigurationClassParser.java:833)
	at org.springframework.context.annotation.ConfigurationClassParser$DeferredImportSelectorHandler.process(ConfigurationClassParser.java:803)
	at org.springframework.context.annotation.ConfigurationClassParser.parse(ConfigurationClassParser.java:189)
	at org.springframework.context.annotation.ConfigurationClassPostProcessor.processConfigBeanDefinitions(ConfigurationClassPostProcessor.java:418)
	at org.springframework.context.annotation.ConfigurationClassPostProcessor.postProcessBeanDefinitionRegistry(ConfigurationClassPostProcessor.java:290)
	at org.springframework.context.support.PostProcessorRegistrationDelegate.invokeBeanDefinitionRegistryPostProcessors(PostProcessorRegistrationDelegate.java:349)
	at org.springframework.context.support.PostProcessorRegistrationDelegate.invokeBeanFactoryPostProcessors(PostProcessorRegistrationDelegate.java:118)
	at org.springframework.context.support.AbstractApplicationContext.invokeBeanFactoryPostProcessors(AbstractApplicationContext.java:791)
	at org.springframework.context.support.AbstractApplicationContext.refresh(AbstractApplicationContext.java:609)
	at org.springframework.boot.SpringApplication.refresh(SpringApplication.java:752)
	at org.springframework.boot.SpringApplication.refreshContext(SpringApplication.java:439)
	at org.springframework.boot.SpringApplication.run(SpringApplication.java:318)
	at org.springframework.boot.test.context.SpringBootContextLoader.lambda$loadContext$3(SpringBootContextLoader.java:137)
	at org.springframework.util.function.ThrowingSupplier.get(ThrowingSupplier.java:58)
	at org.springframework.util.function.ThrowingSupplier.get(ThrowingSupplier.java:46)
	at org.springframework.boot.SpringApplication.withHook(SpringApplication.java:1461)
	at org.springframework.boot.test.context.SpringBootContextLoader$ContextLoaderHook.run(SpringBootContextLoader.java:553)
	at org.springframework.boot.test.context.SpringBootContextLoader.loadContext(SpringBootContextLoader.java:137)
	at org.springframework.boot.test.context.SpringBootContextLoader.loadContext(SpringBootContextLoader.java:108)
	at org.springframework.test.context.cache.DefaultCacheAwareContextLoaderDelegate.loadContextInternal(DefaultCacheAwareContextLoaderDelegate.java:225)
	at org.springframework.test.context.cache.DefaultCacheAwareContextLoaderDelegate.loadContext(DefaultCacheAwareContextLoaderDelegate.java:152)
	at org.springframework.test.context.support.DefaultTestContext.getApplicationContext(DefaultTestContext.java:130)
	at org.springframework.test.context.web.ServletTestExecutionListener.setUpRequestContextIfNecessary(ServletTestExecutionListener.java:191)
	at org.springframework.test.context.web.ServletTestExecutionListener.prepareTestInstance(ServletTestExecutionListener.java:130)
	at org.springframework.test.context.TestContextManager.prepareTestInstance(TestContextManager.java:260)
	at org.springframework.test.context.junit.jupiter.SpringExtension.postProcessTestInstance(SpringExtension.java:160)
	at org.junit.jupiter.engine.descriptor.ClassBasedTestDescriptor.lambda$invokeTestInstancePostProcessors$11(ClassBasedTestDescriptor.java:378)
	at org.junit.jupiter.engine.descriptor.ClassBasedTestDescriptor.executeAndMaskThrowable(ClassBasedTestDescriptor.java:383)
	at org.junit.jupiter.engine.descriptor.ClassBasedTestDescriptor.lambda$invokeTestInstancePostProcessors$12(ClassBasedTestDescriptor.java:378)
	at java.base/java.util.stream.ForEachOps$ForEachOp$OfRef.accept(ForEachOps.java:184)
	at java.base/java.util.stream.ReferencePipeline$3$1.accept(ReferencePipeline.java:212)
	at java.base/java.util.stream.ReferencePipeline$2$1.accept(ReferencePipeline.java:194)
	at java.base/java.util.stream.ReferencePipeline$3$1.accept(ReferencePipeline.java:212)
	at java.base/java.util.ArrayList$ArrayListSpliterator.forEachRemaining(ArrayList.java:1709)
	at java.base/java.util.stream.AbstractPipeline.copyInto(AbstractPipeline.java:556)
	at java.base/java.util.stream.AbstractPipeline.wrapAndCopyInto(AbstractPipeline.java:546)
	at java.base/java.util.stream.ForEachOps$ForEachOp.evaluateSequential(ForEachOps.java:151)
	at java.base/java.util.stream.ForEachOps$ForEachOp$OfRef.evaluateSequential(ForEachOps.java:174)
	at java.base/java.util.stream.AbstractPipeline.evaluate(AbstractPipeline.java:265)
	at java.base/java.util.stream.ReferencePipeline.forEach(ReferencePipeline.java:611)
	at org.junit.jupiter.engine.descriptor.ClassBasedTestDescriptor.invokeTestInstancePostProcessors(ClassBasedTestDescriptor.java:377)
	at org.junit.jupiter.engine.descriptor.ClassBasedTestDescriptor.lambda$instantiateAndPostProcessTestInstance$7(ClassBasedTestDescriptor.java:290)
	at org.junit.platform.engine.support.hierarchical.ThrowableCollector.execute(ThrowableCollector.java:73)
	at org.junit.jupiter.engine.descriptor.ClassBasedTestDescriptor.instantiateAndPostProcessTestInstance(ClassBasedTestDescriptor.java:289)
	at org.junit.jupiter.engine.descriptor.ClassBasedTestDescriptor.lambda$testInstancesProvider$5(ClassBasedTestDescriptor.java:279)
	at java.base/java.util.Optional.orElseGet(Optional.java:364)
	at org.junit.jupiter.engine.descriptor.ClassBasedTestDescriptor.lambda$testInstancesProvider$6(ClassBasedTestDescriptor.java:278)
	at org.junit.jupiter.engine.execution.TestInstancesProvider.getTestInstances(TestInstancesProvider.java:31)
	at org.junit.jupiter.engine.descriptor.TestMethodTestDescriptor.lambda$prepare$1(TestMethodTestDescriptor.java:105)
	at org.junit.platform.engine.support.hierarchical.ThrowableCollector.execute(ThrowableCollector.java:73)
	at org.junit.jupiter.engine.descriptor.TestMethodTestDescriptor.prepare(TestMethodTestDescriptor.java:104)
	at org.junit.jupiter.engine.descriptor.TestMethodTestDescriptor.prepare(TestMethodTestDescriptor.java:68)
	at org.junit.platform.engine.support.hierarchical.NodeTestTask.lambda$prepare$2(NodeTestTask.java:128)
	at org.junit.platform.engine.support.hierarchical.ThrowableCollector.execute(ThrowableCollector.java:73)
	at org.junit.platform.engine.support.hierarchical.NodeTestTask.prepare(NodeTestTask.java:128)
	at org.junit.platform.engine.support.hierarchical.NodeTestTask.execute(NodeTestTask.java:95)
	at java.base/java.util.ArrayList.forEach(ArrayList.java:1597)
	at org.junit.platform.engine.support.hierarchical.SameThreadHierarchicalTestExecutorService.invokeAll(SameThreadHierarchicalTestExecutorService.java:41)
	at org.junit.platform.engine.support.hierarchical.NodeTestTask.lambda$executeRecursively$6(NodeTestTask.java:160)
	at org.junit.platform.engine.support.hierarchical.ThrowableCollector.execute(ThrowableCollector.java:73)
	at org.junit.platform.engine.support.hierarchical.NodeTestTask.lambda$executeRecursively$8(NodeTestTask.java:146)
	at org.junit.platform.engine.support.hierarchical.Node.around(Node.java:137)
	at org.junit.platform.engine.support.hierarchical.NodeTestTask.lambda$executeRecursively$9(NodeTestTask.java:144)
	at org.junit.platform.engine.support.hierarchical.ThrowableCollector.execute(ThrowableCollector.java:73)
	at org.junit.platform.engine.support.hierarchical.NodeTestTask.executeRecursively(NodeTestTask.java:143)
	at org.junit.platform.engine.support.hierarchical.NodeTestTask.execute(NodeTestTask.java:100)
	at java.base/java.util.ArrayList.forEach(ArrayList.java:1597)
	at org.junit.platform.engine.support.hierarchical.SameThreadHierarchicalTestExecutorService.invokeAll(SameThreadHierarchicalTestExecutorService.java:41)
	at org.junit.platform.engine.support.hierarchical.NodeTestTask.lambda$executeRecursively$6(NodeTestTask.java:160)
	at org.junit.platform.engine.support.hierarchical.ThrowableCollector.execute(ThrowableCollector.java:73)
	at org.junit.platform.engine.support.hierarchical.NodeTestTask.lambda$executeRecursively$8(NodeTestTask.java:146)
	at org.junit.platform.engine.support.hierarchical.Node.around(Node.java:137)
	at org.junit.platform.engine.support.hierarchical.NodeTestTask.lambda$executeRecursively$9(NodeTestTask.java:144)
	at org.junit.platform.engine.support.hierarchical.ThrowableCollector.execute(ThrowableCollector.java:73)
	at org.junit.platform.engine.support.hierarchical.NodeTestTask.executeRecursively(NodeTestTask.java:143)
	at org.junit.platform.engine.support.hierarchical.NodeTestTask.execute(NodeTestTask.java:100)
	at org.junit.platform.engine.support.hierarchical.SameThreadHierarchicalTestExecutorService.submit(SameThreadHierarchicalTestExecutorService.java:35)
	at org.junit.platform.engine.support.hierarchical.HierarchicalTestExecutor.execute(HierarchicalTestExecutor.java:57)
	at org.junit.platform.engine.support.hierarchical.HierarchicalTestEngine.execute(HierarchicalTestEngine.java:54)
	at org.junit.platform.launcher.core.EngineExecutionOrchestrator.execute(EngineExecutionOrchestrator.java:198)
	at org.junit.platform.launcher.core.EngineExecutionOrchestrator.execute(EngineExecutionOrchestrator.java:169)
	at org.junit.platform.launcher.core.EngineExecutionOrchestrator.execute(EngineExecutionOrchestrator.java:93)
	at org.junit.platform.launcher.core.EngineExecutionOrchestrator.lambda$execute$0(EngineExecutionOrchestrator.java:58)
	at org.junit.platform.launcher.core.EngineExecutionOrchestrator.withInterceptedStreams(EngineExecutionOrchestrator.java:141)
	at org.junit.platform.launcher.core.EngineExecutionOrchestrator.execute(EngineExecutionOrchestrator.java:57)
	at org.junit.platform.launcher.core.DefaultLauncher.execute(DefaultLauncher.java:103)
	at org.junit.platform.launcher.core.DefaultLauncher.execute(DefaultLauncher.java:85)
	at org.junit.platform.launcher.core.DelegatingLauncher.execute(DelegatingLauncher.java:47)
	at org.apache.maven.surefire.junitplatform.LazyLauncher.execute(LazyLauncher.java:56)
	at org.apache.maven.surefire.junitplatform.JUnitPlatformProvider.execute(JUnitPlatformProvider.java:184)
	at org.apache.maven.surefire.junitplatform.JUnitPlatformProvider.invokeAllTests(JUnitPlatformProvider.java:148)
	at org.apache.maven.surefire.junitplatform.JUnitPlatformProvider.invoke(JUnitPlatformProvider.java:122)
	at org.apache.maven.surefire.booter.ForkedBooter.runSuitesInProcess(ForkedBooter.java:385)
	at org.apache.maven.surefire.booter.ForkedBooter.execute(ForkedBooter.java:162)
	at org.apache.maven.surefire.booter.ForkedBooter.run(ForkedBooter.java:507)
	at org.apache.maven.surefire.booter.ForkedBooter.main(ForkedBooter.java:495)
Caused by: java.lang.IllegalStateException: Error processing condition on org.springframework.boot.autoconfigure.mail.MailSenderAutoConfiguration
	at org.springframework.boot.autoconfigure.condition.SpringBootCondition.matches(SpringBootCondition.java:60)
	at org.springframework.context.annotation.ConditionEvaluator.shouldSkip(ConditionEvaluator.java:99)
	at org.springframework.context.annotation.ConfigurationClassParser.processConfigurationClass(ConfigurationClassParser.java:233)
	at org.springframework.context.annotation.ConfigurationClassParser.processImports(ConfigurationClassParser.java:603)
	... 98 common frames omitted
Caused by: org.springframework.util.PlaceholderResolutionException: Could not resolve placeholder 'SENDGRID_HOST' in value "${SENDGRID_HOST}"
	at org.springframework.util.PlaceholderResolutionException.withValue(PlaceholderResolutionException.java:81)
	at org.springframework.util.PlaceholderParser$ParsedValue.resolve(PlaceholderParser.java:416)
	at org.springframework.util.PlaceholderParser.replacePlaceholders(PlaceholderParser.java:128)
	at org.springframework.util.PropertyPlaceholderHelper.parseStringValue(PropertyPlaceholderHelper.java:118)
	at org.springframework.util.PropertyPlaceholderHelper.replacePlaceholders(PropertyPlaceholderHelper.java:114)
	at org.springframework.core.env.AbstractPropertyResolver.doResolvePlaceholders(AbstractPropertyResolver.java:255)
	at org.springframework.core.env.AbstractPropertyResolver.resolveRequiredPlaceholders(AbstractPropertyResolver.java:226)
	at org.springframework.core.env.AbstractPropertyResolver.resolveNestedPlaceholders(AbstractPropertyResolver.java:246)
	at org.springframework.boot.context.properties.source.ConfigurationPropertySourcesPropertyResolver.getProperty(ConfigurationPropertySourcesPropertyResolver.java:81)
	at org.springframework.boot.context.properties.source.ConfigurationPropertySourcesPropertyResolver.getProperty(ConfigurationPropertySourcesPropertyResolver.java:62)
	at org.springframework.core.env.AbstractEnvironment.getProperty(AbstractEnvironment.java:557)
	at org.springframework.boot.autoconfigure.condition.OnPropertyCondition$Spec.collectProperties(OnPropertyCondition.java:121)
	at org.springframework.boot.autoconfigure.condition.OnPropertyCondition.determineOutcome(OnPropertyCondition.java:71)
	at org.springframework.boot.autoconfigure.condition.OnPropertyCondition.getMatchOutcome(OnPropertyCondition.java:58)
	at org.springframework.boot.autoconfigure.condition.AbstractNestedCondition$MemberOutcomes.getConditionOutcome(AbstractNestedCondition.java:195)
	at org.springframework.boot.autoconfigure.condition.AbstractNestedCondition$MemberOutcomes.<init>(AbstractNestedCondition.java:189)
	at org.springframework.boot.autoconfigure.condition.AbstractNestedCondition$MemberConditions.lambda$getMatchOutcomes$0(AbstractNestedCondition.java:169)
	at java.base/java.util.LinkedHashMap.forEach(LinkedHashMap.java:986)
	at org.springframework.util.MultiValueMapAdapter.forEach(MultiValueMapAdapter.java:179)
	at java.base/java.util.Collections$UnmodifiableMap.forEach(Collections.java:1708)
	at org.springframework.boot.autoconfigure.condition.AbstractNestedCondition$MemberConditions.getMatchOutcomes(AbstractNestedCondition.java:169)
	at org.springframework.boot.autoconfigure.condition.AbstractNestedCondition$MemberMatchOutcomes.<init>(AbstractNestedCondition.java:78)
	at org.springframework.boot.autoconfigure.condition.AbstractNestedCondition.getMatchOutcome(AbstractNestedCondition.java:63)
	at org.springframework.boot.autoconfigure.condition.SpringBootCondition.matches(SpringBootCondition.java:47)
	... 101 common frames omitted
2025-11-25 21:07:11.820 DEBUG --- [           main] org.springframework.test.context.cache   : Spring test ApplicationContext cache statistics: [DefaultContextCache@e91b4f4 size = 0, maxSize = 32, parentContextCount = 0, hitCount = 0, missCount = 1, failureCount = 1]
2025-11-25 21:07:11.820  WARN --- [           main] o.s.test.context.TestContextManager      : Caught exception while allowing TestExecutionListener [org.springframework.test.context.web.ServletTestExecutionListener] to prepare test instance [com.fsocial.accountservice.AccountServiceApplicationTests@2ffe243f]
java.lang.IllegalStateException: Failed to load ApplicationContext for [WebMergedContextConfiguration@5a484ce1 testClass = com.fsocial.accountservice.AccountServiceApplicationTests, locations = [], classes = [com.fsocial.accountservice.AccountServiceApplication], contextInitializerClasses = [], activeProfiles = [], propertySourceDescriptors = [], propertySourceProperties = ["org.springframework.boot.test.context.SpringBootTestContextBootstrapper=true"], contextCustomizers = [org.springframework.boot.test.context.filter.ExcludeFilterContextCustomizer@7de62196, org.springframework.boot.test.json.DuplicateJsonObjectContextCustomizerFactory$DuplicateJsonObjectContextCustomizer@389b0789, org.springframework.boot.test.mock.mockito.MockitoContextCustomizer@0, org.springframework.boot.test.web.client.TestRestTemplateContextCustomizer@75c56eb9, org.springframework.boot.test.web.reactor.netty.DisableReactorResourceFactoryGlobalResourcesContextCustomizerFactory$DisableReactorResourceFactoryGlobalResourcesContextCustomizerCustomizer@7ba8c737, org.springframework.boot.test.autoconfigure.OnFailureConditionReportContextCustomizerFactory$OnFailureConditionReportContextCustomizer@16c069df, org.springframework.boot.test.autoconfigure.actuate.observability.ObservabilityContextCustomizerFactory$DisableObservabilityContextCustomizer@1f, org.springframework.boot.test.autoconfigure.properties.PropertyMappingContextCustomizer@0, org.springframework.boot.test.autoconfigure.web.servlet.WebDriverContextCustomizer@4e928fbf, org.springframework.test.context.support.DynamicPropertiesContextCustomizer@0, org.springframework.boot.test.context.SpringBootTestAnnotation@e81c68c4], resourceBasePath = "src/main/webapp", contextLoader = org.springframework.boot.test.context.SpringBootContextLoader, parent = null]
	at org.springframework.test.context.cache.DefaultCacheAwareContextLoaderDelegate.loadContext(DefaultCacheAwareContextLoaderDelegate.java:180)
	at org.springframework.test.context.support.DefaultTestContext.getApplicationContext(DefaultTestContext.java:130)
	at org.springframework.test.context.web.ServletTestExecutionListener.setUpRequestContextIfNecessary(ServletTestExecutionListener.java:191)
	at org.springframework.test.context.web.ServletTestExecutionListener.prepareTestInstance(ServletTestExecutionListener.java:130)
	at org.springframework.test.context.TestContextManager.prepareTestInstance(TestContextManager.java:260)
	at org.springframework.test.context.junit.jupiter.SpringExtension.postProcessTestInstance(SpringExtension.java:160)
	at org.junit.jupiter.engine.descriptor.ClassBasedTestDescriptor.lambda$invokeTestInstancePostProcessors$11(ClassBasedTestDescriptor.java:378)
	at org.junit.jupiter.engine.descriptor.ClassBasedTestDescriptor.executeAndMaskThrowable(ClassBasedTestDescriptor.java:383)
	at org.junit.jupiter.engine.descriptor.ClassBasedTestDescriptor.lambda$invokeTestInstancePostProcessors$12(ClassBasedTestDescriptor.java:378)
	at java.base/java.util.stream.ForEachOps$ForEachOp$OfRef.accept(ForEachOps.java:184)
	at java.base/java.util.stream.ReferencePipeline$3$1.accept(ReferencePipeline.java:212)
	at java.base/java.util.stream.ReferencePipeline$2$1.accept(ReferencePipeline.java:194)
	at java.base/java.util.stream.ReferencePipeline$3$1.accept(ReferencePipeline.java:212)
	at java.base/java.util.ArrayList$ArrayListSpliterator.forEachRemaining(ArrayList.java:1709)
	at java.base/java.util.stream.AbstractPipeline.copyInto(AbstractPipeline.java:556)
	at java.base/java.util.stream.AbstractPipeline.wrapAndCopyInto(AbstractPipeline.java:546)
	at java.base/java.util.stream.ForEachOps$ForEachOp.evaluateSequential(ForEachOps.java:151)
	at java.base/java.util.stream.ForEachOps$ForEachOp$OfRef.evaluateSequential(ForEachOps.java:174)
	at java.base/java.util.stream.AbstractPipeline.evaluate(AbstractPipeline.java:265)
	at java.base/java.util.stream.ReferencePipeline.forEach(ReferencePipeline.java:611)
	at org.junit.jupiter.engine.descriptor.ClassBasedTestDescriptor.invokeTestInstancePostProcessors(ClassBasedTestDescriptor.java:377)
	at org.junit.jupiter.engine.descriptor.ClassBasedTestDescriptor.lambda$instantiateAndPostProcessTestInstance$7(ClassBasedTestDescriptor.java:290)
	at org.junit.platform.engine.support.hierarchical.ThrowableCollector.execute(ThrowableCollector.java:73)
	at org.junit.jupiter.engine.descriptor.ClassBasedTestDescriptor.instantiateAndPostProcessTestInstance(ClassBasedTestDescriptor.java:289)
	at org.junit.jupiter.engine.descriptor.ClassBasedTestDescriptor.lambda$testInstancesProvider$5(ClassBasedTestDescriptor.java:279)
	at java.base/java.util.Optional.orElseGet(Optional.java:364)
	at org.junit.jupiter.engine.descriptor.ClassBasedTestDescriptor.lambda$testInstancesProvider$6(ClassBasedTestDescriptor.java:278)
	at org.junit.jupiter.engine.execution.TestInstancesProvider.getTestInstances(TestInstancesProvider.java:31)
	at org.junit.jupiter.engine.descriptor.TestMethodTestDescriptor.lambda$prepare$1(TestMethodTestDescriptor.java:105)
	at org.junit.platform.engine.support.hierarchical.ThrowableCollector.execute(ThrowableCollector.java:73)
	at org.junit.jupiter.engine.descriptor.TestMethodTestDescriptor.prepare(TestMethodTestDescriptor.java:104)
	at org.junit.jupiter.engine.descriptor.TestMethodTestDescriptor.prepare(TestMethodTestDescriptor.java:68)
	at org.junit.platform.engine.support.hierarchical.NodeTestTask.lambda$prepare$2(NodeTestTask.java:128)
	at org.junit.platform.engine.support.hierarchical.ThrowableCollector.execute(ThrowableCollector.java:73)
	at org.junit.platform.engine.support.hierarchical.NodeTestTask.prepare(NodeTestTask.java:128)
	at org.junit.platform.engine.support.hierarchical.NodeTestTask.execute(NodeTestTask.java:95)
	at java.base/java.util.ArrayList.forEach(ArrayList.java:1597)
	at org.junit.platform.engine.support.hierarchical.SameThreadHierarchicalTestExecutorService.invokeAll(SameThreadHierarchicalTestExecutorService.java:41)
	at org.junit.platform.engine.support.hierarchical.NodeTestTask.lambda$executeRecursively$6(NodeTestTask.java:160)
	at org.junit.platform.engine.support.hierarchical.ThrowableCollector.execute(ThrowableCollector.java:73)
	at org.junit.platform.engine.support.hierarchical.NodeTestTask.lambda$executeRecursively$8(NodeTestTask.java:146)
	at org.junit.platform.engine.support.hierarchical.Node.around(Node.java:137)
	at org.junit.platform.engine.support.hierarchical.NodeTestTask.lambda$executeRecursively$9(NodeTestTask.java:144)
	at org.junit.platform.engine.support.hierarchical.ThrowableCollector.execute(ThrowableCollector.java:73)
	at org.junit.platform.engine.support.hierarchical.NodeTestTask.executeRecursively(NodeTestTask.java:143)
	at org.junit.platform.engine.support.hierarchical.NodeTestTask.execute(NodeTestTask.java:100)
	at java.base/java.util.ArrayList.forEach(ArrayList.java:1597)
	at org.junit.platform.engine.support.hierarchical.SameThreadHierarchicalTestExecutorService.invokeAll(SameThreadHierarchicalTestExecutorService.java:41)
	at org.junit.platform.engine.support.hierarchical.NodeTestTask.lambda$executeRecursively$6(NodeTestTask.java:160)
	at org.junit.platform.engine.support.hierarchical.ThrowableCollector.execute(ThrowableCollector.java:73)
	at org.junit.platform.engine.support.hierarchical.NodeTestTask.lambda$executeRecursively$8(NodeTestTask.java:146)
	at org.junit.platform.engine.support.hierarchical.Node.around(Node.java:137)
	at org.junit.platform.engine.support.hierarchical.NodeTestTask.lambda$executeRecursively$9(NodeTestTask.java:144)
	at org.junit.platform.engine.support.hierarchical.ThrowableCollector.execute(ThrowableCollector.java:73)
	at org.junit.platform.engine.support.hierarchical.NodeTestTask.executeRecursively(NodeTestTask.java:143)
	at org.junit.platform.engine.support.hierarchical.NodeTestTask.execute(NodeTestTask.java:100)
	at org.junit.platform.engine.support.hierarchical.SameThreadHierarchicalTestExecutorService.submit(SameThreadHierarchicalTestExecutorService.java:35)
	at org.junit.platform.engine.support.hierarchical.HierarchicalTestExecutor.execute(HierarchicalTestExecutor.java:57)
	at org.junit.platform.engine.support.hierarchical.HierarchicalTestEngine.execute(HierarchicalTestEngine.java:54)
	at org.junit.platform.launcher.core.EngineExecutionOrchestrator.execute(EngineExecutionOrchestrator.java:198)
	at org.junit.platform.launcher.core.EngineExecutionOrchestrator.execute(EngineExecutionOrchestrator.java:169)
	at org.junit.platform.launcher.core.EngineExecutionOrchestrator.execute(EngineExecutionOrchestrator.java:93)
	at org.junit.platform.launcher.core.EngineExecutionOrchestrator.lambda$execute$0(EngineExecutionOrchestrator.java:58)
	at org.junit.platform.launcher.core.EngineExecutionOrchestrator.withInterceptedStreams(EngineExecutionOrchestrator.java:141)
	at org.junit.platform.launcher.core.EngineExecutionOrchestrator.execute(EngineExecutionOrchestrator.java:57)
	at org.junit.platform.launcher.core.DefaultLauncher.execute(DefaultLauncher.java:103)
	at org.junit.platform.launcher.core.DefaultLauncher.execute(DefaultLauncher.java:85)
	at org.junit.platform.launcher.core.DelegatingLauncher.execute(DelegatingLauncher.java:47)
	at org.apache.maven.surefire.junitplatform.LazyLauncher.execute(LazyLauncher.java:56)
	at org.apache.maven.surefire.junitplatform.JUnitPlatformProvider.execute(JUnitPlatformProvider.java:184)
	at org.apache.maven.surefire.junitplatform.JUnitPlatformProvider.invokeAllTests(JUnitPlatformProvider.java:148)
	at org.apache.maven.surefire.junitplatform.JUnitPlatformProvider.invoke(JUnitPlatformProvider.java:122)
	at org.apache.maven.surefire.booter.ForkedBooter.runSuitesInProcess(ForkedBooter.java:385)
	at org.apache.maven.surefire.booter.ForkedBooter.execute(ForkedBooter.java:162)
	at org.apache.maven.surefire.booter.ForkedBooter.run(ForkedBooter.java:507)
	at org.apache.maven.surefire.booter.ForkedBooter.main(ForkedBooter.java:495)
Caused by: org.springframework.beans.factory.BeanDefinitionStoreException: Failed to process import candidates for configuration class [com.fsocial.accountservice.AccountServiceApplication]: Error processing condition on org.springframework.boot.autoconfigure.mail.MailSenderAutoConfiguration
	at org.springframework.context.annotation.ConfigurationClassParser.processImports(ConfigurationClassParser.java:613)
	at org.springframework.context.annotation.ConfigurationClassParser$DeferredImportSelectorGroupingHandler.lambda$processGroupImports$1(ConfigurationClassParser.java:836)
	at java.base/java.lang.Iterable.forEach(Iterable.java:75)
	at org.springframework.context.annotation.ConfigurationClassParser$DeferredImportSelectorGroupingHandler.processGroupImports(ConfigurationClassParser.java:833)
	at org.springframework.context.annotation.ConfigurationClassParser$DeferredImportSelectorHandler.process(ConfigurationClassParser.java:803)
	at org.springframework.context.annotation.ConfigurationClassParser.parse(ConfigurationClassParser.java:189)
	at org.springframework.context.annotation.ConfigurationClassPostProcessor.processConfigBeanDefinitions(ConfigurationClassPostProcessor.java:418)
	at org.springframework.context.annotation.ConfigurationClassPostProcessor.postProcessBeanDefinitionRegistry(ConfigurationClassPostProcessor.java:290)
	at org.springframework.context.support.PostProcessorRegistrationDelegate.invokeBeanDefinitionRegistryPostProcessors(PostProcessorRegistrationDelegate.java:349)
	at org.springframework.context.support.PostProcessorRegistrationDelegate.invokeBeanFactoryPostProcessors(PostProcessorRegistrationDelegate.java:118)
	at org.springframework.context.support.AbstractApplicationContext.invokeBeanFactoryPostProcessors(AbstractApplicationContext.java:791)
	at org.springframework.context.support.AbstractApplicationContext.refresh(AbstractApplicationContext.java:609)
	at org.springframework.boot.SpringApplication.refresh(SpringApplication.java:752)
	at org.springframework.boot.SpringApplication.refreshContext(SpringApplication.java:439)
	at org.springframework.boot.SpringApplication.run(SpringApplication.java:318)
	at org.springframework.boot.test.context.SpringBootContextLoader.lambda$loadContext$3(SpringBootContextLoader.java:137)
	at org.springframework.util.function.ThrowingSupplier.get(ThrowingSupplier.java:58)
	at org.springframework.util.function.ThrowingSupplier.get(ThrowingSupplier.java:46)
	at org.springframework.boot.SpringApplication.withHook(SpringApplication.java:1461)
	at org.springframework.boot.test.context.SpringBootContextLoader$ContextLoaderHook.run(SpringBootContextLoader.java:553)
	at org.springframework.boot.test.context.SpringBootContextLoader.loadContext(SpringBootContextLoader.java:137)
	at org.springframework.boot.test.context.SpringBootContextLoader.loadContext(SpringBootContextLoader.java:108)
	at org.springframework.test.context.cache.DefaultCacheAwareContextLoaderDelegate.loadContextInternal(DefaultCacheAwareContextLoaderDelegate.java:225)
	at org.springframework.test.context.cache.DefaultCacheAwareContextLoaderDelegate.loadContext(DefaultCacheAwareContextLoaderDelegate.java:152)
	... 75 common frames omitted
Caused by: java.lang.IllegalStateException: Error processing condition on org.springframework.boot.autoconfigure.mail.MailSenderAutoConfiguration
	at org.springframework.boot.autoconfigure.condition.SpringBootCondition.matches(SpringBootCondition.java:60)
	at org.springframework.context.annotation.ConditionEvaluator.shouldSkip(ConditionEvaluator.java:99)
	at org.springframework.context.annotation.ConfigurationClassParser.processConfigurationClass(ConfigurationClassParser.java:233)
	at org.springframework.context.annotation.ConfigurationClassParser.processImports(ConfigurationClassParser.java:603)
	... 98 common frames omitted
Caused by: org.springframework.util.PlaceholderResolutionException: Could not resolve placeholder 'SENDGRID_HOST' in value "${SENDGRID_HOST}"
	at org.springframework.util.PlaceholderResolutionException.withValue(PlaceholderResolutionException.java:81)
	at org.springframework.util.PlaceholderParser$ParsedValue.resolve(PlaceholderParser.java:416)
	at org.springframework.util.PlaceholderParser.replacePlaceholders(PlaceholderParser.java:128)
	at org.springframework.util.PropertyPlaceholderHelper.parseStringValue(PropertyPlaceholderHelper.java:118)
	at org.springframework.util.PropertyPlaceholderHelper.replacePlaceholders(PropertyPlaceholderHelper.java:114)
	at org.springframework.core.env.AbstractPropertyResolver.doResolvePlaceholders(AbstractPropertyResolver.java:255)
	at org.springframework.core.env.AbstractPropertyResolver.resolveRequiredPlaceholders(AbstractPropertyResolver.java:226)
	at org.springframework.core.env.AbstractPropertyResolver.resolveNestedPlaceholders(AbstractPropertyResolver.java:246)
	at org.springframework.boot.context.properties.source.ConfigurationPropertySourcesPropertyResolver.getProperty(ConfigurationPropertySourcesPropertyResolver.java:81)
	at org.springframework.boot.context.properties.source.ConfigurationPropertySourcesPropertyResolver.getProperty(ConfigurationPropertySourcesPropertyResolver.java:62)
	at org.springframework.core.env.AbstractEnvironment.getProperty(AbstractEnvironment.java:557)
	at org.springframework.boot.autoconfigure.condition.OnPropertyCondition$Spec.collectProperties(OnPropertyCondition.java:121)
	at org.springframework.boot.autoconfigure.condition.OnPropertyCondition.determineOutcome(OnPropertyCondition.java:71)
	at org.springframework.boot.autoconfigure.condition.OnPropertyCondition.getMatchOutcome(OnPropertyCondition.java:58)
	at org.springframework.boot.autoconfigure.condition.AbstractNestedCondition$MemberOutcomes.getConditionOutcome(AbstractNestedCondition.java:195)
	at org.springframework.boot.autoconfigure.condition.AbstractNestedCondition$MemberOutcomes.<init>(AbstractNestedCondition.java:189)
	at org.springframework.boot.autoconfigure.condition.AbstractNestedCondition$MemberConditions.lambda$getMatchOutcomes$0(AbstractNestedCondition.java:169)
	at java.base/java.util.LinkedHashMap.forEach(LinkedHashMap.java:986)
	at org.springframework.util.MultiValueMapAdapter.forEach(MultiValueMapAdapter.java:179)
	at java.base/java.util.Collections$UnmodifiableMap.forEach(Collections.java:1708)
	at org.springframework.boot.autoconfigure.condition.AbstractNestedCondition$MemberConditions.getMatchOutcomes(AbstractNestedCondition.java:169)
	at org.springframework.boot.autoconfigure.condition.AbstractNestedCondition$MemberMatchOutcomes.<init>(AbstractNestedCondition.java:78)
	at org.springframework.boot.autoconfigure.condition.AbstractNestedCondition.getMatchOutcome(AbstractNestedCondition.java:63)
	at org.springframework.boot.autoconfigure.condition.SpringBootCondition.matches(SpringBootCondition.java:47)
	... 101 common frames omitted
2025-11-25 21:07:11.840 DEBUG --- [           main] .c.s.DirtiesContextTestExecutionListener : After test class: class [AccountServiceApplicationTests], class annotated with @DirtiesContext [false] with mode [null]
2025-11-25 21:08:19.232 DEBUG --- [kground-preinit] org.jboss.logging                        : Logging Provider: org.jboss.logging.Slf4jLoggerProvider found via system property
2025-11-25 21:08:19.341  INFO --- [           main] c.f.a.AccountServiceApplicationTests     : Starting AccountServiceApplicationTests using Java 22.0.2 with PID 22248 (started by acer in C:\Users\acer\OneDrive\Workspace\Fsocial\Fsocial_be\accountService)
2025-11-25 21:08:19.342 DEBUG --- [           main] c.f.a.AccountServiceApplicationTests     : Running with Spring Boot v3.4.1, Spring v6.2.1
2025-11-25 21:08:19.342  INFO --- [           main] c.f.a.AccountServiceApplicationTests     : The following 1 profile is active: "dev"
2025-11-25 21:08:19.343 DEBUG --- [           main] o.s.boot.SpringApplication               : Loading source class com.fsocial.accountservice.AccountServiceApplication
2025-11-25 21:08:19.400 DEBUG --- [           main] o.s.w.c.s.GenericWebApplicationContext   : Refreshing org.springframework.web.context.support.GenericWebApplicationContext@629adce
2025-11-25 21:08:19.423 DEBUG --- [           main] o.s.b.f.s.DefaultListableBeanFactory     : Creating shared instance of singleton bean 'org.springframework.context.annotation.internalConfigurationAnnotationProcessor'
2025-11-25 21:08:19.448 DEBUG --- [           main] o.s.b.f.s.DefaultListableBeanFactory     : Creating shared instance of singleton bean 'org.springframework.boot.autoconfigure.internalCachingMetadataReaderFactory'
2025-11-25 21:08:19.535 DEBUG --- [           main] o.s.c.a.ClassPathBeanDefinitionScanner   : Identified candidate component class: file [C:\Users\acer\OneDrive\Workspace\Fsocial\Fsocial_be\accountService\target\classes\com\fsocial\accountservice\config\AppConfig.class]
2025-11-25 21:08:19.536 DEBUG --- [           main] o.s.c.a.ClassPathBeanDefinitionScanner   : Identified candidate component class: file [C:\Users\acer\OneDrive\Workspace\Fsocial\Fsocial_be\accountService\target\classes\com\fsocial\accountservice\config\AuditingConfig.class]
2025-11-25 21:08:19.537 DEBUG --- [           main] o.s.c.a.ClassPathBeanDefinitionScanner   : Identified candidate component class: file [C:\Users\acer\OneDrive\Workspace\Fsocial\Fsocial_be\accountService\target\classes\com\fsocial\accountservice\config\CorsConfig.class]
2025-11-25 21:08:19.538 DEBUG --- [           main] o.s.c.a.ClassPathBeanDefinitionScanner   : Identified candidate component class: file [C:\Users\acer\OneDrive\Workspace\Fsocial\Fsocial_be\accountService\target\classes\com\fsocial\accountservice\config\CustomJwtDecode.class]
2025-11-25 21:08:19.539 DEBUG --- [           main] o.s.c.a.ClassPathBeanDefinitionScanner   : Identified candidate component class: file [C:\Users\acer\OneDrive\Workspace\Fsocial\Fsocial_be\accountService\target\classes\com\fsocial\accountservice\config\JacksonConfig.class]
2025-11-25 21:08:19.542 DEBUG --- [           main] o.s.c.a.ClassPathBeanDefinitionScanner   : Identified candidate component class: file [C:\Users\acer\OneDrive\Workspace\Fsocial\Fsocial_be\accountService\target\classes\com\fsocial\accountservice\config\JwtConfig.class]
2025-11-25 21:08:19.543 DEBUG --- [           main] o.s.c.a.ClassPathBeanDefinitionScanner   : Identified candidate component class: file [C:\Users\acer\OneDrive\Workspace\Fsocial\Fsocial_be\accountService\target\classes\com\fsocial\accountservice\config\OAuth2LoginSuccessHandler.class]
2025-11-25 21:08:19.543 DEBUG --- [           main] o.s.c.a.ClassPathBeanDefinitionScanner   : Identified candidate component class: file [C:\Users\acer\OneDrive\Workspace\Fsocial\Fsocial_be\accountService\target\classes\com\fsocial\accountservice\config\OpenAPIConfig.class]
2025-11-25 21:08:19.544 DEBUG --- [           main] o.s.c.a.ClassPathBeanDefinitionScanner   : Identified candidate component class: file [C:\Users\acer\OneDrive\Workspace\Fsocial\Fsocial_be\accountService\target\classes\com\fsocial\accountservice\config\RedisConfig.class]
2025-11-25 21:08:19.565 DEBUG --- [           main] o.s.c.a.ClassPathBeanDefinitionScanner   : Identified candidate component class: file [C:\Users\acer\OneDrive\Workspace\Fsocial\Fsocial_be\accountService\target\classes\com\fsocial\accountservice\controller\AccountController.class]
2025-11-25 21:08:19.566 DEBUG --- [           main] o.s.c.a.ClassPathBeanDefinitionScanner   : Identified candidate component class: file [C:\Users\acer\OneDrive\Workspace\Fsocial\Fsocial_be\accountService\target\classes\com\fsocial\accountservice\controller\AuthenticateController.class]
2025-11-25 21:08:19.566 DEBUG --- [           main] o.s.c.a.ClassPathBeanDefinitionScanner   : Identified candidate component class: file [C:\Users\acer\OneDrive\Workspace\Fsocial\Fsocial_be\accountService\target\classes\com\fsocial\accountservice\controller\CheckConnection.class]
2025-11-25 21:08:19.568 DEBUG --- [           main] o.s.c.a.ClassPathBeanDefinitionScanner   : Identified candidate component class: file [C:\Users\acer\OneDrive\Workspace\Fsocial\Fsocial_be\accountService\target\classes\com\fsocial\accountservice\controller\GoogleAuthen.class]
2025-11-25 21:08:19.568 DEBUG --- [           main] o.s.c.a.ClassPathBeanDefinitionScanner   : Identified candidate component class: file [C:\Users\acer\OneDrive\Workspace\Fsocial\Fsocial_be\accountService\target\classes\com\fsocial\accountservice\controller\InternalController.class]
2025-11-25 21:08:19.569 DEBUG --- [           main] o.s.c.a.ClassPathBeanDefinitionScanner   : Identified candidate component class: file [C:\Users\acer\OneDrive\Workspace\Fsocial\Fsocial_be\accountService\target\classes\com\fsocial\accountservice\controller\OAuth2AuthenticationSuccessHandler.class]
2025-11-25 21:08:19.571 DEBUG --- [           main] o.s.c.a.ClassPathBeanDefinitionScanner   : Identified candidate component class: file [C:\Users\acer\OneDrive\Workspace\Fsocial\Fsocial_be\accountService\target\classes\com\fsocial\accountservice\controller\PermissionController.class]
2025-11-25 21:08:19.573 DEBUG --- [           main] o.s.c.a.ClassPathBeanDefinitionScanner   : Identified candidate component class: file [C:\Users\acer\OneDrive\Workspace\Fsocial\Fsocial_be\accountService\target\classes\com\fsocial\accountservice\controller\RoleController.class]
2025-11-25 21:08:19.615 DEBUG --- [           main] o.s.c.a.ClassPathBeanDefinitionScanner   : Identified candidate component class: file [C:\Users\acer\OneDrive\Workspace\Fsocial\Fsocial_be\accountService\target\classes\com\fsocial\accountservice\exception\GlobalExceptionHandler.class]
2025-11-25 21:08:19.616 DEBUG --- [           main] o.s.c.a.ClassPathBeanDefinitionScanner   : Identified candidate component class: file [C:\Users\acer\OneDrive\Workspace\Fsocial\Fsocial_be\accountService\target\classes\com\fsocial\accountservice\mapper\AccountMapperImpl.class]
2025-11-25 21:08:19.617 DEBUG --- [           main] o.s.c.a.ClassPathBeanDefinitionScanner   : Identified candidate component class: file [C:\Users\acer\OneDrive\Workspace\Fsocial\Fsocial_be\accountService\target\classes\com\fsocial\accountservice\mapper\PermissionMapperImpl.class]
2025-11-25 21:08:19.618 DEBUG --- [           main] o.s.c.a.ClassPathBeanDefinitionScanner   : Identified candidate component class: file [C:\Users\acer\OneDrive\Workspace\Fsocial\Fsocial_be\accountService\target\classes\com\fsocial\accountservice\mapper\ProfileMapperImpl.class]
2025-11-25 21:08:19.619 DEBUG --- [           main] o.s.c.a.ClassPathBeanDefinitionScanner   : Identified candidate component class: file [C:\Users\acer\OneDrive\Workspace\Fsocial\Fsocial_be\accountService\target\classes\com\fsocial\accountservice\mapper\RoleMapperImpl.class]
2025-11-25 21:08:19.622 DEBUG --- [           main] o.s.c.a.ClassPathBeanDefinitionScanner   : Ignored because not a concrete top-level class: file [C:\Users\acer\OneDrive\Workspace\Fsocial\Fsocial_be\accountService\target\classes\com\fsocial\accountservice\repository\AccountRepository.class]
2025-11-25 21:08:19.624 DEBUG --- [           main] o.s.c.a.ClassPathBeanDefinitionScanner   : Ignored because not a concrete top-level class: file [C:\Users\acer\OneDrive\Workspace\Fsocial\Fsocial_be\accountService\target\classes\com\fsocial\accountservice\repository\PermissionRepository.class]
2025-11-25 21:08:19.625 DEBUG --- [           main] o.s.c.a.ClassPathBeanDefinitionScanner   : Ignored because not a concrete top-level class: file [C:\Users\acer\OneDrive\Workspace\Fsocial\Fsocial_be\accountService\target\classes\com\fsocial\accountservice\repository\RefreshTokenRepository.class]
2025-11-25 21:08:19.625 DEBUG --- [           main] o.s.c.a.ClassPathBeanDefinitionScanner   : Ignored because not a concrete top-level class: file [C:\Users\acer\OneDrive\Workspace\Fsocial\Fsocial_be\accountService\target\classes\com\fsocial\accountservice\repository\RoleRepository.class]
2025-11-25 21:08:19.626 DEBUG --- [           main] o.s.c.a.ClassPathBeanDefinitionScanner   : Ignored because not a concrete top-level class: file [C:\Users\acer\OneDrive\Workspace\Fsocial\Fsocial_be\accountService\target\classes\com\fsocial\accountservice\repository\TokenRepository.class]
2025-11-25 21:08:19.629 DEBUG --- [           main] o.s.c.a.ClassPathBeanDefinitionScanner   : Identified candidate component class: file [C:\Users\acer\OneDrive\Workspace\Fsocial\Fsocial_be\accountService\target\classes\com\fsocial\accountservice\services\impl\AccountServiceImpl.class]
2025-11-25 21:08:19.631 DEBUG --- [           main] o.s.c.a.ClassPathBeanDefinitionScanner   : Identified candidate component class: file [C:\Users\acer\OneDrive\Workspace\Fsocial\Fsocial_be\accountService\target\classes\com\fsocial\accountservice\services\impl\AuthenticationServiceImpl.class]
2025-11-25 21:08:19.631 DEBUG --- [           main] o.s.c.a.ClassPathBeanDefinitionScanner   : Identified candidate component class: file [C:\Users\acer\OneDrive\Workspace\Fsocial\Fsocial_be\accountService\target\classes\com\fsocial\accountservice\services\impl\BanServiceImpl.class]
2025-11-25 21:08:19.632 DEBUG --- [           main] o.s.c.a.ClassPathBeanDefinitionScanner   : Identified candidate component class: file [C:\Users\acer\OneDrive\Workspace\Fsocial\Fsocial_be\accountService\target\classes\com\fsocial\accountservice\services\impl\JwtServiceImpl.class]
2025-11-25 21:08:19.632 DEBUG --- [           main] o.s.c.a.ClassPathBeanDefinitionScanner   : Identified candidate component class: file [C:\Users\acer\OneDrive\Workspace\Fsocial\Fsocial_be\accountService\target\classes\com\fsocial\accountservice\services\impl\OtpServiceImpl.class]
2025-11-25 21:08:19.633 DEBUG --- [           main] o.s.c.a.ClassPathBeanDefinitionScanner   : Identified candidate component class: file [C:\Users\acer\OneDrive\Workspace\Fsocial\Fsocial_be\accountService\target\classes\com\fsocial\accountservice\services\impl\PermissionServiceImpl.class]
2025-11-25 21:08:19.633 DEBUG --- [           main] o.s.c.a.ClassPathBeanDefinitionScanner   : Identified candidate component class: file [C:\Users\acer\OneDrive\Workspace\Fsocial\Fsocial_be\accountService\target\classes\com\fsocial\accountservice\services\impl\RefreshTokenServiceImpl.class]
2025-11-25 21:08:19.633 DEBUG --- [           main] o.s.c.a.ClassPathBeanDefinitionScanner   : Identified candidate component class: file [C:\Users\acer\OneDrive\Workspace\Fsocial\Fsocial_be\accountService\target\classes\com\fsocial\accountservice\services\impl\RoleServiceImpl.class]
2025-11-25 21:08:19.634 DEBUG --- [           main] o.s.c.a.ClassPathBeanDefinitionScanner   : Identified candidate component class: file [C:\Users\acer\OneDrive\Workspace\Fsocial\Fsocial_be\accountService\target\classes\com\fsocial\accountservice\util\MailUtils.class]
2025-11-25 21:08:20.126  WARN --- [           main] o.s.w.c.s.GenericWebApplicationContext   : Exception encountered during context initialization - cancelling refresh attempt: org.springframework.beans.factory.BeanDefinitionStoreException: Failed to process import candidates for configuration class [com.fsocial.accountservice.AccountServiceApplication]: Error processing condition on org.springframework.boot.autoconfigure.mail.MailSenderAutoConfiguration
2025-11-25 21:08:20.132 DEBUG --- [           main] o.s.boot.devtools.restart.Restarter      : Creating new Restarter for thread Thread[#1,main,5,main]
2025-11-25 21:08:20.148 DEBUG --- [           main] .s.b.a.l.ConditionEvaluationReportLogger : 


============================
CONDITIONS EVALUATION REPORT
============================


Positive matches:
-----------------

   AopAutoConfiguration matched:
      - @ConditionalOnProperty (spring.aop.auto=true) matched (OnPropertyCondition)

   AopAutoConfiguration.AspectJAutoProxyingConfiguration matched:
      - @ConditionalOnClass found required class 'org.aspectj.weaver.Advice' (OnClassCondition)

   AopAutoConfiguration.AspectJAutoProxyingConfiguration.CglibAutoProxyConfiguration matched:
      - @ConditionalOnProperty (spring.aop.proxy-target-class=true) matched (OnPropertyCondition)

   CacheAutoConfiguration matched:
      - @ConditionalOnClass found required class 'org.springframework.cache.CacheManager' (OnClassCondition)

   CacheAutoConfiguration.CacheManagerEntityManagerFactoryDependsOnPostProcessor matched:
      - @ConditionalOnClass found required class 'org.springframework.orm.jpa.LocalContainerEntityManagerFactoryBean' (OnClassCondition)

   DataSourceAutoConfiguration matched:
      - @ConditionalOnClass found required classes 'javax.sql.DataSource', 'org.springframework.jdbc.datasource.embedded.EmbeddedDatabaseType' (OnClassCondition)

   DataSourceAutoConfiguration.PooledDataSourceConfiguration matched:
      - AnyNestedCondition 1 matched 1 did not; NestedCondition on DataSourceAutoConfiguration.PooledDataSourceCondition.PooledDataSourceAvailable PooledDataSource found supported DataSource; NestedCondition on DataSourceAutoConfiguration.PooledDataSourceCondition.ExplicitType @ConditionalOnProperty (spring.datasource.type) did not find property 'type' (DataSourceAutoConfiguration.PooledDataSourceCondition)

   DataSourceConfiguration.Hikari matched:
      - @ConditionalOnClass found required class 'com.zaxxer.hikari.HikariDataSource' (OnClassCondition)
      - @ConditionalOnProperty (spring.datasource.type=com.zaxxer.hikari.HikariDataSource) matched (OnPropertyCondition)

   DataSourcePoolMetadataProvidersConfiguration.HikariPoolDataSourceMetadataProviderConfiguration matched:
      - @ConditionalOnClass found required class 'com.zaxxer.hikari.HikariDataSource' (OnClassCondition)

   DispatcherServletAutoConfiguration matched:
      - @ConditionalOnClass found required class 'org.springframework.web.servlet.DispatcherServlet' (OnClassCondition)
      - found 'session' scope (OnWebApplicationCondition)

   DispatcherServletAutoConfiguration.DispatcherServletConfiguration matched:
      - @ConditionalOnClass found required class 'jakarta.servlet.ServletRegistration' (OnClassCondition)
      - Default DispatcherServlet did not find dispatcher servlet beans (DispatcherServletAutoConfiguration.DefaultDispatcherServletCondition)

   DispatcherServletAutoConfiguration.DispatcherServletRegistrationConfiguration matched:
      - @ConditionalOnClass found required class 'jakarta.servlet.ServletRegistration' (OnClassCondition)
      - DispatcherServlet Registration did not find servlet registration bean (DispatcherServletAutoConfiguration.DispatcherServletRegistrationCondition)

   ErrorMvcAutoConfiguration matched:
      - @ConditionalOnClass found required classes 'jakarta.servlet.Servlet', 'org.springframework.web.servlet.DispatcherServlet' (OnClassCondition)
      - found 'session' scope (OnWebApplicationCondition)

   ErrorMvcAutoConfiguration.WhitelabelErrorViewConfiguration matched:
      - @ConditionalOnProperty (server.error.whitelabel.enabled) matched (OnPropertyCondition)
      - ErrorTemplate Missing did not find error template view (ErrorMvcAutoConfiguration.ErrorTemplateMissingCondition)

   GenericCacheConfiguration matched:
      - Cache org.springframework.boot.autoconfigure.cache.GenericCacheConfiguration automatic cache type (CacheCondition)

   HibernateJpaAutoConfiguration matched:
      - @ConditionalOnClass found required classes 'org.springframework.orm.jpa.LocalContainerEntityManagerFactoryBean', 'jakarta.persistence.EntityManager', 'org.hibernate.engine.spi.SessionImplementor' (OnClassCondition)

   HttpClientAutoConfiguration matched:
      - @ConditionalOnClass found required class 'org.springframework.http.client.ClientHttpRequestFactory' (OnClassCondition)
      - NoneNestedConditions 0 matched 1 did not; NestedCondition on NotReactiveWebApplicationCondition.ReactiveWebApplication did not find reactive web application classes (NotReactiveWebApplicationCondition)

   HttpMessageConvertersAutoConfiguration matched:
      - @ConditionalOnClass found required class 'org.springframework.http.converter.HttpMessageConverter' (OnClassCondition)
      - NoneNestedConditions 0 matched 1 did not; NestedCondition on HttpMessageConvertersAutoConfiguration.NotReactiveWebApplicationCondition.ReactiveWebApplication did not find reactive web application classes (HttpMessageConvertersAutoConfiguration.NotReactiveWebApplicationCondition)

   HttpMessageConvertersAutoConfiguration.StringHttpMessageConverterConfiguration matched:
      - @ConditionalOnClass found required class 'org.springframework.http.converter.StringHttpMessageConverter' (OnClassCondition)

   JacksonAutoConfiguration matched:
      - @ConditionalOnClass found required class 'com.fasterxml.jackson.databind.ObjectMapper' (OnClassCondition)

   JacksonAutoConfiguration.Jackson2ObjectMapperBuilderCustomizerConfiguration matched:
      - @ConditionalOnClass found required class 'org.springframework.http.converter.json.Jackson2ObjectMapperBuilder' (OnClassCondition)

   JacksonAutoConfiguration.JacksonObjectMapperBuilderConfiguration matched:
      - @ConditionalOnClass found required class 'org.springframework.http.converter.json.Jackson2ObjectMapperBuilder' (OnClassCondition)

   JacksonAutoConfiguration.JacksonObjectMapperConfiguration matched:
      - @ConditionalOnClass found required class 'org.springframework.http.converter.json.Jackson2ObjectMapperBuilder' (OnClassCondition)

   JacksonAutoConfiguration.ParameterNamesModuleConfiguration matched:
      - @ConditionalOnClass found required class 'com.fasterxml.jackson.module.paramnames.ParameterNamesModule' (OnClassCondition)

   JacksonHttpMessageConvertersConfiguration.MappingJackson2HttpMessageConverterConfiguration matched:
      - @ConditionalOnClass found required class 'com.fasterxml.jackson.databind.ObjectMapper' (OnClassCondition)
      - @ConditionalOnProperty (spring.mvc.converters.preferred-json-mapper=jackson) matched (OnPropertyCondition)

   JdbcTemplateAutoConfiguration matched:
      - @ConditionalOnClass found required classes 'javax.sql.DataSource', 'org.springframework.jdbc.core.JdbcTemplate' (OnClassCondition)

   JpaBaseConfiguration.JpaWebConfiguration matched:
      - @ConditionalOnClass found required class 'org.springframework.web.servlet.config.annotation.WebMvcConfigurer' (OnClassCondition)
      - found 'session' scope (OnWebApplicationCondition)
      - @ConditionalOnProperty (spring.jpa.open-in-view=true) matched (OnPropertyCondition)

   JpaRepositoriesAutoConfiguration matched:
      - @ConditionalOnClass found required class 'org.springframework.data.jpa.repository.JpaRepository' (OnClassCondition)
      - @ConditionalOnProperty (spring.data.jpa.repositories.enabled=true) matched (OnPropertyCondition)

   JtaAutoConfiguration matched:
      - @ConditionalOnClass found required class 'jakarta.transaction.Transaction' (OnClassCondition)
      - @ConditionalOnProperty (spring.jta.enabled) matched (OnPropertyCondition)

   LettuceConnectionConfiguration matched:
      - @ConditionalOnClass found required class 'io.lettuce.core.RedisClient' (OnClassCondition)
      - @ConditionalOnProperty (spring.data.redis.client-type=lettuce) matched (OnPropertyCondition)

   MailSenderAutoConfiguration matched:
      - @ConditionalOnClass found required classes 'jakarta.mail.internet.MimeMessage', 'jakarta.activation.MimeType', 'org.springframework.mail.MailSender' (OnClassCondition)

   MultipleOpenApiSupportConfiguration matched:
      - found 'session' scope (OnWebApplicationCondition)
      - @ConditionalOnProperty (springdoc.api-docs.enabled) matched (OnPropertyCondition)

   NoOpCacheConfiguration matched:
      - Cache org.springframework.boot.autoconfigure.cache.NoOpCacheConfiguration automatic cache type (CacheCondition)

   PersistenceExceptionTranslationAutoConfiguration matched:
      - @ConditionalOnClass found required class 'org.springframework.dao.annotation.PersistenceExceptionTranslationPostProcessor' (OnClassCondition)

   RedisAutoConfiguration matched:
      - @ConditionalOnClass found required class 'org.springframework.data.redis.core.RedisOperations' (OnClassCondition)

   RedisCacheConfiguration matched:
      - @ConditionalOnClass found required class 'org.springframework.data.redis.connection.RedisConnectionFactory' (OnClassCondition)
      - Cache org.springframework.boot.autoconfigure.cache.RedisCacheConfiguration automatic cache type (CacheCondition)

   RedisReactiveAutoConfiguration matched:
      - @ConditionalOnClass found required classes 'org.springframework.data.redis.connection.ReactiveRedisConnectionFactory', 'org.springframework.data.redis.core.ReactiveRedisTemplate', 'reactor.core.publisher.Flux' (OnClassCondition)

   RedisRepositoriesAutoConfiguration matched:
      - @ConditionalOnClass found required class 'org.springframework.data.redis.repository.configuration.EnableRedisRepositories' (OnClassCondition)
      - @ConditionalOnProperty (spring.data.redis.repositories.enabled=true) matched (OnPropertyCondition)

   RefreshAutoConfiguration matched:
      - @ConditionalOnClass found required class 'org.springframework.cloud.context.scope.refresh.RefreshScope' (OnClassCondition)
      - @ConditionalOnProperty (spring.cloud.refresh.enabled) matched (OnPropertyCondition)

   ServletWebServerFactoryAutoConfiguration matched:
      - @ConditionalOnClass found required class 'jakarta.servlet.ServletRequest' (OnClassCondition)
      - found 'session' scope (OnWebApplicationCondition)

   ServletWebServerFactoryConfiguration.EmbeddedTomcat matched:
      - @ConditionalOnClass found required classes 'jakarta.servlet.Servlet', 'org.apache.catalina.startup.Tomcat', 'org.apache.coyote.UpgradeProtocol' (OnClassCondition)

   SimpleCacheConfiguration matched:
      - Cache org.springframework.boot.autoconfigure.cache.SimpleCacheConfiguration automatic cache type (CacheCondition)

   SpringDataWebAutoConfiguration matched:
      - @ConditionalOnClass found required classes 'org.springframework.data.web.PageableHandlerMethodArgumentResolver', 'org.springframework.web.servlet.config.annotation.WebMvcConfigurer' (OnClassCondition)
      - found 'session' scope (OnWebApplicationCondition)

   SpringDocConfigProperties matched:
      - @ConditionalOnProperty (springdoc.api-docs.enabled) matched (OnPropertyCondition)

   SpringDocConfiguration matched:
      - @ConditionalOnWebApplication (required) found 'session' scope (OnWebApplicationCondition)
      - @ConditionalOnProperty (springdoc.api-docs.enabled) matched (OnPropertyCondition)

   SpringDocConfiguration.QuerydslProvider matched:
      - @ConditionalOnClass found required class 'org.springframework.data.querydsl.binding.QuerydslBindingsFactory' (OnClassCondition)

   SpringDocConfiguration.SpringDocSpringDataWebPropertiesProvider matched:
      - @ConditionalOnClass found required class 'org.springframework.boot.autoconfigure.data.web.SpringDataWebProperties' (OnClassCondition)

   SpringDocConfiguration.SpringDocWebFluxSupportConfiguration matched:
      - @ConditionalOnClass found required class 'reactor.core.publisher.Flux' (OnClassCondition)

   SpringDocConfiguration.WebConversionServiceConfiguration matched:
      - @ConditionalOnClass found required class 'org.springframework.boot.autoconfigure.web.format.WebConversionService' (OnClassCondition)

   SpringDocPageableConfiguration matched:
      - @ConditionalOnClass found required class 'org.springframework.data.domain.Pageable' (OnClassCondition)
      - @ConditionalOnWebApplication (required) found 'session' scope (OnWebApplicationCondition)
      - @ConditionalOnProperty (springdoc.api-docs.enabled) matched (OnPropertyCondition)

   SpringDocSecurityConfiguration matched:
      - @ConditionalOnClass found required class 'org.springframework.security.web.SecurityFilterChain' (OnClassCondition)
      - @ConditionalOnWebApplication (required) found 'session' scope (OnWebApplicationCondition)
      - @ConditionalOnExpression (#{${springdoc.api-docs.enabled:true} and ${springdoc.enable-spring-security:true}}) resulted in true (OnExpressionCondition)

   SpringDocSecurityConfiguration.SpringDocSecurityOAuth2ClientConfiguration matched:
      - @ConditionalOnClass found required class 'org.springframework.security.oauth2.client.annotation.RegisteredOAuth2AuthorizedClient' (OnClassCondition)

   SpringDocSecurityConfiguration.SpringSecurityLoginEndpointConfiguration matched:
      - @ConditionalOnClass found required class 'jakarta.servlet.Filter' (OnClassCondition)

   SpringDocSortConfiguration matched:
      - @ConditionalOnClass found required class 'org.springframework.data.domain.Sort' (OnClassCondition)
      - @ConditionalOnWebApplication (required) found 'session' scope (OnWebApplicationCondition)
      - @ConditionalOnProperty (springdoc.api-docs.enabled) matched (OnPropertyCondition)

   SpringDocWebMvcConfiguration matched:
      - found 'session' scope (OnWebApplicationCondition)
      - @ConditionalOnProperty (springdoc.api-docs.enabled) matched (OnPropertyCondition)

   SpringDocWebMvcConfiguration.SpringDocWebMvcRouterConfiguration matched:
      - @ConditionalOnClass found required class 'org.springframework.web.servlet.function.RouterFunction' (OnClassCondition)

   SwaggerConfig matched:
      - found 'session' scope (OnWebApplicationCondition)
      - @ConditionalOnProperty (springdoc.swagger-ui.enabled) matched (OnPropertyCondition)

   SwaggerUiConfigProperties matched:
      - @ConditionalOnProperty (springdoc.swagger-ui.enabled) matched (OnPropertyCondition)

   SwaggerUiOAuthProperties matched:
      - @ConditionalOnProperty (springdoc.swagger-ui.enabled) matched (OnPropertyCondition)

   TaskExecutionAutoConfiguration matched:
      - @ConditionalOnClass found required class 'org.springframework.scheduling.concurrent.ThreadPoolTaskExecutor' (OnClassCondition)

   TransactionManagerCustomizationAutoConfiguration matched:
      - @ConditionalOnClass found required class 'org.springframework.transaction.PlatformTransactionManager' (OnClassCondition)

   ValidationAutoConfiguration matched:
      - @ConditionalOnClass found required class 'jakarta.validation.executable.ExecutableValidator' (OnClassCondition)
      - @ConditionalOnResource found location classpath:META-INF/services/jakarta.validation.spi.ValidationProvider (OnResourceCondition)

   WebMvcAutoConfiguration matched:
      - @ConditionalOnClass found required classes 'jakarta.servlet.Servlet', 'org.springframework.web.servlet.DispatcherServlet', 'org.springframework.web.servlet.config.annotation.WebMvcConfigurer' (OnClassCondition)
      - found 'session' scope (OnWebApplicationCondition)

   WebMvcAutoConfiguration.ResourceChainCustomizerConfiguration matched:
      - @ConditionalOnEnabledResourceChain found class org.webjars.WebJarVersionLocator (OnEnabledResourceChainCondition)

   WebSocketServletAutoConfiguration matched:
      - @ConditionalOnClass found required classes 'jakarta.servlet.Servlet', 'jakarta.websocket.server.ServerContainer' (OnClassCondition)
      - found 'session' scope (OnWebApplicationCondition)

   WebSocketServletAutoConfiguration.TomcatWebSocketConfiguration matched:
      - @ConditionalOnClass found required classes 'org.apache.catalina.startup.Tomcat', 'org.apache.tomcat.websocket.server.WsSci' (OnClassCondition)

   XADataSourceAutoConfiguration matched:
      - @ConditionalOnClass found required classes 'javax.sql.DataSource', 'jakarta.transaction.TransactionManager', 'org.springframework.jdbc.datasource.embedded.EmbeddedDatabaseType' (OnClassCondition)


Negative matches:
-----------------

   ActiveMQAutoConfiguration:
      Did not match:
         - @ConditionalOnClass did not find required class 'jakarta.jms.ConnectionFactory' (OnClassCondition)

   AopAutoConfiguration.AspectJAutoProxyingConfiguration.JdkDynamicAutoProxyConfiguration:
      Did not match:
         - @ConditionalOnProperty (spring.aop.proxy-target-class=false) did not find property 'proxy-target-class' (OnPropertyCondition)

   AopAutoConfiguration.ClassProxyingConfiguration:
      Did not match:
         - @ConditionalOnMissingClass found unwanted class 'org.aspectj.weaver.Advice' (OnClassCondition)

   ArtemisAutoConfiguration:
      Did not match:
         - @ConditionalOnClass did not find required class 'jakarta.jms.ConnectionFactory' (OnClassCondition)

   BatchAutoConfiguration:
      Did not match:
         - @ConditionalOnClass did not find required class 'org.springframework.batch.core.launch.JobLauncher' (OnClassCondition)

   Cache2kCacheConfiguration:
      Did not match:
         - @ConditionalOnClass did not find required class 'org.cache2k.Cache2kBuilder' (OnClassCondition)

   CaffeineCacheConfiguration:
      Did not match:
         - @ConditionalOnClass did not find required class 'com.github.benmanes.caffeine.cache.Caffeine' (OnClassCondition)

   CassandraAutoConfiguration:
      Did not match:
         - @ConditionalOnClass did not find required class 'com.datastax.oss.driver.api.core.CqlSession' (OnClassCondition)

   CassandraDataAutoConfiguration:
      Did not match:
         - @ConditionalOnClass did not find required class 'com.datastax.oss.driver.api.core.CqlSession' (OnClassCondition)

   CassandraReactiveDataAutoConfiguration:
      Did not match:
         - @ConditionalOnClass did not find required class 'com.datastax.oss.driver.api.core.CqlSession' (OnClassCondition)

   CassandraReactiveRepositoriesAutoConfiguration:
      Did not match:
         - @ConditionalOnClass did not find required class 'org.springframework.data.cassandra.ReactiveSession' (OnClassCondition)

   CassandraRepositoriesAutoConfiguration:
      Did not match:
         - @ConditionalOnClass did not find required class 'com.datastax.oss.driver.api.core.CqlSession' (OnClassCondition)

   ClientHttpConnectorAutoConfiguration:
      Did not match:
         - @ConditionalOnClass did not find required class 'org.springframework.web.reactive.function.client.WebClient' (OnClassCondition)

   CodecsAutoConfiguration:
      Did not match:
         - @ConditionalOnClass did not find required class 'org.springframework.web.reactive.function.client.WebClient' (OnClassCondition)

   CouchbaseAutoConfiguration:
      Did not match:
         - @ConditionalOnClass did not find required class 'com.couchbase.client.java.Cluster' (OnClassCondition)

   CouchbaseCacheConfiguration:
      Did not match:
         - @ConditionalOnClass did not find required class 'com.couchbase.client.java.Cluster' (OnClassCondition)

   CouchbaseDataAutoConfiguration:
      Did not match:
         - @ConditionalOnClass did not find required class 'com.couchbase.client.java.Bucket' (OnClassCondition)

   CouchbaseReactiveDataAutoConfiguration:
      Did not match:
         - @ConditionalOnClass did not find required class 'com.couchbase.client.java.Cluster' (OnClassCondition)

   CouchbaseReactiveRepositoriesAutoConfiguration:
      Did not match:
         - @ConditionalOnClass did not find required class 'com.couchbase.client.java.Cluster' (OnClassCondition)

   CouchbaseRepositoriesAutoConfiguration:
      Did not match:
         - @ConditionalOnClass did not find required class 'com.couchbase.client.java.Bucket' (OnClassCondition)

   DataSourceAutoConfiguration.EmbeddedDatabaseConfiguration:
      Did not match:
         - EmbeddedDataSource found supported pooled data source (DataSourceAutoConfiguration.EmbeddedDatabaseCondition)

   DataSourceCheckpointRestoreConfiguration:
      Did not match:
         - @ConditionalOnClass did not find required class 'org.crac.Resource' (OnClassCondition)

   DataSourceConfiguration.Dbcp2:
      Did not match:
         - @ConditionalOnClass did not find required class 'org.apache.commons.dbcp2.BasicDataSource' (OnClassCondition)

   DataSourceConfiguration.Generic:
      Did not match:
         - @ConditionalOnProperty (spring.datasource.type) did not find property 'spring.datasource.type' (OnPropertyCondition)

   DataSourceConfiguration.OracleUcp:
      Did not match:
         - @ConditionalOnClass did not find required classes 'oracle.ucp.jdbc.PoolDataSourceImpl', 'oracle.jdbc.OracleConnection' (OnClassCondition)

   DataSourceConfiguration.Tomcat:
      Did not match:
         - @ConditionalOnClass did not find required class 'org.apache.tomcat.jdbc.pool.DataSource' (OnClassCondition)

   DataSourceJmxConfiguration:
      Did not match:
         - @ConditionalOnProperty (spring.jmx.enabled=true) found different value in property 'enabled' (OnPropertyCondition)

   DataSourcePoolMetadataProvidersConfiguration.CommonsDbcp2PoolDataSourceMetadataProviderConfiguration:
      Did not match:
         - @ConditionalOnClass did not find required class 'org.apache.commons.dbcp2.BasicDataSource' (OnClassCondition)

   DataSourcePoolMetadataProvidersConfiguration.OracleUcpPoolDataSourceMetadataProviderConfiguration:
      Did not match:
         - @ConditionalOnClass did not find required classes 'oracle.ucp.jdbc.PoolDataSource', 'oracle.jdbc.OracleConnection' (OnClassCondition)

   DataSourcePoolMetadataProvidersConfiguration.TomcatDataSourcePoolMetadataProviderConfiguration:
      Did not match:
         - @ConditionalOnClass did not find required class 'org.apache.tomcat.jdbc.pool.DataSource' (OnClassCondition)

   DevToolsR2dbcAutoConfiguration:
      Did not match:
         - @ConditionalOnClass did not find required class 'io.r2dbc.spi.ConnectionFactory' (OnClassCondition)

   ElasticsearchClientAutoConfiguration:
      Did not match:
         - @ConditionalOnClass did not find required class 'co.elastic.clients.elasticsearch.ElasticsearchClient' (OnClassCondition)

   ElasticsearchDataAutoConfiguration:
      Did not match:
         - @ConditionalOnClass did not find required class 'org.springframework.data.elasticsearch.client.elc.ElasticsearchTemplate' (OnClassCondition)

   ElasticsearchRepositoriesAutoConfiguration:
      Did not match:
         - @ConditionalOnClass did not find required class 'org.springframework.data.elasticsearch.repository.ElasticsearchRepository' (OnClassCondition)

   ElasticsearchRestClientAutoConfiguration:
      Did not match:
         - @ConditionalOnClass did not find required class 'org.elasticsearch.client.RestClientBuilder' (OnClassCondition)

   EmbeddedLdapAutoConfiguration:
      Did not match:
         - @ConditionalOnClass did not find required class 'com.unboundid.ldap.listener.InMemoryDirectoryServer' (OnClassCondition)

   ErrorWebFluxAutoConfiguration:
      Did not match:
         - @ConditionalOnClass did not find required class 'org.springframework.web.reactive.config.WebFluxConfigurer' (OnClassCondition)

   FeignHalAutoConfiguration:
      Did not match:
         - @ConditionalOnClass did not find required class 'org.springframework.hateoas.config.WebConverters' (OnClassCondition)

   FeignLoadBalancerAutoConfiguration:
      Did not match:
         - @ConditionalOnBean did not find required type 'org.springframework.cloud.loadbalancer.support.LoadBalancerClientFactory' (OnBeanCondition)

   FlywayAutoConfiguration:
      Did not match:
         - @ConditionalOnClass did not find required class 'org.flywaydb.core.Flyway' (OnClassCondition)

   FreeMarkerAutoConfiguration:
      Did not match:
         - @ConditionalOnClass did not find required class 'freemarker.template.Configuration' (OnClassCondition)

   GraphQlAutoConfiguration:
      Did not match:
         - @ConditionalOnClass did not find required class 'graphql.GraphQL' (OnClassCondition)

   GraphQlQueryByExampleAutoConfiguration:
      Did not match:
         - @ConditionalOnClass did not find required class 'graphql.GraphQL' (OnClassCondition)

   GraphQlQuerydslAutoConfiguration:
      Did not match:
         - @ConditionalOnClass did not find required class 'com.querydsl.core.Query' (OnClassCondition)

   GraphQlRSocketAutoConfiguration:
      Did not match:
         - @ConditionalOnClass did not find required class 'graphql.GraphQL' (OnClassCondition)

   GraphQlReactiveQueryByExampleAutoConfiguration:
      Did not match:
         - @ConditionalOnClass did not find required class 'graphql.GraphQL' (OnClassCondition)

   GraphQlReactiveQuerydslAutoConfiguration:
      Did not match:
         - @ConditionalOnClass did not find required class 'com.querydsl.core.Query' (OnClassCondition)

   GraphQlWebFluxAutoConfiguration:
      Did not match:
         - @ConditionalOnClass did not find required class 'graphql.GraphQL' (OnClassCondition)

   GraphQlWebFluxSecurityAutoConfiguration:
      Did not match:
         - @ConditionalOnClass did not find required class 'graphql.GraphQL' (OnClassCondition)

   GraphQlWebMvcAutoConfiguration:
      Did not match:
         - @ConditionalOnClass did not find required class 'graphql.GraphQL' (OnClassCondition)

   GraphQlWebMvcSecurityAutoConfiguration:
      Did not match:
         - @ConditionalOnClass did not find required class 'graphql.GraphQL' (OnClassCondition)

   GroovyTemplateAutoConfiguration:
      Did not match:
         - @ConditionalOnClass did not find required class 'groovy.text.markup.MarkupTemplateEngine' (OnClassCondition)

   GsonAutoConfiguration:
      Did not match:
         - @ConditionalOnClass did not find required class 'com.google.gson.Gson' (OnClassCondition)

   GsonHttpMessageConvertersConfiguration:
      Did not match:
         - @ConditionalOnClass did not find required class 'com.google.gson.Gson' (OnClassCondition)

   H2ConsoleAutoConfiguration:
      Did not match:
         - @ConditionalOnClass did not find required class 'org.h2.server.web.JakartaWebServlet' (OnClassCondition)

   HazelcastAutoConfiguration:
      Did not match:
         - @ConditionalOnClass did not find required class 'com.hazelcast.core.HazelcastInstance' (OnClassCondition)

   HazelcastCacheConfiguration:
      Did not match:
         - @ConditionalOnClass did not find required class 'com.hazelcast.core.HazelcastInstance' (OnClassCondition)

   HazelcastJpaDependencyAutoConfiguration:
      Did not match:
         - @ConditionalOnClass did not find required class 'com.hazelcast.core.HazelcastInstance' (OnClassCondition)

   HttpHandlerAutoConfiguration:
      Did not match:
         - @ConditionalOnClass did not find required class 'org.springframework.web.reactive.DispatcherHandler' (OnClassCondition)

   HypermediaAutoConfiguration:
      Did not match:
         - @ConditionalOnClass did not find required class 'org.springframework.hateoas.EntityModel' (OnClassCondition)

   InfinispanCacheConfiguration:
      Did not match:
         - @ConditionalOnClass did not find required class 'org.infinispan.spring.embedded.provider.SpringEmbeddedCacheManager' (OnClassCondition)

   IntegrationAutoConfiguration:
      Did not match:
         - @ConditionalOnClass did not find required class 'org.springframework.integration.config.EnableIntegration' (OnClassCondition)

   JCacheCacheConfiguration:
      Did not match:
         - @ConditionalOnClass did not find required class 'javax.cache.Caching' (OnClassCondition)

   JacksonHttpMessageConvertersConfiguration.MappingJackson2XmlHttpMessageConverterConfiguration:
      Did not match:
         - @ConditionalOnClass did not find required class 'com.fasterxml.jackson.dataformat.xml.XmlMapper' (OnClassCondition)

   JdbcRepositoriesAutoConfiguration:
      Did not match:
         - @ConditionalOnClass did not find required class 'org.springframework.data.jdbc.repository.config.AbstractJdbcConfiguration' (OnClassCondition)

   JedisConnectionConfiguration:
      Did not match:
         - @ConditionalOnClass did not find required classes 'org.apache.commons.pool2.impl.GenericObjectPool', 'redis.clients.jedis.Jedis' (OnClassCondition)

   JerseyAutoConfiguration:
      Did not match:
         - @ConditionalOnClass did not find required class 'org.glassfish.jersey.server.spring.SpringComponentProvider' (OnClassCondition)

   JmsAutoConfiguration:
      Did not match:
         - @ConditionalOnClass did not find required class 'jakarta.jms.Message' (OnClassCondition)

   JmxAutoConfiguration:
      Did not match:
         - @ConditionalOnProperty (spring.jmx.enabled=true) found different value in property 'enabled' (OnPropertyCondition)
      Matched:
         - @ConditionalOnClass found required class 'org.springframework.jmx.export.MBeanExporter' (OnClassCondition)

   JndiConnectionFactoryAutoConfiguration:
      Did not match:
         - @ConditionalOnClass did not find required class 'org.springframework.jms.core.JmsTemplate' (OnClassCondition)

   JndiDataSourceAutoConfiguration:
      Did not match:
         - @ConditionalOnProperty (spring.datasource.jndi-name) did not find property 'jndi-name' (OnPropertyCondition)
      Matched:
         - @ConditionalOnClass found required classes 'javax.sql.DataSource', 'org.springframework.jdbc.datasource.embedded.EmbeddedDatabaseType' (OnClassCondition)

   JndiJtaConfiguration:
      Did not match:
         - @ConditionalOnJndi JNDI environment is not available (OnJndiCondition)
      Matched:
         - @ConditionalOnClass found required class 'org.springframework.transaction.jta.JtaTransactionManager' (OnClassCondition)

   JooqAutoConfiguration:
      Did not match:
         - @ConditionalOnClass did not find required class 'org.jooq.DSLContext' (OnClassCondition)

   JsonbAutoConfiguration:
      Did not match:
         - @ConditionalOnClass did not find required class 'jakarta.json.bind.Jsonb' (OnClassCondition)

   JsonbHttpMessageConvertersConfiguration:
      Did not match:
         - @ConditionalOnClass did not find required class 'jakarta.json.bind.Jsonb' (OnClassCondition)

   KafkaAutoConfiguration:
      Did not match:
         - @ConditionalOnClass did not find required class 'org.springframework.kafka.core.KafkaTemplate' (OnClassCondition)

   LdapAutoConfiguration:
      Did not match:
         - @ConditionalOnClass did not find required class 'org.springframework.ldap.core.ContextSource' (OnClassCondition)

   LdapRepositoriesAutoConfiguration:
      Did not match:
         - @ConditionalOnClass did not find required class 'org.springframework.data.ldap.repository.LdapRepository' (OnClassCondition)

   LiquibaseAutoConfiguration:
      Did not match:
         - @ConditionalOnClass did not find required class 'liquibase.change.DatabaseChange' (OnClassCondition)

   MessageSourceAutoConfiguration:
      Did not match:
         - ResourceBundle did not find bundle with basename messages (MessageSourceAutoConfiguration.ResourceBundleCondition)

   MongoAutoConfiguration:
      Did not match:
         - @ConditionalOnClass did not find required class 'com.mongodb.client.MongoClient' (OnClassCondition)

   MongoDataAutoConfiguration:
      Did not match:
         - @ConditionalOnClass did not find required class 'com.mongodb.client.MongoClient' (OnClassCondition)

   MongoReactiveAutoConfiguration:
      Did not match:
         - @ConditionalOnClass did not find required class 'com.mongodb.reactivestreams.client.MongoClient' (OnClassCondition)

   MongoReactiveDataAutoConfiguration:
      Did not match:
         - @ConditionalOnClass did not find required class 'com.mongodb.reactivestreams.client.MongoClient' (OnClassCondition)

   MongoReactiveRepositoriesAutoConfiguration:
      Did not match:
         - @ConditionalOnClass did not find required class 'com.mongodb.reactivestreams.client.MongoClient' (OnClassCondition)

   MongoRepositoriesAutoConfiguration:
      Did not match:
         - @ConditionalOnClass did not find required class 'com.mongodb.client.MongoClient' (OnClassCondition)

   MultipleOpenApiSupportConfiguration.SpringDocWebMvcActuatorDifferentConfiguration:
      Did not match:
         - @ConditionalOnClass did not find required class 'org.springframework.boot.actuate.endpoint.web.servlet.WebMvcEndpointHandlerMapping' (OnClassCondition)

   MustacheAutoConfiguration:
      Did not match:
         - @ConditionalOnClass did not find required class 'com.samskivert.mustache.Mustache' (OnClassCondition)

   Neo4jAutoConfiguration:
      Did not match:
         - @ConditionalOnClass did not find required class 'org.neo4j.driver.Driver' (OnClassCondition)

   Neo4jDataAutoConfiguration:
      Did not match:
         - @ConditionalOnClass did not find required class 'org.neo4j.driver.Driver' (OnClassCondition)

   Neo4jReactiveDataAutoConfiguration:
      Did not match:
         - @ConditionalOnClass did not find required class 'org.neo4j.driver.Driver' (OnClassCondition)

   Neo4jReactiveRepositoriesAutoConfiguration:
      Did not match:
         - @ConditionalOnClass did not find required class 'org.neo4j.driver.Driver' (OnClassCondition)

   Neo4jRepositoriesAutoConfiguration:
      Did not match:
         - @ConditionalOnClass did not find required class 'org.neo4j.driver.Driver' (OnClassCondition)

   OAuth2AuthorizationServerAutoConfiguration:
      Did not match:
         - @ConditionalOnClass did not find required class 'org.springframework.security.oauth2.server.authorization.OAuth2Authorization' (OnClassCondition)

   OAuth2AuthorizationServerJwtAutoConfiguration:
      Did not match:
         - @ConditionalOnClass did not find required class 'org.springframework.security.oauth2.server.authorization.OAuth2Authorization' (OnClassCondition)

   PulsarAutoConfiguration:
      Did not match:
         - @ConditionalOnClass did not find required class 'org.apache.pulsar.client.api.PulsarClient' (OnClassCondition)

   PulsarReactiveAutoConfiguration:
      Did not match:
         - @ConditionalOnClass did not find required class 'org.apache.pulsar.client.api.PulsarClient' (OnClassCondition)

   QuartzAutoConfiguration:
      Did not match:
         - @ConditionalOnClass did not find required class 'org.quartz.Scheduler' (OnClassCondition)

   R2dbcAutoConfiguration:
      Did not match:
         - @ConditionalOnClass did not find required class 'io.r2dbc.spi.ConnectionFactory' (OnClassCondition)

   R2dbcDataAutoConfiguration:
      Did not match:
         - @ConditionalOnClass did not find required class 'org.springframework.data.r2dbc.core.R2dbcEntityTemplate' (OnClassCondition)

   R2dbcProxyAutoConfiguration:
      Did not match:
         - @ConditionalOnClass did not find required class 'io.r2dbc.proxy.ProxyConnectionFactory' (OnClassCondition)

   R2dbcRepositoriesAutoConfiguration:
      Did not match:
         - @ConditionalOnClass did not find required class 'io.r2dbc.spi.ConnectionFactory' (OnClassCondition)

   R2dbcTransactionManagerAutoConfiguration:
      Did not match:
         - @ConditionalOnClass did not find required class 'org.springframework.r2dbc.connection.R2dbcTransactionManager' (OnClassCondition)

   RSocketGraphQlClientAutoConfiguration:
      Did not match:
         - @ConditionalOnClass did not find required class 'graphql.GraphQL' (OnClassCondition)

   RSocketMessagingAutoConfiguration:
      Did not match:
         - @ConditionalOnClass did not find required class 'io.rsocket.RSocket' (OnClassCondition)

   RSocketRequesterAutoConfiguration:
      Did not match:
         - @ConditionalOnClass did not find required class 'io.rsocket.RSocket' (OnClassCondition)

   RSocketSecurityAutoConfiguration:
      Did not match:
         - @ConditionalOnClass did not find required class 'org.springframework.security.rsocket.core.SecuritySocketAcceptorInterceptor' (OnClassCondition)

   RSocketServerAutoConfiguration:
      Did not match:
         - @ConditionalOnClass did not find required class 'io.rsocket.core.RSocketServer' (OnClassCondition)

   RSocketStrategiesAutoConfiguration:
      Did not match:
         - @ConditionalOnClass did not find required class 'io.rsocket.RSocket' (OnClassCondition)

   RabbitAutoConfiguration:
      Did not match:
         - @ConditionalOnClass did not find required class 'com.rabbitmq.client.Channel' (OnClassCondition)

   ReactiveElasticsearchClientAutoConfiguration:
      Did not match:
         - @ConditionalOnClass did not find required class 'co.elastic.clients.transport.ElasticsearchTransport' (OnClassCondition)

   ReactiveElasticsearchRepositoriesAutoConfiguration:
      Did not match:
         - @ConditionalOnClass did not find required class 'org.springframework.data.elasticsearch.client.elc.ReactiveElasticsearchClient' (OnClassCondition)

   ReactiveMultipartAutoConfiguration:
      Did not match:
         - @ConditionalOnClass did not find required class 'org.springframework.web.reactive.config.WebFluxConfigurer' (OnClassCondition)

   ReactiveOAuth2ResourceServerAutoConfiguration:
      Did not match:
         - @ConditionalOnWebApplication did not find reactive web application classes (OnWebApplicationCondition)

   ReactiveSecurityAutoConfiguration:
      Did not match:
         - @ConditionalOnClass did not find required class 'org.springframework.web.reactive.config.WebFluxConfigurer' (OnClassCondition)

   ReactiveWebServerFactoryAutoConfiguration:
      Did not match:
         - @ConditionalOnWebApplication did not find reactive web application classes (OnWebApplicationCondition)

   RefreshAutoConfiguration.JpaInvokerConfiguration:
      Did not match:
         - @ConditionalOnClass did not find required class 'javax.persistence.EntityManagerFactory' (OnClassCondition)

   RefreshEndpointAutoConfiguration:
      Did not match:
         - @ConditionalOnClass did not find required class 'org.springframework.boot.actuate.autoconfigure.endpoint.EndpointAutoConfiguration' (OnClassCondition)

   RepositoryRestMvcAutoConfiguration:
      Did not match:
         - @ConditionalOnClass did not find required class 'org.springframework.data.rest.webmvc.config.RepositoryRestMvcConfiguration' (OnClassCondition)

   Saml2RelyingPartyAutoConfiguration:
      Did not match:
         - @ConditionalOnClass did not find required class 'org.springframework.security.saml2.provider.service.registration.RelyingPartyRegistrationRepository' (OnClassCondition)

   ServletWebServerFactoryAutoConfiguration.ForwardedHeaderFilterConfiguration:
      Did not match:
         - @ConditionalOnProperty (server.forward-headers-strategy=framework) did not find property 'server.forward-headers-strategy' (OnPropertyCondition)

   ServletWebServerFactoryConfiguration.EmbeddedJetty:
      Did not match:
         - @ConditionalOnClass did not find required classes 'org.eclipse.jetty.server.Server', 'org.eclipse.jetty.util.Loader', 'org.eclipse.jetty.ee10.webapp.WebAppContext' (OnClassCondition)

   ServletWebServerFactoryConfiguration.EmbeddedUndertow:
      Did not match:
         - @ConditionalOnClass did not find required classes 'io.undertow.Undertow', 'org.xnio.SslClientAuthMode' (OnClassCondition)

   SessionAutoConfiguration:
      Did not match:
         - @ConditionalOnClass did not find required class 'org.springframework.session.Session' (OnClassCondition)

   SpringApplicationAdminJmxAutoConfiguration:
      Did not match:
         - @ConditionalOnProperty (spring.application.admin.enabled=true) did not find property 'enabled' (OnPropertyCondition)

   SpringDocConfiguration.SpringDocActuatorConfiguration:
      Did not match:
         - @ConditionalOnClass did not find required class 'org.springframework.boot.actuate.autoconfigure.endpoint.web.WebEndpointProperties' (OnClassCondition)

   SpringDocConfiguration.SpringDocRepositoryRestConfiguration:
      Did not match:
         - @ConditionalOnClass did not find required class 'org.springframework.data.rest.core.config.RepositoryRestConfiguration' (OnClassCondition)

   SpringDocDataRestConfiguration:
      Did not match:
         - @ConditionalOnClass did not find required class 'org.springframework.data.rest.core.config.RepositoryRestConfiguration' (OnClassCondition)

   SpringDocFunctionCatalogConfiguration:
      Did not match:
         - @ConditionalOnClass did not find required class 'org.springframework.cloud.function.web.function.FunctionEndpointInitializer' (OnClassCondition)

   SpringDocGroovyConfiguration:
      Did not match:
         - @ConditionalOnClass did not find required class 'groovy.lang.MetaClass' (OnClassCondition)

   SpringDocHateoasConfiguration:
      Did not match:
         - @ConditionalOnClass did not find required class 'org.springframework.hateoas.server.LinkRelationProvider' (OnClassCondition)

   SpringDocJacksonKotlinModuleConfiguration:
      Did not match:
         - @ConditionalOnClass did not find required class 'com.fasterxml.jackson.module.kotlin.KotlinModule' (OnClassCondition)

   SpringDocJavadocConfiguration:
      Did not match:
         - @ConditionalOnClass did not find required class 'com.github.therapi.runtimejavadoc.CommentFormatter' (OnClassCondition)

   SpringDocKotlinConfiguration:
      Did not match:
         - @ConditionalOnClass did not find required class 'kotlin.coroutines.Continuation' (OnClassCondition)

   SpringDocKotlinxConfiguration:
      Did not match:
         - @ConditionalOnClass did not find required class 'kotlinx.coroutines.flow.Flow' (OnClassCondition)

   SpringDocSecurityConfiguration.SpringDocSecurityOAuth2Configuration:
      Did not match:
         - @ConditionalOnClass did not find required class 'org.springframework.security.oauth2.server.authorization.OAuth2AuthorizationService' (OnClassCondition)

   SpringDocWebMvcConfiguration.SpringDocWebMvcActuatorConfiguration:
      Did not match:
         - @ConditionalOnClass did not find required class 'org.springframework.boot.actuate.endpoint.web.servlet.WebMvcEndpointHandlerMapping' (OnClassCondition)

   SwaggerConfig.SwaggerActuatorWelcomeConfiguration:
      Did not match:
         - @ConditionalOnClass did not find required class 'org.springframework.boot.actuate.endpoint.web.servlet.WebMvcEndpointHandlerMapping' (OnClassCondition)

   ThymeleafAutoConfiguration:
      Did not match:
         - @ConditionalOnClass did not find required class 'org.thymeleaf.spring6.SpringTemplateEngine' (OnClassCondition)

   WebClientAutoConfiguration:
      Did not match:
         - @ConditionalOnClass did not find required class 'org.springframework.web.reactive.function.client.WebClient' (OnClassCondition)

   WebFluxAutoConfiguration:
      Did not match:
         - @ConditionalOnClass did not find required class 'org.springframework.web.reactive.config.WebFluxConfigurer' (OnClassCondition)

   WebMvcAutoConfiguration.ProblemDetailsErrorHandlingConfiguration:
      Did not match:
         - @ConditionalOnProperty (spring.mvc.problemdetails.enabled=true) did not find property 'enabled' (OnPropertyCondition)

   WebServiceTemplateAutoConfiguration:
      Did not match:
         - @ConditionalOnClass did not find required class 'org.springframework.ws.client.core.WebServiceTemplate' (OnClassCondition)

   WebServicesAutoConfiguration:
      Did not match:
         - @ConditionalOnClass did not find required class 'org.springframework.ws.transport.http.MessageDispatcherServlet' (OnClassCondition)

   WebSessionIdResolverAutoConfiguration:
      Did not match:
         - @ConditionalOnWebApplication did not find reactive web application classes (OnWebApplicationCondition)

   WebSocketMessagingAutoConfiguration:
      Did not match:
         - @ConditionalOnClass did not find required class 'org.springframework.web.socket.config.annotation.WebSocketMessageBrokerConfigurer' (OnClassCondition)

   WebSocketReactiveAutoConfiguration:
      Did not match:
         - @ConditionalOnWebApplication did not find reactive web application classes (OnWebApplicationCondition)

   WebSocketServletAutoConfiguration.JettyWebSocketConfiguration:
      Did not match:
         - @ConditionalOnClass did not find required class 'org.eclipse.jetty.ee10.websocket.jakarta.server.config.JakartaWebSocketServletContainerInitializer' (OnClassCondition)

   WebSocketServletAutoConfiguration.UndertowWebSocketConfiguration:
      Did not match:
         - @ConditionalOnClass did not find required class 'io.undertow.websockets.jsr.Bootstrap' (OnClassCondition)

   WritableEnvironmentEndpointAutoConfiguration:
      Did not match:
         - @ConditionalOnClass did not find required class 'org.springframework.boot.actuate.autoconfigure.env.EnvironmentEndpointProperties' (OnClassCondition)


Exclusions:
-----------

    None


Unconditional classes:
----------------------

    org.springframework.boot.autoconfigure.security.reactive.ReactiveUserDetailsServiceAutoConfiguration

    org.springframework.cloud.client.loadbalancer.reactive.ReactorLoadBalancerClientAutoConfiguration

    org.springframework.cloud.client.discovery.simple.SimpleDiscoveryClientAutoConfiguration

    org.springframework.boot.autoconfigure.context.PropertyPlaceholderAutoConfiguration

    org.springframework.cloud.client.discovery.simple.reactive.SimpleReactiveDiscoveryClientAutoConfiguration

    org.springframework.boot.autoconfigure.web.servlet.MultipartAutoConfiguration

    org.springframework.cloud.openfeign.encoding.FeignContentGzipEncodingAutoConfiguration

    org.springframework.cloud.client.serviceregistry.ServiceRegistryAutoConfiguration

    org.springframework.cloud.autoconfigure.LifecycleMvcEndpointAutoConfiguration

    org.springframework.cloud.commons.security.ResourceServerTokenRelayAutoConfiguration

    org.springframework.boot.autoconfigure.mail.MailSenderValidatorAutoConfiguration

    org.springframework.boot.autoconfigure.sendgrid.SendGridAutoConfiguration

    org.springframework.cloud.autoconfigure.ConfigurationPropertiesRebinderAutoConfiguration

    org.springframework.boot.autoconfigure.transaction.TransactionAutoConfiguration

    org.springframework.boot.autoconfigure.security.oauth2.client.servlet.OAuth2ClientAutoConfiguration

    org.springframework.boot.devtools.autoconfigure.DevToolsDataSourceAutoConfiguration

    org.springframework.cloud.client.hypermedia.CloudHypermediaAutoConfiguration

    org.springframework.cloud.client.loadbalancer.LoadBalancerDefaultMappingsProviderAutoConfiguration

    org.springframework.boot.autoconfigure.netty.NettyAutoConfiguration

    org.springframework.cloud.client.discovery.composite.CompositeDiscoveryClientAutoConfiguration

    org.springframework.cloud.openfeign.FeignAutoConfiguration

    org.springframework.boot.autoconfigure.security.servlet.UserDetailsServiceAutoConfiguration

    org.springframework.boot.autoconfigure.security.oauth2.resource.servlet.OAuth2ResourceServerAutoConfiguration

    org.springframework.boot.autoconfigure.web.client.RestTemplateAutoConfiguration

    org.springframework.cloud.openfeign.encoding.FeignAcceptGzipEncodingAutoConfiguration

    org.springframework.boot.devtools.autoconfigure.RemoteDevToolsAutoConfiguration

    org.springframework.cloud.client.ReactiveCommonsClientAutoConfiguration

    org.springframework.boot.autoconfigure.web.servlet.HttpEncodingAutoConfiguration

    org.springframework.boot.autoconfigure.sql.init.SqlInitializationAutoConfiguration

    org.springframework.boot.autoconfigure.context.LifecycleAutoConfiguration

    org.springframework.boot.autoconfigure.web.embedded.EmbeddedWebServerFactoryCustomizerAutoConfiguration

    org.springframework.cloud.client.loadbalancer.LoadBalancerAutoConfiguration

    org.springframework.boot.autoconfigure.jdbc.DataSourceTransactionManagerAutoConfiguration

    org.springframework.cloud.client.serviceregistry.AutoServiceRegistrationAutoConfiguration

    org.springframework.boot.autoconfigure.jdbc.JdbcClientAutoConfiguration

    org.springframework.boot.autoconfigure.security.servlet.SecurityFilterAutoConfiguration

    org.springframework.boot.autoconfigure.security.servlet.SecurityAutoConfiguration

    org.springframework.boot.autoconfigure.security.oauth2.client.reactive.ReactiveOAuth2ClientAutoConfiguration

    org.springframework.boot.autoconfigure.web.client.RestClientAutoConfiguration

    org.springframework.cloud.commons.util.UtilAutoConfiguration

    org.springframework.boot.autoconfigure.context.ConfigurationPropertiesAutoConfiguration

    org.springframework.boot.autoconfigure.ssl.SslAutoConfiguration

    org.springframework.cloud.client.CommonsClientAutoConfiguration

    org.springframework.cloud.commons.config.CommonsConfigAutoConfiguration

    org.springframework.boot.autoconfigure.task.TaskSchedulingAutoConfiguration

    org.springframework.cloud.client.discovery.composite.reactive.ReactiveCompositeDiscoveryClientAutoConfiguration

    org.springframework.cloud.configuration.CompatibilityVerifierAutoConfiguration

    org.springframework.boot.devtools.autoconfigure.LocalDevToolsAutoConfiguration

    org.springframework.boot.autoconfigure.reactor.ReactorAutoConfiguration

    org.springdoc.core.configuration.SpringDocSpecPropertiesConfiguration

    org.springframework.boot.autoconfigure.availability.ApplicationAvailabilityAutoConfiguration

    org.springframework.cloud.client.loadbalancer.reactive.LoadBalancerBeanPostProcessorAutoConfiguration

    org.springframework.boot.autoconfigure.info.ProjectInfoAutoConfiguration



2025-11-25 21:08:20.173 ERROR --- [           main] o.s.boot.SpringApplication               : Application run failed
org.springframework.beans.factory.BeanDefinitionStoreException: Failed to process import candidates for configuration class [com.fsocial.accountservice.AccountServiceApplication]: Error processing condition on org.springframework.boot.autoconfigure.mail.MailSenderAutoConfiguration
	at org.springframework.context.annotation.ConfigurationClassParser.processImports(ConfigurationClassParser.java:613)
	at org.springframework.context.annotation.ConfigurationClassParser$DeferredImportSelectorGroupingHandler.lambda$processGroupImports$1(ConfigurationClassParser.java:836)
	at java.base/java.lang.Iterable.forEach(Iterable.java:75)
	at org.springframework.context.annotation.ConfigurationClassParser$DeferredImportSelectorGroupingHandler.processGroupImports(ConfigurationClassParser.java:833)
	at org.springframework.context.annotation.ConfigurationClassParser$DeferredImportSelectorHandler.process(ConfigurationClassParser.java:803)
	at org.springframework.context.annotation.ConfigurationClassParser.parse(ConfigurationClassParser.java:189)
	at org.springframework.context.annotation.ConfigurationClassPostProcessor.processConfigBeanDefinitions(ConfigurationClassPostProcessor.java:418)
	at org.springframework.context.annotation.ConfigurationClassPostProcessor.postProcessBeanDefinitionRegistry(ConfigurationClassPostProcessor.java:290)
	at org.springframework.context.support.PostProcessorRegistrationDelegate.invokeBeanDefinitionRegistryPostProcessors(PostProcessorRegistrationDelegate.java:349)
	at org.springframework.context.support.PostProcessorRegistrationDelegate.invokeBeanFactoryPostProcessors(PostProcessorRegistrationDelegate.java:118)
	at org.springframework.context.support.AbstractApplicationContext.invokeBeanFactoryPostProcessors(AbstractApplicationContext.java:791)
	at org.springframework.context.support.AbstractApplicationContext.refresh(AbstractApplicationContext.java:609)
	at org.springframework.boot.SpringApplication.refresh(SpringApplication.java:752)
	at org.springframework.boot.SpringApplication.refreshContext(SpringApplication.java:439)
	at org.springframework.boot.SpringApplication.run(SpringApplication.java:318)
	at org.springframework.boot.test.context.SpringBootContextLoader.lambda$loadContext$3(SpringBootContextLoader.java:137)
	at org.springframework.util.function.ThrowingSupplier.get(ThrowingSupplier.java:58)
	at org.springframework.util.function.ThrowingSupplier.get(ThrowingSupplier.java:46)
	at org.springframework.boot.SpringApplication.withHook(SpringApplication.java:1461)
	at org.springframework.boot.test.context.SpringBootContextLoader$ContextLoaderHook.run(SpringBootContextLoader.java:553)
	at org.springframework.boot.test.context.SpringBootContextLoader.loadContext(SpringBootContextLoader.java:137)
	at org.springframework.boot.test.context.SpringBootContextLoader.loadContext(SpringBootContextLoader.java:108)
	at org.springframework.test.context.cache.DefaultCacheAwareContextLoaderDelegate.loadContextInternal(DefaultCacheAwareContextLoaderDelegate.java:225)
	at org.springframework.test.context.cache.DefaultCacheAwareContextLoaderDelegate.loadContext(DefaultCacheAwareContextLoaderDelegate.java:152)
	at org.springframework.test.context.support.DefaultTestContext.getApplicationContext(DefaultTestContext.java:130)
	at org.springframework.test.context.web.ServletTestExecutionListener.setUpRequestContextIfNecessary(ServletTestExecutionListener.java:191)
	at org.springframework.test.context.web.ServletTestExecutionListener.prepareTestInstance(ServletTestExecutionListener.java:130)
	at org.springframework.test.context.TestContextManager.prepareTestInstance(TestContextManager.java:260)
	at org.springframework.test.context.junit.jupiter.SpringExtension.postProcessTestInstance(SpringExtension.java:160)
	at org.junit.jupiter.engine.descriptor.ClassBasedTestDescriptor.lambda$invokeTestInstancePostProcessors$11(ClassBasedTestDescriptor.java:378)
	at org.junit.jupiter.engine.descriptor.ClassBasedTestDescriptor.executeAndMaskThrowable(ClassBasedTestDescriptor.java:383)
	at org.junit.jupiter.engine.descriptor.ClassBasedTestDescriptor.lambda$invokeTestInstancePostProcessors$12(ClassBasedTestDescriptor.java:378)
	at java.base/java.util.stream.ForEachOps$ForEachOp$OfRef.accept(ForEachOps.java:184)
	at java.base/java.util.stream.ReferencePipeline$3$1.accept(ReferencePipeline.java:212)
	at java.base/java.util.stream.ReferencePipeline$2$1.accept(ReferencePipeline.java:194)
	at java.base/java.util.stream.ReferencePipeline$3$1.accept(ReferencePipeline.java:212)
	at java.base/java.util.ArrayList$ArrayListSpliterator.forEachRemaining(ArrayList.java:1709)
	at java.base/java.util.stream.AbstractPipeline.copyInto(AbstractPipeline.java:556)
	at java.base/java.util.stream.AbstractPipeline.wrapAndCopyInto(AbstractPipeline.java:546)
	at java.base/java.util.stream.ForEachOps$ForEachOp.evaluateSequential(ForEachOps.java:151)
	at java.base/java.util.stream.ForEachOps$ForEachOp$OfRef.evaluateSequential(ForEachOps.java:174)
	at java.base/java.util.stream.AbstractPipeline.evaluate(AbstractPipeline.java:265)
	at java.base/java.util.stream.ReferencePipeline.forEach(ReferencePipeline.java:611)
	at org.junit.jupiter.engine.descriptor.ClassBasedTestDescriptor.invokeTestInstancePostProcessors(ClassBasedTestDescriptor.java:377)
	at org.junit.jupiter.engine.descriptor.ClassBasedTestDescriptor.lambda$instantiateAndPostProcessTestInstance$7(ClassBasedTestDescriptor.java:290)
	at org.junit.platform.engine.support.hierarchical.ThrowableCollector.execute(ThrowableCollector.java:73)
	at org.junit.jupiter.engine.descriptor.ClassBasedTestDescriptor.instantiateAndPostProcessTestInstance(ClassBasedTestDescriptor.java:289)
	at org.junit.jupiter.engine.descriptor.ClassBasedTestDescriptor.lambda$testInstancesProvider$5(ClassBasedTestDescriptor.java:279)
	at java.base/java.util.Optional.orElseGet(Optional.java:364)
	at org.junit.jupiter.engine.descriptor.ClassBasedTestDescriptor.lambda$testInstancesProvider$6(ClassBasedTestDescriptor.java:278)
	at org.junit.jupiter.engine.execution.TestInstancesProvider.getTestInstances(TestInstancesProvider.java:31)
	at org.junit.jupiter.engine.descriptor.TestMethodTestDescriptor.lambda$prepare$1(TestMethodTestDescriptor.java:105)
	at org.junit.platform.engine.support.hierarchical.ThrowableCollector.execute(ThrowableCollector.java:73)
	at org.junit.jupiter.engine.descriptor.TestMethodTestDescriptor.prepare(TestMethodTestDescriptor.java:104)
	at org.junit.jupiter.engine.descriptor.TestMethodTestDescriptor.prepare(TestMethodTestDescriptor.java:68)
	at org.junit.platform.engine.support.hierarchical.NodeTestTask.lambda$prepare$2(NodeTestTask.java:128)
	at org.junit.platform.engine.support.hierarchical.ThrowableCollector.execute(ThrowableCollector.java:73)
	at org.junit.platform.engine.support.hierarchical.NodeTestTask.prepare(NodeTestTask.java:128)
	at org.junit.platform.engine.support.hierarchical.NodeTestTask.execute(NodeTestTask.java:95)
	at java.base/java.util.ArrayList.forEach(ArrayList.java:1597)
	at org.junit.platform.engine.support.hierarchical.SameThreadHierarchicalTestExecutorService.invokeAll(SameThreadHierarchicalTestExecutorService.java:41)
	at org.junit.platform.engine.support.hierarchical.NodeTestTask.lambda$executeRecursively$6(NodeTestTask.java:160)
	at org.junit.platform.engine.support.hierarchical.ThrowableCollector.execute(ThrowableCollector.java:73)
	at org.junit.platform.engine.support.hierarchical.NodeTestTask.lambda$executeRecursively$8(NodeTestTask.java:146)
	at org.junit.platform.engine.support.hierarchical.Node.around(Node.java:137)
	at org.junit.platform.engine.support.hierarchical.NodeTestTask.lambda$executeRecursively$9(NodeTestTask.java:144)
	at org.junit.platform.engine.support.hierarchical.ThrowableCollector.execute(ThrowableCollector.java:73)
	at org.junit.platform.engine.support.hierarchical.NodeTestTask.executeRecursively(NodeTestTask.java:143)
	at org.junit.platform.engine.support.hierarchical.NodeTestTask.execute(NodeTestTask.java:100)
	at java.base/java.util.ArrayList.forEach(ArrayList.java:1597)
	at org.junit.platform.engine.support.hierarchical.SameThreadHierarchicalTestExecutorService.invokeAll(SameThreadHierarchicalTestExecutorService.java:41)
	at org.junit.platform.engine.support.hierarchical.NodeTestTask.lambda$executeRecursively$6(NodeTestTask.java:160)
	at org.junit.platform.engine.support.hierarchical.ThrowableCollector.execute(ThrowableCollector.java:73)
	at org.junit.platform.engine.support.hierarchical.NodeTestTask.lambda$executeRecursively$8(NodeTestTask.java:146)
	at org.junit.platform.engine.support.hierarchical.Node.around(Node.java:137)
	at org.junit.platform.engine.support.hierarchical.NodeTestTask.lambda$executeRecursively$9(NodeTestTask.java:144)
	at org.junit.platform.engine.support.hierarchical.ThrowableCollector.execute(ThrowableCollector.java:73)
	at org.junit.platform.engine.support.hierarchical.NodeTestTask.executeRecursively(NodeTestTask.java:143)
	at org.junit.platform.engine.support.hierarchical.NodeTestTask.execute(NodeTestTask.java:100)
	at org.junit.platform.engine.support.hierarchical.SameThreadHierarchicalTestExecutorService.submit(SameThreadHierarchicalTestExecutorService.java:35)
	at org.junit.platform.engine.support.hierarchical.HierarchicalTestExecutor.execute(HierarchicalTestExecutor.java:57)
	at org.junit.platform.engine.support.hierarchical.HierarchicalTestEngine.execute(HierarchicalTestEngine.java:54)
	at org.junit.platform.launcher.core.EngineExecutionOrchestrator.execute(EngineExecutionOrchestrator.java:198)
	at org.junit.platform.launcher.core.EngineExecutionOrchestrator.execute(EngineExecutionOrchestrator.java:169)
	at org.junit.platform.launcher.core.EngineExecutionOrchestrator.execute(EngineExecutionOrchestrator.java:93)
	at org.junit.platform.launcher.core.EngineExecutionOrchestrator.lambda$execute$0(EngineExecutionOrchestrator.java:58)
	at org.junit.platform.launcher.core.EngineExecutionOrchestrator.withInterceptedStreams(EngineExecutionOrchestrator.java:141)
	at org.junit.platform.launcher.core.EngineExecutionOrchestrator.execute(EngineExecutionOrchestrator.java:57)
	at org.junit.platform.launcher.core.DefaultLauncher.execute(DefaultLauncher.java:103)
	at org.junit.platform.launcher.core.DefaultLauncher.execute(DefaultLauncher.java:85)
	at org.junit.platform.launcher.core.DelegatingLauncher.execute(DelegatingLauncher.java:47)
	at org.apache.maven.surefire.junitplatform.LazyLauncher.execute(LazyLauncher.java:56)
	at org.apache.maven.surefire.junitplatform.JUnitPlatformProvider.execute(JUnitPlatformProvider.java:184)
	at org.apache.maven.surefire.junitplatform.JUnitPlatformProvider.invokeAllTests(JUnitPlatformProvider.java:148)
	at org.apache.maven.surefire.junitplatform.JUnitPlatformProvider.invoke(JUnitPlatformProvider.java:122)
	at org.apache.maven.surefire.booter.ForkedBooter.runSuitesInProcess(ForkedBooter.java:385)
	at org.apache.maven.surefire.booter.ForkedBooter.execute(ForkedBooter.java:162)
	at org.apache.maven.surefire.booter.ForkedBooter.run(ForkedBooter.java:507)
	at org.apache.maven.surefire.booter.ForkedBooter.main(ForkedBooter.java:495)
Caused by: java.lang.IllegalStateException: Error processing condition on org.springframework.boot.autoconfigure.mail.MailSenderAutoConfiguration
	at org.springframework.boot.autoconfigure.condition.SpringBootCondition.matches(SpringBootCondition.java:60)
	at org.springframework.context.annotation.ConditionEvaluator.shouldSkip(ConditionEvaluator.java:99)
	at org.springframework.context.annotation.ConfigurationClassParser.processConfigurationClass(ConfigurationClassParser.java:233)
	at org.springframework.context.annotation.ConfigurationClassParser.processImports(ConfigurationClassParser.java:603)
	... 98 common frames omitted
Caused by: org.springframework.util.PlaceholderResolutionException: Could not resolve placeholder 'SENDGRID_HOST' in value "${SENDGRID_HOST}"
	at org.springframework.util.PlaceholderResolutionException.withValue(PlaceholderResolutionException.java:81)
	at org.springframework.util.PlaceholderParser$ParsedValue.resolve(PlaceholderParser.java:416)
	at org.springframework.util.PlaceholderParser.replacePlaceholders(PlaceholderParser.java:128)
	at org.springframework.util.PropertyPlaceholderHelper.parseStringValue(PropertyPlaceholderHelper.java:118)
	at org.springframework.util.PropertyPlaceholderHelper.replacePlaceholders(PropertyPlaceholderHelper.java:114)
	at org.springframework.core.env.AbstractPropertyResolver.doResolvePlaceholders(AbstractPropertyResolver.java:255)
	at org.springframework.core.env.AbstractPropertyResolver.resolveRequiredPlaceholders(AbstractPropertyResolver.java:226)
	at org.springframework.core.env.AbstractPropertyResolver.resolveNestedPlaceholders(AbstractPropertyResolver.java:246)
	at org.springframework.boot.context.properties.source.ConfigurationPropertySourcesPropertyResolver.getProperty(ConfigurationPropertySourcesPropertyResolver.java:81)
	at org.springframework.boot.context.properties.source.ConfigurationPropertySourcesPropertyResolver.getProperty(ConfigurationPropertySourcesPropertyResolver.java:62)
	at org.springframework.core.env.AbstractEnvironment.getProperty(AbstractEnvironment.java:557)
	at org.springframework.boot.autoconfigure.condition.OnPropertyCondition$Spec.collectProperties(OnPropertyCondition.java:121)
	at org.springframework.boot.autoconfigure.condition.OnPropertyCondition.determineOutcome(OnPropertyCondition.java:71)
	at org.springframework.boot.autoconfigure.condition.OnPropertyCondition.getMatchOutcome(OnPropertyCondition.java:58)
	at org.springframework.boot.autoconfigure.condition.AbstractNestedCondition$MemberOutcomes.getConditionOutcome(AbstractNestedCondition.java:195)
	at org.springframework.boot.autoconfigure.condition.AbstractNestedCondition$MemberOutcomes.<init>(AbstractNestedCondition.java:189)
	at org.springframework.boot.autoconfigure.condition.AbstractNestedCondition$MemberConditions.lambda$getMatchOutcomes$0(AbstractNestedCondition.java:169)
	at java.base/java.util.LinkedHashMap.forEach(LinkedHashMap.java:986)
	at org.springframework.util.MultiValueMapAdapter.forEach(MultiValueMapAdapter.java:179)
	at java.base/java.util.Collections$UnmodifiableMap.forEach(Collections.java:1708)
	at org.springframework.boot.autoconfigure.condition.AbstractNestedCondition$MemberConditions.getMatchOutcomes(AbstractNestedCondition.java:169)
	at org.springframework.boot.autoconfigure.condition.AbstractNestedCondition$MemberMatchOutcomes.<init>(AbstractNestedCondition.java:78)
	at org.springframework.boot.autoconfigure.condition.AbstractNestedCondition.getMatchOutcome(AbstractNestedCondition.java:63)
	at org.springframework.boot.autoconfigure.condition.SpringBootCondition.matches(SpringBootCondition.java:47)
	... 101 common frames omitted
2025-11-25 21:08:20.179 DEBUG --- [           main] org.springframework.test.context.cache   : Spring test ApplicationContext cache statistics: [DefaultContextCache@1c93b51e size = 0, maxSize = 32, parentContextCount = 0, hitCount = 0, missCount = 1, failureCount = 1]
2025-11-25 21:08:20.180  WARN --- [           main] o.s.test.context.TestContextManager      : Caught exception while allowing TestExecutionListener [org.springframework.test.context.web.ServletTestExecutionListener] to prepare test instance [com.fsocial.accountservice.AccountServiceApplicationTests@7c0f28f8]
java.lang.IllegalStateException: Failed to load ApplicationContext for [WebMergedContextConfiguration@7ea2412c testClass = com.fsocial.accountservice.AccountServiceApplicationTests, locations = [], classes = [com.fsocial.accountservice.AccountServiceApplication], contextInitializerClasses = [], activeProfiles = [], propertySourceDescriptors = [], propertySourceProperties = ["org.springframework.boot.test.context.SpringBootTestContextBootstrapper=true"], contextCustomizers = [org.springframework.boot.test.context.filter.ExcludeFilterContextCustomizer@7de62196, org.springframework.boot.test.json.DuplicateJsonObjectContextCustomizerFactory$DuplicateJsonObjectContextCustomizer@389b0789, org.springframework.boot.test.mock.mockito.MockitoContextCustomizer@0, org.springframework.boot.test.web.client.TestRestTemplateContextCustomizer@75c56eb9, org.springframework.boot.test.web.reactor.netty.DisableReactorResourceFactoryGlobalResourcesContextCustomizerFactory$DisableReactorResourceFactoryGlobalResourcesContextCustomizerCustomizer@7ba8c737, org.springframework.boot.test.autoconfigure.OnFailureConditionReportContextCustomizerFactory$OnFailureConditionReportContextCustomizer@16c069df, org.springframework.boot.test.autoconfigure.actuate.observability.ObservabilityContextCustomizerFactory$DisableObservabilityContextCustomizer@1f, org.springframework.boot.test.autoconfigure.properties.PropertyMappingContextCustomizer@0, org.springframework.boot.test.autoconfigure.web.servlet.WebDriverContextCustomizer@4e928fbf, org.springframework.test.context.support.DynamicPropertiesContextCustomizer@0, org.springframework.boot.test.context.SpringBootTestAnnotation@e81c68c4], resourceBasePath = "src/main/webapp", contextLoader = org.springframework.boot.test.context.SpringBootContextLoader, parent = null]
	at org.springframework.test.context.cache.DefaultCacheAwareContextLoaderDelegate.loadContext(DefaultCacheAwareContextLoaderDelegate.java:180)
	at org.springframework.test.context.support.DefaultTestContext.getApplicationContext(DefaultTestContext.java:130)
	at org.springframework.test.context.web.ServletTestExecutionListener.setUpRequestContextIfNecessary(ServletTestExecutionListener.java:191)
	at org.springframework.test.context.web.ServletTestExecutionListener.prepareTestInstance(ServletTestExecutionListener.java:130)
	at org.springframework.test.context.TestContextManager.prepareTestInstance(TestContextManager.java:260)
	at org.springframework.test.context.junit.jupiter.SpringExtension.postProcessTestInstance(SpringExtension.java:160)
	at org.junit.jupiter.engine.descriptor.ClassBasedTestDescriptor.lambda$invokeTestInstancePostProcessors$11(ClassBasedTestDescriptor.java:378)
	at org.junit.jupiter.engine.descriptor.ClassBasedTestDescriptor.executeAndMaskThrowable(ClassBasedTestDescriptor.java:383)
	at org.junit.jupiter.engine.descriptor.ClassBasedTestDescriptor.lambda$invokeTestInstancePostProcessors$12(ClassBasedTestDescriptor.java:378)
	at java.base/java.util.stream.ForEachOps$ForEachOp$OfRef.accept(ForEachOps.java:184)
	at java.base/java.util.stream.ReferencePipeline$3$1.accept(ReferencePipeline.java:212)
	at java.base/java.util.stream.ReferencePipeline$2$1.accept(ReferencePipeline.java:194)
	at java.base/java.util.stream.ReferencePipeline$3$1.accept(ReferencePipeline.java:212)
	at java.base/java.util.ArrayList$ArrayListSpliterator.forEachRemaining(ArrayList.java:1709)
	at java.base/java.util.stream.AbstractPipeline.copyInto(AbstractPipeline.java:556)
	at java.base/java.util.stream.AbstractPipeline.wrapAndCopyInto(AbstractPipeline.java:546)
	at java.base/java.util.stream.ForEachOps$ForEachOp.evaluateSequential(ForEachOps.java:151)
	at java.base/java.util.stream.ForEachOps$ForEachOp$OfRef.evaluateSequential(ForEachOps.java:174)
	at java.base/java.util.stream.AbstractPipeline.evaluate(AbstractPipeline.java:265)
	at java.base/java.util.stream.ReferencePipeline.forEach(ReferencePipeline.java:611)
	at org.junit.jupiter.engine.descriptor.ClassBasedTestDescriptor.invokeTestInstancePostProcessors(ClassBasedTestDescriptor.java:377)
	at org.junit.jupiter.engine.descriptor.ClassBasedTestDescriptor.lambda$instantiateAndPostProcessTestInstance$7(ClassBasedTestDescriptor.java:290)
	at org.junit.platform.engine.support.hierarchical.ThrowableCollector.execute(ThrowableCollector.java:73)
	at org.junit.jupiter.engine.descriptor.ClassBasedTestDescriptor.instantiateAndPostProcessTestInstance(ClassBasedTestDescriptor.java:289)
	at org.junit.jupiter.engine.descriptor.ClassBasedTestDescriptor.lambda$testInstancesProvider$5(ClassBasedTestDescriptor.java:279)
	at java.base/java.util.Optional.orElseGet(Optional.java:364)
	at org.junit.jupiter.engine.descriptor.ClassBasedTestDescriptor.lambda$testInstancesProvider$6(ClassBasedTestDescriptor.java:278)
	at org.junit.jupiter.engine.execution.TestInstancesProvider.getTestInstances(TestInstancesProvider.java:31)
	at org.junit.jupiter.engine.descriptor.TestMethodTestDescriptor.lambda$prepare$1(TestMethodTestDescriptor.java:105)
	at org.junit.platform.engine.support.hierarchical.ThrowableCollector.execute(ThrowableCollector.java:73)
	at org.junit.jupiter.engine.descriptor.TestMethodTestDescriptor.prepare(TestMethodTestDescriptor.java:104)
	at org.junit.jupiter.engine.descriptor.TestMethodTestDescriptor.prepare(TestMethodTestDescriptor.java:68)
	at org.junit.platform.engine.support.hierarchical.NodeTestTask.lambda$prepare$2(NodeTestTask.java:128)
	at org.junit.platform.engine.support.hierarchical.ThrowableCollector.execute(ThrowableCollector.java:73)
	at org.junit.platform.engine.support.hierarchical.NodeTestTask.prepare(NodeTestTask.java:128)
	at org.junit.platform.engine.support.hierarchical.NodeTestTask.execute(NodeTestTask.java:95)
	at java.base/java.util.ArrayList.forEach(ArrayList.java:1597)
	at org.junit.platform.engine.support.hierarchical.SameThreadHierarchicalTestExecutorService.invokeAll(SameThreadHierarchicalTestExecutorService.java:41)
	at org.junit.platform.engine.support.hierarchical.NodeTestTask.lambda$executeRecursively$6(NodeTestTask.java:160)
	at org.junit.platform.engine.support.hierarchical.ThrowableCollector.execute(ThrowableCollector.java:73)
	at org.junit.platform.engine.support.hierarchical.NodeTestTask.lambda$executeRecursively$8(NodeTestTask.java:146)
	at org.junit.platform.engine.support.hierarchical.Node.around(Node.java:137)
	at org.junit.platform.engine.support.hierarchical.NodeTestTask.lambda$executeRecursively$9(NodeTestTask.java:144)
	at org.junit.platform.engine.support.hierarchical.ThrowableCollector.execute(ThrowableCollector.java:73)
	at org.junit.platform.engine.support.hierarchical.NodeTestTask.executeRecursively(NodeTestTask.java:143)
	at org.junit.platform.engine.support.hierarchical.NodeTestTask.execute(NodeTestTask.java:100)
	at java.base/java.util.ArrayList.forEach(ArrayList.java:1597)
	at org.junit.platform.engine.support.hierarchical.SameThreadHierarchicalTestExecutorService.invokeAll(SameThreadHierarchicalTestExecutorService.java:41)
	at org.junit.platform.engine.support.hierarchical.NodeTestTask.lambda$executeRecursively$6(NodeTestTask.java:160)
	at org.junit.platform.engine.support.hierarchical.ThrowableCollector.execute(ThrowableCollector.java:73)
	at org.junit.platform.engine.support.hierarchical.NodeTestTask.lambda$executeRecursively$8(NodeTestTask.java:146)
	at org.junit.platform.engine.support.hierarchical.Node.around(Node.java:137)
	at org.junit.platform.engine.support.hierarchical.NodeTestTask.lambda$executeRecursively$9(NodeTestTask.java:144)
	at org.junit.platform.engine.support.hierarchical.ThrowableCollector.execute(ThrowableCollector.java:73)
	at org.junit.platform.engine.support.hierarchical.NodeTestTask.executeRecursively(NodeTestTask.java:143)
	at org.junit.platform.engine.support.hierarchical.NodeTestTask.execute(NodeTestTask.java:100)
	at org.junit.platform.engine.support.hierarchical.SameThreadHierarchicalTestExecutorService.submit(SameThreadHierarchicalTestExecutorService.java:35)
	at org.junit.platform.engine.support.hierarchical.HierarchicalTestExecutor.execute(HierarchicalTestExecutor.java:57)
	at org.junit.platform.engine.support.hierarchical.HierarchicalTestEngine.execute(HierarchicalTestEngine.java:54)
	at org.junit.platform.launcher.core.EngineExecutionOrchestrator.execute(EngineExecutionOrchestrator.java:198)
	at org.junit.platform.launcher.core.EngineExecutionOrchestrator.execute(EngineExecutionOrchestrator.java:169)
	at org.junit.platform.launcher.core.EngineExecutionOrchestrator.execute(EngineExecutionOrchestrator.java:93)
	at org.junit.platform.launcher.core.EngineExecutionOrchestrator.lambda$execute$0(EngineExecutionOrchestrator.java:58)
	at org.junit.platform.launcher.core.EngineExecutionOrchestrator.withInterceptedStreams(EngineExecutionOrchestrator.java:141)
	at org.junit.platform.launcher.core.EngineExecutionOrchestrator.execute(EngineExecutionOrchestrator.java:57)
	at org.junit.platform.launcher.core.DefaultLauncher.execute(DefaultLauncher.java:103)
	at org.junit.platform.launcher.core.DefaultLauncher.execute(DefaultLauncher.java:85)
	at org.junit.platform.launcher.core.DelegatingLauncher.execute(DelegatingLauncher.java:47)
	at org.apache.maven.surefire.junitplatform.LazyLauncher.execute(LazyLauncher.java:56)
	at org.apache.maven.surefire.junitplatform.JUnitPlatformProvider.execute(JUnitPlatformProvider.java:184)
	at org.apache.maven.surefire.junitplatform.JUnitPlatformProvider.invokeAllTests(JUnitPlatformProvider.java:148)
	at org.apache.maven.surefire.junitplatform.JUnitPlatformProvider.invoke(JUnitPlatformProvider.java:122)
	at org.apache.maven.surefire.booter.ForkedBooter.runSuitesInProcess(ForkedBooter.java:385)
	at org.apache.maven.surefire.booter.ForkedBooter.execute(ForkedBooter.java:162)
	at org.apache.maven.surefire.booter.ForkedBooter.run(ForkedBooter.java:507)
	at org.apache.maven.surefire.booter.ForkedBooter.main(ForkedBooter.java:495)
Caused by: org.springframework.beans.factory.BeanDefinitionStoreException: Failed to process import candidates for configuration class [com.fsocial.accountservice.AccountServiceApplication]: Error processing condition on org.springframework.boot.autoconfigure.mail.MailSenderAutoConfiguration
	at org.springframework.context.annotation.ConfigurationClassParser.processImports(ConfigurationClassParser.java:613)
	at org.springframework.context.annotation.ConfigurationClassParser$DeferredImportSelectorGroupingHandler.lambda$processGroupImports$1(ConfigurationClassParser.java:836)
	at java.base/java.lang.Iterable.forEach(Iterable.java:75)
	at org.springframework.context.annotation.ConfigurationClassParser$DeferredImportSelectorGroupingHandler.processGroupImports(ConfigurationClassParser.java:833)
	at org.springframework.context.annotation.ConfigurationClassParser$DeferredImportSelectorHandler.process(ConfigurationClassParser.java:803)
	at org.springframework.context.annotation.ConfigurationClassParser.parse(ConfigurationClassParser.java:189)
	at org.springframework.context.annotation.ConfigurationClassPostProcessor.processConfigBeanDefinitions(ConfigurationClassPostProcessor.java:418)
	at org.springframework.context.annotation.ConfigurationClassPostProcessor.postProcessBeanDefinitionRegistry(ConfigurationClassPostProcessor.java:290)
	at org.springframework.context.support.PostProcessorRegistrationDelegate.invokeBeanDefinitionRegistryPostProcessors(PostProcessorRegistrationDelegate.java:349)
	at org.springframework.context.support.PostProcessorRegistrationDelegate.invokeBeanFactoryPostProcessors(PostProcessorRegistrationDelegate.java:118)
	at org.springframework.context.support.AbstractApplicationContext.invokeBeanFactoryPostProcessors(AbstractApplicationContext.java:791)
	at org.springframework.context.support.AbstractApplicationContext.refresh(AbstractApplicationContext.java:609)
	at org.springframework.boot.SpringApplication.refresh(SpringApplication.java:752)
	at org.springframework.boot.SpringApplication.refreshContext(SpringApplication.java:439)
	at org.springframework.boot.SpringApplication.run(SpringApplication.java:318)
	at org.springframework.boot.test.context.SpringBootContextLoader.lambda$loadContext$3(SpringBootContextLoader.java:137)
	at org.springframework.util.function.ThrowingSupplier.get(ThrowingSupplier.java:58)
	at org.springframework.util.function.ThrowingSupplier.get(ThrowingSupplier.java:46)
	at org.springframework.boot.SpringApplication.withHook(SpringApplication.java:1461)
	at org.springframework.boot.test.context.SpringBootContextLoader$ContextLoaderHook.run(SpringBootContextLoader.java:553)
	at org.springframework.boot.test.context.SpringBootContextLoader.loadContext(SpringBootContextLoader.java:137)
	at org.springframework.boot.test.context.SpringBootContextLoader.loadContext(SpringBootContextLoader.java:108)
	at org.springframework.test.context.cache.DefaultCacheAwareContextLoaderDelegate.loadContextInternal(DefaultCacheAwareContextLoaderDelegate.java:225)
	at org.springframework.test.context.cache.DefaultCacheAwareContextLoaderDelegate.loadContext(DefaultCacheAwareContextLoaderDelegate.java:152)
	... 75 common frames omitted
Caused by: java.lang.IllegalStateException: Error processing condition on org.springframework.boot.autoconfigure.mail.MailSenderAutoConfiguration
	at org.springframework.boot.autoconfigure.condition.SpringBootCondition.matches(SpringBootCondition.java:60)
	at org.springframework.context.annotation.ConditionEvaluator.shouldSkip(ConditionEvaluator.java:99)
	at org.springframework.context.annotation.ConfigurationClassParser.processConfigurationClass(ConfigurationClassParser.java:233)
	at org.springframework.context.annotation.ConfigurationClassParser.processImports(ConfigurationClassParser.java:603)
	... 98 common frames omitted
Caused by: org.springframework.util.PlaceholderResolutionException: Could not resolve placeholder 'SENDGRID_HOST' in value "${SENDGRID_HOST}"
	at org.springframework.util.PlaceholderResolutionException.withValue(PlaceholderResolutionException.java:81)
	at org.springframework.util.PlaceholderParser$ParsedValue.resolve(PlaceholderParser.java:416)
	at org.springframework.util.PlaceholderParser.replacePlaceholders(PlaceholderParser.java:128)
	at org.springframework.util.PropertyPlaceholderHelper.parseStringValue(PropertyPlaceholderHelper.java:118)
	at org.springframework.util.PropertyPlaceholderHelper.replacePlaceholders(PropertyPlaceholderHelper.java:114)
	at org.springframework.core.env.AbstractPropertyResolver.doResolvePlaceholders(AbstractPropertyResolver.java:255)
	at org.springframework.core.env.AbstractPropertyResolver.resolveRequiredPlaceholders(AbstractPropertyResolver.java:226)
	at org.springframework.core.env.AbstractPropertyResolver.resolveNestedPlaceholders(AbstractPropertyResolver.java:246)
	at org.springframework.boot.context.properties.source.ConfigurationPropertySourcesPropertyResolver.getProperty(ConfigurationPropertySourcesPropertyResolver.java:81)
	at org.springframework.boot.context.properties.source.ConfigurationPropertySourcesPropertyResolver.getProperty(ConfigurationPropertySourcesPropertyResolver.java:62)
	at org.springframework.core.env.AbstractEnvironment.getProperty(AbstractEnvironment.java:557)
	at org.springframework.boot.autoconfigure.condition.OnPropertyCondition$Spec.collectProperties(OnPropertyCondition.java:121)
	at org.springframework.boot.autoconfigure.condition.OnPropertyCondition.determineOutcome(OnPropertyCondition.java:71)
	at org.springframework.boot.autoconfigure.condition.OnPropertyCondition.getMatchOutcome(OnPropertyCondition.java:58)
	at org.springframework.boot.autoconfigure.condition.AbstractNestedCondition$MemberOutcomes.getConditionOutcome(AbstractNestedCondition.java:195)
	at org.springframework.boot.autoconfigure.condition.AbstractNestedCondition$MemberOutcomes.<init>(AbstractNestedCondition.java:189)
	at org.springframework.boot.autoconfigure.condition.AbstractNestedCondition$MemberConditions.lambda$getMatchOutcomes$0(AbstractNestedCondition.java:169)
	at java.base/java.util.LinkedHashMap.forEach(LinkedHashMap.java:986)
	at org.springframework.util.MultiValueMapAdapter.forEach(MultiValueMapAdapter.java:179)
	at java.base/java.util.Collections$UnmodifiableMap.forEach(Collections.java:1708)
	at org.springframework.boot.autoconfigure.condition.AbstractNestedCondition$MemberConditions.getMatchOutcomes(AbstractNestedCondition.java:169)
	at org.springframework.boot.autoconfigure.condition.AbstractNestedCondition$MemberMatchOutcomes.<init>(AbstractNestedCondition.java:78)
	at org.springframework.boot.autoconfigure.condition.AbstractNestedCondition.getMatchOutcome(AbstractNestedCondition.java:63)
	at org.springframework.boot.autoconfigure.condition.SpringBootCondition.matches(SpringBootCondition.java:47)
	... 101 common frames omitted
2025-11-25 21:08:20.200 DEBUG --- [           main] .c.s.DirtiesContextTestExecutionListener : After test class: class [AccountServiceApplicationTests], class annotated with @DirtiesContext [false] with mode [null]
2025-11-25 21:26:59.076 DEBUG --- [kground-preinit] org.jboss.logging                        : Logging Provider: org.jboss.logging.Slf4jLoggerProvider found via system property
2025-11-25 21:26:59.189  INFO --- [           main] c.f.a.AccountServiceApplicationTests     : Starting AccountServiceApplicationTests using Java 22.0.2 with PID 21772 (started by acer in C:\Users\acer\OneDrive\Workspace\Fsocial\Fsocial_be\accountService)
2025-11-25 21:26:59.189 DEBUG --- [           main] c.f.a.AccountServiceApplicationTests     : Running with Spring Boot v3.4.1, Spring v6.2.1
2025-11-25 21:26:59.191  INFO --- [           main] c.f.a.AccountServiceApplicationTests     : The following 1 profile is active: "dev"
2025-11-25 21:26:59.193 DEBUG --- [           main] o.s.boot.SpringApplication               : Loading source class com.fsocial.accountservice.AccountServiceApplication
2025-11-25 21:26:59.241 DEBUG --- [           main] o.s.w.c.s.GenericWebApplicationContext   : Refreshing org.springframework.web.context.support.GenericWebApplicationContext@743c6ce4
2025-11-25 21:26:59.265 DEBUG --- [           main] o.s.b.f.s.DefaultListableBeanFactory     : Creating shared instance of singleton bean 'org.springframework.context.annotation.internalConfigurationAnnotationProcessor'
2025-11-25 21:26:59.287 DEBUG --- [           main] o.s.b.f.s.DefaultListableBeanFactory     : Creating shared instance of singleton bean 'org.springframework.boot.autoconfigure.internalCachingMetadataReaderFactory'
2025-11-25 21:26:59.387 DEBUG --- [           main] o.s.c.a.ClassPathBeanDefinitionScanner   : Identified candidate component class: file [C:\Users\acer\OneDrive\Workspace\Fsocial\Fsocial_be\accountService\target\classes\com\fsocial\accountservice\config\AppConfig.class]
2025-11-25 21:26:59.389 DEBUG --- [           main] o.s.c.a.ClassPathBeanDefinitionScanner   : Identified candidate component class: file [C:\Users\acer\OneDrive\Workspace\Fsocial\Fsocial_be\accountService\target\classes\com\fsocial\accountservice\config\AuditingConfig.class]
2025-11-25 21:26:59.393 DEBUG --- [           main] o.s.c.a.ClassPathBeanDefinitionScanner   : Identified candidate component class: file [C:\Users\acer\OneDrive\Workspace\Fsocial\Fsocial_be\accountService\target\classes\com\fsocial\accountservice\config\CorsConfig.class]
2025-11-25 21:26:59.395 DEBUG --- [           main] o.s.c.a.ClassPathBeanDefinitionScanner   : Identified candidate component class: file [C:\Users\acer\OneDrive\Workspace\Fsocial\Fsocial_be\accountService\target\classes\com\fsocial\accountservice\config\CustomJwtDecode.class]
2025-11-25 21:26:59.395 DEBUG --- [           main] o.s.c.a.ClassPathBeanDefinitionScanner   : Identified candidate component class: file [C:\Users\acer\OneDrive\Workspace\Fsocial\Fsocial_be\accountService\target\classes\com\fsocial\accountservice\config\JacksonConfig.class]
2025-11-25 21:26:59.398 DEBUG --- [           main] o.s.c.a.ClassPathBeanDefinitionScanner   : Identified candidate component class: file [C:\Users\acer\OneDrive\Workspace\Fsocial\Fsocial_be\accountService\target\classes\com\fsocial\accountservice\config\JwtConfig.class]
2025-11-25 21:26:59.399 DEBUG --- [           main] o.s.c.a.ClassPathBeanDefinitionScanner   : Identified candidate component class: file [C:\Users\acer\OneDrive\Workspace\Fsocial\Fsocial_be\accountService\target\classes\com\fsocial\accountservice\config\OAuth2LoginSuccessHandler.class]
2025-11-25 21:26:59.401 DEBUG --- [           main] o.s.c.a.ClassPathBeanDefinitionScanner   : Identified candidate component class: file [C:\Users\acer\OneDrive\Workspace\Fsocial\Fsocial_be\accountService\target\classes\com\fsocial\accountservice\config\OpenAPIConfig.class]
2025-11-25 21:26:59.403 DEBUG --- [           main] o.s.c.a.ClassPathBeanDefinitionScanner   : Identified candidate component class: file [C:\Users\acer\OneDrive\Workspace\Fsocial\Fsocial_be\accountService\target\classes\com\fsocial\accountservice\config\RedisConfig.class]
2025-11-25 21:26:59.424 DEBUG --- [           main] o.s.c.a.ClassPathBeanDefinitionScanner   : Identified candidate component class: file [C:\Users\acer\OneDrive\Workspace\Fsocial\Fsocial_be\accountService\target\classes\com\fsocial\accountservice\controller\AccountController.class]
2025-11-25 21:26:59.425 DEBUG --- [           main] o.s.c.a.ClassPathBeanDefinitionScanner   : Identified candidate component class: file [C:\Users\acer\OneDrive\Workspace\Fsocial\Fsocial_be\accountService\target\classes\com\fsocial\accountservice\controller\AuthenticateController.class]
2025-11-25 21:26:59.427 DEBUG --- [           main] o.s.c.a.ClassPathBeanDefinitionScanner   : Identified candidate component class: file [C:\Users\acer\OneDrive\Workspace\Fsocial\Fsocial_be\accountService\target\classes\com\fsocial\accountservice\controller\CheckConnection.class]
2025-11-25 21:26:59.428 DEBUG --- [           main] o.s.c.a.ClassPathBeanDefinitionScanner   : Identified candidate component class: file [C:\Users\acer\OneDrive\Workspace\Fsocial\Fsocial_be\accountService\target\classes\com\fsocial\accountservice\controller\GoogleAuthen.class]
2025-11-25 21:26:59.429 DEBUG --- [           main] o.s.c.a.ClassPathBeanDefinitionScanner   : Identified candidate component class: file [C:\Users\acer\OneDrive\Workspace\Fsocial\Fsocial_be\accountService\target\classes\com\fsocial\accountservice\controller\InternalController.class]
2025-11-25 21:26:59.430 DEBUG --- [           main] o.s.c.a.ClassPathBeanDefinitionScanner   : Identified candidate component class: file [C:\Users\acer\OneDrive\Workspace\Fsocial\Fsocial_be\accountService\target\classes\com\fsocial\accountservice\controller\OAuth2AuthenticationSuccessHandler.class]
2025-11-25 21:26:59.433 DEBUG --- [           main] o.s.c.a.ClassPathBeanDefinitionScanner   : Identified candidate component class: file [C:\Users\acer\OneDrive\Workspace\Fsocial\Fsocial_be\accountService\target\classes\com\fsocial\accountservice\controller\PermissionController.class]
2025-11-25 21:26:59.434 DEBUG --- [           main] o.s.c.a.ClassPathBeanDefinitionScanner   : Identified candidate component class: file [C:\Users\acer\OneDrive\Workspace\Fsocial\Fsocial_be\accountService\target\classes\com\fsocial\accountservice\controller\RoleController.class]
2025-11-25 21:26:59.509 DEBUG --- [           main] o.s.c.a.ClassPathBeanDefinitionScanner   : Identified candidate component class: file [C:\Users\acer\OneDrive\Workspace\Fsocial\Fsocial_be\accountService\target\classes\com\fsocial\accountservice\exception\GlobalExceptionHandler.class]
2025-11-25 21:26:59.510 DEBUG --- [           main] o.s.c.a.ClassPathBeanDefinitionScanner   : Identified candidate component class: file [C:\Users\acer\OneDrive\Workspace\Fsocial\Fsocial_be\accountService\target\classes\com\fsocial\accountservice\mapper\AccountMapperImpl.class]
2025-11-25 21:26:59.512 DEBUG --- [           main] o.s.c.a.ClassPathBeanDefinitionScanner   : Identified candidate component class: file [C:\Users\acer\OneDrive\Workspace\Fsocial\Fsocial_be\accountService\target\classes\com\fsocial\accountservice\mapper\PermissionMapperImpl.class]
2025-11-25 21:26:59.513 DEBUG --- [           main] o.s.c.a.ClassPathBeanDefinitionScanner   : Identified candidate component class: file [C:\Users\acer\OneDrive\Workspace\Fsocial\Fsocial_be\accountService\target\classes\com\fsocial\accountservice\mapper\ProfileMapperImpl.class]
2025-11-25 21:26:59.514 DEBUG --- [           main] o.s.c.a.ClassPathBeanDefinitionScanner   : Identified candidate component class: file [C:\Users\acer\OneDrive\Workspace\Fsocial\Fsocial_be\accountService\target\classes\com\fsocial\accountservice\mapper\RoleMapperImpl.class]
2025-11-25 21:26:59.518 DEBUG --- [           main] o.s.c.a.ClassPathBeanDefinitionScanner   : Ignored because not a concrete top-level class: file [C:\Users\acer\OneDrive\Workspace\Fsocial\Fsocial_be\accountService\target\classes\com\fsocial\accountservice\repository\AccountRepository.class]
2025-11-25 21:26:59.522 DEBUG --- [           main] o.s.c.a.ClassPathBeanDefinitionScanner   : Ignored because not a concrete top-level class: file [C:\Users\acer\OneDrive\Workspace\Fsocial\Fsocial_be\accountService\target\classes\com\fsocial\accountservice\repository\PermissionRepository.class]
2025-11-25 21:26:59.523 DEBUG --- [           main] o.s.c.a.ClassPathBeanDefinitionScanner   : Ignored because not a concrete top-level class: file [C:\Users\acer\OneDrive\Workspace\Fsocial\Fsocial_be\accountService\target\classes\com\fsocial\accountservice\repository\RefreshTokenRepository.class]
2025-11-25 21:26:59.524 DEBUG --- [           main] o.s.c.a.ClassPathBeanDefinitionScanner   : Ignored because not a concrete top-level class: file [C:\Users\acer\OneDrive\Workspace\Fsocial\Fsocial_be\accountService\target\classes\com\fsocial\accountservice\repository\RoleRepository.class]
2025-11-25 21:26:59.525 DEBUG --- [           main] o.s.c.a.ClassPathBeanDefinitionScanner   : Ignored because not a concrete top-level class: file [C:\Users\acer\OneDrive\Workspace\Fsocial\Fsocial_be\accountService\target\classes\com\fsocial\accountservice\repository\TokenRepository.class]
2025-11-25 21:26:59.531 DEBUG --- [           main] o.s.c.a.ClassPathBeanDefinitionScanner   : Identified candidate component class: file [C:\Users\acer\OneDrive\Workspace\Fsocial\Fsocial_be\accountService\target\classes\com\fsocial\accountservice\services\impl\AccountServiceImpl.class]
2025-11-25 21:26:59.535 DEBUG --- [           main] o.s.c.a.ClassPathBeanDefinitionScanner   : Identified candidate component class: file [C:\Users\acer\OneDrive\Workspace\Fsocial\Fsocial_be\accountService\target\classes\com\fsocial\accountservice\services\impl\AuthenticationServiceImpl.class]
2025-11-25 21:26:59.536 DEBUG --- [           main] o.s.c.a.ClassPathBeanDefinitionScanner   : Identified candidate component class: file [C:\Users\acer\OneDrive\Workspace\Fsocial\Fsocial_be\accountService\target\classes\com\fsocial\accountservice\services\impl\BanServiceImpl.class]
2025-11-25 21:26:59.537 DEBUG --- [           main] o.s.c.a.ClassPathBeanDefinitionScanner   : Identified candidate component class: file [C:\Users\acer\OneDrive\Workspace\Fsocial\Fsocial_be\accountService\target\classes\com\fsocial\accountservice\services\impl\JwtServiceImpl.class]
2025-11-25 21:26:59.539 DEBUG --- [           main] o.s.c.a.ClassPathBeanDefinitionScanner   : Identified candidate component class: file [C:\Users\acer\OneDrive\Workspace\Fsocial\Fsocial_be\accountService\target\classes\com\fsocial\accountservice\services\impl\OtpServiceImpl.class]
2025-11-25 21:26:59.540 DEBUG --- [           main] o.s.c.a.ClassPathBeanDefinitionScanner   : Identified candidate component class: file [C:\Users\acer\OneDrive\Workspace\Fsocial\Fsocial_be\accountService\target\classes\com\fsocial\accountservice\services\impl\PermissionServiceImpl.class]
2025-11-25 21:26:59.543 DEBUG --- [           main] o.s.c.a.ClassPathBeanDefinitionScanner   : Identified candidate component class: file [C:\Users\acer\OneDrive\Workspace\Fsocial\Fsocial_be\accountService\target\classes\com\fsocial\accountservice\services\impl\RefreshTokenServiceImpl.class]
2025-11-25 21:26:59.545 DEBUG --- [           main] o.s.c.a.ClassPathBeanDefinitionScanner   : Identified candidate component class: file [C:\Users\acer\OneDrive\Workspace\Fsocial\Fsocial_be\accountService\target\classes\com\fsocial\accountservice\services\impl\RoleServiceImpl.class]
2025-11-25 21:26:59.550 DEBUG --- [           main] o.s.c.a.ClassPathBeanDefinitionScanner   : Identified candidate component class: file [C:\Users\acer\OneDrive\Workspace\Fsocial\Fsocial_be\accountService\target\classes\com\fsocial\accountservice\util\MailUtils.class]
2025-11-25 21:27:00.032 DEBUG --- [           main] ySourcesPropertyResolver$DefaultResolver : Found key 'MYSQL_URL' in PropertySource 'Config resource 'file [..\.env]' via location 'optional:file:../.env[.properties]'' with value of type String
2025-11-25 21:27:00.113 DEBUG --- [           main] ySourcesPropertyResolver$DefaultResolver : Found key 'SENDGRID_HOST' in PropertySource 'Config resource 'file [..\.env]' via location 'optional:file:../.env[.properties]'' with value of type String
2025-11-25 21:27:00.116 DEBUG --- [           main] ySourcesPropertyResolver$DefaultResolver : Found key 'SENDGRID_HOST' in PropertySource 'Config resource 'file [..\.env]' via location 'optional:file:../.env[.properties]'' with value of type String
2025-11-25 21:27:00.214 DEBUG --- [           main] o.s.c.openfeign.FeignClientsRegistrar$1  : Identified candidate component class: file [C:\Users\acer\OneDrive\Workspace\Fsocial\Fsocial_be\accountService\target\classes\com\fsocial\accountservice\repository\httpclient\ProfileClient.class]
2025-11-25 21:27:00.217 DEBUG --- [           main] ySourcesPropertyResolver$DefaultResolver : Found key 'PROFILE_SERVICE_URL' in PropertySource 'Config resource 'file [..\.env]' via location 'optional:file:../.env[.properties]'' with value of type String
2025-11-25 21:27:00.592  INFO --- [           main] .s.d.r.c.RepositoryConfigurationDelegate : Multiple Spring Data modules found, entering strict repository configuration mode
2025-11-25 21:27:00.594  INFO --- [           main] .s.d.r.c.RepositoryConfigurationDelegate : Bootstrapping Spring Data JPA repositories in DEFAULT mode.
2025-11-25 21:27:00.602 DEBUG --- [           main] o.s.b.f.s.DefaultListableBeanFactory     : Creating shared instance of singleton bean 'org.springframework.boot.autoconfigure.AutoConfigurationPackages'
2025-11-25 21:27:00.611 DEBUG --- [           main] o.s.b.a.AutoConfigurationPackages        : @EnableAutoConfiguration was declared on a class in the package 'com.fsocial.accountservice'. Automatic @Repository and @Entity scanning is enabled.
2025-11-25 21:27:00.612 DEBUG --- [           main] .s.d.r.c.RepositoryConfigurationDelegate : Scanning for JPA repositories in packages com.fsocial.accountservice.
2025-11-25 21:27:00.631 DEBUG --- [           main] o.s.d.r.c.RepositoryComponentProvider    : Identified candidate component class: file [C:\Users\acer\OneDrive\Workspace\Fsocial\Fsocial_be\accountService\target\classes\com\fsocial\accountservice\repository\AccountRepository.class]
2025-11-25 21:27:00.631 DEBUG --- [           main] o.s.d.r.c.RepositoryComponentProvider    : Identified candidate component class: file [C:\Users\acer\OneDrive\Workspace\Fsocial\Fsocial_be\accountService\target\classes\com\fsocial\accountservice\repository\PermissionRepository.class]
2025-11-25 21:27:00.631 DEBUG --- [           main] o.s.d.r.c.RepositoryComponentProvider    : Identified candidate component class: file [C:\Users\acer\OneDrive\Workspace\Fsocial\Fsocial_be\accountService\target\classes\com\fsocial\accountservice\repository\RefreshTokenRepository.class]
2025-11-25 21:27:00.631 DEBUG --- [           main] o.s.d.r.c.RepositoryComponentProvider    : Identified candidate component class: file [C:\Users\acer\OneDrive\Workspace\Fsocial\Fsocial_be\accountService\target\classes\com\fsocial\accountservice\repository\RoleRepository.class]
2025-11-25 21:27:00.631 DEBUG --- [           main] o.s.d.r.c.RepositoryComponentProvider    : Identified candidate component class: file [C:\Users\acer\OneDrive\Workspace\Fsocial\Fsocial_be\accountService\target\classes\com\fsocial\accountservice\repository\TokenRepository.class]
2025-11-25 21:27:00.753 DEBUG --- [           main] ssPathScanningCandidateComponentProvider : Identified candidate component class: file [C:\Users\acer\OneDrive\Workspace\Fsocial\Fsocial_be\accountService\target\classes\com\fsocial\accountservice\mapper\AccountMapperImpl.class]
2025-11-25 21:27:00.753 DEBUG --- [           main] ssPathScanningCandidateComponentProvider : Identified candidate component class: file [C:\Users\acer\OneDrive\Workspace\Fsocial\Fsocial_be\accountService\target\classes\com\fsocial\accountservice\mapper\PermissionMapperImpl.class]
2025-11-25 21:27:00.753 DEBUG --- [           main] ssPathScanningCandidateComponentProvider : Identified candidate component class: file [C:\Users\acer\OneDrive\Workspace\Fsocial\Fsocial_be\accountService\target\classes\com\fsocial\accountservice\mapper\ProfileMapperImpl.class]
2025-11-25 21:27:00.754 DEBUG --- [           main] ssPathScanningCandidateComponentProvider : Identified candidate component class: file [C:\Users\acer\OneDrive\Workspace\Fsocial\Fsocial_be\accountService\target\classes\com\fsocial\accountservice\mapper\RoleMapperImpl.class]
2025-11-25 21:27:00.754 DEBUG --- [           main] ssPathScanningCandidateComponentProvider : Identified candidate component class: file [C:\Users\acer\OneDrive\Workspace\Fsocial\Fsocial_be\accountService\target\classes\com\fsocial\accountservice\services\impl\AccountServiceImpl.class]
2025-11-25 21:27:00.754 DEBUG --- [           main] ssPathScanningCandidateComponentProvider : Identified candidate component class: file [C:\Users\acer\OneDrive\Workspace\Fsocial\Fsocial_be\accountService\target\classes\com\fsocial\accountservice\services\impl\AuthenticationServiceImpl.class]
2025-11-25 21:27:00.754 DEBUG --- [           main] ssPathScanningCandidateComponentProvider : Identified candidate component class: file [C:\Users\acer\OneDrive\Workspace\Fsocial\Fsocial_be\accountService\target\classes\com\fsocial\accountservice\services\impl\BanServiceImpl.class]
2025-11-25 21:27:00.754 DEBUG --- [           main] ssPathScanningCandidateComponentProvider : Identified candidate component class: file [C:\Users\acer\OneDrive\Workspace\Fsocial\Fsocial_be\accountService\target\classes\com\fsocial\accountservice\services\impl\JwtServiceImpl.class]
2025-11-25 21:27:00.754 DEBUG --- [           main] ssPathScanningCandidateComponentProvider : Identified candidate component class: file [C:\Users\acer\OneDrive\Workspace\Fsocial\Fsocial_be\accountService\target\classes\com\fsocial\accountservice\services\impl\OtpServiceImpl.class]
2025-11-25 21:27:00.754 DEBUG --- [           main] ssPathScanningCandidateComponentProvider : Identified candidate component class: file [C:\Users\acer\OneDrive\Workspace\Fsocial\Fsocial_be\accountService\target\classes\com\fsocial\accountservice\services\impl\PermissionServiceImpl.class]
2025-11-25 21:27:00.754 DEBUG --- [           main] ssPathScanningCandidateComponentProvider : Identified candidate component class: file [C:\Users\acer\OneDrive\Workspace\Fsocial\Fsocial_be\accountService\target\classes\com\fsocial\accountservice\services\impl\RefreshTokenServiceImpl.class]
2025-11-25 21:27:00.754 DEBUG --- [           main] ssPathScanningCandidateComponentProvider : Identified candidate component class: file [C:\Users\acer\OneDrive\Workspace\Fsocial\Fsocial_be\accountService\target\classes\com\fsocial\accountservice\services\impl\RoleServiceImpl.class]
2025-11-25 21:27:00.777  INFO --- [           main] .s.d.r.c.RepositoryConfigurationDelegate : Finished Spring Data repository scanning in 163 ms. Found 5 JPA repository interfaces.
2025-11-25 21:27:00.797  INFO --- [           main] .s.d.r.c.RepositoryConfigurationDelegate : Multiple Spring Data modules found, entering strict repository configuration mode
2025-11-25 21:27:00.798  INFO --- [           main] .s.d.r.c.RepositoryConfigurationDelegate : Bootstrapping Spring Data Redis repositories in DEFAULT mode.
2025-11-25 21:27:00.807 DEBUG --- [           main] .s.d.r.c.RepositoryConfigurationDelegate : Scanning for Redis repositories in packages com.fsocial.accountservice.
2025-11-25 21:27:00.813 DEBUG --- [           main] o.s.d.r.c.RepositoryComponentProvider    : Identified candidate component class: file [C:\Users\acer\OneDrive\Workspace\Fsocial\Fsocial_be\accountService\target\classes\com\fsocial\accountservice\repository\AccountRepository.class]
2025-11-25 21:27:00.814 DEBUG --- [           main] o.s.d.r.c.RepositoryComponentProvider    : Identified candidate component class: file [C:\Users\acer\OneDrive\Workspace\Fsocial\Fsocial_be\accountService\target\classes\com\fsocial\accountservice\repository\PermissionRepository.class]
2025-11-25 21:27:00.814 DEBUG --- [           main] o.s.d.r.c.RepositoryComponentProvider    : Identified candidate component class: file [C:\Users\acer\OneDrive\Workspace\Fsocial\Fsocial_be\accountService\target\classes\com\fsocial\accountservice\repository\RefreshTokenRepository.class]
2025-11-25 21:27:00.814 DEBUG --- [           main] o.s.d.r.c.RepositoryComponentProvider    : Identified candidate component class: file [C:\Users\acer\OneDrive\Workspace\Fsocial\Fsocial_be\accountService\target\classes\com\fsocial\accountservice\repository\RoleRepository.class]
2025-11-25 21:27:00.814 DEBUG --- [           main] o.s.d.r.c.RepositoryComponentProvider    : Identified candidate component class: file [C:\Users\acer\OneDrive\Workspace\Fsocial\Fsocial_be\accountService\target\classes\com\fsocial\accountservice\repository\TokenRepository.class]
2025-11-25 21:27:00.817  INFO --- [           main] .RepositoryConfigurationExtensionSupport : Spring Data Redis - Could not safely identify store assignment for repository candidate interface com.fsocial.accountservice.repository.AccountRepository; If you want this repository to be a Redis repository, consider annotating your entities with one of these annotations: org.springframework.data.redis.core.RedisHash (preferred), or consider extending one of the following types with your repository: org.springframework.data.keyvalue.repository.KeyValueRepository
2025-11-25 21:27:00.818  INFO --- [           main] .RepositoryConfigurationExtensionSupport : Spring Data Redis - Could not safely identify store assignment for repository candidate interface com.fsocial.accountservice.repository.PermissionRepository; If you want this repository to be a Redis repository, consider annotating your entities with one of these annotations: org.springframework.data.redis.core.RedisHash (preferred), or consider extending one of the following types with your repository: org.springframework.data.keyvalue.repository.KeyValueRepository
2025-11-25 21:27:00.818  INFO --- [           main] .RepositoryConfigurationExtensionSupport : Spring Data Redis - Could not safely identify store assignment for repository candidate interface com.fsocial.accountservice.repository.RefreshTokenRepository; If you want this repository to be a Redis repository, consider annotating your entities with one of these annotations: org.springframework.data.redis.core.RedisHash (preferred), or consider extending one of the following types with your repository: org.springframework.data.keyvalue.repository.KeyValueRepository
2025-11-25 21:27:00.818  INFO --- [           main] .RepositoryConfigurationExtensionSupport : Spring Data Redis - Could not safely identify store assignment for repository candidate interface com.fsocial.accountservice.repository.RoleRepository; If you want this repository to be a Redis repository, consider annotating your entities with one of these annotations: org.springframework.data.redis.core.RedisHash (preferred), or consider extending one of the following types with your repository: org.springframework.data.keyvalue.repository.KeyValueRepository
2025-11-25 21:27:00.818  INFO --- [           main] .RepositoryConfigurationExtensionSupport : Spring Data Redis - Could not safely identify store assignment for repository candidate interface com.fsocial.accountservice.repository.TokenRepository; If you want this repository to be a Redis repository, consider annotating your entities with one of these annotations: org.springframework.data.redis.core.RedisHash (preferred), or consider extending one of the following types with your repository: org.springframework.data.keyvalue.repository.KeyValueRepository
2025-11-25 21:27:00.818  INFO --- [           main] .s.d.r.c.RepositoryConfigurationDelegate : Finished Spring Data repository scanning in 12 ms. Found 0 Redis repository interfaces.
2025-11-25 21:27:00.863 DEBUG --- [           main] ySourcesPropertyResolver$DefaultResolver : Found key 'SENDGRID_HOST' in PropertySource 'Config resource 'file [..\.env]' via location 'optional:file:../.env[.properties]'' with value of type String
2025-11-25 21:27:01.007 DEBUG --- [           main] o.s.b.f.s.DefaultListableBeanFactory     : Creating shared instance of singleton bean 'refreshScope'
2025-11-25 21:27:01.010 DEBUG --- [           main] o.s.b.f.s.DefaultListableBeanFactory     : Creating shared instance of singleton bean 'springSecurityHandlerMappingIntrospectorBeanDefinitionRegistryPostProcessor'
2025-11-25 21:27:01.012 DEBUG --- [           main] o.s.b.f.s.DefaultListableBeanFactory     : Creating shared instance of singleton bean 'authorizedClientManagerRegistrar'
2025-11-25 21:27:01.012 DEBUG --- [           main] o.s.b.f.s.DefaultListableBeanFactory     : Creating shared instance of singleton bean 'org.springframework.security.config.annotation.web.configuration.OAuth2ClientConfiguration$OAuth2AuthorizedClientManagerConfiguration'
2025-11-25 21:27:01.015 DEBUG --- [           main] o.s.b.f.s.DefaultListableBeanFactory     : Creating shared instance of singleton bean 'org.springframework.cloud.autoconfigure.RefreshAutoConfiguration$RefreshScopeBeanDefinitionEnhancer'
2025-11-25 21:27:01.162 DEBUG --- [           main] o.s.cloud.context.scope.GenericScope     : Generating bean factory id from names: [OAuth2AuthenticationSuccessHandler, OAuth2AuthorizedClientManager, OAuth2LoginSuccessHandler, _prePostMethodSecurityConfiguration, accountController, accountMapperImpl, accountRepository, accountServiceApplication, accountServiceImpl, additionalModelsConverter, appConfig, applicationAvailability, applicationTaskExecutor, auditingConfig, auditorAware, authenticateController, authenticationEventPublisher, authenticationManagerBuilder, authenticationManagerPostProcessor, authenticationServiceImpl, authorizationProxyFactory, authorizeReturnObjectAdvisor, authorizeReturnObjectHintsRegistrar, authorizeReturnObjectMethodInterceptor, authorizedClientManagerRegistrar, authorizedClientRepository, authorizedClientService, banServiceImpl, basicErrorController, beanNameHandlerMapping, beanNameViewResolver, booleanRedisTemplate, characterEncodingFilter, checkConnection, clientHttpRequestFactoryBuilder, clientHttpRequestFactorySettings, clientRegistrationRepository, com.fsocial.accountservice.repository.httpclient.ProfileClient, compositeCompatibilityVerifier, compositeDiscoveryClient, configDataContextRefresher, configurationPropertiesBeans, configurationPropertiesRebinder, conventionErrorViewResolver, conversionServicePostProcessor, corsConfig, corsWebFilter, customJwtDecode, customOpenAPI, data-jpa.repository-aot-processor#0, data-redis.repository-aot-processor#0, dataRestDelegatingMethodParameterCustomizer, dataSource, dataSourceScriptDatabaseInitializer, default.com.fsocial.accountservice.AccountServiceApplication.FeignClientSpecification, defaultServletHandlerMapping, defaultValidator, defaultViewResolver, defaultsBindHandlerAdvisor, delegatingApplicationListener, dispatcherServlet, dispatcherServletRegistration, emBeanDefinitionRegistrarPostProcessor, enableGlobalAuthenticationAutowiredConfigurer, entityManagerFactory, entityManagerFactoryBuilder, environmentManager, error, errorAttributes, errorPageCustomizer, errorPageRegistrarBeanPostProcessor, feignChildContextInitializer, feignClientBeanFactoryInitializationCodeGenerator, feignContext, feignFeature, feignTargeter, fileSupportConverter, fileWatcher, filterChainDecoratorPostProcessor, flashMapManager, formContentFilter, globalExceptionHandler, globalOpenApiCustomizer, googleAuthen, handlerExceptionResolver, handlerFunctionAdapter, hikariPoolDataSourceMetadataProvider, httpMessageConvertersRestClientCustomizer, httpRequestHandlerAdapter, indexPageTransformer, inetUtils, inetUtilsProperties, initializeAuthenticationProviderBeanManagerConfigurer, initializeUserDetailsBeanManagerConfigurer, internalController, jacksonConfig, jacksonGeoModule, jacksonObjectMapperBuilder, jdbcClient, jdbcConnectionDetails, jdbcConnectionDetailsHikariBeanPostProcessor, jdbcTemplate, jpa.AccountRepository.fragments#0, jpa.PermissionRepository.fragments#0, jpa.RefreshTokenRepository.fragments#0, jpa.RoleRepository.fragments#0, jpa.TokenRepository.fragments#0, jpa.named-queries#0, jpa.named-queries#1, jpa.named-queries#2, jpa.named-queries#3, jpa.named-queries#4, jpaAuditingHandler, jpaContext, jpaMappingContext, jpaSharedEM_entityManagerFactory, jpaVendorAdapter, jsonComponentModule, jsonMixinModule, jsonMixinModuleEntries, jwtConfig, jwtServiceImpl, keyValueMappingContext, lettuceClientResources, lifecycleProcessor, loadBalancerClientsDefaultsMappingsProvider, localSpringDocParameterNameDiscoverer, localeCharsetMappingsCustomizer, localeResolver, loggingFilter, loggingRebinder, mailSender, mailUtils, mappingJackson2HttpMessageConverter, messageConverters, methodAuthorizationManagerPostProcessor, methodResultAuthorizationManagerPostProcessor, methodValidationPostProcessor, modelConverterRegistrar, multipartConfigElement, multipartResolver, mvcContentNegotiationManager, mvcConversionService, mvcHandlerMappingIntrospector, mvcHandlerMappingIntrospectorRequestTransformer, mvcPathMatcher, mvcPatternParser, mvcResourceUrlProvider, mvcUriComponentsContributor, mvcUrlPathHelper, mvcValidator, mvcViewResolver, namedParameterJdbcTemplate, oas31ModelConverter, objectMapper, objectPostProcessor, offsetResolver, openAPIBuilder, openAPIConfig, openApiResource, openEntityManagerInViewInterceptor, openEntityManagerInViewInterceptorConfigurer, operationBuilder, org.springdoc.core.configuration.SpringDocConfiguration, org.springdoc.core.configuration.SpringDocConfiguration$OpenApiResourceAdvice, org.springdoc.core.configuration.SpringDocConfiguration$QuerydslProvider, org.springdoc.core.configuration.SpringDocConfiguration$SpringDocSpringDataWebPropertiesProvider, org.springdoc.core.configuration.SpringDocConfiguration$SpringDocWebFluxSupportConfiguration, org.springdoc.core.configuration.SpringDocConfiguration$WebConversionServiceConfiguration, org.springdoc.core.configuration.SpringDocPageableConfiguration, org.springdoc.core.configuration.SpringDocSecurityConfiguration, org.springdoc.core.configuration.SpringDocSecurityConfiguration$SpringDocSecurityOAuth2ClientConfiguration, org.springdoc.core.configuration.SpringDocSecurityConfiguration$SpringSecurityLoginEndpointConfiguration, org.springdoc.core.configuration.SpringDocSortConfiguration, org.springdoc.core.properties.SpringDocConfigProperties, org.springdoc.core.properties.SwaggerUiConfigProperties, org.springdoc.core.properties.SwaggerUiOAuthProperties, org.springdoc.webmvc.core.configuration.SpringDocWebMvcConfiguration, org.springdoc.webmvc.core.configuration.SpringDocWebMvcConfiguration$SpringDocWebMvcRouterConfiguration, org.springdoc.webmvc.ui.SwaggerConfig, org.springframework.aop.config.internalAutoProxyCreator, org.springframework.boot.autoconfigure.AutoConfigurationPackages, org.springframework.boot.autoconfigure.aop.AopAutoConfiguration, org.springframework.boot.autoconfigure.aop.AopAutoConfiguration$AspectJAutoProxyingConfiguration, org.springframework.boot.autoconfigure.aop.AopAutoConfiguration$AspectJAutoProxyingConfiguration$CglibAutoProxyConfiguration, org.springframework.boot.autoconfigure.availability.ApplicationAvailabilityAutoConfiguration, org.springframework.boot.autoconfigure.context.ConfigurationPropertiesAutoConfiguration, org.springframework.boot.autoconfigure.context.LifecycleAutoConfiguration, org.springframework.boot.autoconfigure.context.PropertyPlaceholderAutoConfiguration, org.springframework.boot.autoconfigure.dao.PersistenceExceptionTranslationAutoConfiguration, org.springframework.boot.autoconfigure.data.jpa.JpaRepositoriesAutoConfiguration, org.springframework.boot.autoconfigure.data.redis.LettuceConnectionConfiguration, org.springframework.boot.autoconfigure.data.redis.RedisAutoConfiguration, org.springframework.boot.autoconfigure.data.redis.RedisReactiveAutoConfiguration, org.springframework.boot.autoconfigure.data.redis.RedisRepositoriesAutoConfiguration, org.springframework.boot.autoconfigure.data.web.SpringDataWebAutoConfiguration, org.springframework.boot.autoconfigure.http.HttpMessageConvertersAutoConfiguration, org.springframework.boot.autoconfigure.http.HttpMessageConvertersAutoConfiguration$StringHttpMessageConverterConfiguration, org.springframework.boot.autoconfigure.http.JacksonHttpMessageConvertersConfiguration, org.springframework.boot.autoconfigure.http.JacksonHttpMessageConvertersConfiguration$MappingJackson2HttpMessageConverterConfiguration, org.springframework.boot.autoconfigure.http.client.HttpClientAutoConfiguration, org.springframework.boot.autoconfigure.info.ProjectInfoAutoConfiguration, org.springframework.boot.autoconfigure.internalCachingMetadataReaderFactory, org.springframework.boot.autoconfigure.jackson.JacksonAutoConfiguration, org.springframework.boot.autoconfigure.jackson.JacksonAutoConfiguration$Jackson2ObjectMapperBuilderCustomizerConfiguration, org.springframework.boot.autoconfigure.jackson.JacksonAutoConfiguration$JacksonMixinConfiguration, org.springframework.boot.autoconfigure.jackson.JacksonAutoConfiguration$JacksonObjectMapperBuilderConfiguration, org.springframework.boot.autoconfigure.jackson.JacksonAutoConfiguration$JacksonObjectMapperConfiguration, org.springframework.boot.autoconfigure.jackson.JacksonAutoConfiguration$ParameterNamesModuleConfiguration, org.springframework.boot.autoconfigure.jdbc.DataSourceAutoConfiguration, org.springframework.boot.autoconfigure.jdbc.DataSourceAutoConfiguration$PooledDataSourceConfiguration, org.springframework.boot.autoconfigure.jdbc.DataSourceConfiguration$Hikari, org.springframework.boot.autoconfigure.jdbc.DataSourceTransactionManagerAutoConfiguration, org.springframework.boot.autoconfigure.jdbc.DataSourceTransactionManagerAutoConfiguration$JdbcTransactionManagerConfiguration, org.springframework.boot.autoconfigure.jdbc.JdbcClientAutoConfiguration, org.springframework.boot.autoconfigure.jdbc.JdbcTemplateAutoConfiguration, org.springframework.boot.autoconfigure.jdbc.JdbcTemplateConfiguration, org.springframework.boot.autoconfigure.jdbc.NamedParameterJdbcTemplateConfiguration, org.springframework.boot.autoconfigure.jdbc.metadata.DataSourcePoolMetadataProvidersConfiguration, org.springframework.boot.autoconfigure.jdbc.metadata.DataSourcePoolMetadataProvidersConfiguration$HikariPoolDataSourceMetadataProviderConfiguration, org.springframework.boot.autoconfigure.mail.MailSenderAutoConfiguration, org.springframework.boot.autoconfigure.mail.MailSenderPropertiesConfiguration, org.springframework.boot.autoconfigure.netty.NettyAutoConfiguration, org.springframework.boot.autoconfigure.orm.jpa.HibernateJpaAutoConfiguration, org.springframework.boot.autoconfigure.orm.jpa.HibernateJpaConfiguration, org.springframework.boot.autoconfigure.orm.jpa.JpaBaseConfiguration$JpaWebConfiguration, org.springframework.boot.autoconfigure.orm.jpa.JpaBaseConfiguration$PersistenceManagedTypesConfiguration, org.springframework.boot.autoconfigure.reactor.ReactorAutoConfiguration, org.springframework.boot.autoconfigure.security.oauth2.client.servlet.OAuth2ClientAutoConfiguration, org.springframework.boot.autoconfigure.security.oauth2.client.servlet.OAuth2ClientRegistrationRepositoryConfiguration, org.springframework.boot.autoconfigure.security.oauth2.client.servlet.OAuth2WebSecurityConfiguration, org.springframework.boot.autoconfigure.security.oauth2.resource.servlet.OAuth2ResourceServerAutoConfiguration, org.springframework.boot.autoconfigure.security.oauth2.resource.servlet.OAuth2ResourceServerOpaqueTokenConfiguration$OpaqueTokenIntrospectionClientConfiguration, org.springframework.boot.autoconfigure.security.oauth2.resource.servlet.Oauth2ResourceServerConfiguration$JwtConfiguration, org.springframework.boot.autoconfigure.security.oauth2.resource.servlet.Oauth2ResourceServerConfiguration$OpaqueTokenConfiguration, org.springframework.boot.autoconfigure.security.servlet.SecurityAutoConfiguration, org.springframework.boot.autoconfigure.security.servlet.SecurityFilterAutoConfiguration, org.springframework.boot.autoconfigure.security.servlet.SpringBootWebSecurityConfiguration, org.springframework.boot.autoconfigure.sql.init.DataSourceInitializationConfiguration, org.springframework.boot.autoconfigure.sql.init.SqlInitializationAutoConfiguration, org.springframework.boot.autoconfigure.ssl.SslAutoConfiguration, org.springframework.boot.autoconfigure.task.TaskExecutionAutoConfiguration, org.springframework.boot.autoconfigure.task.TaskExecutorConfigurations$SimpleAsyncTaskExecutorBuilderConfiguration, org.springframework.boot.autoconfigure.task.TaskExecutorConfigurations$TaskExecutorConfiguration, org.springframework.boot.autoconfigure.task.TaskExecutorConfigurations$ThreadPoolTaskExecutorBuilderConfiguration, org.springframework.boot.autoconfigure.task.TaskSchedulingAutoConfiguration, org.springframework.boot.autoconfigure.task.TaskSchedulingConfigurations$SimpleAsyncTaskSchedulerBuilderConfiguration, org.springframework.boot.autoconfigure.task.TaskSchedulingConfigurations$ThreadPoolTaskSchedulerBuilderConfiguration, org.springframework.boot.autoconfigure.transaction.TransactionAutoConfiguration, org.springframework.boot.autoconfigure.transaction.TransactionAutoConfiguration$EnableTransactionManagementConfiguration, org.springframework.boot.autoconfigure.transaction.TransactionAutoConfiguration$EnableTransactionManagementConfiguration$CglibAutoProxyConfiguration, org.springframework.boot.autoconfigure.transaction.TransactionAutoConfiguration$TransactionTemplateConfiguration, org.springframework.boot.autoconfigure.transaction.TransactionManagerCustomizationAutoConfiguration, org.springframework.boot.autoconfigure.transaction.jta.JtaAutoConfiguration, org.springframework.boot.autoconfigure.validation.ValidationAutoConfiguration, org.springframework.boot.autoconfigure.web.client.RestClientAutoConfiguration, org.springframework.boot.autoconfigure.web.client.RestTemplateAutoConfiguration, org.springframework.boot.autoconfigure.web.servlet.DispatcherServletAutoConfiguration, org.springframework.boot.autoconfigure.web.servlet.DispatcherServletAutoConfiguration$DispatcherServletConfiguration, org.springframework.boot.autoconfigure.web.servlet.DispatcherServletAutoConfiguration$DispatcherServletRegistrationConfiguration, org.springframework.boot.autoconfigure.web.servlet.HttpEncodingAutoConfiguration, org.springframework.boot.autoconfigure.web.servlet.MultipartAutoConfiguration, org.springframework.boot.autoconfigure.web.servlet.ServletWebServerFactoryAutoConfiguration, org.springframework.boot.autoconfigure.web.servlet.ServletWebServerFactoryConfiguration$EmbeddedTomcat, org.springframework.boot.autoconfigure.web.servlet.WebMvcAutoConfiguration, org.springframework.boot.autoconfigure.web.servlet.WebMvcAutoConfiguration$EnableWebMvcConfiguration, org.springframework.boot.autoconfigure.web.servlet.WebMvcAutoConfiguration$ResourceChainCustomizerConfiguration, org.springframework.boot.autoconfigure.web.servlet.WebMvcAutoConfiguration$WebMvcAutoConfigurationAdapter, org.springframework.boot.autoconfigure.web.servlet.error.ErrorMvcAutoConfiguration, org.springframework.boot.autoconfigure.web.servlet.error.ErrorMvcAutoConfiguration$DefaultErrorViewResolverConfiguration, org.springframework.boot.autoconfigure.web.servlet.error.ErrorMvcAutoConfiguration$WhitelabelErrorViewConfiguration, org.springframework.boot.autoconfigure.websocket.servlet.WebSocketServletAutoConfiguration, org.springframework.boot.autoconfigure.websocket.servlet.WebSocketServletAutoConfiguration$TomcatWebSocketConfiguration, org.springframework.boot.context.internalConfigurationPropertiesBinder, org.springframework.boot.context.properties.BoundConfigurationProperties, org.springframework.boot.context.properties.ConfigurationPropertiesBindingPostProcessor, org.springframework.boot.context.properties.EnableConfigurationPropertiesRegistrar.methodValidationExcludeFilter, org.springframework.boot.sql.init.dependency.DatabaseInitializationDependencyConfigurer$DependsOnDatabaseInitializationPostProcessor, org.springframework.boot.test.mock.mockito.MockitoPostProcessor, org.springframework.boot.test.mock.mockito.MockitoPostProcessor$SpyPostProcessor, org.springframework.cloud.autoconfigure.ConfigurationPropertiesRebinderAutoConfiguration, org.springframework.cloud.autoconfigure.LifecycleMvcEndpointAutoConfiguration, org.springframework.cloud.autoconfigure.RefreshAutoConfiguration, org.springframework.cloud.autoconfigure.RefreshAutoConfiguration$RefreshScopeBeanDefinitionEnhancer, org.springframework.cloud.client.CommonsClientAutoConfiguration, org.springframework.cloud.client.ReactiveCommonsClientAutoConfiguration, org.springframework.cloud.client.discovery.composite.CompositeDiscoveryClientAutoConfiguration, org.springframework.cloud.client.discovery.simple.SimpleDiscoveryClientAutoConfiguration, org.springframework.cloud.client.loadbalancer.LoadBalancerDefaultMappingsProviderAutoConfiguration, org.springframework.cloud.client.serviceregistry.AutoServiceRegistrationAutoConfiguration, org.springframework.cloud.client.serviceregistry.AutoServiceRegistrationConfiguration, org.springframework.cloud.client.serviceregistry.ServiceRegistryAutoConfiguration, org.springframework.cloud.commons.config.CommonsConfigAutoConfiguration, org.springframework.cloud.commons.security.ResourceServerTokenRelayAutoConfiguration, org.springframework.cloud.commons.security.ResourceServerTokenRelayAutoConfiguration$ResourceServerTokenRelayRegistrationAutoConfiguration, org.springframework.cloud.commons.util.UtilAutoConfiguration, org.springframework.cloud.configuration.CompatibilityVerifierAutoConfiguration, org.springframework.cloud.openfeign.FeignAutoConfiguration, org.springframework.cloud.openfeign.FeignAutoConfiguration$DefaultFeignTargeterConfiguration, org.springframework.cloud.openfeign.FeignAutoConfiguration$FeignJacksonConfiguration, org.springframework.context.annotation.internalAutowiredAnnotationProcessor, org.springframework.context.annotation.internalCommonAnnotationProcessor, org.springframework.context.annotation.internalConfigurationAnnotationProcessor, org.springframework.context.annotation.internalPersistenceAnnotationProcessor, org.springframework.context.config.internalBeanConfigurerAspect, org.springframework.context.event.internalEventListenerFactory, org.springframework.context.event.internalEventListenerProcessor, org.springframework.data.jpa.domain.support.AuditingBeanFactoryPostProcessor, org.springframework.data.jpa.domain.support.AuditingEntityListener, org.springframework.data.jpa.repository.support.JpaEvaluationContextExtension, org.springframework.data.jpa.util.JpaMetamodelCacheCleanup, org.springframework.data.web.config.ProjectingArgumentResolverRegistrar, org.springframework.data.web.config.SpringDataJacksonConfiguration, org.springframework.data.web.config.SpringDataWebConfiguration, org.springframework.security.config.annotation.authentication.configuration.AuthenticationConfiguration, org.springframework.security.config.annotation.configuration.ObjectPostProcessorConfiguration, org.springframework.security.config.annotation.method.configuration.AuthorizationProxyConfiguration, org.springframework.security.config.annotation.method.configuration.MethodObservationConfiguration, org.springframework.security.config.annotation.web.configuration.HttpSecurityConfiguration, org.springframework.security.config.annotation.web.configuration.HttpSecurityConfiguration.httpSecurity, org.springframework.security.config.annotation.web.configuration.OAuth2ClientConfiguration, org.springframework.security.config.annotation.web.configuration.OAuth2ClientConfiguration$OAuth2AuthorizedClientManagerConfiguration, org.springframework.security.config.annotation.web.configuration.OAuth2ClientConfiguration$OAuth2ClientWebMvcSecurityConfiguration, org.springframework.security.config.annotation.web.configuration.ObservationConfiguration, org.springframework.security.config.annotation.web.configuration.WebMvcSecurityConfiguration, org.springframework.security.config.annotation.web.configuration.WebSecurityConfiguration, org.springframework.test.context.support.internalDynamicPropertyRegistrarBeanInitializer, org.springframework.transaction.annotation.ProxyTransactionManagementConfiguration, org.springframework.transaction.config.internalTransactionAdvisor, org.springframework.transaction.config.internalTransactionalEventListenerFactory, otpServiceImpl, pageJacksonModule, pageModule, pageOpenAPIConverter, pageableCustomizer, pageableOpenAPIConverter, pageableResolver, parameterBuilder, parameterNamesModule, parameterObjectNamingStrategyCustomizer, passwordEncoder, permissionController, permissionMapperImpl, permissionRepository, permissionServiceImpl, persistenceExceptionTranslationPostProcessor, persistenceManagedTypes, platformTransactionManagerCustomizers, polymorphicModelConverter, postAuthorizeAuthorizationAdvisor, postAuthorizeAuthorizationMethodInterceptor, postFilterAuthorizationAdvisor, postFilterAuthorizationMethodInterceptor, preAuthorizeAuthorizationAdvisor, preAuthorizeAuthorizationMethodInterceptor, preFilterAuthorizationAdvisor, preFilterAuthorizationMethodInterceptor, prePostAuthorizeExpressionHintsRegistrar, preserveErrorControllerTargetClassPostProcessor, privilegeEvaluator, profile-service.FeignClientSpecification, profileMapperImpl, projectingArgumentResolverBeanPostProcessor, propertyResolverUtils, propertySourcesPlaceholderConfigurer, queryDslQuerydslPredicateOperationCustomizer, reactiveRedisTemplate, reactiveStringRedisTemplate, redisConfig, redisConnectionDetails, redisConnectionFactory, redisConverter, redisCustomConversions, redisIndexConfiguration#0, redisKeyValueAdapter, redisKeyValueTemplate, redisKeyspaceConfiguration#0, redisMappingConfiguration#0, redisReferenceResolver, redisTemplate, refreshEventListener, refreshScope, refreshScopeLifecycle, refreshTokenRepository, refreshTokenServiceImpl, requestBodyBuilder, requestBuilder, requestContextFilter, requestDataValueProcessor, requestMappingHandlerAdapter, requestMappingHandlerMapping, resourceHandlerMapping, resourceHandlerRegistrationCustomizer, responseBuilder, responseSupportConverter, restClientBuilder, restClientBuilderConfigurer, restClientSsl, restTemplateBuilder, restTemplateBuilderConfigurer, roleController, roleMapperImpl, roleRepository, roleServiceImpl, routerFunctionMapping, routerFunctionProvider, schemaPropertyDeprecatingConverter, securityFilterChain, securityFilterChainRegistration, securityParser, server-org.springframework.boot.autoconfigure.web.ServerProperties, servletWebServerFactoryCustomizer, simpleAsyncTaskExecutorBuilder, simpleAsyncTaskSchedulerBuilder, simpleControllerHandlerAdapter, simpleDiscoveryClient, simpleDiscoveryProperties, sleuthPresentVerifier, sortCustomizer, sortModule, sortOpenAPIConverter, sortResolver, spring.cloud.compatibility-verifier-org.springframework.cloud.configuration.CompatibilityVerifierProperties, spring.cloud.openfeign.client-org.springframework.cloud.openfeign.FeignClientProperties, spring.cloud.openfeign.encoder-org.springframework.cloud.openfeign.support.FeignEncoderProperties, spring.cloud.openfeign.httpclient-org.springframework.cloud.openfeign.support.FeignHttpClientProperties, spring.cloud.refresh-org.springframework.cloud.autoconfigure.RefreshAutoConfiguration$RefreshProperties, spring.cloud.service-registry.auto-registration-org.springframework.cloud.client.serviceregistry.AutoServiceRegistrationProperties, spring.data.redis-org.springframework.boot.autoconfigure.data.redis.RedisProperties, spring.data.web-org.springframework.boot.autoconfigure.data.web.SpringDataWebProperties, spring.datasource-org.springframework.boot.autoconfigure.jdbc.DataSourceProperties, spring.http.client-org.springframework.boot.autoconfigure.http.client.HttpClientProperties, spring.info-org.springframework.boot.autoconfigure.info.ProjectInfoProperties, spring.jackson-org.springframework.boot.autoconfigure.jackson.JacksonProperties, spring.jdbc-org.springframework.boot.autoconfigure.jdbc.JdbcProperties, spring.jpa-org.springframework.boot.autoconfigure.orm.jpa.JpaProperties, spring.jpa.hibernate-org.springframework.boot.autoconfigure.orm.jpa.HibernateProperties, spring.lifecycle-org.springframework.boot.autoconfigure.context.LifecycleProperties, spring.mail-org.springframework.boot.autoconfigure.mail.MailProperties, spring.mvc-org.springframework.boot.autoconfigure.web.servlet.WebMvcProperties, spring.netty-org.springframework.boot.autoconfigure.netty.NettyProperties, spring.reactor-org.springframework.boot.autoconfigure.reactor.ReactorProperties, spring.security-org.springframework.boot.autoconfigure.security.SecurityProperties, spring.security.oauth2.client-org.springframework.boot.autoconfigure.security.oauth2.client.OAuth2ClientProperties, spring.security.oauth2.resourceserver-org.springframework.boot.autoconfigure.security.oauth2.resource.OAuth2ResourceServerProperties, spring.servlet.multipart-org.springframework.boot.autoconfigure.web.servlet.MultipartProperties, spring.sql.init-org.springframework.boot.autoconfigure.sql.init.SqlInitializationProperties, spring.ssl-org.springframework.boot.autoconfigure.ssl.SslProperties, spring.task.execution-org.springframework.boot.autoconfigure.task.TaskExecutionProperties, spring.task.scheduling-org.springframework.boot.autoconfigure.task.TaskSchedulingProperties, spring.transaction-org.springframework.boot.autoconfigure.transaction.TransactionProperties, spring.web-org.springframework.boot.autoconfigure.web.WebProperties, springBootVersionVerifier, springDataWebPropertiesProvider, springDataWebSettings, springDocCustomizers, springDocProviders, springSecurityFilterChain, springSecurityHandlerMappingIntrospectorBeanDefinitionRegistryPostProcessor, springWebProvider, springdocObjectMapperProvider, sslBundleRegistry, sslPropertiesSslBundleRegistrar, standardJacksonObjectMapperBuilderCustomizer, stringHttpMessageConverter, stringRedisTemplate, swaggerConfigResource, swaggerResourceResolver, swaggerWebMvcConfigurer, swaggerWelcome, themeResolver, threadPoolTaskExecutorBuilder, threadPoolTaskSchedulerBuilder, tokenRepository, tomcatServletWebServerFactory, tomcatServletWebServerFactoryCustomizer, transactionAttributeSource, transactionExecutionListeners, transactionInterceptor, transactionManager, transactionTemplate, viewControllerHandlerMapping, viewNameTranslator, viewResolver, webAuthorizationManagerPostProcessor, webConversionServiceProvider, webFluxSupportConverter, webSecurityExpressionHandler, webServerFactoryCustomizerBeanPostProcessor, websocketServletWebServerCustomizer, welcomePageHandlerMapping, welcomePageNotAcceptableHandlerMapping]
2025-11-25 21:27:01.166  INFO --- [           main] o.s.cloud.context.scope.GenericScope     : BeanFactory id=1f562ace-af9c-30fa-a9f5-4772e62e8ade
2025-11-25 21:27:01.168 DEBUG --- [           main] o.s.b.f.s.DefaultListableBeanFactory     : Creating shared instance of singleton bean 'propertySourcesPlaceholderConfigurer'
2025-11-25 21:27:01.173 DEBUG --- [           main] o.s.b.f.s.DefaultListableBeanFactory     : Creating shared instance of singleton bean 'org.springframework.boot.test.mock.mockito.MockitoPostProcessor'
2025-11-25 21:27:01.174 DEBUG --- [           main] o.s.b.f.s.DefaultListableBeanFactory     : Creating shared instance of singleton bean 'emBeanDefinitionRegistrarPostProcessor'
2025-11-25 21:27:01.174 DEBUG --- [           main] o.s.b.f.s.DefaultListableBeanFactory     : Creating shared instance of singleton bean 'org.springframework.boot.sql.init.dependency.DatabaseInitializationDependencyConfigurer$DependsOnDatabaseInitializationPostProcessor'
2025-11-25 21:27:01.238 DEBUG --- [           main] o.s.b.f.s.DefaultListableBeanFactory     : Creating shared instance of singleton bean 'org.springframework.context.event.internalEventListenerProcessor'
2025-11-25 21:27:01.240 DEBUG --- [           main] o.s.b.f.s.DefaultListableBeanFactory     : Creating shared instance of singleton bean 'conversionServicePostProcessor'
2025-11-25 21:27:01.243 DEBUG --- [           main] o.s.b.f.s.DefaultListableBeanFactory     : Creating shared instance of singleton bean 'org.springframework.data.jpa.domain.support.AuditingBeanFactoryPostProcessor'
2025-11-25 21:27:01.244 DEBUG --- [           main] o.s.b.f.s.DefaultListableBeanFactory     : Creating shared instance of singleton bean 'preserveErrorControllerTargetClassPostProcessor'
2025-11-25 21:27:01.244 DEBUG --- [           main] o.s.b.f.s.DefaultListableBeanFactory     : Creating shared instance of singleton bean 'org.springframework.context.event.internalEventListenerFactory'
2025-11-25 21:27:01.245 DEBUG --- [           main] o.s.b.f.s.DefaultListableBeanFactory     : Creating shared instance of singleton bean 'org.springframework.transaction.config.internalTransactionalEventListenerFactory'
2025-11-25 21:27:01.249 DEBUG --- [           main] o.s.b.f.s.DefaultListableBeanFactory     : Creating shared instance of singleton bean 'org.springframework.boot.test.mock.mockito.MockitoPostProcessor$SpyPostProcessor'
2025-11-25 21:27:01.251 DEBUG --- [           main] o.s.b.f.s.DefaultListableBeanFactory     : Creating shared instance of singleton bean 'org.springframework.context.annotation.internalAutowiredAnnotationProcessor'
2025-11-25 21:27:01.253 DEBUG --- [           main] o.s.b.f.s.DefaultListableBeanFactory     : Creating shared instance of singleton bean 'org.springframework.context.annotation.internalCommonAnnotationProcessor'
2025-11-25 21:27:01.259 DEBUG --- [           main] o.s.b.f.s.DefaultListableBeanFactory     : Creating shared instance of singleton bean 'org.springframework.context.annotation.internalPersistenceAnnotationProcessor'
2025-11-25 21:27:01.259 DEBUG --- [           main] o.s.b.f.s.DefaultListableBeanFactory     : Creating shared instance of singleton bean 'org.springframework.boot.context.properties.ConfigurationPropertiesBindingPostProcessor'
2025-11-25 21:27:01.259 DEBUG --- [           main] o.s.b.f.s.DefaultListableBeanFactory     : Creating shared instance of singleton bean 'org.springframework.boot.context.internalConfigurationPropertiesBinder'
2025-11-25 21:27:01.262 DEBUG --- [           main] o.s.b.f.s.DefaultListableBeanFactory     : Creating shared instance of singleton bean 'jdbcConnectionDetailsHikariBeanPostProcessor'
2025-11-25 21:27:01.266 DEBUG --- [           main] o.s.b.f.s.DefaultListableBeanFactory     : Creating shared instance of singleton bean 'org.springframework.aop.config.internalAutoProxyCreator'
2025-11-25 21:27:01.298 DEBUG --- [           main] o.s.b.f.s.DefaultListableBeanFactory     : Creating shared instance of singleton bean 'methodValidationPostProcessor'
2025-11-25 21:27:01.302 DEBUG --- [           main] o.s.b.f.s.DefaultListableBeanFactory     : Autowiring by type from bean name 'methodValidationPostProcessor' via factory method to bean named 'environment'
2025-11-25 21:27:01.305 DEBUG --- [           main] o.s.b.f.s.DefaultListableBeanFactory     : Creating shared instance of singleton bean 'org.springframework.boot.context.properties.EnableConfigurationPropertiesRegistrar.methodValidationExcludeFilter'
2025-11-25 21:27:01.320 DEBUG --- [           main] o.s.b.f.s.DefaultListableBeanFactory     : Creating shared instance of singleton bean 'persistenceExceptionTranslationPostProcessor'
2025-11-25 21:27:01.320 DEBUG --- [           main] o.s.b.f.s.DefaultListableBeanFactory     : Autowiring by type from bean name 'persistenceExceptionTranslationPostProcessor' via factory method to bean named 'environment'
2025-11-25 21:27:01.322 DEBUG --- [           main] o.s.b.f.s.DefaultListableBeanFactory     : Creating shared instance of singleton bean 'webServerFactoryCustomizerBeanPostProcessor'
2025-11-25 21:27:01.322 DEBUG --- [           main] o.s.b.f.s.DefaultListableBeanFactory     : Creating shared instance of singleton bean 'errorPageRegistrarBeanPostProcessor'
2025-11-25 21:27:01.323 DEBUG --- [           main] o.s.b.f.s.DefaultListableBeanFactory     : Creating shared instance of singleton bean 'projectingArgumentResolverBeanPostProcessor'
2025-11-25 21:27:01.324 DEBUG --- [           main] o.s.b.f.s.DefaultListableBeanFactory     : Creating shared instance of singleton bean 'preFilterAuthorizationAdvisor'
2025-11-25 21:27:01.324 DEBUG --- [           main] o.s.b.f.s.DefaultListableBeanFactory     : Creating shared instance of singleton bean 'preFilterAuthorizationMethodInterceptor'
2025-11-25 21:27:01.339 DEBUG --- [           main] o.s.b.f.s.DefaultListableBeanFactory     : Creating shared instance of singleton bean 'preAuthorizeAuthorizationAdvisor'
2025-11-25 21:27:01.340 DEBUG --- [           main] o.s.b.f.s.DefaultListableBeanFactory     : Creating shared instance of singleton bean 'preAuthorizeAuthorizationMethodInterceptor'
2025-11-25 21:27:01.341 DEBUG --- [           main] o.s.b.f.s.DefaultListableBeanFactory     : Creating shared instance of singleton bean 'postFilterAuthorizationAdvisor'
2025-11-25 21:27:01.341 DEBUG --- [           main] o.s.b.f.s.DefaultListableBeanFactory     : Creating shared instance of singleton bean 'postFilterAuthorizationMethodInterceptor'
2025-11-25 21:27:01.342 DEBUG --- [           main] o.s.b.f.s.DefaultListableBeanFactory     : Creating shared instance of singleton bean 'postAuthorizeAuthorizationAdvisor'
2025-11-25 21:27:01.342 DEBUG --- [           main] o.s.b.f.s.DefaultListableBeanFactory     : Creating shared instance of singleton bean 'postAuthorizeAuthorizationMethodInterceptor'
2025-11-25 21:27:01.343 DEBUG --- [           main] o.s.b.f.s.DefaultListableBeanFactory     : Creating shared instance of singleton bean 'authorizeReturnObjectAdvisor'
2025-11-25 21:27:01.343 DEBUG --- [           main] o.s.b.f.s.DefaultListableBeanFactory     : Creating shared instance of singleton bean 'authorizeReturnObjectMethodInterceptor'
2025-11-25 21:27:01.343 DEBUG --- [           main] o.s.b.f.s.DefaultListableBeanFactory     : Creating shared instance of singleton bean 'authorizationProxyFactory'
2025-11-25 21:27:01.348 DEBUG --- [           main] o.s.b.f.s.DefaultListableBeanFactory     : Autowiring by type from bean name 'authorizeReturnObjectMethodInterceptor' via factory method to bean named 'authorizationProxyFactory'
2025-11-25 21:27:01.353 DEBUG --- [           main] o.s.b.f.s.DefaultListableBeanFactory     : Creating shared instance of singleton bean 'org.springframework.transaction.config.internalTransactionAdvisor'
2025-11-25 21:27:01.353 DEBUG --- [           main] o.s.b.f.s.DefaultListableBeanFactory     : Creating shared instance of singleton bean 'org.springframework.transaction.annotation.ProxyTransactionManagementConfiguration'
2025-11-25 21:27:01.372 DEBUG --- [           main] .s.a.a.a.ReflectiveAspectJAdvisorFactory : Found AspectJ method: public void org.springframework.beans.factory.aspectj.AbstractDependencyInjectionAspect.ajc$before$org_springframework_beans_factory_aspectj_AbstractDependencyInjectionAspect$1$e854fa65(java.lang.Object)
2025-11-25 21:27:01.373 DEBUG --- [           main] .s.a.a.a.ReflectiveAspectJAdvisorFactory : Found AspectJ method: public void org.springframework.beans.factory.aspectj.AbstractDependencyInjectionAspect.ajc$afterReturning$org_springframework_beans_factory_aspectj_AbstractDependencyInjectionAspect$2$1ea6722c(java.lang.Object)
2025-11-25 21:27:01.374 DEBUG --- [           main] .s.a.a.a.ReflectiveAspectJAdvisorFactory : Found AspectJ method: public void org.springframework.beans.factory.aspectj.AbstractDependencyInjectionAspect.ajc$afterReturning$org_springframework_beans_factory_aspectj_AbstractDependencyInjectionAspect$3$6aa27052(java.lang.Object)
2025-11-25 21:27:01.469 DEBUG --- [           main] o.s.a.aspectj.AspectJExpressionPointcut  : Pointcut parser rejected expression [(beanConstruction(bean) && (preConstructionCondition() && inConfigurableBean()))]: java.lang.IllegalArgumentException: error Type referred to is not an annotation type: Configurable
2025-11-25 21:27:01.470 DEBUG --- [           main] o.s.a.aspectj.AspectJExpressionPointcut  : Pointcut parser rejected expression [(beanConstruction(bean) && (postConstructionCondition() && inConfigurableBean()))]: java.lang.IllegalArgumentException: error Type referred to is not an annotation type: Configurable
2025-11-25 21:27:01.472 DEBUG --- [           main] o.s.a.aspectj.AspectJExpressionPointcut  : Pointcut parser rejected expression [(beanDeserialization(bean) && inConfigurableBean())]: java.lang.IllegalArgumentException: error Type referred to is not an annotation type: Configurable
2025-11-25 21:27:01.472 DEBUG --- [           main] o.s.b.f.s.DefaultListableBeanFactory     : Creating shared instance of singleton bean 'transactionAttributeSource'
2025-11-25 21:27:01.475 DEBUG --- [           main] o.s.b.f.s.DefaultListableBeanFactory     : Creating shared instance of singleton bean 'transactionInterceptor'
2025-11-25 21:27:01.476 DEBUG --- [           main] o.s.b.f.s.DefaultListableBeanFactory     : Autowiring by type from bean name 'transactionInterceptor' via factory method to bean named 'transactionAttributeSource'
2025-11-25 21:27:01.481 DEBUG --- [           main] o.s.b.f.s.DefaultListableBeanFactory     : Autowiring by type from bean name 'org.springframework.transaction.config.internalTransactionAdvisor' via factory method to bean named 'transactionAttributeSource'
2025-11-25 21:27:01.481 DEBUG --- [           main] o.s.b.f.s.DefaultListableBeanFactory     : Autowiring by type from bean name 'org.springframework.transaction.config.internalTransactionAdvisor' via factory method to bean named 'transactionInterceptor'
2025-11-25 21:27:01.497 DEBUG --- [           main] o.s.b.f.s.DefaultListableBeanFactory     : Creating shared instance of singleton bean 'configurationPropertiesBeans'
2025-11-25 21:27:01.503 DEBUG --- [           main] o.s.u.c.s.UiApplicationContextUtils      : Unable to locate ThemeSource with name 'themeSource': using default [org.springframework.ui.context.support.ResourceBundleThemeSource@2f73f0c7]
2025-11-25 21:27:01.506 DEBUG --- [           main] o.s.b.f.s.DefaultListableBeanFactory     : Creating shared instance of singleton bean 'org.springframework.test.context.support.internalDynamicPropertyRegistrarBeanInitializer'
2025-11-25 21:27:01.509 DEBUG --- [           main] o.s.b.f.s.DefaultListableBeanFactory     : Creating shared instance of singleton bean 'dataSourceScriptDatabaseInitializer'
2025-11-25 21:27:01.509 DEBUG --- [           main] o.s.b.f.s.DefaultListableBeanFactory     : Creating shared instance of singleton bean 'org.springframework.boot.autoconfigure.sql.init.DataSourceInitializationConfiguration'
2025-11-25 21:27:01.510 DEBUG --- [           main] o.s.b.f.s.DefaultListableBeanFactory     : Creating shared instance of singleton bean 'dataSource'
2025-11-25 21:27:01.511 DEBUG --- [           main] o.s.b.f.s.DefaultListableBeanFactory     : Creating shared instance of singleton bean 'org.springframework.boot.autoconfigure.jdbc.DataSourceConfiguration$Hikari'
2025-11-25 21:27:01.512 DEBUG --- [           main] o.s.b.f.s.DefaultListableBeanFactory     : Creating shared instance of singleton bean 'spring.datasource-org.springframework.boot.autoconfigure.jdbc.DataSourceProperties'
2025-11-25 21:27:01.513 DEBUG --- [           main] o.s.b.f.s.DefaultListableBeanFactory     : Creating shared instance of singleton bean 'org.springframework.boot.context.properties.BoundConfigurationProperties'
2025-11-25 21:27:01.517 DEBUG --- [           main] o.s.b.f.s.DefaultListableBeanFactory     : Creating shared instance of singleton bean 'defaultsBindHandlerAdvisor'
2025-11-25 21:27:01.517 DEBUG --- [           main] o.s.b.f.s.DefaultListableBeanFactory     : Creating shared instance of singleton bean 'org.springframework.cloud.commons.config.CommonsConfigAutoConfiguration'
2025-11-25 21:27:01.519 DEBUG --- [           main] o.s.b.f.s.DefaultListableBeanFactory     : Creating shared instance of singleton bean 'loadBalancerClientsDefaultsMappingsProvider'
2025-11-25 21:27:01.519 DEBUG --- [           main] o.s.b.f.s.DefaultListableBeanFactory     : Creating shared instance of singleton bean 'org.springframework.cloud.client.loadbalancer.LoadBalancerDefaultMappingsProviderAutoConfiguration'
2025-11-25 21:27:01.521 DEBUG --- [           main] o.s.b.f.s.DefaultListableBeanFactory     : Autowiring by type from bean name 'defaultsBindHandlerAdvisor' via factory method to bean named 'loadBalancerClientsDefaultsMappingsProvider'
2025-11-25 21:27:01.527 DEBUG --- [           main] ySourcesPropertyResolver$DefaultResolver : Found key 'MYSQL_PASSWORD' in PropertySource 'Config resource 'file [..\.env]' via location 'optional:file:../.env[.properties]'' with value of type String
2025-11-25 21:27:01.529 DEBUG --- [           main] ySourcesPropertyResolver$DefaultResolver : Found key 'MYSQL_URL' in PropertySource 'Config resource 'file [..\.env]' via location 'optional:file:../.env[.properties]'' with value of type String
2025-11-25 21:27:01.529 DEBUG --- [           main] ySourcesPropertyResolver$DefaultResolver : Found key 'MYSQL_USER' in PropertySource 'Config resource 'file [..\.env]' via location 'optional:file:../.env[.properties]'' with value of type String
2025-11-25 21:27:01.534 DEBUG --- [           main] o.s.b.f.s.DefaultListableBeanFactory     : Creating shared instance of singleton bean 'jdbcConnectionDetails'
2025-11-25 21:27:01.535 DEBUG --- [           main] o.s.b.f.s.DefaultListableBeanFactory     : Creating shared instance of singleton bean 'org.springframework.boot.autoconfigure.jdbc.DataSourceAutoConfiguration$PooledDataSourceConfiguration'
2025-11-25 21:27:01.536 DEBUG --- [           main] o.s.b.f.s.DefaultListableBeanFactory     : Autowiring by type from bean name 'jdbcConnectionDetails' via factory method to bean named 'spring.datasource-org.springframework.boot.autoconfigure.jdbc.DataSourceProperties'
2025-11-25 21:27:01.537 DEBUG --- [           main] o.s.b.f.s.DefaultListableBeanFactory     : Autowiring by type from bean name 'dataSource' via factory method to bean named 'spring.datasource-org.springframework.boot.autoconfigure.jdbc.DataSourceProperties'
2025-11-25 21:27:01.537 DEBUG --- [           main] o.s.b.f.s.DefaultListableBeanFactory     : Autowiring by type from bean name 'dataSource' via factory method to bean named 'jdbcConnectionDetails'
2025-11-25 21:27:01.540 DEBUG --- [           main] com.zaxxer.hikari.HikariConfig           : Driver class com.mysql.cj.jdbc.Driver found in Thread context class loader jdk.internal.loader.ClassLoaders$AppClassLoader@70dea4e
2025-11-25 21:27:01.564 DEBUG --- [           main] o.s.b.f.s.DefaultListableBeanFactory     : Creating shared instance of singleton bean 'spring.sql.init-org.springframework.boot.autoconfigure.sql.init.SqlInitializationProperties'
2025-11-25 21:27:01.567 DEBUG --- [           main] o.s.b.f.s.DefaultListableBeanFactory     : Autowiring by type from bean name 'dataSourceScriptDatabaseInitializer' via factory method to bean named 'dataSource'
2025-11-25 21:27:01.567 DEBUG --- [           main] o.s.b.f.s.DefaultListableBeanFactory     : Autowiring by type from bean name 'dataSourceScriptDatabaseInitializer' via factory method to bean named 'spring.sql.init-org.springframework.boot.autoconfigure.sql.init.SqlInitializationProperties'
2025-11-25 21:27:01.573 DEBUG --- [           main] o.s.b.f.s.DefaultListableBeanFactory     : Creating shared instance of singleton bean 'org.springframework.context.config.internalBeanConfigurerAspect'
2025-11-25 21:27:01.574 DEBUG --- [           main] o.s.b.f.s.DefaultListableBeanFactory     : Creating shared instance of singleton bean 'entityManagerFactory'
2025-11-25 21:27:01.575 DEBUG --- [           main] o.s.b.f.s.DefaultListableBeanFactory     : Creating shared instance of singleton bean 'org.springframework.boot.autoconfigure.orm.jpa.HibernateJpaConfiguration'
2025-11-25 21:27:01.576 DEBUG --- [           main] o.s.b.f.s.DefaultListableBeanFactory     : Creating shared instance of singleton bean 'spring.jpa-org.springframework.boot.autoconfigure.orm.jpa.JpaProperties'
2025-11-25 21:27:01.582 DEBUG --- [           main] o.s.b.f.s.DefaultListableBeanFactory     : Creating shared instance of singleton bean 'spring.jpa.hibernate-org.springframework.boot.autoconfigure.orm.jpa.HibernateProperties'
2025-11-25 21:27:01.584 DEBUG --- [           main] o.s.b.f.s.DefaultListableBeanFactory     : Autowiring by type from bean name 'org.springframework.boot.autoconfigure.orm.jpa.HibernateJpaConfiguration' via constructor to bean named 'dataSource'
2025-11-25 21:27:01.584 DEBUG --- [           main] o.s.b.f.s.DefaultListableBeanFactory     : Autowiring by type from bean name 'org.springframework.boot.autoconfigure.orm.jpa.HibernateJpaConfiguration' via constructor to bean named 'spring.jpa-org.springframework.boot.autoconfigure.orm.jpa.JpaProperties'
2025-11-25 21:27:01.584 DEBUG --- [           main] o.s.b.f.s.DefaultListableBeanFactory     : Autowiring by type from bean name 'org.springframework.boot.autoconfigure.orm.jpa.HibernateJpaConfiguration' via constructor to bean named 'org.springframework.beans.factory.support.DefaultListableBeanFactory@12d1f1d4'
2025-11-25 21:27:01.584 DEBUG --- [           main] o.s.b.f.s.DefaultListableBeanFactory     : Autowiring by type from bean name 'org.springframework.boot.autoconfigure.orm.jpa.HibernateJpaConfiguration' via constructor to bean named 'spring.jpa.hibernate-org.springframework.boot.autoconfigure.orm.jpa.HibernateProperties'
2025-11-25 21:27:01.589 DEBUG --- [           main] o.s.b.f.s.DefaultListableBeanFactory     : Creating shared instance of singleton bean 'hikariPoolDataSourceMetadataProvider'
2025-11-25 21:27:01.589 DEBUG --- [           main] o.s.b.f.s.DefaultListableBeanFactory     : Creating shared instance of singleton bean 'org.springframework.boot.autoconfigure.jdbc.metadata.DataSourcePoolMetadataProvidersConfiguration$HikariPoolDataSourceMetadataProviderConfiguration'
2025-11-25 21:27:01.598 DEBUG --- [           main] o.s.b.f.s.DefaultListableBeanFactory     : Creating shared instance of singleton bean 'entityManagerFactoryBuilder'
2025-11-25 21:27:01.599 DEBUG --- [           main] o.s.b.f.s.DefaultListableBeanFactory     : Creating shared instance of singleton bean 'jpaVendorAdapter'
2025-11-25 21:27:01.620 DEBUG --- [           main] o.s.b.f.s.DefaultListableBeanFactory     : Autowiring by type from bean name 'entityManagerFactoryBuilder' via factory method to bean named 'jpaVendorAdapter'
2025-11-25 21:27:01.633 DEBUG --- [           main] o.s.b.f.s.DefaultListableBeanFactory     : Creating shared instance of singleton bean 'persistenceManagedTypes'
2025-11-25 21:27:01.635 DEBUG --- [           main] o.s.b.f.s.DefaultListableBeanFactory     : Autowiring by type from bean name 'persistenceManagedTypes' via factory method to bean named 'org.springframework.beans.factory.support.DefaultListableBeanFactory@12d1f1d4'
2025-11-25 21:27:01.635 DEBUG --- [           main] o.s.b.f.s.DefaultListableBeanFactory     : Autowiring by type from bean name 'persistenceManagedTypes' via factory method to bean named 'org.springframework.web.context.support.GenericWebApplicationContext@743c6ce4'
2025-11-25 21:27:01.648 DEBUG --- [           main] o.s.b.f.s.DefaultListableBeanFactory     : Autowiring by type from bean name 'entityManagerFactory' via factory method to bean named 'entityManagerFactoryBuilder'
2025-11-25 21:27:01.649 DEBUG --- [           main] o.s.b.f.s.DefaultListableBeanFactory     : Autowiring by type from bean name 'entityManagerFactory' via factory method to bean named 'persistenceManagedTypes'
2025-11-25 21:27:01.667 DEBUG --- [           main] j.LocalContainerEntityManagerFactoryBean : Building JPA container EntityManagerFactory for persistence unit 'default'
2025-11-25 21:27:02.103  INFO --- [           main] o.s.o.j.p.SpringPersistenceUnitInfo      : No LoadTimeWeaver setup: ignoring JPA class transformer
2025-11-25 21:27:02.133 DEBUG --- [           main] com.zaxxer.hikari.HikariConfig           : HikariPool-1 - configuration:
2025-11-25 21:27:02.135 DEBUG --- [           main] com.zaxxer.hikari.HikariConfig           : allowPoolSuspension.............false
2025-11-25 21:27:02.136 DEBUG --- [           main] com.zaxxer.hikari.HikariConfig           : autoCommit......................true
2025-11-25 21:27:02.136 DEBUG --- [           main] com.zaxxer.hikari.HikariConfig           : catalog.........................none
2025-11-25 21:27:02.136 DEBUG --- [           main] com.zaxxer.hikari.HikariConfig           : connectionInitSql...............none
2025-11-25 21:27:02.136 DEBUG --- [           main] com.zaxxer.hikari.HikariConfig           : connectionTestQuery.............none
2025-11-25 21:27:02.136 DEBUG --- [           main] com.zaxxer.hikari.HikariConfig           : connectionTimeout...............30000
2025-11-25 21:27:02.136 DEBUG --- [           main] com.zaxxer.hikari.HikariConfig           : dataSource......................none
2025-11-25 21:27:02.136 DEBUG --- [           main] com.zaxxer.hikari.HikariConfig           : dataSourceClassName.............none
2025-11-25 21:27:02.136 DEBUG --- [           main] com.zaxxer.hikari.HikariConfig           : dataSourceJNDI..................none
2025-11-25 21:27:02.137 DEBUG --- [           main] com.zaxxer.hikari.HikariConfig           : dataSourceProperties............{password=<masked>}
2025-11-25 21:27:02.137 DEBUG --- [           main] com.zaxxer.hikari.HikariConfig           : driverClassName................."com.mysql.cj.jdbc.Driver"
2025-11-25 21:27:02.137 DEBUG --- [           main] com.zaxxer.hikari.HikariConfig           : exceptionOverrideClassName......none
2025-11-25 21:27:02.137 DEBUG --- [           main] com.zaxxer.hikari.HikariConfig           : healthCheckProperties...........{}
2025-11-25 21:27:02.137 DEBUG --- [           main] com.zaxxer.hikari.HikariConfig           : healthCheckRegistry.............none
2025-11-25 21:27:02.137 DEBUG --- [           main] com.zaxxer.hikari.HikariConfig           : idleTimeout.....................600000
2025-11-25 21:27:02.137 DEBUG --- [           main] com.zaxxer.hikari.HikariConfig           : initializationFailTimeout.......1
2025-11-25 21:27:02.138 DEBUG --- [           main] com.zaxxer.hikari.HikariConfig           : isolateInternalQueries..........false
2025-11-25 21:27:02.138 DEBUG --- [           main] com.zaxxer.hikari.HikariConfig           : jdbcUrl.........................jdbc:mysql://mysql-3db5c258-cangngoo123-1bf2.d.aivencloud.com:28331/defaultdb?useSSL=true&requireSSL=true&verifyServerCertificate=false&useUnicode=true&characterEncoding=utf8&allowPublicKeyRetrieval=true
2025-11-25 21:27:02.138 DEBUG --- [           main] com.zaxxer.hikari.HikariConfig           : keepaliveTime...................0
2025-11-25 21:27:02.138 DEBUG --- [           main] com.zaxxer.hikari.HikariConfig           : leakDetectionThreshold..........0
2025-11-25 21:27:02.138 DEBUG --- [           main] com.zaxxer.hikari.HikariConfig           : maxLifetime.....................1800000
2025-11-25 21:27:02.138 DEBUG --- [           main] com.zaxxer.hikari.HikariConfig           : maximumPoolSize.................10
2025-11-25 21:27:02.138 DEBUG --- [           main] com.zaxxer.hikari.HikariConfig           : metricRegistry..................none
2025-11-25 21:27:02.138 DEBUG --- [           main] com.zaxxer.hikari.HikariConfig           : metricsTrackerFactory...........none
2025-11-25 21:27:02.138 DEBUG --- [           main] com.zaxxer.hikari.HikariConfig           : minimumIdle.....................10
2025-11-25 21:27:02.139 DEBUG --- [           main] com.zaxxer.hikari.HikariConfig           : password........................<masked>
2025-11-25 21:27:02.139 DEBUG --- [           main] com.zaxxer.hikari.HikariConfig           : poolName........................"HikariPool-1"
2025-11-25 21:27:02.139 DEBUG --- [           main] com.zaxxer.hikari.HikariConfig           : readOnly........................false
2025-11-25 21:27:02.139 DEBUG --- [           main] com.zaxxer.hikari.HikariConfig           : registerMbeans..................false
2025-11-25 21:27:02.139 DEBUG --- [           main] com.zaxxer.hikari.HikariConfig           : scheduledExecutor...............none
2025-11-25 21:27:02.139 DEBUG --- [           main] com.zaxxer.hikari.HikariConfig           : schema..........................none
2025-11-25 21:27:02.139 DEBUG --- [           main] com.zaxxer.hikari.HikariConfig           : threadFactory...................internal
2025-11-25 21:27:02.139 DEBUG --- [           main] com.zaxxer.hikari.HikariConfig           : transactionIsolation............default
2025-11-25 21:27:02.139 DEBUG --- [           main] com.zaxxer.hikari.HikariConfig           : username........................"avnadmin"
2025-11-25 21:27:02.139 DEBUG --- [           main] com.zaxxer.hikari.HikariConfig           : validationTimeout...............5000
2025-11-25 21:27:02.139  INFO --- [           main] com.zaxxer.hikari.HikariDataSource       : HikariPool-1 - Starting...
2025-11-25 21:27:02.667 DEBUG --- [           main] jdk.event.security                       : X509Certificate: Alg:SHA384withRSA, Serial:263a61a356ca5230337e5824f6d2c5e5d2e8366c, Subject:CN=mysql-3db5c258-1, O=116c39ae-7c56-40ae-a744-324d4e681b1c, ST=service, Issuer:CN=116c39ae-7c56-40ae-a744-324d4e681b1c GEN 1 Project CA, Key type:RSA, Length:3072, Cert Id:1528089527, Valid from:10/14/25, 1:25 PM, Valid until:1/12/28, 4:25 PM
2025-11-25 21:27:02.668 DEBUG --- [           main] jdk.event.security                       : X509Certificate: Alg:SHA384withRSA, Serial:58db7138134fdd23146e018032bdd4666c9fc5bb, Subject:CN=116c39ae-7c56-40ae-a744-324d4e681b1c GEN 1 Project CA, Issuer:CN=116c39ae-7c56-40ae-a744-324d4e681b1c GEN 1 Project CA, Key type:RSA, Length:3072, Cert Id:1211769917, Valid from:5/23/25, 7:30 AM, Valid until:5/21/35, 7:30 AM
2025-11-25 21:27:02.679 DEBUG --- [           main] jdk.event.security                       :  TLSHandshake: mysql-3db5c258-cangngoo123-1bf2.d.aivencloud.com:28331, TLSv1.3, TLS_AES_256_GCM_SHA384, 1528089527
2025-11-25 21:27:03.031  INFO --- [           main] com.zaxxer.hikari.pool.HikariPool        : HikariPool-1 - Added connection com.mysql.cj.jdbc.ConnectionImpl@6d4f266
2025-11-25 21:27:03.033  INFO --- [           main] com.zaxxer.hikari.HikariDataSource       : HikariPool-1 - Start completed.
2025-11-25 21:27:03.144 DEBUG --- [l-1 housekeeper] com.zaxxer.hikari.pool.HikariPool        : HikariPool-1 - Pool stats (total=1, active=1, idle=0, waiting=0)
2025-11-25 21:27:03.276 DEBUG --- [onnection adder] jdk.event.security                       : X509Certificate: Alg:SHA384withRSA, Serial:263a61a356ca5230337e5824f6d2c5e5d2e8366c, Subject:CN=mysql-3db5c258-1, O=116c39ae-7c56-40ae-a744-324d4e681b1c, ST=service, Issuer:CN=116c39ae-7c56-40ae-a744-324d4e681b1c GEN 1 Project CA, Key type:RSA, Length:3072, Cert Id:1528089527, Valid from:10/14/25, 1:25 PM, Valid until:1/12/28, 4:25 PM
2025-11-25 21:27:03.277 DEBUG --- [onnection adder] jdk.event.security                       : X509Certificate: Alg:SHA384withRSA, Serial:58db7138134fdd23146e018032bdd4666c9fc5bb, Subject:CN=116c39ae-7c56-40ae-a744-324d4e681b1c GEN 1 Project CA, Issuer:CN=116c39ae-7c56-40ae-a744-324d4e681b1c GEN 1 Project CA, Key type:RSA, Length:3072, Cert Id:1211769917, Valid from:5/23/25, 7:30 AM, Valid until:5/21/35, 7:30 AM
2025-11-25 21:27:03.279 DEBUG --- [onnection adder] jdk.event.security                       :  TLSHandshake: mysql-3db5c258-cangngoo123-1bf2.d.aivencloud.com:28331, TLSv1.3, TLS_AES_256_GCM_SHA384, 1528089527
2025-11-25 21:27:03.290  WARN --- [           main] org.hibernate.orm.deprecation            : HHH90000025: MySQL8Dialect does not need to be specified explicitly using 'hibernate.dialect' (remove the property setting and it will be selected by default)
2025-11-25 21:27:03.291  WARN --- [           main] org.hibernate.orm.deprecation            : HHH90000026: MySQL8Dialect has been deprecated; use org.hibernate.dialect.MySQLDialect instead
2025-11-25 21:27:03.557 DEBUG --- [onnection adder] com.zaxxer.hikari.pool.HikariPool        : HikariPool-1 - Added connection com.mysql.cj.jdbc.ConnectionImpl@7557b52b
2025-11-25 21:27:03.596 DEBUG --- [onnection adder] com.zaxxer.hikari.pool.HikariPool        : HikariPool-1 - After adding stats (total=2, active=0, idle=2, waiting=0)
2025-11-25 21:27:03.730 DEBUG --- [onnection adder] jdk.event.security                       : X509Certificate: Alg:SHA384withRSA, Serial:263a61a356ca5230337e5824f6d2c5e5d2e8366c, Subject:CN=mysql-3db5c258-1, O=116c39ae-7c56-40ae-a744-324d4e681b1c, ST=service, Issuer:CN=116c39ae-7c56-40ae-a744-324d4e681b1c GEN 1 Project CA, Key type:RSA, Length:3072, Cert Id:1528089527, Valid from:10/14/25, 1:25 PM, Valid until:1/12/28, 4:25 PM
2025-11-25 21:27:03.730 DEBUG --- [onnection adder] jdk.event.security                       : X509Certificate: Alg:SHA384withRSA, Serial:58db7138134fdd23146e018032bdd4666c9fc5bb, Subject:CN=116c39ae-7c56-40ae-a744-324d4e681b1c GEN 1 Project CA, Issuer:CN=116c39ae-7c56-40ae-a744-324d4e681b1c GEN 1 Project CA, Key type:RSA, Length:3072, Cert Id:1211769917, Valid from:5/23/25, 7:30 AM, Valid until:5/21/35, 7:30 AM
2025-11-25 21:27:03.734 DEBUG --- [onnection adder] jdk.event.security                       :  TLSHandshake: mysql-3db5c258-cangngoo123-1bf2.d.aivencloud.com:28331, TLSv1.3, TLS_AES_256_GCM_SHA384, 1528089527
2025-11-25 21:27:03.974 DEBUG --- [onnection adder] com.zaxxer.hikari.pool.HikariPool        : HikariPool-1 - Added connection com.mysql.cj.jdbc.ConnectionImpl@4d2214b8
2025-11-25 21:27:04.016 DEBUG --- [onnection adder] com.zaxxer.hikari.pool.HikariPool        : HikariPool-1 - After adding stats (total=3, active=0, idle=3, waiting=0)
2025-11-25 21:27:04.140 DEBUG --- [onnection adder] jdk.event.security                       : X509Certificate: Alg:SHA384withRSA, Serial:263a61a356ca5230337e5824f6d2c5e5d2e8366c, Subject:CN=mysql-3db5c258-1, O=116c39ae-7c56-40ae-a744-324d4e681b1c, ST=service, Issuer:CN=116c39ae-7c56-40ae-a744-324d4e681b1c GEN 1 Project CA, Key type:RSA, Length:3072, Cert Id:1528089527, Valid from:10/14/25, 1:25 PM, Valid until:1/12/28, 4:25 PM
2025-11-25 21:27:04.141 DEBUG --- [onnection adder] jdk.event.security                       : X509Certificate: Alg:SHA384withRSA, Serial:58db7138134fdd23146e018032bdd4666c9fc5bb, Subject:CN=116c39ae-7c56-40ae-a744-324d4e681b1c GEN 1 Project CA, Issuer:CN=116c39ae-7c56-40ae-a744-324d4e681b1c GEN 1 Project CA, Key type:RSA, Length:3072, Cert Id:1211769917, Valid from:5/23/25, 7:30 AM, Valid until:5/21/35, 7:30 AM
2025-11-25 21:27:04.143 DEBUG --- [onnection adder] jdk.event.security                       :  TLSHandshake: mysql-3db5c258-cangngoo123-1bf2.d.aivencloud.com:28331, TLSv1.3, TLS_AES_256_GCM_SHA384, 1528089527
2025-11-25 21:27:04.378 DEBUG --- [onnection adder] com.zaxxer.hikari.pool.HikariPool        : HikariPool-1 - Added connection com.mysql.cj.jdbc.ConnectionImpl@3536fbd6
2025-11-25 21:27:04.420 DEBUG --- [onnection adder] com.zaxxer.hikari.pool.HikariPool        : HikariPool-1 - After adding stats (total=4, active=1, idle=3, waiting=0)
2025-11-25 21:27:04.543 DEBUG --- [onnection adder] jdk.event.security                       : X509Certificate: Alg:SHA384withRSA, Serial:263a61a356ca5230337e5824f6d2c5e5d2e8366c, Subject:CN=mysql-3db5c258-1, O=116c39ae-7c56-40ae-a744-324d4e681b1c, ST=service, Issuer:CN=116c39ae-7c56-40ae-a744-324d4e681b1c GEN 1 Project CA, Key type:RSA, Length:3072, Cert Id:1528089527, Valid from:10/14/25, 1:25 PM, Valid until:1/12/28, 4:25 PM
2025-11-25 21:27:04.543 DEBUG --- [onnection adder] jdk.event.security                       : X509Certificate: Alg:SHA384withRSA, Serial:58db7138134fdd23146e018032bdd4666c9fc5bb, Subject:CN=116c39ae-7c56-40ae-a744-324d4e681b1c GEN 1 Project CA, Issuer:CN=116c39ae-7c56-40ae-a744-324d4e681b1c GEN 1 Project CA, Key type:RSA, Length:3072, Cert Id:1211769917, Valid from:5/23/25, 7:30 AM, Valid until:5/21/35, 7:30 AM
2025-11-25 21:27:04.547 DEBUG --- [onnection adder] jdk.event.security                       :  TLSHandshake: mysql-3db5c258-cangngoo123-1bf2.d.aivencloud.com:28331, TLSv1.3, TLS_AES_256_GCM_SHA384, 1528089527
2025-11-25 21:27:04.768 DEBUG --- [onnection adder] com.zaxxer.hikari.pool.HikariPool        : HikariPool-1 - Added connection com.mysql.cj.jdbc.ConnectionImpl@99f19bb
2025-11-25 21:27:04.809 DEBUG --- [onnection adder] com.zaxxer.hikari.pool.HikariPool        : HikariPool-1 - After adding stats (total=5, active=1, idle=4, waiting=0)
2025-11-25 21:27:04.934 DEBUG --- [onnection adder] jdk.event.security                       : X509Certificate: Alg:SHA384withRSA, Serial:263a61a356ca5230337e5824f6d2c5e5d2e8366c, Subject:CN=mysql-3db5c258-1, O=116c39ae-7c56-40ae-a744-324d4e681b1c, ST=service, Issuer:CN=116c39ae-7c56-40ae-a744-324d4e681b1c GEN 1 Project CA, Key type:RSA, Length:3072, Cert Id:1528089527, Valid from:10/14/25, 1:25 PM, Valid until:1/12/28, 4:25 PM
2025-11-25 21:27:04.935 DEBUG --- [onnection adder] jdk.event.security                       : X509Certificate: Alg:SHA384withRSA, Serial:58db7138134fdd23146e018032bdd4666c9fc5bb, Subject:CN=116c39ae-7c56-40ae-a744-324d4e681b1c GEN 1 Project CA, Issuer:CN=116c39ae-7c56-40ae-a744-324d4e681b1c GEN 1 Project CA, Key type:RSA, Length:3072, Cert Id:1211769917, Valid from:5/23/25, 7:30 AM, Valid until:5/21/35, 7:30 AM
2025-11-25 21:27:04.936 DEBUG --- [onnection adder] jdk.event.security                       :  TLSHandshake: mysql-3db5c258-cangngoo123-1bf2.d.aivencloud.com:28331, TLSv1.3, TLS_AES_256_GCM_SHA384, 1528089527
2025-11-25 21:27:05.171 DEBUG --- [onnection adder] com.zaxxer.hikari.pool.HikariPool        : HikariPool-1 - Added connection com.mysql.cj.jdbc.ConnectionImpl@21a8f1d0
2025-11-25 21:27:05.209 DEBUG --- [onnection adder] com.zaxxer.hikari.pool.HikariPool        : HikariPool-1 - After adding stats (total=6, active=1, idle=5, waiting=0)
2025-11-25 21:27:05.335 DEBUG --- [onnection adder] jdk.event.security                       : X509Certificate: Alg:SHA384withRSA, Serial:263a61a356ca5230337e5824f6d2c5e5d2e8366c, Subject:CN=mysql-3db5c258-1, O=116c39ae-7c56-40ae-a744-324d4e681b1c, ST=service, Issuer:CN=116c39ae-7c56-40ae-a744-324d4e681b1c GEN 1 Project CA, Key type:RSA, Length:3072, Cert Id:1528089527, Valid from:10/14/25, 1:25 PM, Valid until:1/12/28, 4:25 PM
2025-11-25 21:27:05.335 DEBUG --- [onnection adder] jdk.event.security                       : X509Certificate: Alg:SHA384withRSA, Serial:58db7138134fdd23146e018032bdd4666c9fc5bb, Subject:CN=116c39ae-7c56-40ae-a744-324d4e681b1c GEN 1 Project CA, Issuer:CN=116c39ae-7c56-40ae-a744-324d4e681b1c GEN 1 Project CA, Key type:RSA, Length:3072, Cert Id:1211769917, Valid from:5/23/25, 7:30 AM, Valid until:5/21/35, 7:30 AM
2025-11-25 21:27:05.337 DEBUG --- [onnection adder] jdk.event.security                       :  TLSHandshake: mysql-3db5c258-cangngoo123-1bf2.d.aivencloud.com:28331, TLSv1.3, TLS_AES_256_GCM_SHA384, 1528089527
2025-11-25 21:27:05.421  INFO --- [           main] j.LocalContainerEntityManagerFactoryBean : Initialized JPA EntityManagerFactory for persistence unit 'default'
2025-11-25 21:27:05.426 DEBUG --- [           main] o.s.b.f.s.DefaultListableBeanFactory     : Creating shared instance of singleton bean 'accountServiceApplication'
2025-11-25 21:27:05.427 DEBUG --- [           main] o.s.b.f.s.DefaultListableBeanFactory     : Creating shared instance of singleton bean 'appConfig'
2025-11-25 21:27:05.428 DEBUG --- [           main] o.s.b.f.s.DefaultListableBeanFactory     : Creating shared instance of singleton bean 'customJwtDecode'
2025-11-25 21:27:05.430 DEBUG --- [           main] o.s.b.f.s.DefaultListableBeanFactory     : Autowiring by type from bean name 'appConfig' via constructor to bean named 'customJwtDecode'
2025-11-25 21:27:05.432 DEBUG --- [           main] ySourcesPropertyResolver$DefaultResolver : Found key 'FRONT_END' in PropertySource 'Config resource 'file [..\.env]' via location 'optional:file:../.env[.properties]'' with value of type String
2025-11-25 21:27:05.432 DEBUG --- [           main] o.s.c.e.PropertySourcesPropertyResolver  : Found key 'react.frontend' in PropertySource 'environmentProperties' with value of type String
2025-11-25 21:27:05.433 DEBUG --- [           main] ySourcesPropertyResolver$DefaultResolver : Found key 'LOGIN_PAGE' in PropertySource 'Config resource 'file [..\.env]' via location 'optional:file:../.env[.properties]'' with value of type String
2025-11-25 21:27:05.433 DEBUG --- [           main] o.s.c.e.PropertySourcesPropertyResolver  : Found key 'react.login-page' in PropertySource 'environmentProperties' with value of type String
2025-11-25 21:27:05.434 DEBUG --- [           main] o.s.b.f.s.DefaultListableBeanFactory     : Creating shared instance of singleton bean 'auditingConfig'
2025-11-25 21:27:05.435 DEBUG --- [           main] o.s.b.f.s.DefaultListableBeanFactory     : Creating shared instance of singleton bean 'corsConfig'
2025-11-25 21:27:05.435 DEBUG --- [           main] o.s.b.f.s.DefaultListableBeanFactory     : Creating shared instance of singleton bean 'jacksonConfig'
2025-11-25 21:27:05.436 DEBUG --- [           main] o.s.b.f.s.DefaultListableBeanFactory     : Creating shared instance of singleton bean 'jwtConfig'
2025-11-25 21:27:05.437 DEBUG --- [           main] ySourcesPropertyResolver$DefaultResolver : Found key 'JWT_SECRET' in PropertySource 'Config resource 'file [..\.env]' via location 'optional:file:../.env[.properties]'' with value of type String
2025-11-25 21:27:05.437 DEBUG --- [           main] o.s.b.f.s.DefaultListableBeanFactory     : Creating shared instance of singleton bean 'OAuth2LoginSuccessHandler'
2025-11-25 21:27:05.439 DEBUG --- [           main] o.s.b.f.s.DefaultListableBeanFactory     : Creating shared instance of singleton bean 'jwtServiceImpl'
2025-11-25 21:27:05.443 DEBUG --- [           main] o.s.b.f.s.DefaultListableBeanFactory     : Creating shared instance of singleton bean 'roleRepository'
2025-11-25 21:27:05.454 DEBUG --- [           main] o.s.b.f.s.DefaultListableBeanFactory     : Creating shared instance of singleton bean 'jpa.named-queries#0'
2025-11-25 21:27:05.458 DEBUG --- [           main] o.s.b.f.s.DefaultListableBeanFactory     : Creating shared instance of singleton bean 'jpa.RoleRepository.fragments#0'
2025-11-25 21:27:05.465 DEBUG --- [           main] o.s.b.f.s.DefaultListableBeanFactory     : Creating shared instance of singleton bean 'jpaSharedEM_entityManagerFactory'
2025-11-25 21:27:05.493 DEBUG --- [           main] o.s.b.f.s.DefaultListableBeanFactory     : Creating shared instance of singleton bean 'jpaMappingContext'
2025-11-25 21:27:05.495 DEBUG --- [           main] .c.JpaMetamodelMappingContextFactoryBean : Initializing JpaMetamodelMappingContext…
2025-11-25 21:27:05.512 DEBUG --- [           main] .c.JpaMetamodelMappingContextFactoryBean : Finished initializing JpaMetamodelMappingContext
2025-11-25 21:27:05.542 DEBUG --- [           main] tor$SharedEntityManagerInvocationHandler : Creating new EntityManager for shared EntityManager invocation
2025-11-25 21:27:05.566 DEBUG --- [onnection adder] com.zaxxer.hikari.pool.HikariPool        : HikariPool-1 - Added connection com.mysql.cj.jdbc.ConnectionImpl@76a520e2
2025-11-25 21:27:05.583 DEBUG --- [           main] tor$SharedEntityManagerInvocationHandler : Creating new EntityManager for shared EntityManager invocation
2025-11-25 21:27:05.599 DEBUG --- [onnection adder] com.zaxxer.hikari.pool.HikariPool        : HikariPool-1 - After adding stats (total=7, active=0, idle=7, waiting=0)
2025-11-25 21:27:05.632 DEBUG --- [           main] o.s.d.r.c.s.RepositoryFactorySupport     : Initializing repository instance for com.fsocial.accountservice.repository.RoleRepository…
2025-11-25 21:27:05.642 DEBUG --- [           main] tor$SharedEntityManagerInvocationHandler : Creating new EntityManager for shared EntityManager invocation
2025-11-25 21:27:05.667 DEBUG --- [           main] o.s.d.r.c.s.RepositoryFactorySupport     : Finished creation of repository instance for com.fsocial.accountservice.repository.RoleRepository.
2025-11-25 21:27:05.673 DEBUG --- [           main] o.s.b.f.s.DefaultListableBeanFactory     : Creating shared instance of singleton bean 'accountRepository'
2025-11-25 21:27:05.674 DEBUG --- [           main] o.s.b.f.s.DefaultListableBeanFactory     : Creating shared instance of singleton bean 'jpa.named-queries#2'
2025-11-25 21:27:05.676 DEBUG --- [           main] o.s.b.f.s.DefaultListableBeanFactory     : Creating shared instance of singleton bean 'jpa.AccountRepository.fragments#0'
2025-11-25 21:27:05.677 DEBUG --- [           main] tor$SharedEntityManagerInvocationHandler : Creating new EntityManager for shared EntityManager invocation
2025-11-25 21:27:05.678 DEBUG --- [           main] o.s.d.r.c.s.RepositoryFactorySupport     : Initializing repository instance for com.fsocial.accountservice.repository.AccountRepository…
2025-11-25 21:27:05.679 DEBUG --- [           main] tor$SharedEntityManagerInvocationHandler : Creating new EntityManager for shared EntityManager invocation
2025-11-25 21:27:05.717 DEBUG --- [           main] o.s.d.jpa.repository.query.NamedQuery    : Did not find named query Account.countByCreatedAtByHours.count
2025-11-25 21:27:05.718 DEBUG --- [           main] tor$SharedEntityManagerInvocationHandler : Creating new EntityManager for shared EntityManager invocation
2025-11-25 21:27:05.723 DEBUG --- [onnection adder] jdk.event.security                       : X509Certificate: Alg:SHA384withRSA, Serial:263a61a356ca5230337e5824f6d2c5e5d2e8366c, Subject:CN=mysql-3db5c258-1, O=116c39ae-7c56-40ae-a744-324d4e681b1c, ST=service, Issuer:CN=116c39ae-7c56-40ae-a744-324d4e681b1c GEN 1 Project CA, Key type:RSA, Length:3072, Cert Id:1528089527, Valid from:10/14/25, 1:25 PM, Valid until:1/12/28, 4:25 PM
2025-11-25 21:27:05.724 DEBUG --- [onnection adder] jdk.event.security                       : X509Certificate: Alg:SHA384withRSA, Serial:58db7138134fdd23146e018032bdd4666c9fc5bb, Subject:CN=116c39ae-7c56-40ae-a744-324d4e681b1c GEN 1 Project CA, Issuer:CN=116c39ae-7c56-40ae-a744-324d4e681b1c GEN 1 Project CA, Key type:RSA, Length:3072, Cert Id:1211769917, Valid from:5/23/25, 7:30 AM, Valid until:5/21/35, 7:30 AM
2025-11-25 21:27:05.726 DEBUG --- [onnection adder] jdk.event.security                       :  TLSHandshake: mysql-3db5c258-cangngoo123-1bf2.d.aivencloud.com:28331, TLSv1.3, TLS_AES_256_GCM_SHA384, 1528089527
2025-11-25 21:27:05.733  INFO --- [           main] o.s.d.j.r.query.QueryEnhancerFactory     : Hibernate is in classpath; If applicable, HQL parser will be used.
2025-11-25 21:27:05.957 DEBUG --- [onnection adder] com.zaxxer.hikari.pool.HikariPool        : HikariPool-1 - Added connection com.mysql.cj.jdbc.ConnectionImpl@1ba088a0
2025-11-25 21:27:05.988 DEBUG --- [onnection adder] com.zaxxer.hikari.pool.HikariPool        : HikariPool-1 - After adding stats (total=8, active=0, idle=8, waiting=0)
2025-11-25 21:27:06.114 DEBUG --- [onnection adder] jdk.event.security                       : X509Certificate: Alg:SHA384withRSA, Serial:263a61a356ca5230337e5824f6d2c5e5d2e8366c, Subject:CN=mysql-3db5c258-1, O=116c39ae-7c56-40ae-a744-324d4e681b1c, ST=service, Issuer:CN=116c39ae-7c56-40ae-a744-324d4e681b1c GEN 1 Project CA, Key type:RSA, Length:3072, Cert Id:1528089527, Valid from:10/14/25, 1:25 PM, Valid until:1/12/28, 4:25 PM
2025-11-25 21:27:06.115 DEBUG --- [onnection adder] jdk.event.security                       : X509Certificate: Alg:SHA384withRSA, Serial:58db7138134fdd23146e018032bdd4666c9fc5bb, Subject:CN=116c39ae-7c56-40ae-a744-324d4e681b1c GEN 1 Project CA, Issuer:CN=116c39ae-7c56-40ae-a744-324d4e681b1c GEN 1 Project CA, Key type:RSA, Length:3072, Cert Id:1211769917, Valid from:5/23/25, 7:30 AM, Valid until:5/21/35, 7:30 AM
2025-11-25 21:27:06.117 DEBUG --- [onnection adder] jdk.event.security                       :  TLSHandshake: mysql-3db5c258-cangngoo123-1bf2.d.aivencloud.com:28331, TLSv1.3, TLS_AES_256_GCM_SHA384, 1528089527
2025-11-25 21:27:06.351 DEBUG --- [onnection adder] com.zaxxer.hikari.pool.HikariPool        : HikariPool-1 - Added connection com.mysql.cj.jdbc.ConnectionImpl@428b7fa0
2025-11-25 21:27:06.395 DEBUG --- [onnection adder] com.zaxxer.hikari.pool.HikariPool        : HikariPool-1 - After adding stats (total=9, active=0, idle=9, waiting=0)
2025-11-25 21:27:06.528 DEBUG --- [onnection adder] jdk.event.security                       : X509Certificate: Alg:SHA384withRSA, Serial:263a61a356ca5230337e5824f6d2c5e5d2e8366c, Subject:CN=mysql-3db5c258-1, O=116c39ae-7c56-40ae-a744-324d4e681b1c, ST=service, Issuer:CN=116c39ae-7c56-40ae-a744-324d4e681b1c GEN 1 Project CA, Key type:RSA, Length:3072, Cert Id:1528089527, Valid from:10/14/25, 1:25 PM, Valid until:1/12/28, 4:25 PM
2025-11-25 21:27:06.529 DEBUG --- [onnection adder] jdk.event.security                       : X509Certificate: Alg:SHA384withRSA, Serial:58db7138134fdd23146e018032bdd4666c9fc5bb, Subject:CN=116c39ae-7c56-40ae-a744-324d4e681b1c GEN 1 Project CA, Issuer:CN=116c39ae-7c56-40ae-a744-324d4e681b1c GEN 1 Project CA, Key type:RSA, Length:3072, Cert Id:1211769917, Valid from:5/23/25, 7:30 AM, Valid until:5/21/35, 7:30 AM
2025-11-25 21:27:06.530 DEBUG --- [onnection adder] jdk.event.security                       :  TLSHandshake: mysql-3db5c258-cangngoo123-1bf2.d.aivencloud.com:28331, TLSv1.3, TLS_AES_256_GCM_SHA384, 1528089527
2025-11-25 21:27:06.720 DEBUG --- [           main] o.s.d.jpa.repository.query.NamedQuery    : Looking up named query 'Account.findByUsernameOrEmail'
2025-11-25 21:27:06.720 DEBUG --- [           main] o.s.d.jpa.repository.query.NamedQuery    : Did not find named query Account.findByUsernameOrEmail
2025-11-25 21:27:06.722 DEBUG --- [           main] tor$SharedEntityManagerInvocationHandler : Creating new EntityManager for shared EntityManager invocation
2025-11-25 21:27:06.738 DEBUG --- [           main] o.s.d.jpa.repository.query.NamedQuery    : Did not find named query Account.countByCreatedAtByDate.count
2025-11-25 21:27:06.738 DEBUG --- [           main] tor$SharedEntityManagerInvocationHandler : Creating new EntityManager for shared EntityManager invocation
2025-11-25 21:27:06.753 DEBUG --- [           main] o.s.d.jpa.repository.query.NamedQuery    : Looking up named query 'Account.countByUsernameOrEmail'
2025-11-25 21:27:06.753 DEBUG --- [           main] o.s.d.jpa.repository.query.NamedQuery    : Did not find named query Account.countByUsernameOrEmail
2025-11-25 21:27:06.753 DEBUG --- [           main] tor$SharedEntityManagerInvocationHandler : Creating new EntityManager for shared EntityManager invocation
2025-11-25 21:27:06.756 DEBUG --- [           main] o.s.d.jpa.repository.query.NamedQuery    : Did not find named query Account.checkDuplication.count
2025-11-25 21:27:06.756 DEBUG --- [           main] tor$SharedEntityManagerInvocationHandler : Creating new EntityManager for shared EntityManager invocation
2025-11-25 21:27:06.776 DEBUG --- [onnection adder] com.zaxxer.hikari.pool.HikariPool        : HikariPool-1 - Added connection com.mysql.cj.jdbc.ConnectionImpl@26efc07e
2025-11-25 21:27:06.815 DEBUG --- [onnection adder] com.zaxxer.hikari.pool.HikariPool        : HikariPool-1 - After adding stats (total=10, active=0, idle=10, waiting=0)
2025-11-25 21:27:06.815 DEBUG --- [onnection adder] com.zaxxer.hikari.pool.HikariPool        : HikariPool-1 - Connection not added, stats (total=10, active=0, idle=10, waiting=0)
2025-11-25 21:27:06.942 DEBUG --- [           main] o.s.d.jpa.repository.query.NamedQuery    : Looking up named query 'Account.findByEmail'
2025-11-25 21:27:06.942 DEBUG --- [           main] o.s.d.jpa.repository.query.NamedQuery    : Did not find named query Account.findByEmail
2025-11-25 21:27:06.942 DEBUG --- [           main] tor$SharedEntityManagerInvocationHandler : Creating new EntityManager for shared EntityManager invocation
2025-11-25 21:27:06.943 DEBUG --- [           main] o.s.d.jpa.repository.query.NamedQuery    : Looking up named query 'Account.countByEmail'
2025-11-25 21:27:06.943 DEBUG --- [           main] o.s.d.jpa.repository.query.NamedQuery    : Did not find named query Account.countByEmail
2025-11-25 21:27:06.943 DEBUG --- [           main] tor$SharedEntityManagerInvocationHandler : Creating new EntityManager for shared EntityManager invocation
2025-11-25 21:27:06.944 DEBUG --- [           main] o.s.d.jpa.repository.query.NamedQuery    : Looking up named query 'Account.countByUsername'
2025-11-25 21:27:06.944 DEBUG --- [           main] o.s.d.jpa.repository.query.NamedQuery    : Did not find named query Account.countByUsername
2025-11-25 21:27:06.944 DEBUG --- [           main] tor$SharedEntityManagerInvocationHandler : Creating new EntityManager for shared EntityManager invocation
2025-11-25 21:27:06.944 DEBUG --- [           main] o.s.d.jpa.repository.query.NamedQuery    : Looking up named query 'Account.findByUsername'
2025-11-25 21:27:06.944 DEBUG --- [           main] o.s.d.jpa.repository.query.NamedQuery    : Did not find named query Account.findByUsername
2025-11-25 21:27:06.944 DEBUG --- [           main] tor$SharedEntityManagerInvocationHandler : Creating new EntityManager for shared EntityManager invocation
2025-11-25 21:27:06.947 DEBUG --- [           main] o.s.d.r.c.s.RepositoryFactorySupport     : Finished creation of repository instance for com.fsocial.accountservice.repository.AccountRepository.
2025-11-25 21:27:06.949 DEBUG --- [           main] o.s.b.f.s.DefaultListableBeanFactory     : Creating shared instance of singleton bean 'refreshTokenRepository'
2025-11-25 21:27:06.951 DEBUG --- [           main] o.s.b.f.s.DefaultListableBeanFactory     : Creating shared instance of singleton bean 'jpa.named-queries#3'
2025-11-25 21:27:06.952 DEBUG --- [           main] o.s.b.f.s.DefaultListableBeanFactory     : Creating shared instance of singleton bean 'jpa.RefreshTokenRepository.fragments#0'
2025-11-25 21:27:06.953 DEBUG --- [           main] tor$SharedEntityManagerInvocationHandler : Creating new EntityManager for shared EntityManager invocation
2025-11-25 21:27:06.956 DEBUG --- [           main] o.s.d.r.c.s.RepositoryFactorySupport     : Initializing repository instance for com.fsocial.accountservice.repository.RefreshTokenRepository…
2025-11-25 21:27:06.956 DEBUG --- [           main] tor$SharedEntityManagerInvocationHandler : Creating new EntityManager for shared EntityManager invocation
2025-11-25 21:27:06.958 DEBUG --- [           main] o.s.d.jpa.repository.query.NamedQuery    : Looking up named query 'RefreshToken.deleteOldestTokenByUsername'
2025-11-25 21:27:06.958 DEBUG --- [           main] o.s.d.jpa.repository.query.NamedQuery    : Did not find named query RefreshToken.deleteOldestTokenByUsername
2025-11-25 21:27:06.958 DEBUG --- [           main] tor$SharedEntityManagerInvocationHandler : Creating new EntityManager for shared EntityManager invocation
2025-11-25 21:27:06.959 DEBUG --- [           main] o.s.d.jpa.repository.query.NamedQuery    : Did not find named query RefreshToken.findByUsernameAndExpiryDate_Max.count
2025-11-25 21:27:06.959 DEBUG --- [           main] tor$SharedEntityManagerInvocationHandler : Creating new EntityManager for shared EntityManager invocation
2025-11-25 21:27:06.965 DEBUG --- [           main] o.s.d.jpa.repository.query.NamedQuery    : Looking up named query 'RefreshToken.deleteByToken'
2025-11-25 21:27:06.965 DEBUG --- [           main] o.s.d.jpa.repository.query.NamedQuery    : Did not find named query RefreshToken.deleteByToken
2025-11-25 21:27:06.966 DEBUG --- [           main] tor$SharedEntityManagerInvocationHandler : Creating new EntityManager for shared EntityManager invocation
2025-11-25 21:27:06.966 DEBUG --- [           main] o.s.d.jpa.repository.query.NamedQuery    : Looking up named query 'RefreshToken.countByUsername'
2025-11-25 21:27:06.967 DEBUG --- [           main] o.s.d.jpa.repository.query.NamedQuery    : Did not find named query RefreshToken.countByUsername
2025-11-25 21:27:06.967 DEBUG --- [           main] tor$SharedEntityManagerInvocationHandler : Creating new EntityManager for shared EntityManager invocation
2025-11-25 21:27:06.967 DEBUG --- [           main] o.s.d.jpa.repository.query.NamedQuery    : Looking up named query 'RefreshToken.findByUsername'
2025-11-25 21:27:06.967 DEBUG --- [           main] o.s.d.jpa.repository.query.NamedQuery    : Did not find named query RefreshToken.findByUsername
2025-11-25 21:27:06.968 DEBUG --- [           main] tor$SharedEntityManagerInvocationHandler : Creating new EntityManager for shared EntityManager invocation
2025-11-25 21:27:06.968 DEBUG --- [           main] o.s.d.jpa.repository.query.NamedQuery    : Looking up named query 'RefreshToken.findByToken'
2025-11-25 21:27:06.968 DEBUG --- [           main] o.s.d.jpa.repository.query.NamedQuery    : Did not find named query RefreshToken.findByToken
2025-11-25 21:27:06.968 DEBUG --- [           main] tor$SharedEntityManagerInvocationHandler : Creating new EntityManager for shared EntityManager invocation
2025-11-25 21:27:06.970 DEBUG --- [           main] o.s.d.r.c.s.RepositoryFactorySupport     : Finished creation of repository instance for com.fsocial.accountservice.repository.RefreshTokenRepository.
2025-11-25 21:27:06.973 DEBUG --- [           main] o.s.b.f.s.DefaultListableBeanFactory     : Autowiring by type from bean name 'jwtServiceImpl' via constructor to bean named 'roleRepository'
2025-11-25 21:27:06.973 DEBUG --- [           main] o.s.b.f.s.DefaultListableBeanFactory     : Autowiring by type from bean name 'jwtServiceImpl' via constructor to bean named 'accountRepository'
2025-11-25 21:27:06.973 DEBUG --- [           main] o.s.b.f.s.DefaultListableBeanFactory     : Autowiring by type from bean name 'jwtServiceImpl' via constructor to bean named 'refreshTokenRepository'
2025-11-25 21:27:06.973 DEBUG --- [           main] ySourcesPropertyResolver$DefaultResolver : Found key 'jwt.signerKey' in PropertySource 'Config resource 'class path resource [application-dev.yml]' via location 'optional:classpath:/'' with value of type String
2025-11-25 21:27:06.974 DEBUG --- [           main] ySourcesPropertyResolver$DefaultResolver : Found key 'JWT_SECRET' in PropertySource 'Config resource 'file [..\.env]' via location 'optional:file:../.env[.properties]'' with value of type String
2025-11-25 21:27:06.974 DEBUG --- [           main] o.s.c.e.PropertySourcesPropertyResolver  : Found key 'jwt.signerKey' in PropertySource 'environmentProperties' with value of type String
2025-11-25 21:27:06.974 DEBUG --- [           main] o.s.c.e.PropertySourcesPropertyResolver  : Found key 'jwt.duration' in PropertySource 'environmentProperties' with value of type String
2025-11-25 21:27:06.976 DEBUG --- [           main] o.s.b.f.s.DefaultListableBeanFactory     : Autowiring by type from bean name 'OAuth2LoginSuccessHandler' via constructor to bean named 'jwtServiceImpl'
2025-11-25 21:27:06.977 DEBUG --- [           main] o.s.b.f.s.DefaultListableBeanFactory     : Creating shared instance of singleton bean 'openAPIConfig'
2025-11-25 21:27:06.978 DEBUG --- [           main] o.s.c.e.PropertySourcesPropertyResolver  : Found key 'server.port' in PropertySource 'environmentProperties' with value of type String
2025-11-25 21:27:06.979 DEBUG --- [           main] o.s.b.f.s.DefaultListableBeanFactory     : Creating shared instance of singleton bean 'redisConfig'
2025-11-25 21:27:06.979 DEBUG --- [           main] ySourcesPropertyResolver$DefaultResolver : Found key 'REDIS_CONTAINER' in PropertySource 'Config resource 'file [..\.env]' via location 'optional:file:../.env[.properties]'' with value of type String
2025-11-25 21:27:06.979 DEBUG --- [           main] o.s.c.e.PropertySourcesPropertyResolver  : Found key 'spring.data.redis.host' in PropertySource 'environmentProperties' with value of type String
2025-11-25 21:27:06.979 DEBUG --- [           main] ySourcesPropertyResolver$DefaultResolver : Found key 'REDIS_PORT' in PropertySource 'Config resource 'file [..\.env]' via location 'optional:file:../.env[.properties]'' with value of type String
2025-11-25 21:27:06.980 DEBUG --- [           main] o.s.c.e.PropertySourcesPropertyResolver  : Found key 'spring.data.redis.port' in PropertySource 'environmentProperties' with value of type String
2025-11-25 21:27:06.980 DEBUG --- [           main] ySourcesPropertyResolver$DefaultResolver : Found key 'REDIS_PASSWORD' in PropertySource 'Config resource 'file [..\.env]' via location 'optional:file:../.env[.properties]'' with value of type String
2025-11-25 21:27:06.980 DEBUG --- [           main] o.s.c.e.PropertySourcesPropertyResolver  : Found key 'spring.data.redis.password' in PropertySource 'environmentProperties' with value of type String
2025-11-25 21:27:06.980 DEBUG --- [           main] o.s.b.f.s.DefaultListableBeanFactory     : Creating shared instance of singleton bean 'accountController'
2025-11-25 21:27:06.989 DEBUG --- [           main] o.s.b.f.s.DefaultListableBeanFactory     : Creating shared instance of singleton bean 'accountServiceImpl'
2025-11-25 21:27:06.991 DEBUG --- [           main] o.s.b.f.s.DefaultListableBeanFactory     : Creating shared instance of singleton bean 'accountMapperImpl'
2025-11-25 21:27:06.992 DEBUG --- [           main] o.s.b.f.s.DefaultListableBeanFactory     : Creating shared instance of singleton bean 'profileMapperImpl'
2025-11-25 21:27:06.993 DEBUG --- [           main] o.s.b.f.s.DefaultListableBeanFactory     : Creating shared instance of singleton bean 'passwordEncoder'
2025-11-25 21:27:06.997 DEBUG --- [           main] o.s.b.f.s.DefaultListableBeanFactory     : Creating shared instance of singleton bean 'com.fsocial.accountservice.repository.httpclient.ProfileClient'
2025-11-25 21:27:06.997 DEBUG --- [           main] o.s.c.openfeign.FeignClientFactoryBean   : Creating a FeignClientFactoryBean.
2025-11-25 21:27:07.000 DEBUG --- [           main] o.s.b.f.s.DefaultListableBeanFactory     : Creating shared instance of singleton bean 'feignContext'
2025-11-25 21:27:07.000 DEBUG --- [           main] o.s.b.f.s.DefaultListableBeanFactory     : Creating shared instance of singleton bean 'org.springframework.cloud.openfeign.FeignAutoConfiguration'
2025-11-25 21:27:07.001 DEBUG --- [           main] o.s.b.f.s.DefaultListableBeanFactory     : Creating shared instance of singleton bean 'default.com.fsocial.accountservice.AccountServiceApplication.FeignClientSpecification'
2025-11-25 21:27:07.003 DEBUG --- [           main] o.s.b.f.s.DefaultListableBeanFactory     : Creating shared instance of singleton bean 'profile-service.FeignClientSpecification'
2025-11-25 21:27:07.009 DEBUG --- [           main] s.c.a.AnnotationConfigApplicationContext : Refreshing FeignClientFactory-profile-service
2025-11-25 21:27:07.009 DEBUG --- [           main] o.s.b.f.s.DefaultListableBeanFactory     : Creating shared instance of singleton bean 'org.springframework.context.annotation.internalConfigurationAnnotationProcessor'
2025-11-25 21:27:07.028 DEBUG --- [           main] o.s.b.f.s.DefaultListableBeanFactory     : Creating shared instance of singleton bean 'propertySourcesPlaceholderConfigurer'
2025-11-25 21:27:07.028 DEBUG --- [           main] o.s.b.f.s.DefaultListableBeanFactory     : Creating shared instance of singleton bean 'org.springframework.context.event.internalEventListenerProcessor'
2025-11-25 21:27:07.029 DEBUG --- [           main] o.s.b.f.s.DefaultListableBeanFactory     : Creating shared instance of singleton bean 'org.springframework.context.event.internalEventListenerFactory'
2025-11-25 21:27:07.029 DEBUG --- [           main] o.s.b.f.s.DefaultListableBeanFactory     : Creating shared instance of singleton bean 'org.springframework.context.annotation.internalAutowiredAnnotationProcessor'
2025-11-25 21:27:07.029 DEBUG --- [           main] o.s.b.f.s.DefaultListableBeanFactory     : Creating shared instance of singleton bean 'org.springframework.context.annotation.internalCommonAnnotationProcessor'
2025-11-25 21:27:07.030 DEBUG --- [           main] o.s.b.f.s.DefaultListableBeanFactory     : Creating shared instance of singleton bean 'org.springframework.context.annotation.internalPersistenceAnnotationProcessor'
2025-11-25 21:27:07.030 DEBUG --- [           main] o.s.b.f.s.DefaultListableBeanFactory     : Creating shared instance of singleton bean 'authenticationConfig'
2025-11-25 21:27:07.031 DEBUG --- [           main] o.s.b.f.s.DefaultListableBeanFactory     : Creating shared instance of singleton bean 'propertyPlaceholderAutoConfiguration'
2025-11-25 21:27:07.031 DEBUG --- [           main] o.s.b.f.s.DefaultListableBeanFactory     : Creating shared instance of singleton bean 'feignClientsConfiguration'
2025-11-25 21:27:07.041 DEBUG --- [           main] o.s.b.f.s.DefaultListableBeanFactory     : Creating shared instance of singleton bean 'spring.data.web-org.springframework.boot.autoconfigure.data.web.SpringDataWebProperties'
2025-11-25 21:27:07.045 DEBUG --- [           main] o.s.b.f.s.DefaultListableBeanFactory     : Creating shared instance of singleton bean 'spring.cloud.openfeign.client-org.springframework.cloud.openfeign.FeignClientProperties'
2025-11-25 21:27:07.048 DEBUG --- [           main] o.s.b.f.s.DefaultListableBeanFactory     : Creating shared instance of singleton bean 'spring.cloud.openfeign.encoder-org.springframework.cloud.openfeign.support.FeignEncoderProperties'
2025-11-25 21:27:07.049 DEBUG --- [           main] o.s.b.f.s.DefaultListableBeanFactory     : Creating shared instance of singleton bean 'org.springframework.cloud.openfeign.FeignClientsConfiguration$DefaultFeignBuilderConfiguration'
2025-11-25 21:27:07.049 DEBUG --- [           main] o.s.b.f.s.DefaultListableBeanFactory     : Creating shared instance of singleton bean 'feignDecoder'
2025-11-25 21:27:07.053 DEBUG --- [           main] o.s.b.f.s.DefaultListableBeanFactory     : Creating shared instance of singleton bean 'feignEncoderPageable'
2025-11-25 21:27:07.065 DEBUG --- [           main] o.s.b.f.s.DefaultListableBeanFactory     : Creating shared instance of singleton bean 'feignQueryMapEncoderPageable'
2025-11-25 21:27:07.068 DEBUG --- [           main] o.s.b.f.s.DefaultListableBeanFactory     : Creating shared instance of singleton bean 'feignContract'
2025-11-25 21:27:07.069 DEBUG --- [           main] o.s.b.f.s.DefaultListableBeanFactory     : Creating shared instance of singleton bean 'feignConversionService'
2025-11-25 21:27:07.072 DEBUG --- [           main] o.s.b.f.s.DefaultListableBeanFactory     : Autowiring by type from bean name 'feignContract' via factory method to bean named 'feignConversionService'
2025-11-25 21:27:07.082 DEBUG --- [           main] o.s.b.f.s.DefaultListableBeanFactory     : Creating shared instance of singleton bean 'feignRetryer'
2025-11-25 21:27:07.083 DEBUG --- [           main] o.s.b.f.s.DefaultListableBeanFactory     : Creating shared instance of singleton bean 'feignLoggerFactory'
2025-11-25 21:27:07.085 DEBUG --- [           main] o.s.b.f.s.DefaultListableBeanFactory     : Creating shared instance of singleton bean 'feignClientConfigurer'
2025-11-25 21:27:07.097 DEBUG --- [           main] o.s.b.f.s.DefaultListableBeanFactory     : Creating shared instance of singleton bean 'delegatingApplicationListener'
2025-11-25 21:27:07.098 DEBUG --- [           main] o.s.b.f.s.DefaultListableBeanFactory     : Creating shared instance of singleton bean 'mvcResourceUrlProvider'
2025-11-25 21:27:07.098 DEBUG --- [           main] o.s.b.f.s.DefaultListableBeanFactory     : Creating shared instance of singleton bean 'org.springframework.boot.autoconfigure.web.servlet.WebMvcAutoConfiguration$EnableWebMvcConfiguration'
2025-11-25 21:27:07.099 DEBUG --- [           main] o.s.b.f.s.DefaultListableBeanFactory     : Creating shared instance of singleton bean 'spring.mvc-org.springframework.boot.autoconfigure.web.servlet.WebMvcProperties'
2025-11-25 21:27:07.105 DEBUG --- [           main] o.s.b.f.s.DefaultListableBeanFactory     : Creating shared instance of singleton bean 'spring.web-org.springframework.boot.autoconfigure.web.WebProperties'
2025-11-25 21:27:07.109 DEBUG --- [           main] o.s.b.f.s.DefaultListableBeanFactory     : Autowiring by type from bean name 'org.springframework.boot.autoconfigure.web.servlet.WebMvcAutoConfiguration$EnableWebMvcConfiguration' via constructor to bean named 'spring.mvc-org.springframework.boot.autoconfigure.web.servlet.WebMvcProperties'
2025-11-25 21:27:07.110 DEBUG --- [           main] o.s.b.f.s.DefaultListableBeanFactory     : Autowiring by type from bean name 'org.springframework.boot.autoconfigure.web.servlet.WebMvcAutoConfiguration$EnableWebMvcConfiguration' via constructor to bean named 'spring.web-org.springframework.boot.autoconfigure.web.WebProperties'
2025-11-25 21:27:07.110 DEBUG --- [           main] o.s.b.f.s.DefaultListableBeanFactory     : Autowiring by type from bean name 'org.springframework.boot.autoconfigure.web.servlet.WebMvcAutoConfiguration$EnableWebMvcConfiguration' via constructor to bean named 'org.springframework.beans.factory.support.DefaultListableBeanFactory@12d1f1d4'
2025-11-25 21:27:07.116 DEBUG --- [           main] o.s.b.f.s.DefaultListableBeanFactory     : Creating shared instance of singleton bean 'org.springframework.security.config.annotation.web.configuration.WebMvcSecurityConfiguration'
2025-11-25 21:27:07.119 DEBUG --- [           main] o.s.b.f.s.DefaultListableBeanFactory     : Creating shared instance of singleton bean 'org.springframework.security.config.annotation.web.configuration.OAuth2ClientConfiguration$OAuth2ClientWebMvcSecurityConfiguration'
2025-11-25 21:27:07.119 DEBUG --- [           main] o.s.b.f.s.DefaultListableBeanFactory     : Autowiring by type from bean name 'org.springframework.security.config.annotation.web.configuration.OAuth2ClientConfiguration$OAuth2ClientWebMvcSecurityConfiguration' via constructor to bean named 'authorizedClientManagerRegistrar'
2025-11-25 21:27:07.120 DEBUG --- [           main] o.s.b.f.s.DefaultListableBeanFactory     : Creating shared instance of singleton bean 'OAuth2AuthorizedClientManager'
2025-11-25 21:27:07.120 DEBUG --- [           main] o.s.b.f.s.DefaultListableBeanFactory     : Creating shared instance of singleton bean 'clientRegistrationRepository'
2025-11-25 21:27:07.120 DEBUG --- [           main] o.s.b.f.s.DefaultListableBeanFactory     : Creating shared instance of singleton bean 'org.springframework.boot.autoconfigure.security.oauth2.client.servlet.OAuth2ClientRegistrationRepositoryConfiguration'
2025-11-25 21:27:07.122 DEBUG --- [           main] o.s.b.f.s.DefaultListableBeanFactory     : Creating shared instance of singleton bean 'spring.security.oauth2.client-org.springframework.boot.autoconfigure.security.oauth2.client.OAuth2ClientProperties'
2025-11-25 21:27:07.125 DEBUG --- [           main] ySourcesPropertyResolver$DefaultResolver : Found key 'GOOGLE_CLIENT_ID' in PropertySource 'Config resource 'file [..\.env]' via location 'optional:file:../.env[.properties]'' with value of type String
2025-11-25 21:27:07.126 DEBUG --- [           main] ySourcesPropertyResolver$DefaultResolver : Found key 'GOOGLE_CLIENT_SECRET' in PropertySource 'Config resource 'file [..\.env]' via location 'optional:file:../.env[.properties]'' with value of type String
2025-11-25 21:27:07.126 DEBUG --- [           main] ySourcesPropertyResolver$DefaultResolver : Found key 'GOOGLE_REDIRECT_URI' in PropertySource 'Config resource 'file [..\.env]' via location 'optional:file:../.env[.properties]'' with value of type String
2025-11-25 21:27:07.128 DEBUG --- [           main] o.s.b.f.s.DefaultListableBeanFactory     : Autowiring by type from bean name 'clientRegistrationRepository' via factory method to bean named 'spring.security.oauth2.client-org.springframework.boot.autoconfigure.security.oauth2.client.OAuth2ClientProperties'
2025-11-25 21:27:07.151 DEBUG --- [           main] o.s.b.f.s.DefaultListableBeanFactory     : Creating shared instance of singleton bean 'authorizedClientRepository'
2025-11-25 21:27:07.152 DEBUG --- [           main] o.s.b.f.s.DefaultListableBeanFactory     : Creating shared instance of singleton bean 'org.springframework.boot.autoconfigure.security.oauth2.client.servlet.OAuth2WebSecurityConfiguration'
2025-11-25 21:27:07.153 DEBUG --- [           main] o.s.b.f.s.DefaultListableBeanFactory     : Creating shared instance of singleton bean 'authorizedClientService'
2025-11-25 21:27:07.153 DEBUG --- [           main] o.s.b.f.s.DefaultListableBeanFactory     : Autowiring by type from bean name 'authorizedClientService' via factory method to bean named 'clientRegistrationRepository'
2025-11-25 21:27:07.155 DEBUG --- [           main] o.s.b.f.s.DefaultListableBeanFactory     : Autowiring by type from bean name 'authorizedClientRepository' via factory method to bean named 'authorizedClientService'
2025-11-25 21:27:07.210 DEBUG --- [           main] o.s.b.f.s.DefaultListableBeanFactory     : Creating shared instance of singleton bean 'org.springframework.boot.autoconfigure.web.servlet.WebMvcAutoConfiguration$WebMvcAutoConfigurationAdapter'
2025-11-25 21:27:07.211 DEBUG --- [           main] o.s.b.f.s.DefaultListableBeanFactory     : Autowiring by type from bean name 'org.springframework.boot.autoconfigure.web.servlet.WebMvcAutoConfiguration$WebMvcAutoConfigurationAdapter' via constructor to bean named 'spring.web-org.springframework.boot.autoconfigure.web.WebProperties'
2025-11-25 21:27:07.211 DEBUG --- [           main] o.s.b.f.s.DefaultListableBeanFactory     : Autowiring by type from bean name 'org.springframework.boot.autoconfigure.web.servlet.WebMvcAutoConfiguration$WebMvcAutoConfigurationAdapter' via constructor to bean named 'spring.mvc-org.springframework.boot.autoconfigure.web.servlet.WebMvcProperties'
2025-11-25 21:27:07.211 DEBUG --- [           main] o.s.b.f.s.DefaultListableBeanFactory     : Autowiring by type from bean name 'org.springframework.boot.autoconfigure.web.servlet.WebMvcAutoConfiguration$WebMvcAutoConfigurationAdapter' via constructor to bean named 'org.springframework.beans.factory.support.DefaultListableBeanFactory@12d1f1d4'
2025-11-25 21:27:07.214 DEBUG --- [           main] o.s.b.f.s.DefaultListableBeanFactory     : Creating shared instance of singleton bean 'resourceHandlerRegistrationCustomizer'
2025-11-25 21:27:07.215 DEBUG --- [           main] o.s.b.f.s.DefaultListableBeanFactory     : Creating shared instance of singleton bean 'org.springframework.boot.autoconfigure.web.servlet.WebMvcAutoConfiguration$ResourceChainCustomizerConfiguration'
2025-11-25 21:27:07.215 DEBUG --- [           main] o.s.b.f.s.DefaultListableBeanFactory     : Autowiring by type from bean name 'resourceHandlerRegistrationCustomizer' via factory method to bean named 'spring.web-org.springframework.boot.autoconfigure.web.WebProperties'
2025-11-25 21:27:07.219 DEBUG --- [           main] o.s.b.f.s.DefaultListableBeanFactory     : Creating shared instance of singleton bean 'swaggerWebMvcConfigurer'
2025-11-25 21:27:07.219 DEBUG --- [           main] o.s.b.f.s.DefaultListableBeanFactory     : Creating shared instance of singleton bean 'org.springdoc.webmvc.ui.SwaggerConfig'
2025-11-25 21:27:07.222 DEBUG --- [           main] o.s.b.f.s.DefaultListableBeanFactory     : Creating shared instance of singleton bean 'org.springdoc.core.properties.SwaggerUiConfigProperties'
2025-11-25 21:27:07.234 DEBUG --- [           main] o.s.b.f.s.DefaultListableBeanFactory     : Creating shared instance of singleton bean 'indexPageTransformer'
2025-11-25 21:27:07.234 DEBUG --- [           main] o.s.b.f.s.DefaultListableBeanFactory     : Creating shared instance of singleton bean 'org.springdoc.core.properties.SwaggerUiOAuthProperties'
2025-11-25 21:27:07.243 DEBUG --- [           main] o.s.b.f.s.DefaultListableBeanFactory     : Creating shared instance of singleton bean 'swaggerWelcome'
2025-11-25 21:27:07.243 DEBUG --- [           main] o.s.b.f.s.DefaultListableBeanFactory     : Creating shared instance of singleton bean 'org.springdoc.core.properties.SpringDocConfigProperties'
2025-11-25 21:27:07.251 DEBUG --- [           main] o.s.b.f.s.DefaultListableBeanFactory     : Creating shared instance of singleton bean 'springWebProvider'
2025-11-25 21:27:07.251 DEBUG --- [           main] o.s.b.f.s.DefaultListableBeanFactory     : Creating shared instance of singleton bean 'org.springdoc.webmvc.core.configuration.SpringDocWebMvcConfiguration'
2025-11-25 21:27:07.259 DEBUG --- [           main] o.s.b.f.s.DefaultListableBeanFactory     : Autowiring by type from bean name 'swaggerWelcome' via factory method to bean named 'org.springdoc.core.properties.SwaggerUiConfigProperties'
2025-11-25 21:27:07.259 DEBUG --- [           main] o.s.b.f.s.DefaultListableBeanFactory     : Autowiring by type from bean name 'swaggerWelcome' via factory method to bean named 'org.springdoc.core.properties.SpringDocConfigProperties'
2025-11-25 21:27:07.259 DEBUG --- [           main] o.s.b.f.s.DefaultListableBeanFactory     : Autowiring by type from bean name 'swaggerWelcome' via factory method to bean named 'springWebProvider'
2025-11-25 21:27:07.289 DEBUG --- [           main] o.s.b.f.s.DefaultListableBeanFactory     : Creating shared instance of singleton bean 'springdocObjectMapperProvider'
2025-11-25 21:27:07.289 DEBUG --- [           main] o.s.b.f.s.DefaultListableBeanFactory     : Creating shared instance of singleton bean 'org.springdoc.core.configuration.SpringDocConfiguration'
2025-11-25 21:27:07.293 DEBUG --- [           main] o.s.b.f.s.DefaultListableBeanFactory     : Autowiring by type from bean name 'springdocObjectMapperProvider' via factory method to bean named 'org.springdoc.core.properties.SpringDocConfigProperties'
2025-11-25 21:27:07.322 DEBUG --- [           main] o.s.b.f.s.DefaultListableBeanFactory     : Autowiring by type from bean name 'indexPageTransformer' via factory method to bean named 'org.springdoc.core.properties.SwaggerUiConfigProperties'
2025-11-25 21:27:07.323 DEBUG --- [           main] o.s.b.f.s.DefaultListableBeanFactory     : Autowiring by type from bean name 'indexPageTransformer' via factory method to bean named 'org.springdoc.core.properties.SwaggerUiOAuthProperties'
2025-11-25 21:27:07.323 DEBUG --- [           main] o.s.b.f.s.DefaultListableBeanFactory     : Autowiring by type from bean name 'indexPageTransformer' via factory method to bean named 'swaggerWelcome'
2025-11-25 21:27:07.323 DEBUG --- [           main] o.s.b.f.s.DefaultListableBeanFactory     : Autowiring by type from bean name 'indexPageTransformer' via factory method to bean named 'springdocObjectMapperProvider'
2025-11-25 21:27:07.328 DEBUG --- [           main] o.s.b.f.s.DefaultListableBeanFactory     : Creating shared instance of singleton bean 'swaggerResourceResolver'
2025-11-25 21:27:07.328 DEBUG --- [           main] o.s.b.f.s.DefaultListableBeanFactory     : Autowiring by type from bean name 'swaggerResourceResolver' via factory method to bean named 'org.springdoc.core.properties.SwaggerUiConfigProperties'
2025-11-25 21:27:07.334 DEBUG --- [           main] o.s.b.f.s.DefaultListableBeanFactory     : Autowiring by type from bean name 'swaggerWebMvcConfigurer' via factory method to bean named 'org.springdoc.core.properties.SwaggerUiConfigProperties'
2025-11-25 21:27:07.334 DEBUG --- [           main] o.s.b.f.s.DefaultListableBeanFactory     : Autowiring by type from bean name 'swaggerWebMvcConfigurer' via factory method to bean named 'indexPageTransformer'
2025-11-25 21:27:07.334 DEBUG --- [           main] o.s.b.f.s.DefaultListableBeanFactory     : Autowiring by type from bean name 'swaggerWebMvcConfigurer' via factory method to bean named 'swaggerResourceResolver'
2025-11-25 21:27:07.339 DEBUG --- [           main] o.s.b.f.s.DefaultListableBeanFactory     : Creating shared instance of singleton bean 'openEntityManagerInViewInterceptorConfigurer'
2025-11-25 21:27:07.339 DEBUG --- [           main] o.s.b.f.s.DefaultListableBeanFactory     : Creating shared instance of singleton bean 'org.springframework.boot.autoconfigure.orm.jpa.JpaBaseConfiguration$JpaWebConfiguration'
2025-11-25 21:27:07.341 DEBUG --- [           main] o.s.b.f.s.DefaultListableBeanFactory     : Autowiring by type from bean name 'org.springframework.boot.autoconfigure.orm.jpa.JpaBaseConfiguration$JpaWebConfiguration' via constructor to bean named 'spring.jpa-org.springframework.boot.autoconfigure.orm.jpa.JpaProperties'
2025-11-25 21:27:07.343 DEBUG --- [           main] o.s.b.f.s.DefaultListableBeanFactory     : Creating shared instance of singleton bean 'openEntityManagerInViewInterceptor'
2025-11-25 21:27:07.343  WARN --- [           main] JpaBaseConfiguration$JpaWebConfiguration : spring.jpa.open-in-view is enabled by default. Therefore, database queries may be performed during view rendering. Explicitly configure spring.jpa.open-in-view to disable this warning
2025-11-25 21:27:07.349 DEBUG --- [           main] o.s.b.f.s.DefaultListableBeanFactory     : Autowiring by type from bean name 'openEntityManagerInViewInterceptorConfigurer' via factory method to bean named 'openEntityManagerInViewInterceptor'
2025-11-25 21:27:07.350 DEBUG --- [           main] o.s.b.f.s.DefaultListableBeanFactory     : Creating shared instance of singleton bean 'org.springframework.data.web.config.SpringDataWebConfiguration'
2025-11-25 21:27:07.353 DEBUG --- [           main] o.s.b.f.s.DefaultListableBeanFactory     : Autowiring by type from bean name 'org.springframework.data.web.config.SpringDataWebConfiguration' via constructor to bean named 'org.springframework.web.context.support.GenericWebApplicationContext@743c6ce4'
2025-11-25 21:27:07.356 DEBUG --- [           main] o.s.b.f.s.DefaultListableBeanFactory     : Creating shared instance of singleton bean 'org.springframework.cloud.commons.security.ResourceServerTokenRelayAutoConfiguration$ResourceServerTokenRelayRegistrationAutoConfiguration'
2025-11-25 21:27:07.365 DEBUG --- [           main] o.s.b.f.s.DefaultListableBeanFactory     : Creating shared instance of singleton bean 'refreshEventListener'
2025-11-25 21:27:07.365 DEBUG --- [           main] o.s.b.f.s.DefaultListableBeanFactory     : Creating shared instance of singleton bean 'org.springframework.cloud.autoconfigure.RefreshAutoConfiguration'
2025-11-25 21:27:07.368 DEBUG --- [           main] o.s.b.f.s.DefaultListableBeanFactory     : Creating shared instance of singleton bean 'configDataContextRefresher'
2025-11-25 21:27:07.369 DEBUG --- [           main] o.s.b.f.s.DefaultListableBeanFactory     : Creating shared instance of singleton bean 'spring.cloud.refresh-org.springframework.cloud.autoconfigure.RefreshAutoConfiguration$RefreshProperties'
2025-11-25 21:27:07.370 DEBUG --- [           main] o.s.b.f.s.DefaultListableBeanFactory     : Autowiring by type from bean name 'configDataContextRefresher' via factory method to bean named 'org.springframework.web.context.support.GenericWebApplicationContext@743c6ce4'
2025-11-25 21:27:07.370 DEBUG --- [           main] o.s.b.f.s.DefaultListableBeanFactory     : Autowiring by type from bean name 'configDataContextRefresher' via factory method to bean named 'refreshScope'
2025-11-25 21:27:07.370 DEBUG --- [           main] o.s.b.f.s.DefaultListableBeanFactory     : Autowiring by type from bean name 'configDataContextRefresher' via factory method to bean named 'spring.cloud.refresh-org.springframework.cloud.autoconfigure.RefreshAutoConfiguration$RefreshProperties'
2025-11-25 21:27:07.372 DEBUG --- [           main] o.s.b.f.s.DefaultListableBeanFactory     : Autowiring by type from bean name 'refreshEventListener' via factory method to bean named 'configDataContextRefresher'
2025-11-25 21:27:07.375 DEBUG --- [           main] o.s.b.f.s.DefaultListableBeanFactory     : Autowiring by type from bean name 'feignBuilder' via factory method to bean named 'feignRetryer'
2025-11-25 21:27:07.406 DEBUG --- [           main] o.s.b.f.s.DefaultListableBeanFactory     : Creating shared instance of singleton bean 'feignTargeter'
2025-11-25 21:27:07.406 DEBUG --- [           main] o.s.b.f.s.DefaultListableBeanFactory     : Creating shared instance of singleton bean 'org.springframework.cloud.openfeign.FeignAutoConfiguration$DefaultFeignTargeterConfiguration'
2025-11-25 21:27:07.432 DEBUG --- [           main] o.s.b.f.s.DefaultListableBeanFactory     : Creating shared instance of singleton bean 'otpServiceImpl'
2025-11-25 21:27:07.434 DEBUG --- [           main] o.s.b.f.s.DefaultListableBeanFactory     : Creating shared instance of singleton bean 'stringRedisTemplate'
2025-11-25 21:27:07.434 DEBUG --- [           main] o.s.b.f.s.DefaultListableBeanFactory     : Creating shared instance of singleton bean 'org.springframework.boot.autoconfigure.data.redis.RedisAutoConfiguration'
2025-11-25 21:27:07.436 DEBUG --- [           main] o.s.b.f.s.DefaultListableBeanFactory     : Creating shared instance of singleton bean 'redisConnectionFactory'
2025-11-25 21:27:07.494 DEBUG --- [           main] i.n.u.i.logging.InternalLoggerFactory    : Using SLF4J as the default logging framework
2025-11-25 21:27:07.518 DEBUG --- [           main] i.l.c.r.AddressResolverGroupProvider     : Starting without optional netty's non-blocking DNS resolver library
2025-11-25 21:27:07.519 DEBUG --- [           main] i.l.c.resource.DefaultClientResources    : -Dio.netty.eventLoopThreads: 12
2025-11-25 21:27:07.524 DEBUG --- [           main] i.l.c.r.DefaultEventLoopGroupProvider    : Creating executor io.netty.util.concurrent.DefaultEventExecutorGroup
2025-11-25 21:27:07.534 DEBUG --- [           main] i.n.util.concurrent.GlobalEventExecutor  : -Dio.netty.globalEventExecutor.quietPeriodSeconds: 1
2025-11-25 21:27:07.540 DEBUG --- [           main] i.n.u.internal.InternalThreadLocalMap    : -Dio.netty.threadLocalMap.stringBuilder.initialSize: 1024
2025-11-25 21:27:07.540 DEBUG --- [           main] i.n.u.internal.InternalThreadLocalMap    : -Dio.netty.threadLocalMap.stringBuilder.maxSize: 4096
2025-11-25 21:27:07.545 DEBUG --- [           main] io.netty.util.ResourceLeakDetector       : -Dio.netty.leakDetection.level: simple
2025-11-25 21:27:07.545 DEBUG --- [           main] io.netty.util.ResourceLeakDetector       : -Dio.netty.leakDetection.targetRecords: 4
2025-11-25 21:27:07.547 DEBUG --- [           main] i.n.util.ResourceLeakDetectorFactory     : Loaded default ResourceLeakDetector: io.netty.util.ResourceLeakDetector@3d8777ce
2025-11-25 21:27:07.569 DEBUG --- [           main] i.n.util.internal.PlatformDependent0     : -Dio.netty.noUnsafe: false
2025-11-25 21:27:07.570 DEBUG --- [           main] i.n.util.internal.PlatformDependent0     : Java version: 22
2025-11-25 21:27:07.570 DEBUG --- [           main] i.n.util.internal.PlatformDependent0     : sun.misc.Unsafe.theUnsafe: available
2025-11-25 21:27:07.572 DEBUG --- [           main] i.n.util.internal.PlatformDependent0     : sun.misc.Unsafe base methods: all available
2025-11-25 21:27:07.572 DEBUG --- [           main] i.n.util.internal.PlatformDependent0     : sun.misc.Unsafe.storeFence: available
2025-11-25 21:27:07.573 DEBUG --- [           main] i.n.util.internal.PlatformDependent0     : java.nio.Buffer.address: available
2025-11-25 21:27:07.573 DEBUG --- [           main] i.n.util.internal.PlatformDependent0     : direct buffer constructor: unavailable: Reflective setAccessible(true) disabled
2025-11-25 21:27:07.573 DEBUG --- [           main] i.n.util.internal.PlatformDependent0     : java.nio.Bits.unaligned: available, true
2025-11-25 21:27:07.574 DEBUG --- [           main] i.n.util.internal.PlatformDependent0     : jdk.internal.misc.Unsafe.allocateUninitializedArray(int): unavailable: class io.netty.util.internal.PlatformDependent0$7 cannot access class jdk.internal.misc.Unsafe (in module java.base) because module java.base does not export jdk.internal.misc to unnamed module @23bb8443
2025-11-25 21:27:07.576 DEBUG --- [           main] i.n.util.internal.PlatformDependent0     : java.nio.DirectByteBuffer.<init>(long, {int,long}): unavailable
2025-11-25 21:27:07.576 DEBUG --- [           main] i.netty.util.internal.PlatformDependent  : sun.misc.Unsafe: available
2025-11-25 21:27:07.576 DEBUG --- [           main] i.netty.util.internal.PlatformDependent  : -Dio.netty.tmpdir: C:\Users\acer\AppData\Local\Temp (java.io.tmpdir)
2025-11-25 21:27:07.576 DEBUG --- [           main] i.netty.util.internal.PlatformDependent  : -Dio.netty.bitMode: 64 (sun.arch.data.model)
2025-11-25 21:27:07.577 DEBUG --- [           main] i.netty.util.internal.PlatformDependent  : Platform: Windows
2025-11-25 21:27:07.577 DEBUG --- [           main] i.netty.util.internal.PlatformDependent  : -Dio.netty.maxDirectMemory: -1 bytes
2025-11-25 21:27:07.577 DEBUG --- [           main] i.netty.util.internal.PlatformDependent  : -Dio.netty.uninitializedArrayAllocationThreshold: -1
2025-11-25 21:27:07.578 DEBUG --- [           main] io.netty.util.internal.CleanerJava9      : java.nio.ByteBuffer.cleaner(): available
2025-11-25 21:27:07.578 DEBUG --- [           main] i.netty.util.internal.PlatformDependent  : -Dio.netty.noPreferDirect: false
2025-11-25 21:27:07.585 DEBUG --- [           main] i.netty.util.internal.PlatformDependent  : org.jctools-core.MpscChunkedArrayQueue: available
2025-11-25 21:27:07.595 DEBUG --- [           main] reactor.util.Loggers                     : Using Slf4j logging framework
2025-11-25 21:27:07.599 DEBUG --- [           main] i.l.core.event.jfr.EventRecorderHolder   : Starting with JFR support
2025-11-25 21:27:07.608 DEBUG --- [           main] i.l.c.resource.DefaultClientResources    : LatencyUtils/HdrUtils are not available, metrics are disabled
2025-11-25 21:27:07.636 DEBUG --- [           main] o.s.b.f.s.DefaultListableBeanFactory     : Autowiring by type from bean name 'stringRedisTemplate' via factory method to bean named 'redisConnectionFactory'
2025-11-25 21:27:07.668 DEBUG --- [           main] o.s.data.convert.CustomConversions       : Adding converter from class java.lang.String to class [B as writing converter
2025-11-25 21:27:07.668 DEBUG --- [           main] o.s.data.convert.CustomConversions       : Adding converter from class [B to class java.lang.String as reading converter
2025-11-25 21:27:07.668 DEBUG --- [           main] o.s.data.convert.CustomConversions       : Adding converter from class java.lang.Number to class [B as writing converter
2025-11-25 21:27:07.668 DEBUG --- [           main] o.s.data.convert.CustomConversions       : Adding converter from class [B to class java.lang.Number as reading converter
2025-11-25 21:27:07.668 DEBUG --- [           main] o.s.data.convert.CustomConversions       : Adding converter from class java.lang.Enum to class [B as writing converter
2025-11-25 21:27:07.668 DEBUG --- [           main] o.s.data.convert.CustomConversions       : Adding converter from class [B to class java.lang.Enum as reading converter
2025-11-25 21:27:07.668 DEBUG --- [           main] o.s.data.convert.CustomConversions       : Adding converter from class java.lang.Boolean to class [B as writing converter
2025-11-25 21:27:07.668 DEBUG --- [           main] o.s.data.convert.CustomConversions       : Adding converter from class [B to class java.lang.Boolean as reading converter
2025-11-25 21:27:07.668 DEBUG --- [           main] o.s.data.convert.CustomConversions       : Adding converter from class java.util.Date to class [B as writing converter
2025-11-25 21:27:07.668 DEBUG --- [           main] o.s.data.convert.CustomConversions       : Adding converter from class [B to class java.util.Date as reading converter
2025-11-25 21:27:07.668 DEBUG --- [           main] o.s.data.convert.CustomConversions       : Adding converter from class java.util.UUID to class [B as writing converter
2025-11-25 21:27:07.668 DEBUG --- [           main] o.s.data.convert.CustomConversions       : Adding converter from class [B to class java.util.UUID as reading converter
2025-11-25 21:27:07.668 DEBUG --- [           main] o.s.data.convert.CustomConversions       : Adding converter from class java.time.LocalDateTime to class [B as reading converter
2025-11-25 21:27:07.668 DEBUG --- [           main] o.s.data.convert.CustomConversions       : Adding converter from class [B to class java.time.LocalDateTime as reading converter
2025-11-25 21:27:07.668 DEBUG --- [           main] o.s.data.convert.CustomConversions       : Adding converter from class java.time.LocalDate to class [B as reading converter
2025-11-25 21:27:07.668 DEBUG --- [           main] o.s.data.convert.CustomConversions       : Adding converter from class [B to class java.time.LocalDate as reading converter
2025-11-25 21:27:07.668 DEBUG --- [           main] o.s.data.convert.CustomConversions       : Adding converter from class java.time.LocalTime to class [B as reading converter
2025-11-25 21:27:07.668 DEBUG --- [           main] o.s.data.convert.CustomConversions       : Adding converter from class [B to class java.time.LocalTime as reading converter
2025-11-25 21:27:07.668 DEBUG --- [           main] o.s.data.convert.CustomConversions       : Adding converter from class java.time.ZonedDateTime to class [B as reading converter
2025-11-25 21:27:07.668 DEBUG --- [           main] o.s.data.convert.CustomConversions       : Adding converter from class [B to class java.time.ZonedDateTime as reading converter
2025-11-25 21:27:07.668 DEBUG --- [           main] o.s.data.convert.CustomConversions       : Adding converter from class java.time.Instant to class [B as reading converter
2025-11-25 21:27:07.668 DEBUG --- [           main] o.s.data.convert.CustomConversions       : Adding converter from class [B to class java.time.Instant as reading converter
2025-11-25 21:27:07.668 DEBUG --- [           main] o.s.data.convert.CustomConversions       : Adding converter from class java.time.ZoneId to class [B as reading converter
2025-11-25 21:27:07.668 DEBUG --- [           main] o.s.data.convert.CustomConversions       : Adding converter from class [B to class java.time.ZoneId as reading converter
2025-11-25 21:27:07.668 DEBUG --- [           main] o.s.data.convert.CustomConversions       : Adding converter from class java.time.Period to class [B as reading converter
2025-11-25 21:27:07.668 DEBUG --- [           main] o.s.data.convert.CustomConversions       : Adding converter from class [B to class java.time.Period as reading converter
2025-11-25 21:27:07.668 DEBUG --- [           main] o.s.data.convert.CustomConversions       : Adding converter from class java.time.Duration to class [B as reading converter
2025-11-25 21:27:07.668 DEBUG --- [           main] o.s.data.convert.CustomConversions       : Adding converter from class [B to class java.time.Duration as reading converter
2025-11-25 21:27:07.668 DEBUG --- [           main] o.s.data.convert.CustomConversions       : Adding converter from class java.time.OffsetDateTime to class [B as reading converter
2025-11-25 21:27:07.668 DEBUG --- [           main] o.s.data.convert.CustomConversions       : Adding converter from class [B to class java.time.OffsetDateTime as reading converter
2025-11-25 21:27:07.668 DEBUG --- [           main] o.s.data.convert.CustomConversions       : Adding converter from class java.time.OffsetTime to class [B as reading converter
2025-11-25 21:27:07.668 DEBUG --- [           main] o.s.data.convert.CustomConversions       : Adding converter from class [B to class java.time.OffsetTime as reading converter
2025-11-25 21:27:07.668 DEBUG --- [           main] o.s.data.convert.CustomConversions       : Adding converter from class java.util.Date to class java.time.LocalDateTime as reading converter
2025-11-25 21:27:07.668 DEBUG --- [           main] o.s.data.convert.CustomConversions       : Adding converter from class java.time.LocalDateTime to class java.util.Date as writing converter
2025-11-25 21:27:07.668 DEBUG --- [           main] o.s.data.convert.CustomConversions       : Adding converter from class java.util.Date to class java.time.LocalDate as reading converter
2025-11-25 21:27:07.668 DEBUG --- [           main] o.s.data.convert.CustomConversions       : Adding converter from class java.time.LocalDate to class java.util.Date as writing converter
2025-11-25 21:27:07.668 DEBUG --- [           main] o.s.data.convert.CustomConversions       : Adding converter from class java.util.Date to class java.time.LocalTime as reading converter
2025-11-25 21:27:07.668 DEBUG --- [           main] o.s.data.convert.CustomConversions       : Adding converter from class java.time.LocalTime to class java.util.Date as writing converter
2025-11-25 21:27:07.668 DEBUG --- [           main] o.s.data.convert.CustomConversions       : Adding converter from class java.util.Date to class java.time.Instant as reading converter
2025-11-25 21:27:07.668 DEBUG --- [           main] o.s.data.convert.CustomConversions       : Adding converter from class java.time.Instant to class java.util.Date as writing converter
2025-11-25 21:27:07.668 DEBUG --- [           main] o.s.data.convert.CustomConversions       : Adding converter from class java.time.LocalDateTime to class java.time.Instant as reading converter
2025-11-25 21:27:07.668 DEBUG --- [           main] o.s.data.convert.CustomConversions       : Adding converter from class java.time.Instant to class java.time.LocalDateTime as reading converter
2025-11-25 21:27:07.668 DEBUG --- [           main] o.s.data.convert.CustomConversions       : Adding converter from class java.time.ZoneId to class java.lang.String as writing converter
2025-11-25 21:27:07.668 DEBUG --- [           main] o.s.data.convert.CustomConversions       : Adding converter from class java.lang.String to class java.time.ZoneId as reading converter
2025-11-25 21:27:07.668 DEBUG --- [           main] o.s.data.convert.CustomConversions       : Adding converter from class java.time.Duration to class java.lang.String as writing converter
2025-11-25 21:27:07.670 DEBUG --- [           main] o.s.data.convert.CustomConversions       : Adding converter from class java.lang.String to class java.time.Duration as reading converter
2025-11-25 21:27:07.670 DEBUG --- [           main] o.s.data.convert.CustomConversions       : Adding converter from class java.time.Period to class java.lang.String as writing converter
2025-11-25 21:27:07.670 DEBUG --- [           main] o.s.data.convert.CustomConversions       : Adding converter from class java.lang.String to class java.time.Period as reading converter
2025-11-25 21:27:07.670 DEBUG --- [           main] o.s.data.convert.CustomConversions       : Adding converter from class java.lang.String to class java.time.LocalDate as reading converter
2025-11-25 21:27:07.670 DEBUG --- [           main] o.s.data.convert.CustomConversions       : Adding converter from class java.lang.String to class java.time.LocalDateTime as reading converter
2025-11-25 21:27:07.670 DEBUG --- [           main] o.s.data.convert.CustomConversions       : Adding converter from class java.lang.String to class java.time.Instant as reading converter
2025-11-25 21:27:07.670 DEBUG --- [           main] o.s.data.convert.CustomConversions       : Adding converter from class java.lang.String to class [B as writing converter
2025-11-25 21:27:07.670 DEBUG --- [           main] o.s.data.convert.CustomConversions       : Adding converter from class [B to class java.lang.String as reading converter
2025-11-25 21:27:07.670 DEBUG --- [           main] o.s.data.convert.CustomConversions       : Adding converter from class java.lang.Number to class [B as writing converter
2025-11-25 21:27:07.670 DEBUG --- [           main] o.s.data.convert.CustomConversions       : Adding converter from class [B to class java.lang.Number as reading converter
2025-11-25 21:27:07.670 DEBUG --- [           main] o.s.data.convert.CustomConversions       : Adding converter from class java.lang.Enum to class [B as writing converter
2025-11-25 21:27:07.670 DEBUG --- [           main] o.s.data.convert.CustomConversions       : Adding converter from class [B to class java.lang.Enum as reading converter
2025-11-25 21:27:07.670 DEBUG --- [           main] o.s.data.convert.CustomConversions       : Adding converter from class java.lang.Boolean to class [B as writing converter
2025-11-25 21:27:07.670 DEBUG --- [           main] o.s.data.convert.CustomConversions       : Adding converter from class [B to class java.lang.Boolean as reading converter
2025-11-25 21:27:07.670 DEBUG --- [           main] o.s.data.convert.CustomConversions       : Adding converter from class java.util.Date to class [B as writing converter
2025-11-25 21:27:07.670 DEBUG --- [           main] o.s.data.convert.CustomConversions       : Adding converter from class [B to class java.util.Date as reading converter
2025-11-25 21:27:07.670 DEBUG --- [           main] o.s.data.convert.CustomConversions       : Adding converter from class java.util.UUID to class [B as writing converter
2025-11-25 21:27:07.671 DEBUG --- [           main] o.s.data.convert.CustomConversions       : Adding converter from class [B to class java.util.UUID as reading converter
2025-11-25 21:27:07.671 DEBUG --- [           main] o.s.data.convert.CustomConversions       : Adding converter from class java.time.LocalDateTime to class [B as reading converter
2025-11-25 21:27:07.671 DEBUG --- [           main] o.s.data.convert.CustomConversions       : Adding converter from class [B to class java.time.LocalDateTime as reading converter
2025-11-25 21:27:07.671 DEBUG --- [           main] o.s.data.convert.CustomConversions       : Adding converter from class java.time.LocalDate to class [B as reading converter
2025-11-25 21:27:07.671 DEBUG --- [           main] o.s.data.convert.CustomConversions       : Adding converter from class [B to class java.time.LocalDate as reading converter
2025-11-25 21:27:07.671 DEBUG --- [           main] o.s.data.convert.CustomConversions       : Adding converter from class java.time.LocalTime to class [B as reading converter
2025-11-25 21:27:07.671 DEBUG --- [           main] o.s.data.convert.CustomConversions       : Adding converter from class [B to class java.time.LocalTime as reading converter
2025-11-25 21:27:07.671 DEBUG --- [           main] o.s.data.convert.CustomConversions       : Adding converter from class java.time.ZonedDateTime to class [B as reading converter
2025-11-25 21:27:07.671 DEBUG --- [           main] o.s.data.convert.CustomConversions       : Adding converter from class [B to class java.time.ZonedDateTime as reading converter
2025-11-25 21:27:07.671 DEBUG --- [           main] o.s.data.convert.CustomConversions       : Adding converter from class java.time.Instant to class [B as reading converter
2025-11-25 21:27:07.671 DEBUG --- [           main] o.s.data.convert.CustomConversions       : Adding converter from class [B to class java.time.Instant as reading converter
2025-11-25 21:27:07.671 DEBUG --- [           main] o.s.data.convert.CustomConversions       : Adding converter from class java.time.ZoneId to class [B as reading converter
2025-11-25 21:27:07.672 DEBUG --- [           main] o.s.data.convert.CustomConversions       : Adding converter from class [B to class java.time.ZoneId as reading converter
2025-11-25 21:27:07.672 DEBUG --- [           main] o.s.data.convert.CustomConversions       : Adding converter from class java.time.Period to class [B as reading converter
2025-11-25 21:27:07.672 DEBUG --- [           main] o.s.data.convert.CustomConversions       : Adding converter from class [B to class java.time.Period as reading converter
2025-11-25 21:27:07.672 DEBUG --- [           main] o.s.data.convert.CustomConversions       : Adding converter from class java.time.Duration to class [B as reading converter
2025-11-25 21:27:07.672 DEBUG --- [           main] o.s.data.convert.CustomConversions       : Adding converter from class [B to class java.time.Duration as reading converter
2025-11-25 21:27:07.672 DEBUG --- [           main] o.s.data.convert.CustomConversions       : Adding converter from class java.time.OffsetDateTime to class [B as reading converter
2025-11-25 21:27:07.672 DEBUG --- [           main] o.s.data.convert.CustomConversions       : Adding converter from class [B to class java.time.OffsetDateTime as reading converter
2025-11-25 21:27:07.672 DEBUG --- [           main] o.s.data.convert.CustomConversions       : Adding converter from class java.time.OffsetTime to class [B as reading converter
2025-11-25 21:27:07.672 DEBUG --- [           main] o.s.data.convert.CustomConversions       : Adding converter from class [B to class java.time.OffsetTime as reading converter
2025-11-25 21:27:07.672 DEBUG --- [           main] o.s.data.convert.CustomConversions       : Adding converter from class java.util.Date to class java.time.LocalDateTime as reading converter
2025-11-25 21:27:07.672 DEBUG --- [           main] o.s.data.convert.CustomConversions       : Adding converter from class java.time.LocalDateTime to class java.util.Date as writing converter
2025-11-25 21:27:07.672 DEBUG --- [           main] o.s.data.convert.CustomConversions       : Adding converter from class java.util.Date to class java.time.LocalDate as reading converter
2025-11-25 21:27:07.672 DEBUG --- [           main] o.s.data.convert.CustomConversions       : Adding converter from class java.time.LocalDate to class java.util.Date as writing converter
2025-11-25 21:27:07.672 DEBUG --- [           main] o.s.data.convert.CustomConversions       : Adding converter from class java.util.Date to class java.time.LocalTime as reading converter
2025-11-25 21:27:07.672 DEBUG --- [           main] o.s.data.convert.CustomConversions       : Adding converter from class java.time.LocalTime to class java.util.Date as writing converter
2025-11-25 21:27:07.672 DEBUG --- [           main] o.s.data.convert.CustomConversions       : Adding converter from class java.util.Date to class java.time.Instant as reading converter
2025-11-25 21:27:07.672 DEBUG --- [           main] o.s.data.convert.CustomConversions       : Adding converter from class java.time.Instant to class java.util.Date as writing converter
2025-11-25 21:27:07.672 DEBUG --- [           main] o.s.data.convert.CustomConversions       : Adding converter from class java.time.LocalDateTime to class java.time.Instant as reading converter
2025-11-25 21:27:07.672 DEBUG --- [           main] o.s.data.convert.CustomConversions       : Adding converter from class java.time.Instant to class java.time.LocalDateTime as reading converter
2025-11-25 21:27:07.672 DEBUG --- [           main] o.s.data.convert.CustomConversions       : Adding converter from class java.time.ZoneId to class java.lang.String as writing converter
2025-11-25 21:27:07.672 DEBUG --- [           main] o.s.data.convert.CustomConversions       : Adding converter from class java.lang.String to class java.time.ZoneId as reading converter
2025-11-25 21:27:07.672 DEBUG --- [           main] o.s.data.convert.CustomConversions       : Adding converter from class java.time.Duration to class java.lang.String as writing converter
2025-11-25 21:27:07.672 DEBUG --- [           main] o.s.data.convert.CustomConversions       : Adding converter from class java.lang.String to class java.time.Duration as reading converter
2025-11-25 21:27:07.672 DEBUG --- [           main] o.s.data.convert.CustomConversions       : Adding converter from class java.time.Period to class java.lang.String as writing converter
2025-11-25 21:27:07.672 DEBUG --- [           main] o.s.data.convert.CustomConversions       : Adding converter from class java.lang.String to class java.time.Period as reading converter
2025-11-25 21:27:07.672 DEBUG --- [           main] o.s.data.convert.CustomConversions       : Adding converter from class java.lang.String to class java.time.LocalDate as reading converter
2025-11-25 21:27:07.672 DEBUG --- [           main] o.s.data.convert.CustomConversions       : Adding converter from class java.lang.String to class java.time.LocalDateTime as reading converter
2025-11-25 21:27:07.672 DEBUG --- [           main] o.s.data.convert.CustomConversions       : Adding converter from class java.lang.String to class java.time.Instant as reading converter
2025-11-25 21:27:07.678 DEBUG --- [           main] o.s.data.convert.CustomConversions       : Adding converter from class java.lang.String to class [B as writing converter
2025-11-25 21:27:07.678 DEBUG --- [           main] o.s.data.convert.CustomConversions       : Adding converter from class [B to class java.lang.String as reading converter
2025-11-25 21:27:07.678 DEBUG --- [           main] o.s.data.convert.CustomConversions       : Adding converter from class java.lang.Number to class [B as writing converter
2025-11-25 21:27:07.678 DEBUG --- [           main] o.s.data.convert.CustomConversions       : Adding converter from class [B to class java.lang.Number as reading converter
2025-11-25 21:27:07.678 DEBUG --- [           main] o.s.data.convert.CustomConversions       : Adding converter from class java.lang.Enum to class [B as writing converter
2025-11-25 21:27:07.678 DEBUG --- [           main] o.s.data.convert.CustomConversions       : Adding converter from class [B to class java.lang.Enum as reading converter
2025-11-25 21:27:07.678 DEBUG --- [           main] o.s.data.convert.CustomConversions       : Adding converter from class java.lang.Boolean to class [B as writing converter
2025-11-25 21:27:07.678 DEBUG --- [           main] o.s.data.convert.CustomConversions       : Adding converter from class [B to class java.lang.Boolean as reading converter
2025-11-25 21:27:07.678 DEBUG --- [           main] o.s.data.convert.CustomConversions       : Adding converter from class java.util.Date to class [B as writing converter
2025-11-25 21:27:07.678 DEBUG --- [           main] o.s.data.convert.CustomConversions       : Adding converter from class [B to class java.util.Date as reading converter
2025-11-25 21:27:07.678 DEBUG --- [           main] o.s.data.convert.CustomConversions       : Adding converter from class java.util.UUID to class [B as writing converter
2025-11-25 21:27:07.678 DEBUG --- [           main] o.s.data.convert.CustomConversions       : Adding converter from class [B to class java.util.UUID as reading converter
2025-11-25 21:27:07.678 DEBUG --- [           main] o.s.data.convert.CustomConversions       : Adding converter from class java.time.LocalDateTime to class [B as reading converter
2025-11-25 21:27:07.678 DEBUG --- [           main] o.s.data.convert.CustomConversions       : Adding converter from class [B to class java.time.LocalDateTime as reading converter
2025-11-25 21:27:07.678 DEBUG --- [           main] o.s.data.convert.CustomConversions       : Adding converter from class java.time.LocalDate to class [B as reading converter
2025-11-25 21:27:07.678 DEBUG --- [           main] o.s.data.convert.CustomConversions       : Adding converter from class [B to class java.time.LocalDate as reading converter
2025-11-25 21:27:07.678 DEBUG --- [           main] o.s.data.convert.CustomConversions       : Adding converter from class java.time.LocalTime to class [B as reading converter
2025-11-25 21:27:07.678 DEBUG --- [           main] o.s.data.convert.CustomConversions       : Adding converter from class [B to class java.time.LocalTime as reading converter
2025-11-25 21:27:07.678 DEBUG --- [           main] o.s.data.convert.CustomConversions       : Adding converter from class java.time.ZonedDateTime to class [B as reading converter
2025-11-25 21:27:07.678 DEBUG --- [           main] o.s.data.convert.CustomConversions       : Adding converter from class [B to class java.time.ZonedDateTime as reading converter
2025-11-25 21:27:07.678 DEBUG --- [           main] o.s.data.convert.CustomConversions       : Adding converter from class java.time.Instant to class [B as reading converter
2025-11-25 21:27:07.678 DEBUG --- [           main] o.s.data.convert.CustomConversions       : Adding converter from class [B to class java.time.Instant as reading converter
2025-11-25 21:27:07.678 DEBUG --- [           main] o.s.data.convert.CustomConversions       : Adding converter from class java.time.ZoneId to class [B as reading converter
2025-11-25 21:27:07.678 DEBUG --- [           main] o.s.data.convert.CustomConversions       : Adding converter from class [B to class java.time.ZoneId as reading converter
2025-11-25 21:27:07.678 DEBUG --- [           main] o.s.data.convert.CustomConversions       : Adding converter from class java.time.Period to class [B as reading converter
2025-11-25 21:27:07.678 DEBUG --- [           main] o.s.data.convert.CustomConversions       : Adding converter from class [B to class java.time.Period as reading converter
2025-11-25 21:27:07.678 DEBUG --- [           main] o.s.data.convert.CustomConversions       : Adding converter from class java.time.Duration to class [B as reading converter
2025-11-25 21:27:07.679 DEBUG --- [           main] o.s.data.convert.CustomConversions       : Adding converter from class [B to class java.time.Duration as reading converter
2025-11-25 21:27:07.679 DEBUG --- [           main] o.s.data.convert.CustomConversions       : Adding converter from class java.time.OffsetDateTime to class [B as reading converter
2025-11-25 21:27:07.679 DEBUG --- [           main] o.s.data.convert.CustomConversions       : Adding converter from class [B to class java.time.OffsetDateTime as reading converter
2025-11-25 21:27:07.679 DEBUG --- [           main] o.s.data.convert.CustomConversions       : Adding converter from class java.time.OffsetTime to class [B as reading converter
2025-11-25 21:27:07.679 DEBUG --- [           main] o.s.data.convert.CustomConversions       : Adding converter from class [B to class java.time.OffsetTime as reading converter
2025-11-25 21:27:07.679 DEBUG --- [           main] o.s.data.convert.CustomConversions       : Adding converter from class java.util.Date to class java.time.LocalDateTime as reading converter
2025-11-25 21:27:07.679 DEBUG --- [           main] o.s.data.convert.CustomConversions       : Adding converter from class java.time.LocalDateTime to class java.util.Date as writing converter
2025-11-25 21:27:07.679 DEBUG --- [           main] o.s.data.convert.CustomConversions       : Adding converter from class java.util.Date to class java.time.LocalDate as reading converter
2025-11-25 21:27:07.679 DEBUG --- [           main] o.s.data.convert.CustomConversions       : Adding converter from class java.time.LocalDate to class java.util.Date as writing converter
2025-11-25 21:27:07.679 DEBUG --- [           main] o.s.data.convert.CustomConversions       : Adding converter from class java.util.Date to class java.time.LocalTime as reading converter
2025-11-25 21:27:07.679 DEBUG --- [           main] o.s.data.convert.CustomConversions       : Adding converter from class java.time.LocalTime to class java.util.Date as writing converter
2025-11-25 21:27:07.679 DEBUG --- [           main] o.s.data.convert.CustomConversions       : Adding converter from class java.util.Date to class java.time.Instant as reading converter
2025-11-25 21:27:07.679 DEBUG --- [           main] o.s.data.convert.CustomConversions       : Adding converter from class java.time.Instant to class java.util.Date as writing converter
2025-11-25 21:27:07.679 DEBUG --- [           main] o.s.data.convert.CustomConversions       : Adding converter from class java.time.LocalDateTime to class java.time.Instant as reading converter
2025-11-25 21:27:07.679 DEBUG --- [           main] o.s.data.convert.CustomConversions       : Adding converter from class java.time.Instant to class java.time.LocalDateTime as reading converter
2025-11-25 21:27:07.679 DEBUG --- [           main] o.s.data.convert.CustomConversions       : Adding converter from class java.time.ZoneId to class java.lang.String as writing converter
2025-11-25 21:27:07.679 DEBUG --- [           main] o.s.data.convert.CustomConversions       : Adding converter from class java.lang.String to class java.time.ZoneId as reading converter
2025-11-25 21:27:07.679 DEBUG --- [           main] o.s.data.convert.CustomConversions       : Adding converter from class java.time.Duration to class java.lang.String as writing converter
2025-11-25 21:27:07.679 DEBUG --- [           main] o.s.data.convert.CustomConversions       : Adding converter from class java.lang.String to class java.time.Duration as reading converter
2025-11-25 21:27:07.679 DEBUG --- [           main] o.s.data.convert.CustomConversions       : Adding converter from class java.time.Period to class java.lang.String as writing converter
2025-11-25 21:27:07.679 DEBUG --- [           main] o.s.data.convert.CustomConversions       : Adding converter from class java.lang.String to class java.time.Period as reading converter
2025-11-25 21:27:07.679 DEBUG --- [           main] o.s.data.convert.CustomConversions       : Adding converter from class java.lang.String to class java.time.LocalDate as reading converter
2025-11-25 21:27:07.679 DEBUG --- [           main] o.s.data.convert.CustomConversions       : Adding converter from class java.lang.String to class java.time.LocalDateTime as reading converter
2025-11-25 21:27:07.679 DEBUG --- [           main] o.s.data.convert.CustomConversions       : Adding converter from class java.lang.String to class java.time.Instant as reading converter
2025-11-25 21:27:07.682 DEBUG --- [           main] o.s.data.convert.CustomConversions       : Adding converter from class java.lang.String to class [B as writing converter
2025-11-25 21:27:07.683 DEBUG --- [           main] o.s.data.convert.CustomConversions       : Adding converter from class [B to class java.lang.String as reading converter
2025-11-25 21:27:07.683 DEBUG --- [           main] o.s.data.convert.CustomConversions       : Adding converter from class java.lang.Number to class [B as writing converter
2025-11-25 21:27:07.683 DEBUG --- [           main] o.s.data.convert.CustomConversions       : Adding converter from class [B to class java.lang.Number as reading converter
2025-11-25 21:27:07.683 DEBUG --- [           main] o.s.data.convert.CustomConversions       : Adding converter from class java.lang.Enum to class [B as writing converter
2025-11-25 21:27:07.683 DEBUG --- [           main] o.s.data.convert.CustomConversions       : Adding converter from class [B to class java.lang.Enum as reading converter
2025-11-25 21:27:07.683 DEBUG --- [           main] o.s.data.convert.CustomConversions       : Adding converter from class java.lang.Boolean to class [B as writing converter
2025-11-25 21:27:07.683 DEBUG --- [           main] o.s.data.convert.CustomConversions       : Adding converter from class [B to class java.lang.Boolean as reading converter
2025-11-25 21:27:07.683 DEBUG --- [           main] o.s.data.convert.CustomConversions       : Adding converter from class java.util.Date to class [B as writing converter
2025-11-25 21:27:07.683 DEBUG --- [           main] o.s.data.convert.CustomConversions       : Adding converter from class [B to class java.util.Date as reading converter
2025-11-25 21:27:07.683 DEBUG --- [           main] o.s.data.convert.CustomConversions       : Adding converter from class java.util.UUID to class [B as writing converter
2025-11-25 21:27:07.683 DEBUG --- [           main] o.s.data.convert.CustomConversions       : Adding converter from class [B to class java.util.UUID as reading converter
2025-11-25 21:27:07.683 DEBUG --- [           main] o.s.data.convert.CustomConversions       : Adding converter from class java.time.LocalDateTime to class [B as reading converter
2025-11-25 21:27:07.683 DEBUG --- [           main] o.s.data.convert.CustomConversions       : Adding converter from class [B to class java.time.LocalDateTime as reading converter
2025-11-25 21:27:07.683 DEBUG --- [           main] o.s.data.convert.CustomConversions       : Adding converter from class java.time.LocalDate to class [B as reading converter
2025-11-25 21:27:07.683 DEBUG --- [           main] o.s.data.convert.CustomConversions       : Adding converter from class [B to class java.time.LocalDate as reading converter
2025-11-25 21:27:07.683 DEBUG --- [           main] o.s.data.convert.CustomConversions       : Adding converter from class java.time.LocalTime to class [B as reading converter
2025-11-25 21:27:07.683 DEBUG --- [           main] o.s.data.convert.CustomConversions       : Adding converter from class [B to class java.time.LocalTime as reading converter
2025-11-25 21:27:07.683 DEBUG --- [           main] o.s.data.convert.CustomConversions       : Adding converter from class java.time.ZonedDateTime to class [B as reading converter
2025-11-25 21:27:07.683 DEBUG --- [           main] o.s.data.convert.CustomConversions       : Adding converter from class [B to class java.time.ZonedDateTime as reading converter
2025-11-25 21:27:07.683 DEBUG --- [           main] o.s.data.convert.CustomConversions       : Adding converter from class java.time.Instant to class [B as reading converter
2025-11-25 21:27:07.683 DEBUG --- [           main] o.s.data.convert.CustomConversions       : Adding converter from class [B to class java.time.Instant as reading converter
2025-11-25 21:27:07.683 DEBUG --- [           main] o.s.data.convert.CustomConversions       : Adding converter from class java.time.ZoneId to class [B as reading converter
2025-11-25 21:27:07.683 DEBUG --- [           main] o.s.data.convert.CustomConversions       : Adding converter from class [B to class java.time.ZoneId as reading converter
2025-11-25 21:27:07.683 DEBUG --- [           main] o.s.data.convert.CustomConversions       : Adding converter from class java.time.Period to class [B as reading converter
2025-11-25 21:27:07.683 DEBUG --- [           main] o.s.data.convert.CustomConversions       : Adding converter from class [B to class java.time.Period as reading converter
2025-11-25 21:27:07.683 DEBUG --- [           main] o.s.data.convert.CustomConversions       : Adding converter from class java.time.Duration to class [B as reading converter
2025-11-25 21:27:07.683 DEBUG --- [           main] o.s.data.convert.CustomConversions       : Adding converter from class [B to class java.time.Duration as reading converter
2025-11-25 21:27:07.683 DEBUG --- [           main] o.s.data.convert.CustomConversions       : Adding converter from class java.time.OffsetDateTime to class [B as reading converter
2025-11-25 21:27:07.684 DEBUG --- [           main] o.s.data.convert.CustomConversions       : Adding converter from class [B to class java.time.OffsetDateTime as reading converter
2025-11-25 21:27:07.684 DEBUG --- [           main] o.s.data.convert.CustomConversions       : Adding converter from class java.time.OffsetTime to class [B as reading converter
2025-11-25 21:27:07.684 DEBUG --- [           main] o.s.data.convert.CustomConversions       : Adding converter from class [B to class java.time.OffsetTime as reading converter
2025-11-25 21:27:07.684 DEBUG --- [           main] o.s.data.convert.CustomConversions       : Adding converter from class java.util.Date to class java.time.LocalDateTime as reading converter
2025-11-25 21:27:07.684 DEBUG --- [           main] o.s.data.convert.CustomConversions       : Adding converter from class java.time.LocalDateTime to class java.util.Date as writing converter
2025-11-25 21:27:07.684 DEBUG --- [           main] o.s.data.convert.CustomConversions       : Adding converter from class java.util.Date to class java.time.LocalDate as reading converter
2025-11-25 21:27:07.684 DEBUG --- [           main] o.s.data.convert.CustomConversions       : Adding converter from class java.time.LocalDate to class java.util.Date as writing converter
2025-11-25 21:27:07.684 DEBUG --- [           main] o.s.data.convert.CustomConversions       : Adding converter from class java.util.Date to class java.time.LocalTime as reading converter
2025-11-25 21:27:07.684 DEBUG --- [           main] o.s.data.convert.CustomConversions       : Adding converter from class java.time.LocalTime to class java.util.Date as writing converter
2025-11-25 21:27:07.684 DEBUG --- [           main] o.s.data.convert.CustomConversions       : Adding converter from class java.util.Date to class java.time.Instant as reading converter
2025-11-25 21:27:07.684 DEBUG --- [           main] o.s.data.convert.CustomConversions       : Adding converter from class java.time.Instant to class java.util.Date as writing converter
2025-11-25 21:27:07.684 DEBUG --- [           main] o.s.data.convert.CustomConversions       : Adding converter from class java.time.LocalDateTime to class java.time.Instant as reading converter
2025-11-25 21:27:07.684 DEBUG --- [           main] o.s.data.convert.CustomConversions       : Adding converter from class java.time.Instant to class java.time.LocalDateTime as reading converter
2025-11-25 21:27:07.684 DEBUG --- [           main] o.s.data.convert.CustomConversions       : Adding converter from class java.time.ZoneId to class java.lang.String as writing converter
2025-11-25 21:27:07.684 DEBUG --- [           main] o.s.data.convert.CustomConversions       : Adding converter from class java.lang.String to class java.time.ZoneId as reading converter
2025-11-25 21:27:07.684 DEBUG --- [           main] o.s.data.convert.CustomConversions       : Adding converter from class java.time.Duration to class java.lang.String as writing converter
2025-11-25 21:27:07.684 DEBUG --- [           main] o.s.data.convert.CustomConversions       : Adding converter from class java.lang.String to class java.time.Duration as reading converter
2025-11-25 21:27:07.684 DEBUG --- [           main] o.s.data.convert.CustomConversions       : Adding converter from class java.time.Period to class java.lang.String as writing converter
2025-11-25 21:27:07.684 DEBUG --- [           main] o.s.data.convert.CustomConversions       : Adding converter from class java.lang.String to class java.time.Period as reading converter
2025-11-25 21:27:07.684 DEBUG --- [           main] o.s.data.convert.CustomConversions       : Adding converter from class java.lang.String to class java.time.LocalDate as reading converter
2025-11-25 21:27:07.684 DEBUG --- [           main] o.s.data.convert.CustomConversions       : Adding converter from class java.lang.String to class java.time.LocalDateTime as reading converter
2025-11-25 21:27:07.684 DEBUG --- [           main] o.s.data.convert.CustomConversions       : Adding converter from class java.lang.String to class java.time.Instant as reading converter
2025-11-25 21:27:07.689 DEBUG --- [           main] o.s.data.convert.CustomConversions       : Adding converter from class java.lang.String to class [B as writing converter
2025-11-25 21:27:07.689 DEBUG --- [           main] o.s.data.convert.CustomConversions       : Adding converter from class [B to class java.lang.String as reading converter
2025-11-25 21:27:07.689 DEBUG --- [           main] o.s.data.convert.CustomConversions       : Adding converter from class java.lang.Number to class [B as writing converter
2025-11-25 21:27:07.689 DEBUG --- [           main] o.s.data.convert.CustomConversions       : Adding converter from class [B to class java.lang.Number as reading converter
2025-11-25 21:27:07.689 DEBUG --- [           main] o.s.data.convert.CustomConversions       : Adding converter from class java.lang.Enum to class [B as writing converter
2025-11-25 21:27:07.689 DEBUG --- [           main] o.s.data.convert.CustomConversions       : Adding converter from class [B to class java.lang.Enum as reading converter
2025-11-25 21:27:07.689 DEBUG --- [           main] o.s.data.convert.CustomConversions       : Adding converter from class java.lang.Boolean to class [B as writing converter
2025-11-25 21:27:07.689 DEBUG --- [           main] o.s.data.convert.CustomConversions       : Adding converter from class [B to class java.lang.Boolean as reading converter
2025-11-25 21:27:07.689 DEBUG --- [           main] o.s.data.convert.CustomConversions       : Adding converter from class java.util.Date to class [B as writing converter
2025-11-25 21:27:07.689 DEBUG --- [           main] o.s.data.convert.CustomConversions       : Adding converter from class [B to class java.util.Date as reading converter
2025-11-25 21:27:07.689 DEBUG --- [           main] o.s.data.convert.CustomConversions       : Adding converter from class java.util.UUID to class [B as writing converter
2025-11-25 21:27:07.689 DEBUG --- [           main] o.s.data.convert.CustomConversions       : Adding converter from class [B to class java.util.UUID as reading converter
2025-11-25 21:27:07.689 DEBUG --- [           main] o.s.data.convert.CustomConversions       : Adding converter from class java.time.LocalDateTime to class [B as reading converter
2025-11-25 21:27:07.689 DEBUG --- [           main] o.s.data.convert.CustomConversions       : Adding converter from class [B to class java.time.LocalDateTime as reading converter
2025-11-25 21:27:07.689 DEBUG --- [           main] o.s.data.convert.CustomConversions       : Adding converter from class java.time.LocalDate to class [B as reading converter
2025-11-25 21:27:07.689 DEBUG --- [           main] o.s.data.convert.CustomConversions       : Adding converter from class [B to class java.time.LocalDate as reading converter
2025-11-25 21:27:07.689 DEBUG --- [           main] o.s.data.convert.CustomConversions       : Adding converter from class java.time.LocalTime to class [B as reading converter
2025-11-25 21:27:07.689 DEBUG --- [           main] o.s.data.convert.CustomConversions       : Adding converter from class [B to class java.time.LocalTime as reading converter
2025-11-25 21:27:07.689 DEBUG --- [           main] o.s.data.convert.CustomConversions       : Adding converter from class java.time.ZonedDateTime to class [B as reading converter
2025-11-25 21:27:07.689 DEBUG --- [           main] o.s.data.convert.CustomConversions       : Adding converter from class [B to class java.time.ZonedDateTime as reading converter
2025-11-25 21:27:07.689 DEBUG --- [           main] o.s.data.convert.CustomConversions       : Adding converter from class java.time.Instant to class [B as reading converter
2025-11-25 21:27:07.689 DEBUG --- [           main] o.s.data.convert.CustomConversions       : Adding converter from class [B to class java.time.Instant as reading converter
2025-11-25 21:27:07.689 DEBUG --- [           main] o.s.data.convert.CustomConversions       : Adding converter from class java.time.ZoneId to class [B as reading converter
2025-11-25 21:27:07.689 DEBUG --- [           main] o.s.data.convert.CustomConversions       : Adding converter from class [B to class java.time.ZoneId as reading converter
2025-11-25 21:27:07.689 DEBUG --- [           main] o.s.data.convert.CustomConversions       : Adding converter from class java.time.Period to class [B as reading converter
2025-11-25 21:27:07.689 DEBUG --- [           main] o.s.data.convert.CustomConversions       : Adding converter from class [B to class java.time.Period as reading converter
2025-11-25 21:27:07.689 DEBUG --- [           main] o.s.data.convert.CustomConversions       : Adding converter from class java.time.Duration to class [B as reading converter
2025-11-25 21:27:07.689 DEBUG --- [           main] o.s.data.convert.CustomConversions       : Adding converter from class [B to class java.time.Duration as reading converter
2025-11-25 21:27:07.689 DEBUG --- [           main] o.s.data.convert.CustomConversions       : Adding converter from class java.time.OffsetDateTime to class [B as reading converter
2025-11-25 21:27:07.689 DEBUG --- [           main] o.s.data.convert.CustomConversions       : Adding converter from class [B to class java.time.OffsetDateTime as reading converter
2025-11-25 21:27:07.689 DEBUG --- [           main] o.s.data.convert.CustomConversions       : Adding converter from class java.time.OffsetTime to class [B as reading converter
2025-11-25 21:27:07.689 DEBUG --- [           main] o.s.data.convert.CustomConversions       : Adding converter from class [B to class java.time.OffsetTime as reading converter
2025-11-25 21:27:07.689 DEBUG --- [           main] o.s.data.convert.CustomConversions       : Adding converter from class java.util.Date to class java.time.LocalDateTime as reading converter
2025-11-25 21:27:07.689 DEBUG --- [           main] o.s.data.convert.CustomConversions       : Adding converter from class java.time.LocalDateTime to class java.util.Date as writing converter
2025-11-25 21:27:07.689 DEBUG --- [           main] o.s.data.convert.CustomConversions       : Adding converter from class java.util.Date to class java.time.LocalDate as reading converter
2025-11-25 21:27:07.689 DEBUG --- [           main] o.s.data.convert.CustomConversions       : Adding converter from class java.time.LocalDate to class java.util.Date as writing converter
2025-11-25 21:27:07.689 DEBUG --- [           main] o.s.data.convert.CustomConversions       : Adding converter from class java.util.Date to class java.time.LocalTime as reading converter
2025-11-25 21:27:07.689 DEBUG --- [           main] o.s.data.convert.CustomConversions       : Adding converter from class java.time.LocalTime to class java.util.Date as writing converter
2025-11-25 21:27:07.690 DEBUG --- [           main] o.s.data.convert.CustomConversions       : Adding converter from class java.util.Date to class java.time.Instant as reading converter
2025-11-25 21:27:07.690 DEBUG --- [           main] o.s.data.convert.CustomConversions       : Adding converter from class java.time.Instant to class java.util.Date as writing converter
2025-11-25 21:27:07.690 DEBUG --- [           main] o.s.data.convert.CustomConversions       : Adding converter from class java.time.LocalDateTime to class java.time.Instant as reading converter
2025-11-25 21:27:07.690 DEBUG --- [           main] o.s.data.convert.CustomConversions       : Adding converter from class java.time.Instant to class java.time.LocalDateTime as reading converter
2025-11-25 21:27:07.690 DEBUG --- [           main] o.s.data.convert.CustomConversions       : Adding converter from class java.time.ZoneId to class java.lang.String as writing converter
2025-11-25 21:27:07.690 DEBUG --- [           main] o.s.data.convert.CustomConversions       : Adding converter from class java.lang.String to class java.time.ZoneId as reading converter
2025-11-25 21:27:07.690 DEBUG --- [           main] o.s.data.convert.CustomConversions       : Adding converter from class java.time.Duration to class java.lang.String as writing converter
2025-11-25 21:27:07.690 DEBUG --- [           main] o.s.data.convert.CustomConversions       : Adding converter from class java.lang.String to class java.time.Duration as reading converter
2025-11-25 21:27:07.690 DEBUG --- [           main] o.s.data.convert.CustomConversions       : Adding converter from class java.time.Period to class java.lang.String as writing converter
2025-11-25 21:27:07.690 DEBUG --- [           main] o.s.data.convert.CustomConversions       : Adding converter from class java.lang.String to class java.time.Period as reading converter
2025-11-25 21:27:07.690 DEBUG --- [           main] o.s.data.convert.CustomConversions       : Adding converter from class java.lang.String to class java.time.LocalDate as reading converter
2025-11-25 21:27:07.690 DEBUG --- [           main] o.s.data.convert.CustomConversions       : Adding converter from class java.lang.String to class java.time.LocalDateTime as reading converter
2025-11-25 21:27:07.690 DEBUG --- [           main] o.s.data.convert.CustomConversions       : Adding converter from class java.lang.String to class java.time.Instant as reading converter
2025-11-25 21:27:07.722 DEBUG --- [           main] o.s.b.f.s.DefaultListableBeanFactory     : Creating shared instance of singleton bean 'mailUtils'
2025-11-25 21:27:07.723 DEBUG --- [           main] o.s.b.f.s.DefaultListableBeanFactory     : Creating shared instance of singleton bean 'mailSender'
2025-11-25 21:27:07.724 DEBUG --- [           main] o.s.b.f.s.DefaultListableBeanFactory     : Creating shared instance of singleton bean 'org.springframework.boot.autoconfigure.mail.MailSenderPropertiesConfiguration'
2025-11-25 21:27:07.725 DEBUG --- [           main] o.s.b.f.s.DefaultListableBeanFactory     : Creating shared instance of singleton bean 'spring.mail-org.springframework.boot.autoconfigure.mail.MailProperties'
2025-11-25 21:27:07.726 DEBUG --- [           main] ySourcesPropertyResolver$DefaultResolver : Found key 'SENDGRID_HOST' in PropertySource 'Config resource 'file [..\.env]' via location 'optional:file:../.env[.properties]'' with value of type String
2025-11-25 21:27:07.727 DEBUG --- [           main] ySourcesPropertyResolver$DefaultResolver : Found key 'SENDGRID_API_KEY' in PropertySource 'Config resource 'file [..\.env]' via location 'optional:file:../.env[.properties]'' with value of type String
2025-11-25 21:27:07.727 DEBUG --- [           main] ySourcesPropertyResolver$DefaultResolver : Found key 'SENDGRID_PORT' in PropertySource 'Config resource 'file [..\.env]' via location 'optional:file:../.env[.properties]'' with value of type String
2025-11-25 21:27:07.728 DEBUG --- [           main] ySourcesPropertyResolver$DefaultResolver : Found key 'SENDGRID_NAME' in PropertySource 'Config resource 'file [..\.env]' via location 'optional:file:../.env[.properties]'' with value of type String
2025-11-25 21:27:07.729 DEBUG --- [           main] o.s.b.f.s.DefaultListableBeanFactory     : Autowiring by type from bean name 'mailSender' via factory method to bean named 'spring.mail-org.springframework.boot.autoconfigure.mail.MailProperties'
2025-11-25 21:27:07.738 DEBUG --- [           main] jakarta.activation                       : MimetypesFileTypeMap: load HOME
2025-11-25 21:27:07.739 DEBUG --- [           main] jakarta.activation                       : Checking system property jakarta.activation.spi.MimeTypeRegistryProvider
2025-11-25 21:27:07.739 DEBUG --- [           main] jakarta.activation                       :   not found
2025-11-25 21:27:07.739 DEBUG --- [           main] jakarta.activation                       : Using java.util.ServiceLoader to find jakarta.activation.spi.MimeTypeRegistryProvider
2025-11-25 21:27:07.741 DEBUG --- [           main] jakarta.activation                       : ServiceProvider loading Facility used; returning object [org.eclipse.angus.activation.MimeTypeRegistryProviderImpl]
2025-11-25 21:27:07.742 DEBUG --- [           main] jakarta.activation                       : MimeTypeRegistry: can't load from file - C:\Users\acer\.mime.types
java.io.FileNotFoundException: C:\Users\acer\.mime.types (The system cannot find the file specified)
	at java.base/java.io.FileInputStream.open0(Native Method)
	at java.base/java.io.FileInputStream.open(FileInputStream.java:213)
	at java.base/java.io.FileInputStream.<init>(FileInputStream.java:152)
	at java.base/java.io.FileReader.<init>(FileReader.java:75)
	at org.eclipse.angus.activation.MimeTypeFile.<init>(MimeTypeFile.java:47)
	at org.eclipse.angus.activation.MimeTypeRegistryProviderImpl.getByFileName(MimeTypeRegistryProviderImpl.java:28)
	at jakarta.activation.MimetypesFileTypeMap.loadFile(MimetypesFileTypeMap.java:263)
	at jakarta.activation.MimetypesFileTypeMap.<init>(MimetypesFileTypeMap.java:107)
	at jakarta.activation.MimetypesFileTypeMap.<init>(MimetypesFileTypeMap.java:305)
	at org.springframework.mail.javamail.ConfigurableMimeFileTypeMap.createFileTypeMap(ConfigurableMimeFileTypeMap.java:150)
	at org.springframework.mail.javamail.ConfigurableMimeFileTypeMap.getFileTypeMap(ConfigurableMimeFileTypeMap.java:123)
	at org.springframework.mail.javamail.ConfigurableMimeFileTypeMap.afterPropertiesSet(ConfigurableMimeFileTypeMap.java:110)
	at org.springframework.mail.javamail.JavaMailSenderImpl.<init>(JavaMailSenderImpl.java:114)
	at org.springframework.boot.autoconfigure.mail.MailSenderPropertiesConfiguration.mailSender(MailSenderPropertiesConfiguration.java:49)
	at java.base/jdk.internal.reflect.DirectMethodHandleAccessor.invoke(DirectMethodHandleAccessor.java:103)
	at java.base/java.lang.reflect.Method.invoke(Method.java:580)
	at org.springframework.beans.factory.support.SimpleInstantiationStrategy.lambda$instantiate$0(SimpleInstantiationStrategy.java:171)
	at org.springframework.beans.factory.support.SimpleInstantiationStrategy.instantiateWithFactoryMethod(SimpleInstantiationStrategy.java:88)
	at org.springframework.beans.factory.support.SimpleInstantiationStrategy.instantiate(SimpleInstantiationStrategy.java:168)
	at org.springframework.beans.factory.support.ConstructorResolver.instantiate(ConstructorResolver.java:653)
	at org.springframework.beans.factory.support.ConstructorResolver.instantiateUsingFactoryMethod(ConstructorResolver.java:645)
	at org.springframework.beans.factory.support.AbstractAutowireCapableBeanFactory.instantiateUsingFactoryMethod(AbstractAutowireCapableBeanFactory.java:1357)
	at org.springframework.beans.factory.support.AbstractAutowireCapableBeanFactory.createBeanInstance(AbstractAutowireCapableBeanFactory.java:1187)
	at org.springframework.beans.factory.support.AbstractAutowireCapableBeanFactory.doCreateBean(AbstractAutowireCapableBeanFactory.java:563)
	at org.springframework.beans.factory.support.AbstractAutowireCapableBeanFactory.createBean(AbstractAutowireCapableBeanFactory.java:523)
	at org.springframework.beans.factory.support.AbstractBeanFactory.lambda$doGetBean$0(AbstractBeanFactory.java:336)
	at org.springframework.beans.factory.support.DefaultSingletonBeanRegistry.getSingleton(DefaultSingletonBeanRegistry.java:289)
	at org.springframework.beans.factory.support.AbstractBeanFactory.doGetBean(AbstractBeanFactory.java:334)
	at org.springframework.beans.factory.support.AbstractBeanFactory.getBean(AbstractBeanFactory.java:199)
	at org.springframework.beans.factory.config.DependencyDescriptor.resolveCandidate(DependencyDescriptor.java:254)
	at org.springframework.beans.factory.support.DefaultListableBeanFactory.doResolveDependency(DefaultListableBeanFactory.java:1631)
	at org.springframework.beans.factory.support.DefaultListableBeanFactory.resolveDependency(DefaultListableBeanFactory.java:1519)
	at org.springframework.beans.factory.support.ConstructorResolver.resolveAutowiredArgument(ConstructorResolver.java:913)
	at org.springframework.beans.factory.support.ConstructorResolver.createArgumentArray(ConstructorResolver.java:791)
	at org.springframework.beans.factory.support.ConstructorResolver.autowireConstructor(ConstructorResolver.java:240)
	at org.springframework.beans.factory.support.AbstractAutowireCapableBeanFactory.autowireConstructor(AbstractAutowireCapableBeanFactory.java:1377)
	at org.springframework.beans.factory.support.AbstractAutowireCapableBeanFactory.createBeanInstance(AbstractAutowireCapableBeanFactory.java:1214)
	at org.springframework.beans.factory.support.AbstractAutowireCapableBeanFactory.doCreateBean(AbstractAutowireCapableBeanFactory.java:563)
	at org.springframework.beans.factory.support.AbstractAutowireCapableBeanFactory.createBean(AbstractAutowireCapableBeanFactory.java:523)
	at org.springframework.beans.factory.support.AbstractBeanFactory.lambda$doGetBean$0(AbstractBeanFactory.java:336)
	at org.springframework.beans.factory.support.DefaultSingletonBeanRegistry.getSingleton(DefaultSingletonBeanRegistry.java:289)
	at org.springframework.beans.factory.support.AbstractBeanFactory.doGetBean(AbstractBeanFactory.java:334)
	at org.springframework.beans.factory.support.AbstractBeanFactory.getBean(AbstractBeanFactory.java:199)
	at org.springframework.beans.factory.support.DefaultListableBeanFactory.doResolveDependency(DefaultListableBeanFactory.java:1573)
	at org.springframework.beans.factory.support.DefaultListableBeanFactory.resolveDependency(DefaultListableBeanFactory.java:1519)
	at org.springframework.beans.factory.support.ConstructorResolver.resolveAutowiredArgument(ConstructorResolver.java:913)
	at org.springframework.beans.factory.support.ConstructorResolver.createArgumentArray(ConstructorResolver.java:791)
	at org.springframework.beans.factory.support.ConstructorResolver.autowireConstructor(ConstructorResolver.java:240)
	at org.springframework.beans.factory.support.AbstractAutowireCapableBeanFactory.autowireConstructor(AbstractAutowireCapableBeanFactory.java:1377)
	at org.springframework.beans.factory.support.AbstractAutowireCapableBeanFactory.createBeanInstance(AbstractAutowireCapableBeanFactory.java:1214)
	at org.springframework.beans.factory.support.AbstractAutowireCapableBeanFactory.doCreateBean(AbstractAutowireCapableBeanFactory.java:563)
	at org.springframework.beans.factory.support.AbstractAutowireCapableBeanFactory.createBean(AbstractAutowireCapableBeanFactory.java:523)
	at org.springframework.beans.factory.support.AbstractBeanFactory.lambda$doGetBean$0(AbstractBeanFactory.java:336)
	at org.springframework.beans.factory.support.DefaultSingletonBeanRegistry.getSingleton(DefaultSingletonBeanRegistry.java:289)
	at org.springframework.beans.factory.support.AbstractBeanFactory.doGetBean(AbstractBeanFactory.java:334)
	at org.springframework.beans.factory.support.AbstractBeanFactory.getBean(AbstractBeanFactory.java:199)
	at org.springframework.beans.factory.config.DependencyDescriptor.resolveCandidate(DependencyDescriptor.java:254)
	at org.springframework.beans.factory.support.DefaultListableBeanFactory.doResolveDependency(DefaultListableBeanFactory.java:1631)
	at org.springframework.beans.factory.support.DefaultListableBeanFactory.resolveDependency(DefaultListableBeanFactory.java:1519)
	at org.springframework.beans.factory.support.ConstructorResolver.resolveAutowiredArgument(ConstructorResolver.java:913)
	at org.springframework.beans.factory.support.ConstructorResolver.createArgumentArray(ConstructorResolver.java:791)
	at org.springframework.beans.factory.support.ConstructorResolver.autowireConstructor(ConstructorResolver.java:240)
	at org.springframework.beans.factory.support.AbstractAutowireCapableBeanFactory.autowireConstructor(AbstractAutowireCapableBeanFactory.java:1377)
	at org.springframework.beans.factory.support.AbstractAutowireCapableBeanFactory.createBeanInstance(AbstractAutowireCapableBeanFactory.java:1214)
	at org.springframework.beans.factory.support.AbstractAutowireCapableBeanFactory.doCreateBean(AbstractAutowireCapableBeanFactory.java:563)
	at org.springframework.beans.factory.support.AbstractAutowireCapableBeanFactory.createBean(AbstractAutowireCapableBeanFactory.java:523)
	at org.springframework.beans.factory.support.AbstractBeanFactory.lambda$doGetBean$0(AbstractBeanFactory.java:336)
	at org.springframework.beans.factory.support.DefaultSingletonBeanRegistry.getSingleton(DefaultSingletonBeanRegistry.java:289)
	at org.springframework.beans.factory.support.AbstractBeanFactory.doGetBean(AbstractBeanFactory.java:334)
	at org.springframework.beans.factory.support.AbstractBeanFactory.getBean(AbstractBeanFactory.java:199)
	at org.springframework.beans.factory.config.DependencyDescriptor.resolveCandidate(DependencyDescriptor.java:254)
	at org.springframework.beans.factory.support.DefaultListableBeanFactory.doResolveDependency(DefaultListableBeanFactory.java:1631)
	at org.springframework.beans.factory.support.DefaultListableBeanFactory.resolveDependency(DefaultListableBeanFactory.java:1519)
	at org.springframework.beans.factory.support.ConstructorResolver.resolveAutowiredArgument(ConstructorResolver.java:913)
	at org.springframework.beans.factory.support.ConstructorResolver.createArgumentArray(ConstructorResolver.java:791)
	at org.springframework.beans.factory.support.ConstructorResolver.autowireConstructor(ConstructorResolver.java:240)
	at org.springframework.beans.factory.support.AbstractAutowireCapableBeanFactory.autowireConstructor(AbstractAutowireCapableBeanFactory.java:1377)
	at org.springframework.beans.factory.support.AbstractAutowireCapableBeanFactory.createBeanInstance(AbstractAutowireCapableBeanFactory.java:1214)
	at org.springframework.beans.factory.support.AbstractAutowireCapableBeanFactory.doCreateBean(AbstractAutowireCapableBeanFactory.java:563)
	at org.springframework.beans.factory.support.AbstractAutowireCapableBeanFactory.createBean(AbstractAutowireCapableBeanFactory.java:523)
	at org.springframework.beans.factory.support.AbstractBeanFactory.lambda$doGetBean$0(AbstractBeanFactory.java:336)
	at org.springframework.beans.factory.support.DefaultSingletonBeanRegistry.getSingleton(DefaultSingletonBeanRegistry.java:289)
	at org.springframework.beans.factory.support.AbstractBeanFactory.doGetBean(AbstractBeanFactory.java:334)
	at org.springframework.beans.factory.support.AbstractBeanFactory.getBean(AbstractBeanFactory.java:199)
	at org.springframework.beans.factory.support.DefaultListableBeanFactory.instantiateSingleton(DefaultListableBeanFactory.java:1122)
	at org.springframework.beans.factory.support.DefaultListableBeanFactory.preInstantiateSingleton(DefaultListableBeanFactory.java:1093)
	at org.springframework.beans.factory.support.DefaultListableBeanFactory.preInstantiateSingletons(DefaultListableBeanFactory.java:1030)
	at org.springframework.context.support.AbstractApplicationContext.finishBeanFactoryInitialization(AbstractApplicationContext.java:987)
	at org.springframework.context.support.AbstractApplicationContext.refresh(AbstractApplicationContext.java:627)
	at org.springframework.boot.SpringApplication.refresh(SpringApplication.java:752)
	at org.springframework.boot.SpringApplication.refreshContext(SpringApplication.java:439)
	at org.springframework.boot.SpringApplication.run(SpringApplication.java:318)
	at org.springframework.boot.test.context.SpringBootContextLoader.lambda$loadContext$3(SpringBootContextLoader.java:137)
	at org.springframework.util.function.ThrowingSupplier.get(ThrowingSupplier.java:58)
	at org.springframework.util.function.ThrowingSupplier.get(ThrowingSupplier.java:46)
	at org.springframework.boot.SpringApplication.withHook(SpringApplication.java:1461)
	at org.springframework.boot.test.context.SpringBootContextLoader$ContextLoaderHook.run(SpringBootContextLoader.java:553)
	at org.springframework.boot.test.context.SpringBootContextLoader.loadContext(SpringBootContextLoader.java:137)
	at org.springframework.boot.test.context.SpringBootContextLoader.loadContext(SpringBootContextLoader.java:108)
	at org.springframework.test.context.cache.DefaultCacheAwareContextLoaderDelegate.loadContextInternal(DefaultCacheAwareContextLoaderDelegate.java:225)
	at org.springframework.test.context.cache.DefaultCacheAwareContextLoaderDelegate.loadContext(DefaultCacheAwareContextLoaderDelegate.java:152)
	at org.springframework.test.context.support.DefaultTestContext.getApplicationContext(DefaultTestContext.java:130)
	at org.springframework.test.context.web.ServletTestExecutionListener.setUpRequestContextIfNecessary(ServletTestExecutionListener.java:191)
	at org.springframework.test.context.web.ServletTestExecutionListener.prepareTestInstance(ServletTestExecutionListener.java:130)
	at org.springframework.test.context.TestContextManager.prepareTestInstance(TestContextManager.java:260)
	at org.springframework.test.context.junit.jupiter.SpringExtension.postProcessTestInstance(SpringExtension.java:160)
	at org.junit.jupiter.engine.descriptor.ClassBasedTestDescriptor.lambda$invokeTestInstancePostProcessors$11(ClassBasedTestDescriptor.java:378)
	at org.junit.jupiter.engine.descriptor.ClassBasedTestDescriptor.executeAndMaskThrowable(ClassBasedTestDescriptor.java:383)
	at org.junit.jupiter.engine.descriptor.ClassBasedTestDescriptor.lambda$invokeTestInstancePostProcessors$12(ClassBasedTestDescriptor.java:378)
	at java.base/java.util.stream.ForEachOps$ForEachOp$OfRef.accept(ForEachOps.java:184)
	at java.base/java.util.stream.ReferencePipeline$3$1.accept(ReferencePipeline.java:212)
	at java.base/java.util.stream.ReferencePipeline$2$1.accept(ReferencePipeline.java:194)
	at java.base/java.util.stream.ReferencePipeline$3$1.accept(ReferencePipeline.java:212)
	at java.base/java.util.ArrayList$ArrayListSpliterator.forEachRemaining(ArrayList.java:1709)
	at java.base/java.util.stream.AbstractPipeline.copyInto(AbstractPipeline.java:556)
	at java.base/java.util.stream.AbstractPipeline.wrapAndCopyInto(AbstractPipeline.java:546)
	at java.base/java.util.stream.ForEachOps$ForEachOp.evaluateSequential(ForEachOps.java:151)
	at java.base/java.util.stream.ForEachOps$ForEachOp$OfRef.evaluateSequential(ForEachOps.java:174)
	at java.base/java.util.stream.AbstractPipeline.evaluate(AbstractPipeline.java:265)
	at java.base/java.util.stream.ReferencePipeline.forEach(ReferencePipeline.java:611)
	at org.junit.jupiter.engine.descriptor.ClassBasedTestDescriptor.invokeTestInstancePostProcessors(ClassBasedTestDescriptor.java:377)
	at org.junit.jupiter.engine.descriptor.ClassBasedTestDescriptor.lambda$instantiateAndPostProcessTestInstance$7(ClassBasedTestDescriptor.java:290)
	at org.junit.platform.engine.support.hierarchical.ThrowableCollector.execute(ThrowableCollector.java:73)
	at org.junit.jupiter.engine.descriptor.ClassBasedTestDescriptor.instantiateAndPostProcessTestInstance(ClassBasedTestDescriptor.java:289)
	at org.junit.jupiter.engine.descriptor.ClassBasedTestDescriptor.lambda$testInstancesProvider$5(ClassBasedTestDescriptor.java:279)
	at java.base/java.util.Optional.orElseGet(Optional.java:364)
	at org.junit.jupiter.engine.descriptor.ClassBasedTestDescriptor.lambda$testInstancesProvider$6(ClassBasedTestDescriptor.java:278)
	at org.junit.jupiter.engine.execution.TestInstancesProvider.getTestInstances(TestInstancesProvider.java:31)
	at org.junit.jupiter.engine.descriptor.TestMethodTestDescriptor.lambda$prepare$1(TestMethodTestDescriptor.java:105)
	at org.junit.platform.engine.support.hierarchical.ThrowableCollector.execute(ThrowableCollector.java:73)
	at org.junit.jupiter.engine.descriptor.TestMethodTestDescriptor.prepare(TestMethodTestDescriptor.java:104)
	at org.junit.jupiter.engine.descriptor.TestMethodTestDescriptor.prepare(TestMethodTestDescriptor.java:68)
	at org.junit.platform.engine.support.hierarchical.NodeTestTask.lambda$prepare$2(NodeTestTask.java:128)
	at org.junit.platform.engine.support.hierarchical.ThrowableCollector.execute(ThrowableCollector.java:73)
	at org.junit.platform.engine.support.hierarchical.NodeTestTask.prepare(NodeTestTask.java:128)
	at org.junit.platform.engine.support.hierarchical.NodeTestTask.execute(NodeTestTask.java:95)
	at java.base/java.util.ArrayList.forEach(ArrayList.java:1597)
	at org.junit.platform.engine.support.hierarchical.SameThreadHierarchicalTestExecutorService.invokeAll(SameThreadHierarchicalTestExecutorService.java:41)
	at org.junit.platform.engine.support.hierarchical.NodeTestTask.lambda$executeRecursively$6(NodeTestTask.java:160)
	at org.junit.platform.engine.support.hierarchical.ThrowableCollector.execute(ThrowableCollector.java:73)
	at org.junit.platform.engine.support.hierarchical.NodeTestTask.lambda$executeRecursively$8(NodeTestTask.java:146)
	at org.junit.platform.engine.support.hierarchical.Node.around(Node.java:137)
	at org.junit.platform.engine.support.hierarchical.NodeTestTask.lambda$executeRecursively$9(NodeTestTask.java:144)
	at org.junit.platform.engine.support.hierarchical.ThrowableCollector.execute(ThrowableCollector.java:73)
	at org.junit.platform.engine.support.hierarchical.NodeTestTask.executeRecursively(NodeTestTask.java:143)
	at org.junit.platform.engine.support.hierarchical.NodeTestTask.execute(NodeTestTask.java:100)
	at java.base/java.util.ArrayList.forEach(ArrayList.java:1597)
	at org.junit.platform.engine.support.hierarchical.SameThreadHierarchicalTestExecutorService.invokeAll(SameThreadHierarchicalTestExecutorService.java:41)
	at org.junit.platform.engine.support.hierarchical.NodeTestTask.lambda$executeRecursively$6(NodeTestTask.java:160)
	at org.junit.platform.engine.support.hierarchical.ThrowableCollector.execute(ThrowableCollector.java:73)
	at org.junit.platform.engine.support.hierarchical.NodeTestTask.lambda$executeRecursively$8(NodeTestTask.java:146)
	at org.junit.platform.engine.support.hierarchical.Node.around(Node.java:137)
	at org.junit.platform.engine.support.hierarchical.NodeTestTask.lambda$executeRecursively$9(NodeTestTask.java:144)
	at org.junit.platform.engine.support.hierarchical.ThrowableCollector.execute(ThrowableCollector.java:73)
	at org.junit.platform.engine.support.hierarchical.NodeTestTask.executeRecursively(NodeTestTask.java:143)
	at org.junit.platform.engine.support.hierarchical.NodeTestTask.execute(NodeTestTask.java:100)
	at org.junit.platform.engine.support.hierarchical.SameThreadHierarchicalTestExecutorService.submit(SameThreadHierarchicalTestExecutorService.java:35)
	at org.junit.platform.engine.support.hierarchical.HierarchicalTestExecutor.execute(HierarchicalTestExecutor.java:57)
	at org.junit.platform.engine.support.hierarchical.HierarchicalTestEngine.execute(HierarchicalTestEngine.java:54)
	at org.junit.platform.launcher.core.EngineExecutionOrchestrator.execute(EngineExecutionOrchestrator.java:198)
	at org.junit.platform.launcher.core.EngineExecutionOrchestrator.execute(EngineExecutionOrchestrator.java:169)
	at org.junit.platform.launcher.core.EngineExecutionOrchestrator.execute(EngineExecutionOrchestrator.java:93)
	at org.junit.platform.launcher.core.EngineExecutionOrchestrator.lambda$execute$0(EngineExecutionOrchestrator.java:58)
	at org.junit.platform.launcher.core.EngineExecutionOrchestrator.withInterceptedStreams(EngineExecutionOrchestrator.java:141)
	at org.junit.platform.launcher.core.EngineExecutionOrchestrator.execute(EngineExecutionOrchestrator.java:57)
	at org.junit.platform.launcher.core.DefaultLauncher.execute(DefaultLauncher.java:103)
	at org.junit.platform.launcher.core.DefaultLauncher.execute(DefaultLauncher.java:85)
	at org.junit.platform.launcher.core.DelegatingLauncher.execute(DelegatingLauncher.java:47)
	at org.apache.maven.surefire.junitplatform.LazyLauncher.execute(LazyLauncher.java:56)
	at org.apache.maven.surefire.junitplatform.JUnitPlatformProvider.execute(JUnitPlatformProvider.java:184)
	at org.apache.maven.surefire.junitplatform.JUnitPlatformProvider.invokeAllTests(JUnitPlatformProvider.java:148)
	at org.apache.maven.surefire.junitplatform.JUnitPlatformProvider.invoke(JUnitPlatformProvider.java:122)
	at org.apache.maven.surefire.booter.ForkedBooter.runSuitesInProcess(ForkedBooter.java:385)
	at org.apache.maven.surefire.booter.ForkedBooter.execute(ForkedBooter.java:162)
	at org.apache.maven.surefire.booter.ForkedBooter.run(ForkedBooter.java:507)
	at org.apache.maven.surefire.booter.ForkedBooter.main(ForkedBooter.java:495)
2025-11-25 21:27:07.744 DEBUG --- [           main] jakarta.activation                       : MimetypesFileTypeMap: load SYS
2025-11-25 21:27:07.744 DEBUG --- [           main] jakarta.activation                       : Checking system property jakarta.activation.spi.MimeTypeRegistryProvider
2025-11-25 21:27:07.744 DEBUG --- [           main] jakarta.activation                       :   not found
2025-11-25 21:27:07.744 DEBUG --- [           main] jakarta.activation                       : Using java.util.ServiceLoader to find jakarta.activation.spi.MimeTypeRegistryProvider
2025-11-25 21:27:07.745 DEBUG --- [           main] jakarta.activation                       : ServiceProvider loading Facility used; returning object [org.eclipse.angus.activation.MimeTypeRegistryProviderImpl]
2025-11-25 21:27:07.746 DEBUG --- [           main] jakarta.activation                       : MimeTypeRegistry: can't load from file - C:\Users\acer\.jdks\openjdk-22.0.2\conf\mime.types
java.io.FileNotFoundException: C:\Users\acer\.jdks\openjdk-22.0.2\conf\mime.types (The system cannot find the file specified)
	at java.base/java.io.FileInputStream.open0(Native Method)
	at java.base/java.io.FileInputStream.open(FileInputStream.java:213)
	at java.base/java.io.FileInputStream.<init>(FileInputStream.java:152)
	at java.base/java.io.FileReader.<init>(FileReader.java:75)
	at org.eclipse.angus.activation.MimeTypeFile.<init>(MimeTypeFile.java:47)
	at org.eclipse.angus.activation.MimeTypeRegistryProviderImpl.getByFileName(MimeTypeRegistryProviderImpl.java:28)
	at jakarta.activation.MimetypesFileTypeMap.loadFile(MimetypesFileTypeMap.java:263)
	at jakarta.activation.MimetypesFileTypeMap.<init>(MimetypesFileTypeMap.java:120)
	at jakarta.activation.MimetypesFileTypeMap.<init>(MimetypesFileTypeMap.java:305)
	at org.springframework.mail.javamail.ConfigurableMimeFileTypeMap.createFileTypeMap(ConfigurableMimeFileTypeMap.java:150)
	at org.springframework.mail.javamail.ConfigurableMimeFileTypeMap.getFileTypeMap(ConfigurableMimeFileTypeMap.java:123)
	at org.springframework.mail.javamail.ConfigurableMimeFileTypeMap.afterPropertiesSet(ConfigurableMimeFileTypeMap.java:110)
	at org.springframework.mail.javamail.JavaMailSenderImpl.<init>(JavaMailSenderImpl.java:114)
	at org.springframework.boot.autoconfigure.mail.MailSenderPropertiesConfiguration.mailSender(MailSenderPropertiesConfiguration.java:49)
	at java.base/jdk.internal.reflect.DirectMethodHandleAccessor.invoke(DirectMethodHandleAccessor.java:103)
	at java.base/java.lang.reflect.Method.invoke(Method.java:580)
	at org.springframework.beans.factory.support.SimpleInstantiationStrategy.lambda$instantiate$0(SimpleInstantiationStrategy.java:171)
	at org.springframework.beans.factory.support.SimpleInstantiationStrategy.instantiateWithFactoryMethod(SimpleInstantiationStrategy.java:88)
	at org.springframework.beans.factory.support.SimpleInstantiationStrategy.instantiate(SimpleInstantiationStrategy.java:168)
	at org.springframework.beans.factory.support.ConstructorResolver.instantiate(ConstructorResolver.java:653)
	at org.springframework.beans.factory.support.ConstructorResolver.instantiateUsingFactoryMethod(ConstructorResolver.java:645)
	at org.springframework.beans.factory.support.AbstractAutowireCapableBeanFactory.instantiateUsingFactoryMethod(AbstractAutowireCapableBeanFactory.java:1357)
	at org.springframework.beans.factory.support.AbstractAutowireCapableBeanFactory.createBeanInstance(AbstractAutowireCapableBeanFactory.java:1187)
	at org.springframework.beans.factory.support.AbstractAutowireCapableBeanFactory.doCreateBean(AbstractAutowireCapableBeanFactory.java:563)
	at org.springframework.beans.factory.support.AbstractAutowireCapableBeanFactory.createBean(AbstractAutowireCapableBeanFactory.java:523)
	at org.springframework.beans.factory.support.AbstractBeanFactory.lambda$doGetBean$0(AbstractBeanFactory.java:336)
	at org.springframework.beans.factory.support.DefaultSingletonBeanRegistry.getSingleton(DefaultSingletonBeanRegistry.java:289)
	at org.springframework.beans.factory.support.AbstractBeanFactory.doGetBean(AbstractBeanFactory.java:334)
	at org.springframework.beans.factory.support.AbstractBeanFactory.getBean(AbstractBeanFactory.java:199)
	at org.springframework.beans.factory.config.DependencyDescriptor.resolveCandidate(DependencyDescriptor.java:254)
	at org.springframework.beans.factory.support.DefaultListableBeanFactory.doResolveDependency(DefaultListableBeanFactory.java:1631)
	at org.springframework.beans.factory.support.DefaultListableBeanFactory.resolveDependency(DefaultListableBeanFactory.java:1519)
	at org.springframework.beans.factory.support.ConstructorResolver.resolveAutowiredArgument(ConstructorResolver.java:913)
	at org.springframework.beans.factory.support.ConstructorResolver.createArgumentArray(ConstructorResolver.java:791)
	at org.springframework.beans.factory.support.ConstructorResolver.autowireConstructor(ConstructorResolver.java:240)
	at org.springframework.beans.factory.support.AbstractAutowireCapableBeanFactory.autowireConstructor(AbstractAutowireCapableBeanFactory.java:1377)
	at org.springframework.beans.factory.support.AbstractAutowireCapableBeanFactory.createBeanInstance(AbstractAutowireCapableBeanFactory.java:1214)
	at org.springframework.beans.factory.support.AbstractAutowireCapableBeanFactory.doCreateBean(AbstractAutowireCapableBeanFactory.java:563)
	at org.springframework.beans.factory.support.AbstractAutowireCapableBeanFactory.createBean(AbstractAutowireCapableBeanFactory.java:523)
	at org.springframework.beans.factory.support.AbstractBeanFactory.lambda$doGetBean$0(AbstractBeanFactory.java:336)
	at org.springframework.beans.factory.support.DefaultSingletonBeanRegistry.getSingleton(DefaultSingletonBeanRegistry.java:289)
	at org.springframework.beans.factory.support.AbstractBeanFactory.doGetBean(AbstractBeanFactory.java:334)
	at org.springframework.beans.factory.support.AbstractBeanFactory.getBean(AbstractBeanFactory.java:199)
	at org.springframework.beans.factory.support.DefaultListableBeanFactory.doResolveDependency(DefaultListableBeanFactory.java:1573)
	at org.springframework.beans.factory.support.DefaultListableBeanFactory.resolveDependency(DefaultListableBeanFactory.java:1519)
	at org.springframework.beans.factory.support.ConstructorResolver.resolveAutowiredArgument(ConstructorResolver.java:913)
	at org.springframework.beans.factory.support.ConstructorResolver.createArgumentArray(ConstructorResolver.java:791)
	at org.springframework.beans.factory.support.ConstructorResolver.autowireConstructor(ConstructorResolver.java:240)
	at org.springframework.beans.factory.support.AbstractAutowireCapableBeanFactory.autowireConstructor(AbstractAutowireCapableBeanFactory.java:1377)
	at org.springframework.beans.factory.support.AbstractAutowireCapableBeanFactory.createBeanInstance(AbstractAutowireCapableBeanFactory.java:1214)
	at org.springframework.beans.factory.support.AbstractAutowireCapableBeanFactory.doCreateBean(AbstractAutowireCapableBeanFactory.java:563)
	at org.springframework.beans.factory.support.AbstractAutowireCapableBeanFactory.createBean(AbstractAutowireCapableBeanFactory.java:523)
	at org.springframework.beans.factory.support.AbstractBeanFactory.lambda$doGetBean$0(AbstractBeanFactory.java:336)
	at org.springframework.beans.factory.support.DefaultSingletonBeanRegistry.getSingleton(DefaultSingletonBeanRegistry.java:289)
	at org.springframework.beans.factory.support.AbstractBeanFactory.doGetBean(AbstractBeanFactory.java:334)
	at org.springframework.beans.factory.support.AbstractBeanFactory.getBean(AbstractBeanFactory.java:199)
	at org.springframework.beans.factory.config.DependencyDescriptor.resolveCandidate(DependencyDescriptor.java:254)
	at org.springframework.beans.factory.support.DefaultListableBeanFactory.doResolveDependency(DefaultListableBeanFactory.java:1631)
	at org.springframework.beans.factory.support.DefaultListableBeanFactory.resolveDependency(DefaultListableBeanFactory.java:1519)
	at org.springframework.beans.factory.support.ConstructorResolver.resolveAutowiredArgument(ConstructorResolver.java:913)
	at org.springframework.beans.factory.support.ConstructorResolver.createArgumentArray(ConstructorResolver.java:791)
	at org.springframework.beans.factory.support.ConstructorResolver.autowireConstructor(ConstructorResolver.java:240)
	at org.springframework.beans.factory.support.AbstractAutowireCapableBeanFactory.autowireConstructor(AbstractAutowireCapableBeanFactory.java:1377)
	at org.springframework.beans.factory.support.AbstractAutowireCapableBeanFactory.createBeanInstance(AbstractAutowireCapableBeanFactory.java:1214)
	at org.springframework.beans.factory.support.AbstractAutowireCapableBeanFactory.doCreateBean(AbstractAutowireCapableBeanFactory.java:563)
	at org.springframework.beans.factory.support.AbstractAutowireCapableBeanFactory.createBean(AbstractAutowireCapableBeanFactory.java:523)
	at org.springframework.beans.factory.support.AbstractBeanFactory.lambda$doGetBean$0(AbstractBeanFactory.java:336)
	at org.springframework.beans.factory.support.DefaultSingletonBeanRegistry.getSingleton(DefaultSingletonBeanRegistry.java:289)
	at org.springframework.beans.factory.support.AbstractBeanFactory.doGetBean(AbstractBeanFactory.java:334)
	at org.springframework.beans.factory.support.AbstractBeanFactory.getBean(AbstractBeanFactory.java:199)
	at org.springframework.beans.factory.config.DependencyDescriptor.resolveCandidate(DependencyDescriptor.java:254)
	at org.springframework.beans.factory.support.DefaultListableBeanFactory.doResolveDependency(DefaultListableBeanFactory.java:1631)
	at org.springframework.beans.factory.support.DefaultListableBeanFactory.resolveDependency(DefaultListableBeanFactory.java:1519)
	at org.springframework.beans.factory.support.ConstructorResolver.resolveAutowiredArgument(ConstructorResolver.java:913)
	at org.springframework.beans.factory.support.ConstructorResolver.createArgumentArray(ConstructorResolver.java:791)
	at org.springframework.beans.factory.support.ConstructorResolver.autowireConstructor(ConstructorResolver.java:240)
	at org.springframework.beans.factory.support.AbstractAutowireCapableBeanFactory.autowireConstructor(AbstractAutowireCapableBeanFactory.java:1377)
	at org.springframework.beans.factory.support.AbstractAutowireCapableBeanFactory.createBeanInstance(AbstractAutowireCapableBeanFactory.java:1214)
	at org.springframework.beans.factory.support.AbstractAutowireCapableBeanFactory.doCreateBean(AbstractAutowireCapableBeanFactory.java:563)
	at org.springframework.beans.factory.support.AbstractAutowireCapableBeanFactory.createBean(AbstractAutowireCapableBeanFactory.java:523)
	at org.springframework.beans.factory.support.AbstractBeanFactory.lambda$doGetBean$0(AbstractBeanFactory.java:336)
	at org.springframework.beans.factory.support.DefaultSingletonBeanRegistry.getSingleton(DefaultSingletonBeanRegistry.java:289)
	at org.springframework.beans.factory.support.AbstractBeanFactory.doGetBean(AbstractBeanFactory.java:334)
	at org.springframework.beans.factory.support.AbstractBeanFactory.getBean(AbstractBeanFactory.java:199)
	at org.springframework.beans.factory.support.DefaultListableBeanFactory.instantiateSingleton(DefaultListableBeanFactory.java:1122)
	at org.springframework.beans.factory.support.DefaultListableBeanFactory.preInstantiateSingleton(DefaultListableBeanFactory.java:1093)
	at org.springframework.beans.factory.support.DefaultListableBeanFactory.preInstantiateSingletons(DefaultListableBeanFactory.java:1030)
	at org.springframework.context.support.AbstractApplicationContext.finishBeanFactoryInitialization(AbstractApplicationContext.java:987)
	at org.springframework.context.support.AbstractApplicationContext.refresh(AbstractApplicationContext.java:627)
	at org.springframework.boot.SpringApplication.refresh(SpringApplication.java:752)
	at org.springframework.boot.SpringApplication.refreshContext(SpringApplication.java:439)
	at org.springframework.boot.SpringApplication.run(SpringApplication.java:318)
	at org.springframework.boot.test.context.SpringBootContextLoader.lambda$loadContext$3(SpringBootContextLoader.java:137)
	at org.springframework.util.function.ThrowingSupplier.get(ThrowingSupplier.java:58)
	at org.springframework.util.function.ThrowingSupplier.get(ThrowingSupplier.java:46)
	at org.springframework.boot.SpringApplication.withHook(SpringApplication.java:1461)
	at org.springframework.boot.test.context.SpringBootContextLoader$ContextLoaderHook.run(SpringBootContextLoader.java:553)
	at org.springframework.boot.test.context.SpringBootContextLoader.loadContext(SpringBootContextLoader.java:137)
	at org.springframework.boot.test.context.SpringBootContextLoader.loadContext(SpringBootContextLoader.java:108)
	at org.springframework.test.context.cache.DefaultCacheAwareContextLoaderDelegate.loadContextInternal(DefaultCacheAwareContextLoaderDelegate.java:225)
	at org.springframework.test.context.cache.DefaultCacheAwareContextLoaderDelegate.loadContext(DefaultCacheAwareContextLoaderDelegate.java:152)
	at org.springframework.test.context.support.DefaultTestContext.getApplicationContext(DefaultTestContext.java:130)
	at org.springframework.test.context.web.ServletTestExecutionListener.setUpRequestContextIfNecessary(ServletTestExecutionListener.java:191)
	at org.springframework.test.context.web.ServletTestExecutionListener.prepareTestInstance(ServletTestExecutionListener.java:130)
	at org.springframework.test.context.TestContextManager.prepareTestInstance(TestContextManager.java:260)
	at org.springframework.test.context.junit.jupiter.SpringExtension.postProcessTestInstance(SpringExtension.java:160)
	at org.junit.jupiter.engine.descriptor.ClassBasedTestDescriptor.lambda$invokeTestInstancePostProcessors$11(ClassBasedTestDescriptor.java:378)
	at org.junit.jupiter.engine.descriptor.ClassBasedTestDescriptor.executeAndMaskThrowable(ClassBasedTestDescriptor.java:383)
	at org.junit.jupiter.engine.descriptor.ClassBasedTestDescriptor.lambda$invokeTestInstancePostProcessors$12(ClassBasedTestDescriptor.java:378)
	at java.base/java.util.stream.ForEachOps$ForEachOp$OfRef.accept(ForEachOps.java:184)
	at java.base/java.util.stream.ReferencePipeline$3$1.accept(ReferencePipeline.java:212)
	at java.base/java.util.stream.ReferencePipeline$2$1.accept(ReferencePipeline.java:194)
	at java.base/java.util.stream.ReferencePipeline$3$1.accept(ReferencePipeline.java:212)
	at java.base/java.util.ArrayList$ArrayListSpliterator.forEachRemaining(ArrayList.java:1709)
	at java.base/java.util.stream.AbstractPipeline.copyInto(AbstractPipeline.java:556)
	at java.base/java.util.stream.AbstractPipeline.wrapAndCopyInto(AbstractPipeline.java:546)
	at java.base/java.util.stream.ForEachOps$ForEachOp.evaluateSequential(ForEachOps.java:151)
	at java.base/java.util.stream.ForEachOps$ForEachOp$OfRef.evaluateSequential(ForEachOps.java:174)
	at java.base/java.util.stream.AbstractPipeline.evaluate(AbstractPipeline.java:265)
	at java.base/java.util.stream.ReferencePipeline.forEach(ReferencePipeline.java:611)
	at org.junit.jupiter.engine.descriptor.ClassBasedTestDescriptor.invokeTestInstancePostProcessors(ClassBasedTestDescriptor.java:377)
	at org.junit.jupiter.engine.descriptor.ClassBasedTestDescriptor.lambda$instantiateAndPostProcessTestInstance$7(ClassBasedTestDescriptor.java:290)
	at org.junit.platform.engine.support.hierarchical.ThrowableCollector.execute(ThrowableCollector.java:73)
	at org.junit.jupiter.engine.descriptor.ClassBasedTestDescriptor.instantiateAndPostProcessTestInstance(ClassBasedTestDescriptor.java:289)
	at org.junit.jupiter.engine.descriptor.ClassBasedTestDescriptor.lambda$testInstancesProvider$5(ClassBasedTestDescriptor.java:279)
	at java.base/java.util.Optional.orElseGet(Optional.java:364)
	at org.junit.jupiter.engine.descriptor.ClassBasedTestDescriptor.lambda$testInstancesProvider$6(ClassBasedTestDescriptor.java:278)
	at org.junit.jupiter.engine.execution.TestInstancesProvider.getTestInstances(TestInstancesProvider.java:31)
	at org.junit.jupiter.engine.descriptor.TestMethodTestDescriptor.lambda$prepare$1(TestMethodTestDescriptor.java:105)
	at org.junit.platform.engine.support.hierarchical.ThrowableCollector.execute(ThrowableCollector.java:73)
	at org.junit.jupiter.engine.descriptor.TestMethodTestDescriptor.prepare(TestMethodTestDescriptor.java:104)
	at org.junit.jupiter.engine.descriptor.TestMethodTestDescriptor.prepare(TestMethodTestDescriptor.java:68)
	at org.junit.platform.engine.support.hierarchical.NodeTestTask.lambda$prepare$2(NodeTestTask.java:128)
	at org.junit.platform.engine.support.hierarchical.ThrowableCollector.execute(ThrowableCollector.java:73)
	at org.junit.platform.engine.support.hierarchical.NodeTestTask.prepare(NodeTestTask.java:128)
	at org.junit.platform.engine.support.hierarchical.NodeTestTask.execute(NodeTestTask.java:95)
	at java.base/java.util.ArrayList.forEach(ArrayList.java:1597)
	at org.junit.platform.engine.support.hierarchical.SameThreadHierarchicalTestExecutorService.invokeAll(SameThreadHierarchicalTestExecutorService.java:41)
	at org.junit.platform.engine.support.hierarchical.NodeTestTask.lambda$executeRecursively$6(NodeTestTask.java:160)
	at org.junit.platform.engine.support.hierarchical.ThrowableCollector.execute(ThrowableCollector.java:73)
	at org.junit.platform.engine.support.hierarchical.NodeTestTask.lambda$executeRecursively$8(NodeTestTask.java:146)
	at org.junit.platform.engine.support.hierarchical.Node.around(Node.java:137)
	at org.junit.platform.engine.support.hierarchical.NodeTestTask.lambda$executeRecursively$9(NodeTestTask.java:144)
	at org.junit.platform.engine.support.hierarchical.ThrowableCollector.execute(ThrowableCollector.java:73)
	at org.junit.platform.engine.support.hierarchical.NodeTestTask.executeRecursively(NodeTestTask.java:143)
	at org.junit.platform.engine.support.hierarchical.NodeTestTask.execute(NodeTestTask.java:100)
	at java.base/java.util.ArrayList.forEach(ArrayList.java:1597)
	at org.junit.platform.engine.support.hierarchical.SameThreadHierarchicalTestExecutorService.invokeAll(SameThreadHierarchicalTestExecutorService.java:41)
	at org.junit.platform.engine.support.hierarchical.NodeTestTask.lambda$executeRecursively$6(NodeTestTask.java:160)
	at org.junit.platform.engine.support.hierarchical.ThrowableCollector.execute(ThrowableCollector.java:73)
	at org.junit.platform.engine.support.hierarchical.NodeTestTask.lambda$executeRecursively$8(NodeTestTask.java:146)
	at org.junit.platform.engine.support.hierarchical.Node.around(Node.java:137)
	at org.junit.platform.engine.support.hierarchical.NodeTestTask.lambda$executeRecursively$9(NodeTestTask.java:144)
	at org.junit.platform.engine.support.hierarchical.ThrowableCollector.execute(ThrowableCollector.java:73)
	at org.junit.platform.engine.support.hierarchical.NodeTestTask.executeRecursively(NodeTestTask.java:143)
	at org.junit.platform.engine.support.hierarchical.NodeTestTask.execute(NodeTestTask.java:100)
	at org.junit.platform.engine.support.hierarchical.SameThreadHierarchicalTestExecutorService.submit(SameThreadHierarchicalTestExecutorService.java:35)
	at org.junit.platform.engine.support.hierarchical.HierarchicalTestExecutor.execute(HierarchicalTestExecutor.java:57)
	at org.junit.platform.engine.support.hierarchical.HierarchicalTestEngine.execute(HierarchicalTestEngine.java:54)
	at org.junit.platform.launcher.core.EngineExecutionOrchestrator.execute(EngineExecutionOrchestrator.java:198)
	at org.junit.platform.launcher.core.EngineExecutionOrchestrator.execute(EngineExecutionOrchestrator.java:169)
	at org.junit.platform.launcher.core.EngineExecutionOrchestrator.execute(EngineExecutionOrchestrator.java:93)
	at org.junit.platform.launcher.core.EngineExecutionOrchestrator.lambda$execute$0(EngineExecutionOrchestrator.java:58)
	at org.junit.platform.launcher.core.EngineExecutionOrchestrator.withInterceptedStreams(EngineExecutionOrchestrator.java:141)
	at org.junit.platform.launcher.core.EngineExecutionOrchestrator.execute(EngineExecutionOrchestrator.java:57)
	at org.junit.platform.launcher.core.DefaultLauncher.execute(DefaultLauncher.java:103)
	at org.junit.platform.launcher.core.DefaultLauncher.execute(DefaultLauncher.java:85)
	at org.junit.platform.launcher.core.DelegatingLauncher.execute(DelegatingLauncher.java:47)
	at org.apache.maven.surefire.junitplatform.LazyLauncher.execute(LazyLauncher.java:56)
	at org.apache.maven.surefire.junitplatform.JUnitPlatformProvider.execute(JUnitPlatformProvider.java:184)
	at org.apache.maven.surefire.junitplatform.JUnitPlatformProvider.invokeAllTests(JUnitPlatformProvider.java:148)
	at org.apache.maven.surefire.junitplatform.JUnitPlatformProvider.invoke(JUnitPlatformProvider.java:122)
	at org.apache.maven.surefire.booter.ForkedBooter.runSuitesInProcess(ForkedBooter.java:385)
	at org.apache.maven.surefire.booter.ForkedBooter.execute(ForkedBooter.java:162)
	at org.apache.maven.surefire.booter.ForkedBooter.run(ForkedBooter.java:507)
	at org.apache.maven.surefire.booter.ForkedBooter.main(ForkedBooter.java:495)
2025-11-25 21:27:07.746 DEBUG --- [           main] jakarta.activation                       : MimetypesFileTypeMap: load JAR
2025-11-25 21:27:07.749 DEBUG --- [           main] jakarta.activation                       : MimetypesFileTypeMap: !anyLoaded
2025-11-25 21:27:07.749 DEBUG --- [           main] jakarta.activation                       : MimetypesFileTypeMap: not loading mime types file: /META-INF/mime.types
2025-11-25 21:27:07.749 DEBUG --- [           main] jakarta.activation                       : MimetypesFileTypeMap: load DEF
2025-11-25 21:27:07.751 DEBUG --- [           main] jakarta.activation                       : Checking system property jakarta.activation.spi.MimeTypeRegistryProvider
2025-11-25 21:27:07.751 DEBUG --- [           main] jakarta.activation                       :   not found
2025-11-25 21:27:07.751 DEBUG --- [           main] jakarta.activation                       : Using java.util.ServiceLoader to find jakarta.activation.spi.MimeTypeRegistryProvider
2025-11-25 21:27:07.751 DEBUG --- [           main] jakarta.activation                       : ServiceProvider loading Facility used; returning object [org.eclipse.angus.activation.MimeTypeRegistryProviderImpl]
2025-11-25 21:27:07.753 DEBUG --- [           main] angus.activation                         : Added: MIMETypeEntry: text/html, html
2025-11-25 21:27:07.753 DEBUG --- [           main] angus.activation                         : Added: MIMETypeEntry: text/html, htm
2025-11-25 21:27:07.753 DEBUG --- [           main] angus.activation                         : Added: MIMETypeEntry: text/html, HTML
2025-11-25 21:27:07.753 DEBUG --- [           main] angus.activation                         : Added: MIMETypeEntry: text/html, HTM
2025-11-25 21:27:07.753 DEBUG --- [           main] angus.activation                         : Added: MIMETypeEntry: text/plain, txt
2025-11-25 21:27:07.753 DEBUG --- [           main] angus.activation                         : Added: MIMETypeEntry: text/plain, text
2025-11-25 21:27:07.753 DEBUG --- [           main] angus.activation                         : Added: MIMETypeEntry: text/plain, TXT
2025-11-25 21:27:07.753 DEBUG --- [           main] angus.activation                         : Added: MIMETypeEntry: text/plain, TEXT
2025-11-25 21:27:07.753 DEBUG --- [           main] angus.activation                         : Added: MIMETypeEntry: image/gif, gif
2025-11-25 21:27:07.753 DEBUG --- [           main] angus.activation                         : Added: MIMETypeEntry: image/gif, GIF
2025-11-25 21:27:07.753 DEBUG --- [           main] angus.activation                         : Added: MIMETypeEntry: image/ief, ief
2025-11-25 21:27:07.753 DEBUG --- [           main] angus.activation                         : Added: MIMETypeEntry: image/jpeg, jpeg
2025-11-25 21:27:07.753 DEBUG --- [           main] angus.activation                         : Added: MIMETypeEntry: image/jpeg, jpg
2025-11-25 21:27:07.753 DEBUG --- [           main] angus.activation                         : Added: MIMETypeEntry: image/jpeg, jpe
2025-11-25 21:27:07.753 DEBUG --- [           main] angus.activation                         : Added: MIMETypeEntry: image/jpeg, JPG
2025-11-25 21:27:07.753 DEBUG --- [           main] angus.activation                         : Added: MIMETypeEntry: image/tiff, tiff
2025-11-25 21:27:07.753 DEBUG --- [           main] angus.activation                         : Added: MIMETypeEntry: image/tiff, tif
2025-11-25 21:27:07.753 DEBUG --- [           main] angus.activation                         : Added: MIMETypeEntry: image/png, png
2025-11-25 21:27:07.753 DEBUG --- [           main] angus.activation                         : Added: MIMETypeEntry: image/png, PNG
2025-11-25 21:27:07.753 DEBUG --- [           main] angus.activation                         : Added: MIMETypeEntry: image/x-xwindowdump, xwd
2025-11-25 21:27:07.753 DEBUG --- [           main] angus.activation                         : Added: MIMETypeEntry: application/postscript, ai
2025-11-25 21:27:07.753 DEBUG --- [           main] angus.activation                         : Added: MIMETypeEntry: application/postscript, eps
2025-11-25 21:27:07.753 DEBUG --- [           main] angus.activation                         : Added: MIMETypeEntry: application/postscript, ps
2025-11-25 21:27:07.753 DEBUG --- [           main] angus.activation                         : Added: MIMETypeEntry: application/rtf, rtf
2025-11-25 21:27:07.753 DEBUG --- [           main] angus.activation                         : Added: MIMETypeEntry: application/x-tex, tex
2025-11-25 21:27:07.753 DEBUG --- [           main] angus.activation                         : Added: MIMETypeEntry: application/x-texinfo, texinfo
2025-11-25 21:27:07.753 DEBUG --- [           main] angus.activation                         : Added: MIMETypeEntry: application/x-texinfo, texi
2025-11-25 21:27:07.753 DEBUG --- [           main] angus.activation                         : Added: MIMETypeEntry: application/x-troff, t
2025-11-25 21:27:07.753 DEBUG --- [           main] angus.activation                         : Added: MIMETypeEntry: application/x-troff, tr
2025-11-25 21:27:07.753 DEBUG --- [           main] angus.activation                         : Added: MIMETypeEntry: application/x-troff, roff
2025-11-25 21:27:07.753 DEBUG --- [           main] angus.activation                         : Added: MIMETypeEntry: audio/basic, au
2025-11-25 21:27:07.753 DEBUG --- [           main] angus.activation                         : Added: MIMETypeEntry: audio/midi, midi
2025-11-25 21:27:07.753 DEBUG --- [           main] angus.activation                         : Added: MIMETypeEntry: audio/midi, mid
2025-11-25 21:27:07.753 DEBUG --- [           main] angus.activation                         : Added: MIMETypeEntry: audio/x-aifc, aifc
2025-11-25 21:27:07.753 DEBUG --- [           main] angus.activation                         : Added: MIMETypeEntry: audio/x-aiff, aif
2025-11-25 21:27:07.753 DEBUG --- [           main] angus.activation                         : Added: MIMETypeEntry: audio/x-aiff, aiff
2025-11-25 21:27:07.753 DEBUG --- [           main] angus.activation                         : Added: MIMETypeEntry: audio/x-mpeg, mpeg
2025-11-25 21:27:07.753 DEBUG --- [           main] angus.activation                         : Added: MIMETypeEntry: audio/x-mpeg, mpg
2025-11-25 21:27:07.753 DEBUG --- [           main] angus.activation                         : Added: MIMETypeEntry: audio/x-wav, wav
2025-11-25 21:27:07.754 DEBUG --- [           main] angus.activation                         : Added: MIMETypeEntry: video/mpeg, mpeg
2025-11-25 21:27:07.754 DEBUG --- [           main] angus.activation                         : Added: MIMETypeEntry: video/mpeg, mpg
2025-11-25 21:27:07.754 DEBUG --- [           main] angus.activation                         : Added: MIMETypeEntry: video/mpeg, mpe
2025-11-25 21:27:07.754 DEBUG --- [           main] angus.activation                         : Added: MIMETypeEntry: video/quicktime, qt
2025-11-25 21:27:07.754 DEBUG --- [           main] angus.activation                         : Added: MIMETypeEntry: video/quicktime, mov
2025-11-25 21:27:07.754 DEBUG --- [           main] angus.activation                         : Added: MIMETypeEntry: video/x-msvideo, avi
2025-11-25 21:27:07.754 DEBUG --- [           main] jakarta.activation                       : MimetypesFileTypeMap: successfully loaded mime types file: /META-INF/mimetypes.default
2025-11-25 21:27:07.754 DEBUG --- [           main] jakarta.activation                       : Checking system property jakarta.activation.spi.MimeTypeRegistryProvider
2025-11-25 21:27:07.754 DEBUG --- [           main] jakarta.activation                       :   not found
2025-11-25 21:27:07.754 DEBUG --- [           main] jakarta.activation                       : Using java.util.ServiceLoader to find jakarta.activation.spi.MimeTypeRegistryProvider
2025-11-25 21:27:07.754 DEBUG --- [           main] jakarta.activation                       : ServiceProvider loading Facility used; returning object [org.eclipse.angus.activation.MimeTypeRegistryProviderImpl]
2025-11-25 21:27:07.754 DEBUG --- [           main] angus.activation                         : Added: MIMETypeEntry: text/html, html
2025-11-25 21:27:07.754 DEBUG --- [           main] angus.activation                         : Added: MIMETypeEntry: text/html, htm
2025-11-25 21:27:07.754 DEBUG --- [           main] angus.activation                         : Added: MIMETypeEntry: text/html, HTML
2025-11-25 21:27:07.754 DEBUG --- [           main] angus.activation                         : Added: MIMETypeEntry: text/html, HTM
2025-11-25 21:27:07.754 DEBUG --- [           main] angus.activation                         : Added: MIMETypeEntry: text/plain, txt
2025-11-25 21:27:07.754 DEBUG --- [           main] angus.activation                         : Added: MIMETypeEntry: text/plain, text
2025-11-25 21:27:07.754 DEBUG --- [           main] angus.activation                         : Added: MIMETypeEntry: text/plain, TXT
2025-11-25 21:27:07.754 DEBUG --- [           main] angus.activation                         : Added: MIMETypeEntry: text/plain, TEXT
2025-11-25 21:27:07.754 DEBUG --- [           main] angus.activation                         : Added: MIMETypeEntry: text/plain, java
2025-11-25 21:27:07.754 DEBUG --- [           main] angus.activation                         : Added: MIMETypeEntry: text/plain, c
2025-11-25 21:27:07.755 DEBUG --- [           main] angus.activation                         : Added: MIMETypeEntry: text/plain, c++
2025-11-25 21:27:07.755 DEBUG --- [           main] angus.activation                         : Added: MIMETypeEntry: text/plain, cpp
2025-11-25 21:27:07.755 DEBUG --- [           main] angus.activation                         : Added: MIMETypeEntry: text/plain, pl
2025-11-25 21:27:07.755 DEBUG --- [           main] angus.activation                         : Added: MIMETypeEntry: text/plain, cc
2025-11-25 21:27:07.755 DEBUG --- [           main] angus.activation                         : Added: MIMETypeEntry: text/plain, h
2025-11-25 21:27:07.755 DEBUG --- [           main] angus.activation                         : Added: MIMETypeEntry: image/gif, gif
2025-11-25 21:27:07.755 DEBUG --- [           main] angus.activation                         : Added: MIMETypeEntry: image/gif, GIF
2025-11-25 21:27:07.755 DEBUG --- [           main] angus.activation                         : Added: MIMETypeEntry: image/ief, ief
2025-11-25 21:27:07.755 DEBUG --- [           main] angus.activation                         : Added: MIMETypeEntry: image/jpeg, jpeg
2025-11-25 21:27:07.755 DEBUG --- [           main] angus.activation                         : Added: MIMETypeEntry: image/jpeg, jpg
2025-11-25 21:27:07.755 DEBUG --- [           main] angus.activation                         : Added: MIMETypeEntry: image/jpeg, jpe
2025-11-25 21:27:07.755 DEBUG --- [           main] angus.activation                         : Added: MIMETypeEntry: image/jpeg, JPG
2025-11-25 21:27:07.755 DEBUG --- [           main] angus.activation                         : Added: MIMETypeEntry: image/tiff, tiff
2025-11-25 21:27:07.755 DEBUG --- [           main] angus.activation                         : Added: MIMETypeEntry: image/tiff, tif
2025-11-25 21:27:07.755 DEBUG --- [           main] angus.activation                         : Added: MIMETypeEntry: image/x-xwindowdump, xwd
2025-11-25 21:27:07.755 DEBUG --- [           main] angus.activation                         : Added: MIMETypeEntry: application/postscript, ai
2025-11-25 21:27:07.755 DEBUG --- [           main] angus.activation                         : Added: MIMETypeEntry: application/postscript, eps
2025-11-25 21:27:07.755 DEBUG --- [           main] angus.activation                         : Added: MIMETypeEntry: application/postscript, ps
2025-11-25 21:27:07.755 DEBUG --- [           main] angus.activation                         : Added: MIMETypeEntry: application/rtf, rtf
2025-11-25 21:27:07.755 DEBUG --- [           main] angus.activation                         : Added: MIMETypeEntry: application/x-tex, tex
2025-11-25 21:27:07.755 DEBUG --- [           main] angus.activation                         : Added: MIMETypeEntry: application/x-texinfo, texinfo
2025-11-25 21:27:07.755 DEBUG --- [           main] angus.activation                         : Added: MIMETypeEntry: application/x-texinfo, texi
2025-11-25 21:27:07.755 DEBUG --- [           main] angus.activation                         : Added: MIMETypeEntry: application/x-troff, t
2025-11-25 21:27:07.755 DEBUG --- [           main] angus.activation                         : Added: MIMETypeEntry: application/x-troff, tr
2025-11-25 21:27:07.755 DEBUG --- [           main] angus.activation                         : Added: MIMETypeEntry: application/x-troff, roff
2025-11-25 21:27:07.755 DEBUG --- [           main] angus.activation                         : Added: MIMETypeEntry: audio/basic, au
2025-11-25 21:27:07.755 DEBUG --- [           main] angus.activation                         : Added: MIMETypeEntry: audio/midi, midi
2025-11-25 21:27:07.755 DEBUG --- [           main] angus.activation                         : Added: MIMETypeEntry: audio/midi, mid
2025-11-25 21:27:07.755 DEBUG --- [           main] angus.activation                         : Added: MIMETypeEntry: audio/x-aifc, aifc
2025-11-25 21:27:07.755 DEBUG --- [           main] angus.activation                         : Added: MIMETypeEntry: audio/x-aiff, aif
2025-11-25 21:27:07.755 DEBUG --- [           main] angus.activation                         : Added: MIMETypeEntry: audio/x-aiff, aiff
2025-11-25 21:27:07.755 DEBUG --- [           main] angus.activation                         : Added: MIMETypeEntry: audio/x-mpeg, mpeg
2025-11-25 21:27:07.757 DEBUG --- [           main] angus.activation                         : Added: MIMETypeEntry: audio/x-mpeg, mpg
2025-11-25 21:27:07.757 DEBUG --- [           main] angus.activation                         : Added: MIMETypeEntry: audio/x-wav, wav
2025-11-25 21:27:07.757 DEBUG --- [           main] angus.activation                         : Added: MIMETypeEntry: video/mpeg, mpeg
2025-11-25 21:27:07.757 DEBUG --- [           main] angus.activation                         : Added: MIMETypeEntry: video/mpeg, mpg
2025-11-25 21:27:07.757 DEBUG --- [           main] angus.activation                         : Added: MIMETypeEntry: video/mpeg, mpe
2025-11-25 21:27:07.757 DEBUG --- [           main] angus.activation                         : Added: MIMETypeEntry: video/quicktime, qt
2025-11-25 21:27:07.757 DEBUG --- [           main] angus.activation                         : Added: MIMETypeEntry: video/quicktime, mov
2025-11-25 21:27:07.757 DEBUG --- [           main] angus.activation                         : Added: MIMETypeEntry: video/x-msvideo, avi
2025-11-25 21:27:07.757 DEBUG --- [           main] angus.activation                         : Added: MIMETypeEntry: text/x-speech, talk
2025-11-25 21:27:07.757 DEBUG --- [           main] angus.activation                         : Added: MIMETypeEntry: text/css, css
2025-11-25 21:27:07.757 DEBUG --- [           main] angus.activation                         : Added: MIMETypeEntry: text/csv, csv
2025-11-25 21:27:07.757 DEBUG --- [           main] angus.activation                         : Added: MIMETypeEntry: image/x-xbitmap, xbm
2025-11-25 21:27:07.757 DEBUG --- [           main] angus.activation                         : Added: MIMETypeEntry: image/x-xpixmap, xpm
2025-11-25 21:27:07.757 DEBUG --- [           main] angus.activation                         : Added: MIMETypeEntry: image/png, png
2025-11-25 21:27:07.757 DEBUG --- [           main] angus.activation                         : Added: MIMETypeEntry: image/svg+xml, svg
2025-11-25 21:27:07.757 DEBUG --- [           main] angus.activation                         : Added: MIMETypeEntry: image/ief, ief
2025-11-25 21:27:07.757 DEBUG --- [           main] angus.activation                         : Added: MIMETypeEntry: image/rgb, rgb
2025-11-25 21:27:07.757 DEBUG --- [           main] angus.activation                         : Added: MIMETypeEntry: image/g3fax, g3f
2025-11-25 21:27:07.757 DEBUG --- [           main] angus.activation                         : Added: MIMETypeEntry: image/x-xwindowdump, xwd
2025-11-25 21:27:07.757 DEBUG --- [           main] angus.activation                         : Added: MIMETypeEntry: image/x-pict, pict
2025-11-25 21:27:07.757 DEBUG --- [           main] angus.activation                         : Added: MIMETypeEntry: image/x-portable-pixmap, ppm
2025-11-25 21:27:07.757 DEBUG --- [           main] angus.activation                         : Added: MIMETypeEntry: image/x-portable-graymap, pgm
2025-11-25 21:27:07.757 DEBUG --- [           main] angus.activation                         : Added: MIMETypeEntry: image/x-portable-bitmap, pbm
2025-11-25 21:27:07.757 DEBUG --- [           main] angus.activation                         : Added: MIMETypeEntry: image/x-portable-anymap, pnm
2025-11-25 21:27:07.757 DEBUG --- [           main] angus.activation                         : Added: MIMETypeEntry: image/x-ms-bmp, bmp
2025-11-25 21:27:07.757 DEBUG --- [           main] angus.activation                         : Added: MIMETypeEntry: image/x-cmu-raster, ras
2025-11-25 21:27:07.757 DEBUG --- [           main] angus.activation                         : Added: MIMETypeEntry: image/x-photo-cd, pcd
2025-11-25 21:27:07.757 DEBUG --- [           main] angus.activation                         : Added: MIMETypeEntry: image/cgm, cgm
2025-11-25 21:27:07.757 DEBUG --- [           main] angus.activation                         : Added: MIMETypeEntry: image/x-cals, mil
2025-11-25 21:27:07.757 DEBUG --- [           main] angus.activation                         : Added: MIMETypeEntry: image/x-cals, cal
2025-11-25 21:27:07.757 DEBUG --- [           main] angus.activation                         : Added: MIMETypeEntry: image/fif, fif
2025-11-25 21:27:07.758 DEBUG --- [           main] angus.activation                         : Added: MIMETypeEntry: image/x-mgx-dsf, dsf
2025-11-25 21:27:07.758 DEBUG --- [           main] angus.activation                         : Added: MIMETypeEntry: image/x-cmx, cmx
2025-11-25 21:27:07.758 DEBUG --- [           main] angus.activation                         : Added: MIMETypeEntry: image/wavelet, wi
2025-11-25 21:27:07.758 DEBUG --- [           main] angus.activation                         : Added: MIMETypeEntry: image/vnd.dwg, dwg
2025-11-25 21:27:07.758 DEBUG --- [           main] angus.activation                         : Added: MIMETypeEntry: image/vnd.dxf, dxf
2025-11-25 21:27:07.758 DEBUG --- [           main] angus.activation                         : Added: MIMETypeEntry: image/vnd.svf, svf
2025-11-25 21:27:07.758 DEBUG --- [           main] angus.activation                         : Added: MIMETypeEntry: audio/basic, au
2025-11-25 21:27:07.758 DEBUG --- [           main] angus.activation                         : Added: MIMETypeEntry: audio/basic, snd
2025-11-25 21:27:07.758 DEBUG --- [           main] angus.activation                         : Added: MIMETypeEntry: audio/x-aiff, aif
2025-11-25 21:27:07.758 DEBUG --- [           main] angus.activation                         : Added: MIMETypeEntry: audio/x-aiff, aiff
2025-11-25 21:27:07.758 DEBUG --- [           main] angus.activation                         : Added: MIMETypeEntry: audio/x-aiff, aifc
2025-11-25 21:27:07.758 DEBUG --- [           main] angus.activation                         : Added: MIMETypeEntry: audio/x-wav, wav
2025-11-25 21:27:07.758 DEBUG --- [           main] angus.activation                         : Added: MIMETypeEntry: audio/x-mpeg, mpa
2025-11-25 21:27:07.758 DEBUG --- [           main] angus.activation                         : Added: MIMETypeEntry: audio/x-mpeg, abs
2025-11-25 21:27:07.758 DEBUG --- [           main] angus.activation                         : Added: MIMETypeEntry: audio/x-mpeg, mpega
2025-11-25 21:27:07.758 DEBUG --- [           main] angus.activation                         : Added: MIMETypeEntry: audio/x-mpeg-2, mp2a
2025-11-25 21:27:07.758 DEBUG --- [           main] angus.activation                         : Added: MIMETypeEntry: audio/x-mpeg-2, mpa2
2025-11-25 21:27:07.758 DEBUG --- [           main] angus.activation                         : Added: MIMETypeEntry: audio/echospeech, es
2025-11-25 21:27:07.758 DEBUG --- [           main] angus.activation                         : Added: MIMETypeEntry: audio/voxware, vox
2025-11-25 21:27:07.758 DEBUG --- [           main] angus.activation                         : Added: MIMETypeEntry: application/fastman, lcc
2025-11-25 21:27:07.758 DEBUG --- [           main] angus.activation                         : Added: MIMETypeEntry: application/x-pn-realaudio, ra
2025-11-25 21:27:07.758 DEBUG --- [           main] angus.activation                         : Added: MIMETypeEntry: application/x-pn-realaudio, ram
2025-11-25 21:27:07.758 DEBUG --- [           main] angus.activation                         : Added: MIMETypeEntry: x-music/x-midi, mmid
2025-11-25 21:27:07.758 DEBUG --- [           main] angus.activation                         : Added: MIMETypeEntry: application/vnd.koan, skp
2025-11-25 21:27:07.758 DEBUG --- [           main] angus.activation                         : Added: MIMETypeEntry: text/x-speech, talk
2025-11-25 21:27:07.758 DEBUG --- [           main] angus.activation                         : Added: MIMETypeEntry: video/mpeg, mpeg
2025-11-25 21:27:07.758 DEBUG --- [           main] angus.activation                         : Added: MIMETypeEntry: video/mpeg, mpg
2025-11-25 21:27:07.758 DEBUG --- [           main] angus.activation                         : Added: MIMETypeEntry: video/mpeg, mpe
2025-11-25 21:27:07.759 DEBUG --- [           main] angus.activation                         : Added: MIMETypeEntry: video/mpeg-2, mpv2
2025-11-25 21:27:07.759 DEBUG --- [           main] angus.activation                         : Added: MIMETypeEntry: video/mpeg-2, mp2v
2025-11-25 21:27:07.759 DEBUG --- [           main] angus.activation                         : Added: MIMETypeEntry: video/quicktime, qt
2025-11-25 21:27:07.759 DEBUG --- [           main] angus.activation                         : Added: MIMETypeEntry: video/quicktime, mov
2025-11-25 21:27:07.759 DEBUG --- [           main] angus.activation                         : Added: MIMETypeEntry: video/x-msvideo, avi
2025-11-25 21:27:07.759 DEBUG --- [           main] angus.activation                         : Added: MIMETypeEntry: video/x-sgi-movie, movie
2025-11-25 21:27:07.759 DEBUG --- [           main] angus.activation                         : Added: MIMETypeEntry: video/vdo, vdo
2025-11-25 21:27:07.759 DEBUG --- [           main] angus.activation                         : Added: MIMETypeEntry: video/vnd.vivo, viv
2025-11-25 21:27:07.759 DEBUG --- [           main] angus.activation                         : Added: MIMETypeEntry: application/x-ns-proxy-autoconfig, pac
2025-11-25 21:27:07.759 DEBUG --- [           main] angus.activation                         : Added: MIMETypeEntry: x-conference/x-cooltalk, ice
2025-11-25 21:27:07.759 DEBUG --- [           main] angus.activation                         : Added: MIMETypeEntry: application/postscript, ai
2025-11-25 21:27:07.759 DEBUG --- [           main] angus.activation                         : Added: MIMETypeEntry: application/postscript, eps
2025-11-25 21:27:07.759 DEBUG --- [           main] angus.activation                         : Added: MIMETypeEntry: application/postscript, ps
2025-11-25 21:27:07.759 DEBUG --- [           main] angus.activation                         : Added: MIMETypeEntry: application/rtf, rtf
2025-11-25 21:27:07.759 DEBUG --- [           main] angus.activation                         : Added: MIMETypeEntry: application/pdf, pdf
2025-11-25 21:27:07.759 DEBUG --- [           main] angus.activation                         : Added: MIMETypeEntry: application/vnd.mif, mif
2025-11-25 21:27:07.759 DEBUG --- [           main] angus.activation                         : Added: MIMETypeEntry: application/x-troff, t
2025-11-25 21:27:07.759 DEBUG --- [           main] angus.activation                         : Added: MIMETypeEntry: application/x-troff, tr
2025-11-25 21:27:07.759 DEBUG --- [           main] angus.activation                         : Added: MIMETypeEntry: application/x-troff, roff
2025-11-25 21:27:07.759 DEBUG --- [           main] angus.activation                         : Added: MIMETypeEntry: application/x-troff-man, man
2025-11-25 21:27:07.759 DEBUG --- [           main] angus.activation                         : Added: MIMETypeEntry: application/x-troff-me, me
2025-11-25 21:27:07.759 DEBUG --- [           main] angus.activation                         : Added: MIMETypeEntry: application/x-troff-ms, ms
2025-11-25 21:27:07.759 DEBUG --- [           main] angus.activation                         : Added: MIMETypeEntry: application/x-latex, latex
2025-11-25 21:27:07.759 DEBUG --- [           main] angus.activation                         : Added: MIMETypeEntry: application/x-tex, tex
2025-11-25 21:27:07.759 DEBUG --- [           main] angus.activation                         : Added: MIMETypeEntry: application/x-texinfo, texinfo
2025-11-25 21:27:07.759 DEBUG --- [           main] angus.activation                         : Added: MIMETypeEntry: application/x-texinfo, texi
2025-11-25 21:27:07.759 DEBUG --- [           main] angus.activation                         : Added: MIMETypeEntry: application/x-dvi, dvi
2025-11-25 21:27:07.759 DEBUG --- [           main] angus.activation                         : Added: MIMETypeEntry: application/msword, doc
2025-11-25 21:27:07.759 DEBUG --- [           main] angus.activation                         : Added: MIMETypeEntry: application/msword, DOC
2025-11-25 21:27:07.759 DEBUG --- [           main] angus.activation                         : Added: MIMETypeEntry: application/oda, oda
2025-11-25 21:27:07.759 DEBUG --- [           main] angus.activation                         : Added: MIMETypeEntry: application/envoy, evy
2025-11-25 21:27:07.759 DEBUG --- [           main] angus.activation                         : Added: MIMETypeEntry: application/x-gtar, gtar
2025-11-25 21:27:07.760 DEBUG --- [           main] angus.activation                         : Added: MIMETypeEntry: application/x-tar, tar
2025-11-25 21:27:07.760 DEBUG --- [           main] angus.activation                         : Added: MIMETypeEntry: application/x-ustar, ustar
2025-11-25 21:27:07.760 DEBUG --- [           main] angus.activation                         : Added: MIMETypeEntry: application/x-bcpio, bcpio
2025-11-25 21:27:07.760 DEBUG --- [           main] angus.activation                         : Added: MIMETypeEntry: application/x-cpio, cpio
2025-11-25 21:27:07.760 DEBUG --- [           main] angus.activation                         : Added: MIMETypeEntry: application/x-shar, shar
2025-11-25 21:27:07.760 DEBUG --- [           main] angus.activation                         : Added: MIMETypeEntry: application/zip, zip
2025-11-25 21:27:07.760 DEBUG --- [           main] angus.activation                         : Added: MIMETypeEntry: application/mac-binhex40, hqx
2025-11-25 21:27:07.760 DEBUG --- [           main] angus.activation                         : Added: MIMETypeEntry: application/x-stuffit, sit
2025-11-25 21:27:07.760 DEBUG --- [           main] angus.activation                         : Added: MIMETypeEntry: application/x-stuffit, sea
2025-11-25 21:27:07.760 DEBUG --- [           main] angus.activation                         : Added: MIMETypeEntry: application/fractals, fif
2025-11-25 21:27:07.760 DEBUG --- [           main] angus.activation                         : Added: MIMETypeEntry: application/octet-stream, bin
2025-11-25 21:27:07.760 DEBUG --- [           main] angus.activation                         : Added: MIMETypeEntry: application/octet-stream, uu
2025-11-25 21:27:07.760 DEBUG --- [           main] angus.activation                         : Added: MIMETypeEntry: application/octet-stream, exe
2025-11-25 21:27:07.760 DEBUG --- [           main] angus.activation                         : Added: MIMETypeEntry: application/x-wais-source, src
2025-11-25 21:27:07.760 DEBUG --- [           main] angus.activation                         : Added: MIMETypeEntry: application/x-wais-source, wsrc
2025-11-25 21:27:07.760 DEBUG --- [           main] angus.activation                         : Added: MIMETypeEntry: application/hdf, hdf
2025-11-25 21:27:07.760 DEBUG --- [           main] angus.activation                         : Added: MIMETypeEntry: text/javascript, js
2025-11-25 21:27:07.760 DEBUG --- [           main] angus.activation                         : Added: MIMETypeEntry: text/javascript, ls
2025-11-25 21:27:07.760 DEBUG --- [           main] angus.activation                         : Added: MIMETypeEntry: text/javascript, mocha
2025-11-25 21:27:07.760 DEBUG --- [           main] angus.activation                         : Added: MIMETypeEntry: application/x-sh, sh
2025-11-25 21:27:07.760 DEBUG --- [           main] angus.activation                         : Added: MIMETypeEntry: application/x-csh, csh
2025-11-25 21:27:07.760 DEBUG --- [           main] angus.activation                         : Added: MIMETypeEntry: application/x-perl, pl
2025-11-25 21:27:07.760 DEBUG --- [           main] angus.activation                         : Added: MIMETypeEntry: application/x-tcl, tcl
2025-11-25 21:27:07.760 DEBUG --- [           main] angus.activation                         : Added: MIMETypeEntry: application/futuresplash, spl
2025-11-25 21:27:07.760 DEBUG --- [           main] angus.activation                         : Added: MIMETypeEntry: application/mbedlet, mbd
2025-11-25 21:27:07.760 DEBUG --- [           main] angus.activation                         : Added: MIMETypeEntry: application/x-rad-powermedia, rad
2025-11-25 21:27:07.760 DEBUG --- [           main] angus.activation                         : Added: MIMETypeEntry: application/mspowerpoint, ppz
2025-11-25 21:27:07.760 DEBUG --- [           main] angus.activation                         : Added: MIMETypeEntry: application/x-asap, asp
2025-11-25 21:27:07.760 DEBUG --- [           main] angus.activation                         : Added: MIMETypeEntry: application/astound, asn
2025-11-25 21:27:07.760 DEBUG --- [           main] angus.activation                         : Added: MIMETypeEntry: application/x-olescript, axs
2025-11-25 21:27:07.760 DEBUG --- [           main] angus.activation                         : Added: MIMETypeEntry: application/x-oleobject, ods
2025-11-25 21:27:07.760 DEBUG --- [           main] angus.activation                         : Added: MIMETypeEntry: x-form/x-openscape, opp
2025-11-25 21:27:07.760 DEBUG --- [           main] angus.activation                         : Added: MIMETypeEntry: application/x-webbasic, wba
2025-11-25 21:27:07.760 DEBUG --- [           main] angus.activation                         : Added: MIMETypeEntry: application/x-alpha-form, frm
2025-11-25 21:27:07.760 DEBUG --- [           main] angus.activation                         : Added: MIMETypeEntry: x-script/x-wfxclient, wfx
2025-11-25 21:27:07.760 DEBUG --- [           main] angus.activation                         : Added: MIMETypeEntry: application/octet-stream, exe
2025-11-25 21:27:07.760 DEBUG --- [           main] angus.activation                         : Added: MIMETypeEntry: application/octet-stream, com
2025-11-25 21:27:07.760 DEBUG --- [           main] angus.activation                         : Added: MIMETypeEntry: application/x-pcn, pcn
2025-11-25 21:27:07.760 DEBUG --- [           main] angus.activation                         : Added: MIMETypeEntry: application/vnd.ms-excel, xls
2025-11-25 21:27:07.760 DEBUG --- [           main] angus.activation                         : Added: MIMETypeEntry: application/vnd.ms-powerpoint, ppt
2025-11-25 21:27:07.761 DEBUG --- [           main] angus.activation                         : Added: MIMETypeEntry: application/vnd.ms-project, mpp
2025-11-25 21:27:07.762 DEBUG --- [           main] angus.activation                         : Added: MIMETypeEntry: application/vnd.svd, svd
2025-11-25 21:27:07.762 DEBUG --- [           main] angus.activation                         : Added: MIMETypeEntry: application/x-net-install, ins
2025-11-25 21:27:07.762 DEBUG --- [           main] angus.activation                         : Added: MIMETypeEntry: application/ccv, ccv
2025-11-25 21:27:07.762 DEBUG --- [           main] angus.activation                         : Added: MIMETypeEntry: workbook/formulaone, vts
2025-11-25 21:27:07.762 DEBUG --- [           main] angus.activation                         : Added: MIMETypeEntry: x-world/x-vrml, wrl
2025-11-25 21:27:07.763 DEBUG --- [           main] angus.activation                         : Added: MIMETypeEntry: x-world/x-vrml, vrml
2025-11-25 21:27:07.763 DEBUG --- [           main] angus.activation                         : Added: MIMETypeEntry: x-world/x-vream, vrw
2025-11-25 21:27:07.763 DEBUG --- [           main] angus.activation                         : Added: MIMETypeEntry: application/x-p3d, p3d
2025-11-25 21:27:07.763 DEBUG --- [           main] angus.activation                         : Added: MIMETypeEntry: x-world/x-svr, svr
2025-11-25 21:27:07.763 DEBUG --- [           main] angus.activation                         : Added: MIMETypeEntry: x-world/x-wvr, wvr
2025-11-25 21:27:07.764 DEBUG --- [           main] angus.activation                         : Added: MIMETypeEntry: x-world/x-3dmf, 3dmf
2025-11-25 21:27:07.764 DEBUG --- [           main] angus.activation                         : Added: MIMETypeEntry: application/mathematica, ma
2025-11-25 21:27:07.764 DEBUG --- [           main] angus.activation                         : Added: MIMETypeEntry: x-model/x-mesh, msh
2025-11-25 21:27:07.764 DEBUG --- [           main] angus.activation                         : Added: MIMETypeEntry: application/vis5d, v5d
2025-11-25 21:27:07.764 DEBUG --- [           main] angus.activation                         : Added: MIMETypeEntry: application/iges, igs
2025-11-25 21:27:07.764 DEBUG --- [           main] angus.activation                         : Added: MIMETypeEntry: drawing/x-dwf, dwf
2025-11-25 21:27:07.766 DEBUG --- [           main] o.s.b.f.s.DefaultListableBeanFactory     : Creating shared instance of singleton bean 'sslBundleRegistry'
2025-11-25 21:27:07.766 DEBUG --- [           main] o.s.b.f.s.DefaultListableBeanFactory     : Creating shared instance of singleton bean 'org.springframework.boot.autoconfigure.ssl.SslAutoConfiguration'
2025-11-25 21:27:07.767 DEBUG --- [           main] o.s.b.f.s.DefaultListableBeanFactory     : Creating shared instance of singleton bean 'spring.ssl-org.springframework.boot.autoconfigure.ssl.SslProperties'
2025-11-25 21:27:07.770 DEBUG --- [           main] o.s.b.f.s.DefaultListableBeanFactory     : Autowiring by type from bean name 'org.springframework.boot.autoconfigure.ssl.SslAutoConfiguration' via constructor to bean named 'org.springframework.web.context.support.GenericWebApplicationContext@743c6ce4'
2025-11-25 21:27:07.770 DEBUG --- [           main] o.s.b.f.s.DefaultListableBeanFactory     : Autowiring by type from bean name 'org.springframework.boot.autoconfigure.ssl.SslAutoConfiguration' via constructor to bean named 'spring.ssl-org.springframework.boot.autoconfigure.ssl.SslProperties'
2025-11-25 21:27:07.772 DEBUG --- [           main] o.s.b.f.s.DefaultListableBeanFactory     : Creating shared instance of singleton bean 'sslPropertiesSslBundleRegistrar'
2025-11-25 21:27:07.772 DEBUG --- [           main] o.s.b.f.s.DefaultListableBeanFactory     : Creating shared instance of singleton bean 'fileWatcher'
2025-11-25 21:27:07.774 DEBUG --- [           main] o.s.b.f.s.DefaultListableBeanFactory     : Autowiring by type from bean name 'sslPropertiesSslBundleRegistrar' via factory method to bean named 'fileWatcher'
2025-11-25 21:27:07.788 DEBUG --- [           main] o.s.b.f.s.DefaultListableBeanFactory     : Autowiring by type from bean name 'mailUtils' via constructor to bean named 'mailSender'
2025-11-25 21:27:07.789 DEBUG --- [           main] ySourcesPropertyResolver$DefaultResolver : Found key 'SENDGRID_MAIL_FROM' in PropertySource 'Config resource 'file [..\.env]' via location 'optional:file:../.env[.properties]'' with value of type String
2025-11-25 21:27:07.790 DEBUG --- [           main] o.s.c.e.PropertySourcesPropertyResolver  : Found key 'spring.mail.from' in PropertySource 'environmentProperties' with value of type String
2025-11-25 21:27:07.790 DEBUG --- [           main] ySourcesPropertyResolver$DefaultResolver : Found key 'SENDGRID_API_KEY' in PropertySource 'Config resource 'file [..\.env]' via location 'optional:file:../.env[.properties]'' with value of type String
2025-11-25 21:27:07.790 DEBUG --- [           main] o.s.c.e.PropertySourcesPropertyResolver  : Found key 'spring.mail.password' in PropertySource 'environmentProperties' with value of type String
2025-11-25 21:27:07.791 DEBUG --- [           main] o.s.b.f.s.DefaultListableBeanFactory     : Autowiring by type from bean name 'otpServiceImpl' via constructor to bean named 'stringRedisTemplate'
2025-11-25 21:27:07.791 DEBUG --- [           main] o.s.b.f.s.DefaultListableBeanFactory     : Autowiring by type from bean name 'otpServiceImpl' via constructor to bean named 'mailUtils'
2025-11-25 21:27:07.792 DEBUG --- [           main] o.s.c.e.PropertySourcesPropertyResolver  : Found key 'otp.expiration.send' in PropertySource 'environmentProperties' with value of type String
2025-11-25 21:27:07.792 DEBUG --- [           main] o.s.c.e.PropertySourcesPropertyResolver  : Found key 'otp.expiration.verify' in PropertySource 'environmentProperties' with value of type String
2025-11-25 21:27:07.793 DEBUG --- [           main] o.s.b.f.s.DefaultListableBeanFactory     : Creating shared instance of singleton bean 'banServiceImpl'
2025-11-25 21:27:07.794 DEBUG --- [           main] o.s.b.f.s.DefaultListableBeanFactory     : Creating shared instance of singleton bean 'tokenRepository'
2025-11-25 21:27:07.796 DEBUG --- [           main] o.s.b.f.s.DefaultListableBeanFactory     : Creating shared instance of singleton bean 'jpa.named-queries#1'
2025-11-25 21:27:07.798 DEBUG --- [           main] o.s.b.f.s.DefaultListableBeanFactory     : Creating shared instance of singleton bean 'jpa.TokenRepository.fragments#0'
2025-11-25 21:27:07.799 DEBUG --- [           main] tor$SharedEntityManagerInvocationHandler : Creating new EntityManager for shared EntityManager invocation
2025-11-25 21:27:07.799 DEBUG --- [           main] o.s.d.r.c.s.RepositoryFactorySupport     : Initializing repository instance for com.fsocial.accountservice.repository.TokenRepository…
2025-11-25 21:27:07.801 DEBUG --- [           main] tor$SharedEntityManagerInvocationHandler : Creating new EntityManager for shared EntityManager invocation
2025-11-25 21:27:07.802 DEBUG --- [           main] o.s.d.jpa.repository.query.NamedQuery    : Looking up named query 'Token.findByAccount'
2025-11-25 21:27:07.802 DEBUG --- [           main] o.s.d.jpa.repository.query.NamedQuery    : Did not find named query Token.findByAccount
2025-11-25 21:27:07.802 DEBUG --- [           main] tor$SharedEntityManagerInvocationHandler : Creating new EntityManager for shared EntityManager invocation
2025-11-25 21:27:07.803 DEBUG --- [           main] o.s.d.jpa.repository.query.NamedQuery    : Looking up named query 'Token.findByToken'
2025-11-25 21:27:07.803 DEBUG --- [           main] o.s.d.jpa.repository.query.NamedQuery    : Did not find named query Token.findByToken
2025-11-25 21:27:07.803 DEBUG --- [           main] tor$SharedEntityManagerInvocationHandler : Creating new EntityManager for shared EntityManager invocation
2025-11-25 21:27:07.807 DEBUG --- [           main] o.s.d.r.c.s.RepositoryFactorySupport     : Finished creation of repository instance for com.fsocial.accountservice.repository.TokenRepository.
2025-11-25 21:27:07.815 DEBUG --- [           main] o.s.b.f.s.DefaultListableBeanFactory     : Autowiring by type from bean name 'accountServiceImpl' via constructor to bean named 'accountRepository'
2025-11-25 21:27:07.815 DEBUG --- [           main] o.s.b.f.s.DefaultListableBeanFactory     : Autowiring by type from bean name 'accountServiceImpl' via constructor to bean named 'roleRepository'
2025-11-25 21:27:07.815 DEBUG --- [           main] o.s.b.f.s.DefaultListableBeanFactory     : Autowiring by type from bean name 'accountServiceImpl' via constructor to bean named 'accountMapperImpl'
2025-11-25 21:27:07.815 DEBUG --- [           main] o.s.b.f.s.DefaultListableBeanFactory     : Autowiring by type from bean name 'accountServiceImpl' via constructor to bean named 'profileMapperImpl'
2025-11-25 21:27:07.815 DEBUG --- [           main] o.s.b.f.s.DefaultListableBeanFactory     : Autowiring by type from bean name 'accountServiceImpl' via constructor to bean named 'passwordEncoder'
2025-11-25 21:27:07.815 DEBUG --- [           main] o.s.b.f.s.DefaultListableBeanFactory     : Autowiring by type from bean name 'accountServiceImpl' via constructor to bean named 'com.fsocial.accountservice.repository.httpclient.ProfileClient'
2025-11-25 21:27:07.815 DEBUG --- [           main] o.s.b.f.s.DefaultListableBeanFactory     : Autowiring by type from bean name 'accountServiceImpl' via constructor to bean named 'otpServiceImpl'
2025-11-25 21:27:07.815 DEBUG --- [           main] o.s.b.f.s.DefaultListableBeanFactory     : Autowiring by type from bean name 'accountServiceImpl' via constructor to bean named 'banServiceImpl'
2025-11-25 21:27:07.815 DEBUG --- [           main] o.s.b.f.s.DefaultListableBeanFactory     : Autowiring by type from bean name 'accountServiceImpl' via constructor to bean named 'tokenRepository'
2025-11-25 21:27:07.815 DEBUG --- [           main] o.s.b.f.s.DefaultListableBeanFactory     : Autowiring by type from bean name 'accountServiceImpl' via constructor to bean named 'refreshTokenRepository'
2025-11-25 21:27:07.815 DEBUG --- [           main] o.s.b.f.s.DefaultListableBeanFactory     : Autowiring by type from bean name 'accountServiceImpl' via constructor to bean named 'jdk.proxy2.$Proxy183@5a08108d'
2025-11-25 21:27:07.815 DEBUG --- [           main] o.s.b.f.s.DefaultListableBeanFactory     : Autowiring by type from bean name 'accountServiceImpl' via constructor to bean named 'jwtConfig'
2025-11-25 21:27:07.842 DEBUG --- [           main] o.s.b.f.s.DefaultListableBeanFactory     : Autowiring by type from bean name 'accountController' via constructor to bean named 'accountServiceImpl'
2025-11-25 21:27:07.842 DEBUG --- [           main] o.s.b.f.s.DefaultListableBeanFactory     : Autowiring by type from bean name 'accountController' via constructor to bean named 'otpServiceImpl'
2025-11-25 21:27:07.842 DEBUG --- [           main] o.s.b.f.s.DefaultListableBeanFactory     : Autowiring by type from bean name 'accountController' via constructor to bean named 'jdk.proxy2.$Proxy183@163f56c'
2025-11-25 21:27:07.842 DEBUG --- [           main] o.s.b.f.s.DefaultListableBeanFactory     : Autowiring by type from bean name 'accountController' via constructor to bean named 'jwtConfig'
2025-11-25 21:27:07.842 DEBUG --- [           main] o.s.b.f.s.DefaultListableBeanFactory     : Autowiring by type from bean name 'accountController' via constructor to bean named 'accountRepository'
2025-11-25 21:27:07.843 DEBUG --- [           main] ySourcesPropertyResolver$DefaultResolver : Found key 'jwt.signerKey' in PropertySource 'Config resource 'class path resource [application-dev.yml]' via location 'optional:classpath:/'' with value of type String
2025-11-25 21:27:07.843 DEBUG --- [           main] ySourcesPropertyResolver$DefaultResolver : Found key 'JWT_SECRET' in PropertySource 'Config resource 'file [..\.env]' via location 'optional:file:../.env[.properties]'' with value of type String
2025-11-25 21:27:07.844 DEBUG --- [           main] o.s.c.e.PropertySourcesPropertyResolver  : Found key 'jwt.signerKey' in PropertySource 'environmentProperties' with value of type String
2025-11-25 21:27:07.844 DEBUG --- [           main] o.s.b.f.s.DefaultListableBeanFactory     : Creating shared instance of singleton bean 'authenticateController'
2025-11-25 21:27:07.846 DEBUG --- [           main] o.s.b.f.s.DefaultListableBeanFactory     : Creating shared instance of singleton bean 'authenticationServiceImpl'
2025-11-25 21:27:07.848 DEBUG --- [           main] o.s.b.f.s.DefaultListableBeanFactory     : Creating shared instance of singleton bean 'refreshTokenServiceImpl'
2025-11-25 21:27:07.848 DEBUG --- [           main] o.s.b.f.s.DefaultListableBeanFactory     : Autowiring by type from bean name 'refreshTokenServiceImpl' via constructor to bean named 'refreshTokenRepository'
2025-11-25 21:27:07.848 DEBUG --- [           main] o.s.b.f.s.DefaultListableBeanFactory     : Autowiring by type from bean name 'refreshTokenServiceImpl' via constructor to bean named 'accountRepository'
2025-11-25 21:27:07.848 DEBUG --- [           main] o.s.b.f.s.DefaultListableBeanFactory     : Autowiring by type from bean name 'refreshTokenServiceImpl' via constructor to bean named 'jwtServiceImpl'
2025-11-25 21:27:07.848 DEBUG --- [           main] o.s.c.e.PropertySourcesPropertyResolver  : Found key 'jwt.expired-time' in PropertySource 'environmentProperties' with value of type String
2025-11-25 21:27:07.855 DEBUG --- [           main] o.s.b.f.s.DefaultListableBeanFactory     : Autowiring by type from bean name 'authenticationServiceImpl' via constructor to bean named 'accountRepository'
2025-11-25 21:27:07.855 DEBUG --- [           main] o.s.b.f.s.DefaultListableBeanFactory     : Autowiring by type from bean name 'authenticationServiceImpl' via constructor to bean named 'passwordEncoder'
2025-11-25 21:27:07.855 DEBUG --- [           main] o.s.b.f.s.DefaultListableBeanFactory     : Autowiring by type from bean name 'authenticationServiceImpl' via constructor to bean named 'jwtServiceImpl'
2025-11-25 21:27:07.855 DEBUG --- [           main] o.s.b.f.s.DefaultListableBeanFactory     : Autowiring by type from bean name 'authenticationServiceImpl' via constructor to bean named 'refreshTokenServiceImpl'
2025-11-25 21:27:07.855 DEBUG --- [           main] o.s.b.f.s.DefaultListableBeanFactory     : Autowiring by type from bean name 'authenticationServiceImpl' via constructor to bean named 'tokenRepository'
2025-11-25 21:27:07.857 DEBUG --- [           main] o.s.b.f.s.DefaultListableBeanFactory     : Autowiring by type from bean name 'authenticateController' via constructor to bean named 'authenticationServiceImpl'
2025-11-25 21:27:07.858 DEBUG --- [           main] o.s.b.f.s.DefaultListableBeanFactory     : Autowiring by type from bean name 'authenticateController' via constructor to bean named 'refreshTokenServiceImpl'
2025-11-25 21:27:07.858 DEBUG --- [           main] o.s.b.f.s.DefaultListableBeanFactory     : Autowiring by type from bean name 'authenticateController' via constructor to bean named 'jwtServiceImpl'
2025-11-25 21:27:07.859 DEBUG --- [           main] o.s.b.f.s.DefaultListableBeanFactory     : Creating shared instance of singleton bean 'checkConnection'
2025-11-25 21:27:07.860 DEBUG --- [           main] o.s.b.f.s.DefaultListableBeanFactory     : Creating shared instance of singleton bean 'googleAuthen'
2025-11-25 21:27:07.860 DEBUG --- [           main] o.s.b.f.s.DefaultListableBeanFactory     : Creating shared instance of singleton bean 'internalController'
2025-11-25 21:27:07.860 DEBUG --- [           main] o.s.b.f.s.DefaultListableBeanFactory     : Autowiring by type from bean name 'internalController' via constructor to bean named 'accountServiceImpl'
2025-11-25 21:27:07.861 DEBUG --- [           main] o.s.b.f.s.DefaultListableBeanFactory     : Creating shared instance of singleton bean 'OAuth2AuthenticationSuccessHandler'
2025-11-25 21:27:07.861 DEBUG --- [           main] o.s.b.f.s.DefaultListableBeanFactory     : Creating shared instance of singleton bean 'permissionController'
2025-11-25 21:27:07.863 DEBUG --- [           main] o.s.b.f.s.DefaultListableBeanFactory     : Creating shared instance of singleton bean 'permissionServiceImpl'
2025-11-25 21:27:07.864 DEBUG --- [           main] o.s.b.f.s.DefaultListableBeanFactory     : Creating shared instance of singleton bean 'permissionRepository'
2025-11-25 21:27:07.865 DEBUG --- [           main] o.s.b.f.s.DefaultListableBeanFactory     : Creating shared instance of singleton bean 'jpa.named-queries#4'
2025-11-25 21:27:07.866 DEBUG --- [           main] o.s.b.f.s.DefaultListableBeanFactory     : Creating shared instance of singleton bean 'jpa.PermissionRepository.fragments#0'
2025-11-25 21:27:07.867 DEBUG --- [           main] tor$SharedEntityManagerInvocationHandler : Creating new EntityManager for shared EntityManager invocation
2025-11-25 21:27:07.868 DEBUG --- [           main] o.s.d.r.c.s.RepositoryFactorySupport     : Initializing repository instance for com.fsocial.accountservice.repository.PermissionRepository…
2025-11-25 21:27:07.868 DEBUG --- [           main] tor$SharedEntityManagerInvocationHandler : Creating new EntityManager for shared EntityManager invocation
2025-11-25 21:27:07.873 DEBUG --- [           main] o.s.d.r.c.s.RepositoryFactorySupport     : Finished creation of repository instance for com.fsocial.accountservice.repository.PermissionRepository.
2025-11-25 21:27:07.875 DEBUG --- [           main] o.s.b.f.s.DefaultListableBeanFactory     : Creating shared instance of singleton bean 'permissionMapperImpl'
2025-11-25 21:27:07.876 DEBUG --- [           main] o.s.b.f.s.DefaultListableBeanFactory     : Autowiring by type from bean name 'permissionServiceImpl' via constructor to bean named 'permissionRepository'
2025-11-25 21:27:07.876 DEBUG --- [           main] o.s.b.f.s.DefaultListableBeanFactory     : Autowiring by type from bean name 'permissionServiceImpl' via constructor to bean named 'permissionMapperImpl'
2025-11-25 21:27:07.876 DEBUG --- [           main] o.s.b.f.s.DefaultListableBeanFactory     : Autowiring by type from bean name 'permissionController' via constructor to bean named 'permissionServiceImpl'
2025-11-25 21:27:07.883 DEBUG --- [           main] o.s.b.f.s.DefaultListableBeanFactory     : Creating shared instance of singleton bean 'roleController'
2025-11-25 21:27:07.884 DEBUG --- [           main] o.s.b.f.s.DefaultListableBeanFactory     : Creating shared instance of singleton bean 'roleServiceImpl'
2025-11-25 21:27:07.885 DEBUG --- [           main] o.s.b.f.s.DefaultListableBeanFactory     : Creating shared instance of singleton bean 'roleMapperImpl'
2025-11-25 21:27:07.886 DEBUG --- [           main] o.s.b.f.s.DefaultListableBeanFactory     : Autowiring by type from bean name 'roleServiceImpl' via constructor to bean named 'roleRepository'
2025-11-25 21:27:07.886 DEBUG --- [           main] o.s.b.f.s.DefaultListableBeanFactory     : Autowiring by type from bean name 'roleServiceImpl' via constructor to bean named 'permissionRepository'
2025-11-25 21:27:07.886 DEBUG --- [           main] o.s.b.f.s.DefaultListableBeanFactory     : Autowiring by type from bean name 'roleServiceImpl' via constructor to bean named 'roleMapperImpl'
2025-11-25 21:27:07.886 DEBUG --- [           main] o.s.b.f.s.DefaultListableBeanFactory     : Autowiring by type from bean name 'roleController' via constructor to bean named 'roleServiceImpl'
2025-11-25 21:27:07.892 DEBUG --- [           main] o.s.b.f.s.DefaultListableBeanFactory     : Creating shared instance of singleton bean 'globalExceptionHandler'
2025-11-25 21:27:07.897 DEBUG --- [           main] o.s.b.f.s.DefaultListableBeanFactory     : Creating shared instance of singleton bean 'org.springframework.security.config.annotation.configuration.ObjectPostProcessorConfiguration'
2025-11-25 21:27:07.897 DEBUG --- [           main] o.s.b.f.s.DefaultListableBeanFactory     : Creating shared instance of singleton bean 'objectPostProcessor'
2025-11-25 21:27:07.898 DEBUG --- [           main] o.s.b.f.s.DefaultListableBeanFactory     : Autowiring by type from bean name 'objectPostProcessor' via factory method to bean named 'org.springframework.beans.factory.support.DefaultListableBeanFactory@12d1f1d4'
2025-11-25 21:27:07.899 DEBUG --- [           main] o.s.b.f.s.DefaultListableBeanFactory     : Creating shared instance of singleton bean 'org.springframework.security.config.annotation.authentication.configuration.AuthenticationConfiguration'
2025-11-25 21:27:07.905 DEBUG --- [           main] o.s.b.f.s.DefaultListableBeanFactory     : Creating shared instance of singleton bean 'enableGlobalAuthenticationAutowiredConfigurer'
2025-11-25 21:27:07.906 DEBUG --- [           main] o.s.b.f.s.DefaultListableBeanFactory     : Autowiring by type from bean name 'enableGlobalAuthenticationAutowiredConfigurer' via factory method to bean named 'org.springframework.web.context.support.GenericWebApplicationContext@743c6ce4'
2025-11-25 21:27:07.907 DEBUG --- [           main] o.s.b.f.s.DefaultListableBeanFactory     : Creating shared instance of singleton bean 'initializeUserDetailsBeanManagerConfigurer'
2025-11-25 21:27:07.908 DEBUG --- [           main] o.s.b.f.s.DefaultListableBeanFactory     : Autowiring by type from bean name 'initializeUserDetailsBeanManagerConfigurer' via factory method to bean named 'org.springframework.web.context.support.GenericWebApplicationContext@743c6ce4'
2025-11-25 21:27:07.909 DEBUG --- [           main] o.s.b.f.s.DefaultListableBeanFactory     : Creating shared instance of singleton bean 'initializeAuthenticationProviderBeanManagerConfigurer'
2025-11-25 21:27:07.909 DEBUG --- [           main] o.s.b.f.s.DefaultListableBeanFactory     : Autowiring by type from bean name 'initializeAuthenticationProviderBeanManagerConfigurer' via factory method to bean named 'org.springframework.web.context.support.GenericWebApplicationContext@743c6ce4'
2025-11-25 21:27:07.912 DEBUG --- [           main] o.s.b.f.s.DefaultListableBeanFactory     : Creating shared instance of singleton bean 'authenticationManagerBuilder'
2025-11-25 21:27:07.912 DEBUG --- [           main] o.s.b.f.s.DefaultListableBeanFactory     : Autowiring by type from bean name 'authenticationManagerBuilder' via factory method to bean named 'objectPostProcessor'
2025-11-25 21:27:07.912 DEBUG --- [           main] o.s.b.f.s.DefaultListableBeanFactory     : Autowiring by type from bean name 'authenticationManagerBuilder' via factory method to bean named 'org.springframework.web.context.support.GenericWebApplicationContext@743c6ce4'
2025-11-25 21:27:07.914 DEBUG --- [           main] o.s.b.f.s.DefaultListableBeanFactory     : Creating shared instance of singleton bean 'authenticationEventPublisher'
2025-11-25 21:27:07.915 DEBUG --- [           main] o.s.b.f.s.DefaultListableBeanFactory     : Creating shared instance of singleton bean 'org.springframework.boot.autoconfigure.security.servlet.SecurityAutoConfiguration'
2025-11-25 21:27:07.916 DEBUG --- [           main] o.s.b.f.s.DefaultListableBeanFactory     : Autowiring by type from bean name 'authenticationEventPublisher' via factory method to bean named 'org.springframework.web.context.support.GenericWebApplicationContext@743c6ce4'
2025-11-25 21:27:07.931 DEBUG --- [           main] o.s.b.f.s.DefaultListableBeanFactory     : Creating shared instance of singleton bean 'org.springframework.security.config.annotation.web.configuration.WebSecurityConfiguration'
2025-11-25 21:27:07.934 DEBUG --- [           main] o.s.b.f.s.DefaultListableBeanFactory     : Creating shared instance of singleton bean 'org.springframework.security.config.annotation.web.configuration.HttpSecurityConfiguration'
2025-11-25 21:27:07.938 DEBUG --- [           main] o.s.b.f.s.DefaultListableBeanFactory     : Creating shared instance of singleton bean 'mvcContentNegotiationManager'
2025-11-25 21:27:07.956 DEBUG --- [           main] swordEncoderAuthenticationManagerBuilder : No authenticationProviders and no parentAuthenticationManager defined. Returning null.
2025-11-25 21:27:08.035 DEBUG --- [           main] o.s.b.f.s.DefaultListableBeanFactory     : Creating shared instance of singleton bean 'filterChainDecoratorPostProcessor'
2025-11-25 21:27:08.038 DEBUG --- [           main] o.s.b.f.s.DefaultListableBeanFactory     : Creating shared instance of singleton bean 'mvcHandlerMappingIntrospectorRequestTransformer'
2025-11-25 21:27:08.038 DEBUG --- [           main] o.s.b.f.s.DefaultListableBeanFactory     : Creating shared instance of singleton bean 'mvcHandlerMappingIntrospector'
2025-11-25 21:27:08.044 DEBUG --- [           main] o.s.b.f.s.DefaultListableBeanFactory     : Creating shared instance of singleton bean 'welcomePageHandlerMapping'
2025-11-25 21:27:08.045 DEBUG --- [           main] o.s.b.f.s.DefaultListableBeanFactory     : Creating shared instance of singleton bean 'mvcConversionService'
2025-11-25 21:27:08.054 DEBUG --- [           main] o.s.b.f.s.DefaultListableBeanFactory     : Autowiring by type from bean name 'welcomePageHandlerMapping' via factory method to bean named 'org.springframework.web.context.support.GenericWebApplicationContext@743c6ce4'
2025-11-25 21:27:08.054 DEBUG --- [           main] o.s.b.f.s.DefaultListableBeanFactory     : Autowiring by type from bean name 'welcomePageHandlerMapping' via factory method to bean named 'mvcConversionService'
2025-11-25 21:27:08.054 DEBUG --- [           main] o.s.b.f.s.DefaultListableBeanFactory     : Autowiring by type from bean name 'welcomePageHandlerMapping' via factory method to bean named 'mvcResourceUrlProvider'
2025-11-25 21:27:08.075 DEBUG --- [           main] o.s.b.f.s.DefaultListableBeanFactory     : Creating shared instance of singleton bean 'welcomePageNotAcceptableHandlerMapping'
2025-11-25 21:27:08.076 DEBUG --- [           main] o.s.b.f.s.DefaultListableBeanFactory     : Autowiring by type from bean name 'welcomePageNotAcceptableHandlerMapping' via factory method to bean named 'org.springframework.web.context.support.GenericWebApplicationContext@743c6ce4'
2025-11-25 21:27:08.076 DEBUG --- [           main] o.s.b.f.s.DefaultListableBeanFactory     : Autowiring by type from bean name 'welcomePageNotAcceptableHandlerMapping' via factory method to bean named 'mvcConversionService'
2025-11-25 21:27:08.076 DEBUG --- [           main] o.s.b.f.s.DefaultListableBeanFactory     : Autowiring by type from bean name 'welcomePageNotAcceptableHandlerMapping' via factory method to bean named 'mvcResourceUrlProvider'
2025-11-25 21:27:08.082 DEBUG --- [           main] o.s.b.f.s.DefaultListableBeanFactory     : Creating shared instance of singleton bean 'requestMappingHandlerMapping'
2025-11-25 21:27:08.083 DEBUG --- [           main] o.s.b.f.s.DefaultListableBeanFactory     : Autowiring by type from bean name 'requestMappingHandlerMapping' via factory method to bean named 'mvcContentNegotiationManager'
2025-11-25 21:27:08.083 DEBUG --- [           main] o.s.b.f.s.DefaultListableBeanFactory     : Autowiring by type from bean name 'requestMappingHandlerMapping' via factory method to bean named 'mvcConversionService'
2025-11-25 21:27:08.083 DEBUG --- [           main] o.s.b.f.s.DefaultListableBeanFactory     : Autowiring by type from bean name 'requestMappingHandlerMapping' via factory method to bean named 'mvcResourceUrlProvider'
2025-11-25 21:27:08.124 DEBUG --- [           main] _.s.web.servlet.HandlerMapping.Mappings  : 
	c.f.a.c.AccountController:
	{GET [/statistics_register_start_end]}: statisticsRegisterStartEnd(String,String)
	{GET [/exists]}: existsAccountByUserId(String)
	{POST [/send-otp]}: sendOtp(EmailRequest)
	{GET [/{userId}]}: getAccount(String)
	{POST [/ban]}: banAccount(String)
	{POST [/verify-otp]}: verifyOtp(OtpRequest)
	{POST [/check-duplication]}: checkDuplication(DuplicationRequest)
	{GET [/statistics_register_today]}: statisticsRegister(String)
	{POST [/register]}: persistAccount(AccountRegisterRequest)
	{PUT [/change-password]}: changePassword(ChangePasswordRequest)
	{PUT [/reset-password]}: resetPassword(ResetPasswordRequest)
2025-11-25 21:27:08.156 DEBUG --- [           main] _.s.web.servlet.HandlerMapping.Mappings  : 
	c.f.a.c.AuthenticateController:
	{POST [/logout]}: logout(TokenRequest,HttpServletRequest)
	{POST [/introspect]}: introspect(TokenRequest)
	{POST [/refresh-token]}: refreshAccessToken(RefreshTokenRequest,String,HttpServletRequest)
	{POST [/login]}: handleLogin(AccountLoginRequest,String,HttpServletRequest)
2025-11-25 21:27:08.159 DEBUG --- [           main] _.s.web.servlet.HandlerMapping.Mappings  : 
	c.f.a.c.CheckConnection:
	{GET [/check]}: checkConnection()
2025-11-25 21:27:08.159 DEBUG --- [           main] _.s.web.servlet.HandlerMapping.Mappings  : 
	c.f.a.c.GoogleAuthen:
	
2025-11-25 21:27:08.161 DEBUG --- [           main] _.s.web.servlet.HandlerMapping.Mappings  : 
	c.f.a.c.InternalController:
	{GET [/internal/valid-id/{userId}]}: validUserId(String)
2025-11-25 21:27:08.162 DEBUG --- [           main] _.s.web.servlet.HandlerMapping.Mappings  : 
	c.f.a.c.OAuth2AuthenticationSuccessHandler:
	
2025-11-25 21:27:08.163 DEBUG --- [           main] _.s.web.servlet.HandlerMapping.Mappings  : 
	c.f.a.c.PermissionController:
	{POST [/permission]}: createPermission(PermissionRequest)
	{GET [/permission]}: getAllPermission()
	{DELETE [/permission/{permissionId}]}: deletePermission(String)
2025-11-25 21:27:08.166 DEBUG --- [           main] _.s.web.servlet.HandlerMapping.Mappings  : 
	c.f.a.c.RoleController:
	{GET [/role]}: getAllRole()
	{PUT [/role/{roleId}]}: updateRole(String,Set)
	{POST [/role]}: createRole(RoleCreationRequest)
	{DELETE [/role/{roleId}]}: deleteRole(String)
2025-11-25 21:27:08.172 DEBUG --- [           main] _.s.web.servlet.HandlerMapping.Mappings  : 
	o.s.b.a.w.s.e.BasicErrorController:
	{ [/error]}: error(HttpServletRequest)
	{ [/error], produces [text/html]}: errorHtml(HttpServletRequest,HttpServletResponse)
2025-11-25 21:27:08.180 DEBUG --- [           main] o.s.c.e.PropertySourcesPropertyResolver  : Found key 'springdoc.api-docs.path' in PropertySource 'environmentProperties' with value of type String
2025-11-25 21:27:08.181 DEBUG --- [           main] o.s.c.e.PropertySourcesPropertyResolver  : Found key 'springdoc.api-docs.path' in PropertySource 'environmentProperties' with value of type String
2025-11-25 21:27:08.182 DEBUG --- [           main] o.s.c.e.PropertySourcesPropertyResolver  : Found key 'springdoc.api-docs.path' in PropertySource 'environmentProperties' with value of type String
2025-11-25 21:27:08.183 DEBUG --- [           main] o.s.c.e.PropertySourcesPropertyResolver  : Found key 'springdoc.api-docs.path' in PropertySource 'environmentProperties' with value of type String
2025-11-25 21:27:08.184 DEBUG --- [           main] _.s.web.servlet.HandlerMapping.Mappings  : 
	o.s.w.a.OpenApiWebMvcResource:
	{GET [/v3/api-docs.yaml], produces [application/vnd.oai.openapi]}: openapiYaml(HttpServletRequest,String,Locale)
	{GET [/v3/api-docs], produces [application/json]}: openapiJson(HttpServletRequest,String,Locale)
2025-11-25 21:27:08.185 DEBUG --- [           main] o.s.c.e.PropertySourcesPropertyResolver  : Found key 'springdoc.swagger-ui.path' in PropertySource 'environmentProperties' with value of type String
2025-11-25 21:27:08.186 DEBUG --- [           main] o.s.c.e.PropertySourcesPropertyResolver  : Found key 'springdoc.swagger-ui.path' in PropertySource 'environmentProperties' with value of type String
2025-11-25 21:27:08.186 DEBUG --- [           main] _.s.web.servlet.HandlerMapping.Mappings  : 
	o.s.w.u.SwaggerWelcomeWebMvc:
	{GET [/swagger-ui.html]}: redirectToUi(HttpServletRequest)
2025-11-25 21:27:08.187 DEBUG --- [           main] o.s.c.e.PropertySourcesPropertyResolver  : Found key 'springdoc.api-docs.path' in PropertySource 'environmentProperties' with value of type String
2025-11-25 21:27:08.187 DEBUG --- [           main] _.s.web.servlet.HandlerMapping.Mappings  : 
	o.s.w.u.SwaggerConfigResource:
	{GET [/v3/api-docs/swagger-config], produces [application/json]}: openapiJson(HttpServletRequest)
2025-11-25 21:27:08.190 DEBUG --- [           main] s.w.s.m.m.a.RequestMappingHandlerMapping : 30 mappings in 'requestMappingHandlerMapping'
2025-11-25 21:27:08.196 DEBUG --- [           main] o.s.b.f.s.DefaultListableBeanFactory     : Creating shared instance of singleton bean 'viewControllerHandlerMapping'
2025-11-25 21:27:08.197 DEBUG --- [           main] o.s.b.f.s.DefaultListableBeanFactory     : Autowiring by type from bean name 'viewControllerHandlerMapping' via factory method to bean named 'mvcConversionService'
2025-11-25 21:27:08.197 DEBUG --- [           main] o.s.b.f.s.DefaultListableBeanFactory     : Autowiring by type from bean name 'viewControllerHandlerMapping' via factory method to bean named 'mvcResourceUrlProvider'
2025-11-25 21:27:08.198 DEBUG --- [           main] o.s.b.f.s.DefaultListableBeanFactory     : Creating shared instance of singleton bean 'beanNameHandlerMapping'
2025-11-25 21:27:08.198 DEBUG --- [           main] o.s.b.f.s.DefaultListableBeanFactory     : Autowiring by type from bean name 'beanNameHandlerMapping' via factory method to bean named 'mvcConversionService'
2025-11-25 21:27:08.198 DEBUG --- [           main] o.s.b.f.s.DefaultListableBeanFactory     : Autowiring by type from bean name 'beanNameHandlerMapping' via factory method to bean named 'mvcResourceUrlProvider'
2025-11-25 21:27:08.202 DEBUG --- [           main] _.s.web.servlet.HandlerMapping.Mappings  : 'beanNameHandlerMapping' {}
2025-11-25 21:27:08.205 DEBUG --- [           main] o.s.b.f.s.DefaultListableBeanFactory     : Creating shared instance of singleton bean 'routerFunctionMapping'
2025-11-25 21:27:08.207 DEBUG --- [           main] o.s.b.f.s.DefaultListableBeanFactory     : Autowiring by type from bean name 'routerFunctionMapping' via factory method to bean named 'mvcConversionService'
2025-11-25 21:27:08.207 DEBUG --- [           main] o.s.b.f.s.DefaultListableBeanFactory     : Autowiring by type from bean name 'routerFunctionMapping' via factory method to bean named 'mvcResourceUrlProvider'
2025-11-25 21:27:08.208 DEBUG --- [           main] o.s.b.f.s.DefaultListableBeanFactory     : Creating shared instance of singleton bean 'messageConverters'
2025-11-25 21:27:08.208 DEBUG --- [           main] o.s.b.f.s.DefaultListableBeanFactory     : Creating shared instance of singleton bean 'org.springframework.boot.autoconfigure.http.HttpMessageConvertersAutoConfiguration'
2025-11-25 21:27:08.213 DEBUG --- [           main] o.s.b.f.s.DefaultListableBeanFactory     : Creating shared instance of singleton bean 'stringHttpMessageConverter'
2025-11-25 21:27:08.213 DEBUG --- [           main] o.s.b.f.s.DefaultListableBeanFactory     : Creating shared instance of singleton bean 'org.springframework.boot.autoconfigure.http.HttpMessageConvertersAutoConfiguration$StringHttpMessageConverterConfiguration'
2025-11-25 21:27:08.215 DEBUG --- [           main] o.s.b.f.s.DefaultListableBeanFactory     : Autowiring by type from bean name 'stringHttpMessageConverter' via factory method to bean named 'environment'
2025-11-25 21:27:08.220 DEBUG --- [           main] o.s.b.f.s.DefaultListableBeanFactory     : Creating shared instance of singleton bean 'mappingJackson2HttpMessageConverter'
2025-11-25 21:27:08.221 DEBUG --- [           main] o.s.b.f.s.DefaultListableBeanFactory     : Creating shared instance of singleton bean 'org.springframework.boot.autoconfigure.http.JacksonHttpMessageConvertersConfiguration$MappingJackson2HttpMessageConverterConfiguration'
2025-11-25 21:27:08.222 DEBUG --- [           main] o.s.b.f.s.DefaultListableBeanFactory     : Creating shared instance of singleton bean 'objectMapper'
2025-11-25 21:27:08.237 DEBUG --- [           main] o.s.b.f.s.DefaultListableBeanFactory     : Autowiring by type from bean name 'mappingJackson2HttpMessageConverter' via factory method to bean named 'objectMapper'
2025-11-25 21:27:08.287 DEBUG --- [           main] o.s.b.f.s.DefaultListableBeanFactory     : Creating shared instance of singleton bean 'resourceHandlerMapping'
2025-11-25 21:27:08.288 DEBUG --- [           main] o.s.b.f.s.DefaultListableBeanFactory     : Autowiring by type from bean name 'resourceHandlerMapping' via factory method to bean named 'mvcContentNegotiationManager'
2025-11-25 21:27:08.288 DEBUG --- [           main] o.s.b.f.s.DefaultListableBeanFactory     : Autowiring by type from bean name 'resourceHandlerMapping' via factory method to bean named 'mvcConversionService'
2025-11-25 21:27:08.288 DEBUG --- [           main] o.s.b.f.s.DefaultListableBeanFactory     : Autowiring by type from bean name 'resourceHandlerMapping' via factory method to bean named 'mvcResourceUrlProvider'
2025-11-25 21:27:08.304 DEBUG --- [           main] _.s.web.servlet.HandlerMapping.Mappings  : 'resourceHandlerMapping' {/webjars/**=ResourceHttpRequestHandler [classpath [META-INF/resources/webjars/]], /**=ResourceHttpRequestHandler [classpath [META-INF/resources/], classpath [resources/], classpath [static/], classpath [public/], ServletContext [/]], /swagger-ui*/*swagger-initializer.js=ResourceHttpRequestHandler [classpath [META-INF/resources/webjars/]], /swagger-ui*/**=ResourceHttpRequestHandler [classpath [META-INF/resources/webjars/]]}
2025-11-25 21:27:08.305 DEBUG --- [           main] o.s.b.f.s.DefaultListableBeanFactory     : Creating shared instance of singleton bean 'defaultServletHandlerMapping'
2025-11-25 21:27:08.314 DEBUG --- [           main] o.s.b.f.s.DefaultListableBeanFactory     : Creating shared instance of singleton bean 'securityFilterChain'
2025-11-25 21:27:08.314 DEBUG --- [           main] o.s.b.f.s.DefaultListableBeanFactory     : Autowiring by type from bean name 'securityFilterChain' via factory method to bean named 'org.springframework.security.config.annotation.web.configuration.HttpSecurityConfiguration.httpSecurity'
2025-11-25 21:27:08.314 DEBUG --- [           main] o.s.b.f.s.DefaultListableBeanFactory     : Autowiring by type from bean name 'securityFilterChain' via factory method to bean named 'OAuth2LoginSuccessHandler'
2025-11-25 21:27:08.321 DEBUG --- [           main] o.s.b.f.s.DefaultListableBeanFactory     : Creating shared instance of singleton bean 'webAuthorizationManagerPostProcessor'
2025-11-25 21:27:08.397 DEBUG --- [           main] o.s.b.f.s.DefaultListableBeanFactory     : Creating shared instance of singleton bean 'authenticationManagerPostProcessor'
2025-11-25 21:27:08.435 DEBUG --- [           main] o.s.s.web.DefaultSecurityFilterChain     : Will secure any request with filters: DisableEncodeUrlFilter, WebAsyncManagerIntegrationFilter, SecurityContextHolderFilter, HeaderWriterFilter, OAuth2AuthorizationRequestRedirectFilter, OAuth2LoginAuthenticationFilter, BearerTokenAuthenticationFilter, RequestCacheAwareFilter, SecurityContextHolderAwareRequestFilter, AnonymousAuthenticationFilter, ExceptionTranslationFilter, AuthorizationFilter
2025-11-25 21:27:08.439 DEBUG --- [           main] o.s.b.f.s.DefaultListableBeanFactory     : Creating shared instance of singleton bean 'springSecurityFilterChain'
2025-11-25 21:27:08.454 DEBUG --- [           main] o.s.b.f.s.DefaultListableBeanFactory     : Creating shared instance of singleton bean 'webSecurityExpressionHandler'
2025-11-25 21:27:08.455 DEBUG --- [           main] o.s.b.f.s.DefaultListableBeanFactory     : Creating shared instance of singleton bean 'privilegeEvaluator'
2025-11-25 21:27:08.456 DEBUG --- [           main] o.s.b.f.s.DefaultListableBeanFactory     : Creating shared instance of singleton bean 'requestDataValueProcessor'
2025-11-25 21:27:08.458 DEBUG --- [           main] o.s.b.f.s.DefaultListableBeanFactory     : Creating shared instance of singleton bean 'org.springframework.security.config.annotation.web.configuration.OAuth2ClientConfiguration'
2025-11-25 21:27:08.458 DEBUG --- [           main] o.s.b.f.s.DefaultListableBeanFactory     : Creating shared instance of singleton bean 'org.springframework.security.config.annotation.web.configuration.ObservationConfiguration'
2025-11-25 21:27:08.459 DEBUG --- [           main] o.s.b.f.s.DefaultListableBeanFactory     : Creating shared instance of singleton bean '_prePostMethodSecurityConfiguration'
2025-11-25 21:27:08.461 DEBUG --- [           main] o.s.b.f.s.DefaultListableBeanFactory     : Creating shared instance of singleton bean 'methodAuthorizationManagerPostProcessor'
2025-11-25 21:27:08.464 DEBUG --- [           main] o.s.b.f.s.DefaultListableBeanFactory     : Creating shared instance of singleton bean 'methodResultAuthorizationManagerPostProcessor'
2025-11-25 21:27:08.471 DEBUG --- [           main] o.s.b.f.s.DefaultListableBeanFactory     : Creating shared instance of singleton bean 'prePostAuthorizeExpressionHintsRegistrar'
2025-11-25 21:27:08.472 DEBUG --- [           main] o.s.b.f.s.DefaultListableBeanFactory     : Creating shared instance of singleton bean 'org.springframework.security.config.annotation.method.configuration.AuthorizationProxyConfiguration'
2025-11-25 21:27:08.473 DEBUG --- [           main] o.s.b.f.s.DefaultListableBeanFactory     : Creating shared instance of singleton bean 'authorizeReturnObjectHintsRegistrar'
2025-11-25 21:27:08.474 DEBUG --- [           main] o.s.b.f.s.DefaultListableBeanFactory     : Autowiring by type from bean name 'authorizeReturnObjectHintsRegistrar' via factory method to bean named 'authorizationProxyFactory'
2025-11-25 21:27:08.476 DEBUG --- [           main] o.s.b.f.s.DefaultListableBeanFactory     : Creating shared instance of singleton bean 'org.springframework.security.config.annotation.method.configuration.MethodObservationConfiguration'
2025-11-25 21:27:08.477 DEBUG --- [           main] o.s.b.f.s.DefaultListableBeanFactory     : Creating shared instance of singleton bean 'loggingFilter'
2025-11-25 21:27:08.479 DEBUG --- [           main] o.s.b.f.s.DefaultListableBeanFactory     : Creating shared instance of singleton bean 'auditorAware'
2025-11-25 21:27:08.479 DEBUG --- [           main] o.s.b.f.s.DefaultListableBeanFactory     : Creating shared instance of singleton bean 'corsWebFilter'
2025-11-25 21:27:08.485 DEBUG --- [           main] o.s.b.f.s.DefaultListableBeanFactory     : Creating shared instance of singleton bean 'customOpenAPI'
2025-11-25 21:27:08.490 DEBUG --- [           main] o.s.b.f.s.DefaultListableBeanFactory     : Creating shared instance of singleton bean 'redisTemplate'
2025-11-25 21:27:08.491 DEBUG --- [           main] o.s.b.f.s.DefaultListableBeanFactory     : Autowiring by type from bean name 'redisTemplate' via factory method to bean named 'redisConnectionFactory'
2025-11-25 21:27:08.493 DEBUG --- [           main] o.s.b.f.s.DefaultListableBeanFactory     : Creating shared instance of singleton bean 'booleanRedisTemplate'
2025-11-25 21:27:08.495 DEBUG --- [           main] o.s.b.f.s.DefaultListableBeanFactory     : Autowiring by type from bean name 'booleanRedisTemplate' via factory method to bean named 'redisConnectionFactory'
2025-11-25 21:27:08.499 DEBUG --- [           main] o.s.b.f.s.DefaultListableBeanFactory     : Creating shared instance of singleton bean 'jpaAuditingHandler'
2025-11-25 21:27:08.508 DEBUG --- [           main] o.s.b.f.s.DefaultListableBeanFactory     : Creating shared instance of singleton bean 'org.springframework.data.jpa.domain.support.AuditingEntityListener'
2025-11-25 21:27:08.511 DEBUG --- [           main] o.s.b.f.s.DefaultListableBeanFactory     : Creating shared instance of singleton bean 'org.springframework.boot.autoconfigure.context.PropertyPlaceholderAutoConfiguration'
2025-11-25 21:27:08.511 DEBUG --- [           main] o.s.b.f.s.DefaultListableBeanFactory     : Creating shared instance of singleton bean 'org.springframework.boot.autoconfigure.websocket.servlet.WebSocketServletAutoConfiguration$TomcatWebSocketConfiguration'
2025-11-25 21:27:08.512 DEBUG --- [           main] o.s.b.f.s.DefaultListableBeanFactory     : Creating shared instance of singleton bean 'websocketServletWebServerCustomizer'
2025-11-25 21:27:08.515 DEBUG --- [           main] o.s.b.f.s.DefaultListableBeanFactory     : Creating shared instance of singleton bean 'org.springframework.boot.autoconfigure.websocket.servlet.WebSocketServletAutoConfiguration'
2025-11-25 21:27:08.515 DEBUG --- [           main] o.s.b.f.s.DefaultListableBeanFactory     : Creating shared instance of singleton bean 'org.springframework.boot.autoconfigure.web.servlet.ServletWebServerFactoryConfiguration$EmbeddedTomcat'
2025-11-25 21:27:08.515 DEBUG --- [           main] o.s.b.f.s.DefaultListableBeanFactory     : Creating shared instance of singleton bean 'tomcatServletWebServerFactory'
2025-11-25 21:27:08.548 DEBUG --- [           main] o.a.catalina.core.AprLifecycleListener   : The Apache Tomcat Native library could not be found using names [tcnative-2, libtcnative-2, tcnative-1, libtcnative-1] on the java.library.path [C:\Users\acer\.jdks\openjdk-22.0.2\bin;C:\WINDOWS\Sun\Java\bin;C:\WINDOWS\system32;C:\WINDOWS;C:\Program Files\Common Files\Oracle\Java\javapath;C:\Program Files\Microsoft MPI\Bin\;C:\Windows\system32;C:\Windows;C:\Windows\System32\Wbem;C:\Windows\System32\WindowsPowerShell\v1.0\;C:\Windows\System32\OpenSSH\;C:\Program Files (x86)\NVIDIA Corporation\PhysX\Common;C:\Program Files\NVIDIA Corporation\NVIDIA NvDLISR;C:\WINDOWS\system32;C:\WINDOWS;C:\WINDOWS\System32\Wbem;C:\WINDOWS\System32\WindowsPowerShell\v1.0\;C:\WINDOWS\System32\OpenSSH\;C:\Program Files\Azure Data Studio\bin;C:\ProgramData\chocolatey\bin;C:\Users\acer\bin;C:\mingw64\bin;C:\Program Files (x86)\Microsoft SQL Server\160\Tools\Binn\;C:\Program Files\Microsoft SQL Server\160\Tools\Binn\;C:\Program Files\Microsoft SQL Server\Client SDK\ODBC\170\Tools\Binn\;C:\Program Files\Microsoft SQL Server\160\DTS\Binn\;C:\apache-maven-3.9.8\bin;C:\Program Files\Docker\Docker\resources\bin;C:\Program Files\nodejs\;C:\Program Files\TortoiseGit\bin;C:\Program Files\PostgreSQL\17\bin;C:\Program Files\PuTTY\;c:\Users\acer\AppData\Local\Programs\cursor\resources\app\bin;D:\HocTap\Git\Git\cmd;C:\Program Files\cursor\resources\app\bin;C:\Program Files\Cloudflare\Cloudflare WARP\;C:\ProgramData\chocolatey\lib\maven\apache-maven-3.9.11\bin;C:\Program Files\apache-maven-3.9.11\bin;C:\Program Files\Java\jdk-25\bin;C:\Users\acer\AppData\Local\Microsoft\WindowsApps;C:\Program Files\Azure Data Studio\bin;E:\Microsoft VS Code\bin;C:\Program Files\JetBrains\IntelliJ IDEA 2024.2\bin;;C:\Program Files\JetBrains\IntelliJ IDEA Community Edition 2024.2.4\bin;;C:\apache-maven-3.9.8\bin;C:\Program Files\JetBrains\WebStorm 2024.2.4\bin;;C:\Users\acer\AppData\Roaming\npm;C:\Users\acer\AppData\Local\Programs\Microsoft VS Code\bin;;C:\Users\acer\.lmstudio\bin;C:\Program Files\JetBrains\PyCharm 2024.3.4\bin;;C:\Users\acer\AppData\Local\Programs\mongosh\;C:\Program Files\JetBrains\IntelliJ IDEA 2025.2.3\bin;C:\Users\acer\.bun\bin;C:\Users\acer\AppData\Local\Programs\Antigravity\bin;.]. The errors reported were [Can't load library: C:\Users\acer\OneDrive\Workspace\Fsocial\Fsocial_be\accountService\bin\tcnative-2.dll, Can't load library: C:\Users\acer\OneDrive\Workspace\Fsocial\Fsocial_be\accountService\bin\libtcnative-2.dll, Can't load library: C:\Users\acer\OneDrive\Workspace\Fsocial\Fsocial_be\accountService\bin\tcnative-1.dll, Can't load library: C:\Users\acer\OneDrive\Workspace\Fsocial\Fsocial_be\accountService\bin\libtcnative-1.dll, no tcnative-2 in java.library.path: C:\Users\acer\.jdks\openjdk-22.0.2\bin;C:\WINDOWS\Sun\Java\bin;C:\WINDOWS\system32;C:\WINDOWS;C:\Program Files\Common Files\Oracle\Java\javapath;C:\Program Files\Microsoft MPI\Bin\;C:\Windows\system32;C:\Windows;C:\Windows\System32\Wbem;C:\Windows\System32\WindowsPowerShell\v1.0\;C:\Windows\System32\OpenSSH\;C:\Program Files (x86)\NVIDIA Corporation\PhysX\Common;C:\Program Files\NVIDIA Corporation\NVIDIA NvDLISR;C:\WINDOWS\system32;C:\WINDOWS;C:\WINDOWS\System32\Wbem;C:\WINDOWS\System32\WindowsPowerShell\v1.0\;C:\WINDOWS\System32\OpenSSH\;C:\Program Files\Azure Data Studio\bin;C:\ProgramData\chocolatey\bin;C:\Users\acer\bin;C:\mingw64\bin;C:\Program Files (x86)\Microsoft SQL Server\160\Tools\Binn\;C:\Program Files\Microsoft SQL Server\160\Tools\Binn\;C:\Program Files\Microsoft SQL Server\Client SDK\ODBC\170\Tools\Binn\;C:\Program Files\Microsoft SQL Server\160\DTS\Binn\;C:\apache-maven-3.9.8\bin;C:\Program Files\Docker\Docker\resources\bin;C:\Program Files\nodejs\;C:\Program Files\TortoiseGit\bin;C:\Program Files\PostgreSQL\17\bin;C:\Program Files\PuTTY\;c:\Users\acer\AppData\Local\Programs\cursor\resources\app\bin;D:\HocTap\Git\Git\cmd;C:\Program Files\cursor\resources\app\bin;C:\Program Files\Cloudflare\Cloudflare WARP\;C:\ProgramData\chocolatey\lib\maven\apache-maven-3.9.11\bin;C:\Program Files\apache-maven-3.9.11\bin;C:\Program Files\Java\jdk-25\bin;C:\Users\acer\AppData\Local\Microsoft\WindowsApps;C:\Program Files\Azure Data Studio\bin;E:\Microsoft VS Code\bin;C:\Program Files\JetBrains\IntelliJ IDEA 2024.2\bin;;C:\Program Files\JetBrains\IntelliJ IDEA Community Edition 2024.2.4\bin;;C:\apache-maven-3.9.8\bin;C:\Program Files\JetBrains\WebStorm 2024.2.4\bin;;C:\Users\acer\AppData\Roaming\npm;C:\Users\acer\AppData\Local\Programs\Microsoft VS Code\bin;;C:\Users\acer\.lmstudio\bin;C:\Program Files\JetBrains\PyCharm 2024.3.4\bin;;C:\Users\acer\AppData\Local\Programs\mongosh\;C:\Program Files\JetBrains\IntelliJ IDEA 2025.2.3\bin;C:\Users\acer\.bun\bin;C:\Users\acer\AppData\Local\Programs\Antigravity\bin;., no libtcnative-2 in java.library.path: C:\Users\acer\.jdks\openjdk-22.0.2\bin;C:\WINDOWS\Sun\Java\bin;C:\WINDOWS\system32;C:\WINDOWS;C:\Program Files\Common Files\Oracle\Java\javapath;C:\Program Files\Microsoft MPI\Bin\;C:\Windows\system32;C:\Windows;C:\Windows\System32\Wbem;C:\Windows\System32\WindowsPowerShell\v1.0\;C:\Windows\System32\OpenSSH\;C:\Program Files (x86)\NVIDIA Corporation\PhysX\Common;C:\Program Files\NVIDIA Corporation\NVIDIA NvDLISR;C:\WINDOWS\system32;C:\WINDOWS;C:\WINDOWS\System32\Wbem;C:\WINDOWS\System32\WindowsPowerShell\v1.0\;C:\WINDOWS\System32\OpenSSH\;C:\Program Files\Azure Data Studio\bin;C:\ProgramData\chocolatey\bin;C:\Users\acer\bin;C:\mingw64\bin;C:\Program Files (x86)\Microsoft SQL Server\160\Tools\Binn\;C:\Program Files\Microsoft SQL Server\160\Tools\Binn\;C:\Program Files\Microsoft SQL Server\Client SDK\ODBC\170\Tools\Binn\;C:\Program Files\Microsoft SQL Server\160\DTS\Binn\;C:\apache-maven-3.9.8\bin;C:\Program Files\Docker\Docker\resources\bin;C:\Program Files\nodejs\;C:\Program Files\TortoiseGit\bin;C:\Program Files\PostgreSQL\17\bin;C:\Program Files\PuTTY\;c:\Users\acer\AppData\Local\Programs\cursor\resources\app\bin;D:\HocTap\Git\Git\cmd;C:\Program Files\cursor\resources\app\bin;C:\Program Files\Cloudflare\Cloudflare WARP\;C:\ProgramData\chocolatey\lib\maven\apache-maven-3.9.11\bin;C:\Program Files\apache-maven-3.9.11\bin;C:\Program Files\Java\jdk-25\bin;C:\Users\acer\AppData\Local\Microsoft\WindowsApps;C:\Program Files\Azure Data Studio\bin;E:\Microsoft VS Code\bin;C:\Program Files\JetBrains\IntelliJ IDEA 2024.2\bin;;C:\Program Files\JetBrains\IntelliJ IDEA Community Edition 2024.2.4\bin;;C:\apache-maven-3.9.8\bin;C:\Program Files\JetBrains\WebStorm 2024.2.4\bin;;C:\Users\acer\AppData\Roaming\npm;C:\Users\acer\AppData\Local\Programs\Microsoft VS Code\bin;;C:\Users\acer\.lmstudio\bin;C:\Program Files\JetBrains\PyCharm 2024.3.4\bin;;C:\Users\acer\AppData\Local\Programs\mongosh\;C:\Program Files\JetBrains\IntelliJ IDEA 2025.2.3\bin;C:\Users\acer\.bun\bin;C:\Users\acer\AppData\Local\Programs\Antigravity\bin;., no tcnative-1 in java.library.path: C:\Users\acer\.jdks\openjdk-22.0.2\bin;C:\WINDOWS\Sun\Java\bin;C:\WINDOWS\system32;C:\WINDOWS;C:\Program Files\Common Files\Oracle\Java\javapath;C:\Program Files\Microsoft MPI\Bin\;C:\Windows\system32;C:\Windows;C:\Windows\System32\Wbem;C:\Windows\System32\WindowsPowerShell\v1.0\;C:\Windows\System32\OpenSSH\;C:\Program Files (x86)\NVIDIA Corporation\PhysX\Common;C:\Program Files\NVIDIA Corporation\NVIDIA NvDLISR;C:\WINDOWS\system32;C:\WINDOWS;C:\WINDOWS\System32\Wbem;C:\WINDOWS\System32\WindowsPowerShell\v1.0\;C:\WINDOWS\System32\OpenSSH\;C:\Program Files\Azure Data Studio\bin;C:\ProgramData\chocolatey\bin;C:\Users\acer\bin;C:\mingw64\bin;C:\Program Files (x86)\Microsoft SQL Server\160\Tools\Binn\;C:\Program Files\Microsoft SQL Server\160\Tools\Binn\;C:\Program Files\Microsoft SQL Server\Client SDK\ODBC\170\Tools\Binn\;C:\Program Files\Microsoft SQL Server\160\DTS\Binn\;C:\apache-maven-3.9.8\bin;C:\Program Files\Docker\Docker\resources\bin;C:\Program Files\nodejs\;C:\Program Files\TortoiseGit\bin;C:\Program Files\PostgreSQL\17\bin;C:\Program Files\PuTTY\;c:\Users\acer\AppData\Local\Programs\cursor\resources\app\bin;D:\HocTap\Git\Git\cmd;C:\Program Files\cursor\resources\app\bin;C:\Program Files\Cloudflare\Cloudflare WARP\;C:\ProgramData\chocolatey\lib\maven\apache-maven-3.9.11\bin;C:\Program Files\apache-maven-3.9.11\bin;C:\Program Files\Java\jdk-25\bin;C:\Users\acer\AppData\Local\Microsoft\WindowsApps;C:\Program Files\Azure Data Studio\bin;E:\Microsoft VS Code\bin;C:\Program Files\JetBrains\IntelliJ IDEA 2024.2\bin;;C:\Program Files\JetBrains\IntelliJ IDEA Community Edition 2024.2.4\bin;;C:\apache-maven-3.9.8\bin;C:\Program Files\JetBrains\WebStorm 2024.2.4\bin;;C:\Users\acer\AppData\Roaming\npm;C:\Users\acer\AppData\Local\Programs\Microsoft VS Code\bin;;C:\Users\acer\.lmstudio\bin;C:\Program Files\JetBrains\PyCharm 2024.3.4\bin;;C:\Users\acer\AppData\Local\Programs\mongosh\;C:\Program Files\JetBrains\IntelliJ IDEA 2025.2.3\bin;C:\Users\acer\.bun\bin;C:\Users\acer\AppData\Local\Programs\Antigravity\bin;., no libtcnative-1 in java.library.path: C:\Users\acer\.jdks\openjdk-22.0.2\bin;C:\WINDOWS\Sun\Java\bin;C:\WINDOWS\system32;C:\WINDOWS;C:\Program Files\Common Files\Oracle\Java\javapath;C:\Program Files\Microsoft MPI\Bin\;C:\Windows\system32;C:\Windows;C:\Windows\System32\Wbem;C:\Windows\System32\WindowsPowerShell\v1.0\;C:\Windows\System32\OpenSSH\;C:\Program Files (x86)\NVIDIA Corporation\PhysX\Common;C:\Program Files\NVIDIA Corporation\NVIDIA NvDLISR;C:\WINDOWS\system32;C:\WINDOWS;C:\WINDOWS\System32\Wbem;C:\WINDOWS\System32\WindowsPowerShell\v1.0\;C:\WINDOWS\System32\OpenSSH\;C:\Program Files\Azure Data Studio\bin;C:\ProgramData\chocolatey\bin;C:\Users\acer\bin;C:\mingw64\bin;C:\Program Files (x86)\Microsoft SQL Server\160\Tools\Binn\;C:\Program Files\Microsoft SQL Server\160\Tools\Binn\;C:\Program Files\Microsoft SQL Server\Client SDK\ODBC\170\Tools\Binn\;C:\Program Files\Microsoft SQL Server\160\DTS\Binn\;C:\apache-maven-3.9.8\bin;C:\Program Files\Docker\Docker\resources\bin;C:\Program Files\nodejs\;C:\Program Files\TortoiseGit\bin;C:\Program Files\PostgreSQL\17\bin;C:\Program Files\PuTTY\;c:\Users\acer\AppData\Local\Programs\cursor\resources\app\bin;D:\HocTap\Git\Git\cmd;C:\Program Files\cursor\resources\app\bin;C:\Program Files\Cloudflare\Cloudflare WARP\;C:\ProgramData\chocolatey\lib\maven\apache-maven-3.9.11\bin;C:\Program Files\apache-maven-3.9.11\bin;C:\Program Files\Java\jdk-25\bin;C:\Users\acer\AppData\Local\Microsoft\WindowsApps;C:\Program Files\Azure Data Studio\bin;E:\Microsoft VS Code\bin;C:\Program Files\JetBrains\IntelliJ IDEA 2024.2\bin;;C:\Program Files\JetBrains\IntelliJ IDEA Community Edition 2024.2.4\bin;;C:\apache-maven-3.9.8\bin;C:\Program Files\JetBrains\WebStorm 2024.2.4\bin;;C:\Users\acer\AppData\Roaming\npm;C:\Users\acer\AppData\Local\Programs\Microsoft VS Code\bin;;C:\Users\acer\.lmstudio\bin;C:\Program Files\JetBrains\PyCharm 2024.3.4\bin;;C:\Users\acer\AppData\Local\Programs\mongosh\;C:\Program Files\JetBrains\IntelliJ IDEA 2025.2.3\bin;C:\Users\acer\.bun\bin;C:\Users\acer\AppData\Local\Programs\Antigravity\bin;.]
org.apache.tomcat.jni.LibraryNotFoundError: Can't load library: C:\Users\acer\OneDrive\Workspace\Fsocial\Fsocial_be\accountService\bin\tcnative-2.dll, Can't load library: C:\Users\acer\OneDrive\Workspace\Fsocial\Fsocial_be\accountService\bin\libtcnative-2.dll, Can't load library: C:\Users\acer\OneDrive\Workspace\Fsocial\Fsocial_be\accountService\bin\tcnative-1.dll, Can't load library: C:\Users\acer\OneDrive\Workspace\Fsocial\Fsocial_be\accountService\bin\libtcnative-1.dll, no tcnative-2 in java.library.path: C:\Users\acer\.jdks\openjdk-22.0.2\bin;C:\WINDOWS\Sun\Java\bin;C:\WINDOWS\system32;C:\WINDOWS;C:\Program Files\Common Files\Oracle\Java\javapath;C:\Program Files\Microsoft MPI\Bin\;C:\Windows\system32;C:\Windows;C:\Windows\System32\Wbem;C:\Windows\System32\WindowsPowerShell\v1.0\;C:\Windows\System32\OpenSSH\;C:\Program Files (x86)\NVIDIA Corporation\PhysX\Common;C:\Program Files\NVIDIA Corporation\NVIDIA NvDLISR;C:\WINDOWS\system32;C:\WINDOWS;C:\WINDOWS\System32\Wbem;C:\WINDOWS\System32\WindowsPowerShell\v1.0\;C:\WINDOWS\System32\OpenSSH\;C:\Program Files\Azure Data Studio\bin;C:\ProgramData\chocolatey\bin;C:\Users\acer\bin;C:\mingw64\bin;C:\Program Files (x86)\Microsoft SQL Server\160\Tools\Binn\;C:\Program Files\Microsoft SQL Server\160\Tools\Binn\;C:\Program Files\Microsoft SQL Server\Client SDK\ODBC\170\Tools\Binn\;C:\Program Files\Microsoft SQL Server\160\DTS\Binn\;C:\apache-maven-3.9.8\bin;C:\Program Files\Docker\Docker\resources\bin;C:\Program Files\nodejs\;C:\Program Files\TortoiseGit\bin;C:\Program Files\PostgreSQL\17\bin;C:\Program Files\PuTTY\;c:\Users\acer\AppData\Local\Programs\cursor\resources\app\bin;D:\HocTap\Git\Git\cmd;C:\Program Files\cursor\resources\app\bin;C:\Program Files\Cloudflare\Cloudflare WARP\;C:\ProgramData\chocolatey\lib\maven\apache-maven-3.9.11\bin;C:\Program Files\apache-maven-3.9.11\bin;C:\Program Files\Java\jdk-25\bin;C:\Users\acer\AppData\Local\Microsoft\WindowsApps;C:\Program Files\Azure Data Studio\bin;E:\Microsoft VS Code\bin;C:\Program Files\JetBrains\IntelliJ IDEA 2024.2\bin;;C:\Program Files\JetBrains\IntelliJ IDEA Community Edition 2024.2.4\bin;;C:\apache-maven-3.9.8\bin;C:\Program Files\JetBrains\WebStorm 2024.2.4\bin;;C:\Users\acer\AppData\Roaming\npm;C:\Users\acer\AppData\Local\Programs\Microsoft VS Code\bin;;C:\Users\acer\.lmstudio\bin;C:\Program Files\JetBrains\PyCharm 2024.3.4\bin;;C:\Users\acer\AppData\Local\Programs\mongosh\;C:\Program Files\JetBrains\IntelliJ IDEA 2025.2.3\bin;C:\Users\acer\.bun\bin;C:\Users\acer\AppData\Local\Programs\Antigravity\bin;., no libtcnative-2 in java.library.path: C:\Users\acer\.jdks\openjdk-22.0.2\bin;C:\WINDOWS\Sun\Java\bin;C:\WINDOWS\system32;C:\WINDOWS;C:\Program Files\Common Files\Oracle\Java\javapath;C:\Program Files\Microsoft MPI\Bin\;C:\Windows\system32;C:\Windows;C:\Windows\System32\Wbem;C:\Windows\System32\WindowsPowerShell\v1.0\;C:\Windows\System32\OpenSSH\;C:\Program Files (x86)\NVIDIA Corporation\PhysX\Common;C:\Program Files\NVIDIA Corporation\NVIDIA NvDLISR;C:\WINDOWS\system32;C:\WINDOWS;C:\WINDOWS\System32\Wbem;C:\WINDOWS\System32\WindowsPowerShell\v1.0\;C:\WINDOWS\System32\OpenSSH\;C:\Program Files\Azure Data Studio\bin;C:\ProgramData\chocolatey\bin;C:\Users\acer\bin;C:\mingw64\bin;C:\Program Files (x86)\Microsoft SQL Server\160\Tools\Binn\;C:\Program Files\Microsoft SQL Server\160\Tools\Binn\;C:\Program Files\Microsoft SQL Server\Client SDK\ODBC\170\Tools\Binn\;C:\Program Files\Microsoft SQL Server\160\DTS\Binn\;C:\apache-maven-3.9.8\bin;C:\Program Files\Docker\Docker\resources\bin;C:\Program Files\nodejs\;C:\Program Files\TortoiseGit\bin;C:\Program Files\PostgreSQL\17\bin;C:\Program Files\PuTTY\;c:\Users\acer\AppData\Local\Programs\cursor\resources\app\bin;D:\HocTap\Git\Git\cmd;C:\Program Files\cursor\resources\app\bin;C:\Program Files\Cloudflare\Cloudflare WARP\;C:\ProgramData\chocolatey\lib\maven\apache-maven-3.9.11\bin;C:\Program Files\apache-maven-3.9.11\bin;C:\Program Files\Java\jdk-25\bin;C:\Users\acer\AppData\Local\Microsoft\WindowsApps;C:\Program Files\Azure Data Studio\bin;E:\Microsoft VS Code\bin;C:\Program Files\JetBrains\IntelliJ IDEA 2024.2\bin;;C:\Program Files\JetBrains\IntelliJ IDEA Community Edition 2024.2.4\bin;;C:\apache-maven-3.9.8\bin;C:\Program Files\JetBrains\WebStorm 2024.2.4\bin;;C:\Users\acer\AppData\Roaming\npm;C:\Users\acer\AppData\Local\Programs\Microsoft VS Code\bin;;C:\Users\acer\.lmstudio\bin;C:\Program Files\JetBrains\PyCharm 2024.3.4\bin;;C:\Users\acer\AppData\Local\Programs\mongosh\;C:\Program Files\JetBrains\IntelliJ IDEA 2025.2.3\bin;C:\Users\acer\.bun\bin;C:\Users\acer\AppData\Local\Programs\Antigravity\bin;., no tcnative-1 in java.library.path: C:\Users\acer\.jdks\openjdk-22.0.2\bin;C:\WINDOWS\Sun\Java\bin;C:\WINDOWS\system32;C:\WINDOWS;C:\Program Files\Common Files\Oracle\Java\javapath;C:\Program Files\Microsoft MPI\Bin\;C:\Windows\system32;C:\Windows;C:\Windows\System32\Wbem;C:\Windows\System32\WindowsPowerShell\v1.0\;C:\Windows\System32\OpenSSH\;C:\Program Files (x86)\NVIDIA Corporation\PhysX\Common;C:\Program Files\NVIDIA Corporation\NVIDIA NvDLISR;C:\WINDOWS\system32;C:\WINDOWS;C:\WINDOWS\System32\Wbem;C:\WINDOWS\System32\WindowsPowerShell\v1.0\;C:\WINDOWS\System32\OpenSSH\;C:\Program Files\Azure Data Studio\bin;C:\ProgramData\chocolatey\bin;C:\Users\acer\bin;C:\mingw64\bin;C:\Program Files (x86)\Microsoft SQL Server\160\Tools\Binn\;C:\Program Files\Microsoft SQL Server\160\Tools\Binn\;C:\Program Files\Microsoft SQL Server\Client SDK\ODBC\170\Tools\Binn\;C:\Program Files\Microsoft SQL Server\160\DTS\Binn\;C:\apache-maven-3.9.8\bin;C:\Program Files\Docker\Docker\resources\bin;C:\Program Files\nodejs\;C:\Program Files\TortoiseGit\bin;C:\Program Files\PostgreSQL\17\bin;C:\Program Files\PuTTY\;c:\Users\acer\AppData\Local\Programs\cursor\resources\app\bin;D:\HocTap\Git\Git\cmd;C:\Program Files\cursor\resources\app\bin;C:\Program Files\Cloudflare\Cloudflare WARP\;C:\ProgramData\chocolatey\lib\maven\apache-maven-3.9.11\bin;C:\Program Files\apache-maven-3.9.11\bin;C:\Program Files\Java\jdk-25\bin;C:\Users\acer\AppData\Local\Microsoft\WindowsApps;C:\Program Files\Azure Data Studio\bin;E:\Microsoft VS Code\bin;C:\Program Files\JetBrains\IntelliJ IDEA 2024.2\bin;;C:\Program Files\JetBrains\IntelliJ IDEA Community Edition 2024.2.4\bin;;C:\apache-maven-3.9.8\bin;C:\Program Files\JetBrains\WebStorm 2024.2.4\bin;;C:\Users\acer\AppData\Roaming\npm;C:\Users\acer\AppData\Local\Programs\Microsoft VS Code\bin;;C:\Users\acer\.lmstudio\bin;C:\Program Files\JetBrains\PyCharm 2024.3.4\bin;;C:\Users\acer\AppData\Local\Programs\mongosh\;C:\Program Files\JetBrains\IntelliJ IDEA 2025.2.3\bin;C:\Users\acer\.bun\bin;C:\Users\acer\AppData\Local\Programs\Antigravity\bin;., no libtcnative-1 in java.library.path: C:\Users\acer\.jdks\openjdk-22.0.2\bin;C:\WINDOWS\Sun\Java\bin;C:\WINDOWS\system32;C:\WINDOWS;C:\Program Files\Common Files\Oracle\Java\javapath;C:\Program Files\Microsoft MPI\Bin\;C:\Windows\system32;C:\Windows;C:\Windows\System32\Wbem;C:\Windows\System32\WindowsPowerShell\v1.0\;C:\Windows\System32\OpenSSH\;C:\Program Files (x86)\NVIDIA Corporation\PhysX\Common;C:\Program Files\NVIDIA Corporation\NVIDIA NvDLISR;C:\WINDOWS\system32;C:\WINDOWS;C:\WINDOWS\System32\Wbem;C:\WINDOWS\System32\WindowsPowerShell\v1.0\;C:\WINDOWS\System32\OpenSSH\;C:\Program Files\Azure Data Studio\bin;C:\ProgramData\chocolatey\bin;C:\Users\acer\bin;C:\mingw64\bin;C:\Program Files (x86)\Microsoft SQL Server\160\Tools\Binn\;C:\Program Files\Microsoft SQL Server\160\Tools\Binn\;C:\Program Files\Microsoft SQL Server\Client SDK\ODBC\170\Tools\Binn\;C:\Program Files\Microsoft SQL Server\160\DTS\Binn\;C:\apache-maven-3.9.8\bin;C:\Program Files\Docker\Docker\resources\bin;C:\Program Files\nodejs\;C:\Program Files\TortoiseGit\bin;C:\Program Files\PostgreSQL\17\bin;C:\Program Files\PuTTY\;c:\Users\acer\AppData\Local\Programs\cursor\resources\app\bin;D:\HocTap\Git\Git\cmd;C:\Program Files\cursor\resources\app\bin;C:\Program Files\Cloudflare\Cloudflare WARP\;C:\ProgramData\chocolatey\lib\maven\apache-maven-3.9.11\bin;C:\Program Files\apache-maven-3.9.11\bin;C:\Program Files\Java\jdk-25\bin;C:\Users\acer\AppData\Local\Microsoft\WindowsApps;C:\Program Files\Azure Data Studio\bin;E:\Microsoft VS Code\bin;C:\Program Files\JetBrains\IntelliJ IDEA 2024.2\bin;;C:\Program Files\JetBrains\IntelliJ IDEA Community Edition 2024.2.4\bin;;C:\apache-maven-3.9.8\bin;C:\Program Files\JetBrains\WebStorm 2024.2.4\bin;;C:\Users\acer\AppData\Roaming\npm;C:\Users\acer\AppData\Local\Programs\Microsoft VS Code\bin;;C:\Users\acer\.lmstudio\bin;C:\Program Files\JetBrains\PyCharm 2024.3.4\bin;;C:\Users\acer\AppData\Local\Programs\mongosh\;C:\Program Files\JetBrains\IntelliJ IDEA 2025.2.3\bin;C:\Users\acer\.bun\bin;C:\Users\acer\AppData\Local\Programs\Antigravity\bin;.
	at org.apache.tomcat.jni.Library.<init>(Library.java:91)
	at org.apache.tomcat.jni.Library.initialize(Library.java:147)
	at org.apache.catalina.core.AprLifecycleListener.init(AprLifecycleListener.java:211)
	at org.apache.catalina.core.AprLifecycleListener.isAprAvailable(AprLifecycleListener.java:113)
	at org.springframework.boot.web.embedded.tomcat.TomcatServletWebServerFactory.getDefaultServerLifecycleListeners(TomcatServletWebServerFactory.java:191)
	at org.springframework.boot.web.embedded.tomcat.TomcatServletWebServerFactory.<init>(TomcatServletWebServerFactory.java:138)
	at org.springframework.boot.autoconfigure.web.servlet.ServletWebServerFactoryConfiguration$EmbeddedTomcat.tomcatServletWebServerFactory(ServletWebServerFactoryConfiguration.java:73)
	at java.base/jdk.internal.reflect.DirectMethodHandleAccessor.invoke(DirectMethodHandleAccessor.java:103)
	at java.base/java.lang.reflect.Method.invoke(Method.java:580)
	at org.springframework.beans.factory.support.SimpleInstantiationStrategy.lambda$instantiate$0(SimpleInstantiationStrategy.java:171)
	at org.springframework.beans.factory.support.SimpleInstantiationStrategy.instantiateWithFactoryMethod(SimpleInstantiationStrategy.java:88)
	at org.springframework.beans.factory.support.SimpleInstantiationStrategy.instantiate(SimpleInstantiationStrategy.java:168)
	at org.springframework.beans.factory.support.ConstructorResolver.instantiate(ConstructorResolver.java:653)
	at org.springframework.beans.factory.support.ConstructorResolver.instantiateUsingFactoryMethod(ConstructorResolver.java:645)
	at org.springframework.beans.factory.support.AbstractAutowireCapableBeanFactory.instantiateUsingFactoryMethod(AbstractAutowireCapableBeanFactory.java:1357)
	at org.springframework.beans.factory.support.AbstractAutowireCapableBeanFactory.createBeanInstance(AbstractAutowireCapableBeanFactory.java:1187)
	at org.springframework.beans.factory.support.AbstractAutowireCapableBeanFactory.doCreateBean(AbstractAutowireCapableBeanFactory.java:563)
	at org.springframework.beans.factory.support.AbstractAutowireCapableBeanFactory.createBean(AbstractAutowireCapableBeanFactory.java:523)
	at org.springframework.beans.factory.support.AbstractBeanFactory.lambda$doGetBean$0(AbstractBeanFactory.java:336)
	at org.springframework.beans.factory.support.DefaultSingletonBeanRegistry.getSingleton(DefaultSingletonBeanRegistry.java:289)
	at org.springframework.beans.factory.support.AbstractBeanFactory.doGetBean(AbstractBeanFactory.java:334)
	at org.springframework.beans.factory.support.AbstractBeanFactory.getBean(AbstractBeanFactory.java:199)
	at org.springframework.beans.factory.support.DefaultListableBeanFactory.instantiateSingleton(DefaultListableBeanFactory.java:1122)
	at org.springframework.beans.factory.support.DefaultListableBeanFactory.preInstantiateSingleton(DefaultListableBeanFactory.java:1093)
	at org.springframework.beans.factory.support.DefaultListableBeanFactory.preInstantiateSingletons(DefaultListableBeanFactory.java:1030)
	at org.springframework.context.support.AbstractApplicationContext.finishBeanFactoryInitialization(AbstractApplicationContext.java:987)
	at org.springframework.context.support.AbstractApplicationContext.refresh(AbstractApplicationContext.java:627)
	at org.springframework.boot.SpringApplication.refresh(SpringApplication.java:752)
	at org.springframework.boot.SpringApplication.refreshContext(SpringApplication.java:439)
	at org.springframework.boot.SpringApplication.run(SpringApplication.java:318)
	at org.springframework.boot.test.context.SpringBootContextLoader.lambda$loadContext$3(SpringBootContextLoader.java:137)
	at org.springframework.util.function.ThrowingSupplier.get(ThrowingSupplier.java:58)
	at org.springframework.util.function.ThrowingSupplier.get(ThrowingSupplier.java:46)
	at org.springframework.boot.SpringApplication.withHook(SpringApplication.java:1461)
	at org.springframework.boot.test.context.SpringBootContextLoader$ContextLoaderHook.run(SpringBootContextLoader.java:553)
	at org.springframework.boot.test.context.SpringBootContextLoader.loadContext(SpringBootContextLoader.java:137)
	at org.springframework.boot.test.context.SpringBootContextLoader.loadContext(SpringBootContextLoader.java:108)
	at org.springframework.test.context.cache.DefaultCacheAwareContextLoaderDelegate.loadContextInternal(DefaultCacheAwareContextLoaderDelegate.java:225)
	at org.springframework.test.context.cache.DefaultCacheAwareContextLoaderDelegate.loadContext(DefaultCacheAwareContextLoaderDelegate.java:152)
	at org.springframework.test.context.support.DefaultTestContext.getApplicationContext(DefaultTestContext.java:130)
	at org.springframework.test.context.web.ServletTestExecutionListener.setUpRequestContextIfNecessary(ServletTestExecutionListener.java:191)
	at org.springframework.test.context.web.ServletTestExecutionListener.prepareTestInstance(ServletTestExecutionListener.java:130)
	at org.springframework.test.context.TestContextManager.prepareTestInstance(TestContextManager.java:260)
	at org.springframework.test.context.junit.jupiter.SpringExtension.postProcessTestInstance(SpringExtension.java:160)
	at org.junit.jupiter.engine.descriptor.ClassBasedTestDescriptor.lambda$invokeTestInstancePostProcessors$11(ClassBasedTestDescriptor.java:378)
	at org.junit.jupiter.engine.descriptor.ClassBasedTestDescriptor.executeAndMaskThrowable(ClassBasedTestDescriptor.java:383)
	at org.junit.jupiter.engine.descriptor.ClassBasedTestDescriptor.lambda$invokeTestInstancePostProcessors$12(ClassBasedTestDescriptor.java:378)
	at java.base/java.util.stream.ForEachOps$ForEachOp$OfRef.accept(ForEachOps.java:184)
	at java.base/java.util.stream.ReferencePipeline$3$1.accept(ReferencePipeline.java:212)
	at java.base/java.util.stream.ReferencePipeline$2$1.accept(ReferencePipeline.java:194)
	at java.base/java.util.stream.ReferencePipeline$3$1.accept(ReferencePipeline.java:212)
	at java.base/java.util.ArrayList$ArrayListSpliterator.forEachRemaining(ArrayList.java:1709)
	at java.base/java.util.stream.AbstractPipeline.copyInto(AbstractPipeline.java:556)
	at java.base/java.util.stream.AbstractPipeline.wrapAndCopyInto(AbstractPipeline.java:546)
	at java.base/java.util.stream.ForEachOps$ForEachOp.evaluateSequential(ForEachOps.java:151)
	at java.base/java.util.stream.ForEachOps$ForEachOp$OfRef.evaluateSequential(ForEachOps.java:174)
	at java.base/java.util.stream.AbstractPipeline.evaluate(AbstractPipeline.java:265)
	at java.base/java.util.stream.ReferencePipeline.forEach(ReferencePipeline.java:611)
	at org.junit.jupiter.engine.descriptor.ClassBasedTestDescriptor.invokeTestInstancePostProcessors(ClassBasedTestDescriptor.java:377)
	at org.junit.jupiter.engine.descriptor.ClassBasedTestDescriptor.lambda$instantiateAndPostProcessTestInstance$7(ClassBasedTestDescriptor.java:290)
	at org.junit.platform.engine.support.hierarchical.ThrowableCollector.execute(ThrowableCollector.java:73)
	at org.junit.jupiter.engine.descriptor.ClassBasedTestDescriptor.instantiateAndPostProcessTestInstance(ClassBasedTestDescriptor.java:289)
	at org.junit.jupiter.engine.descriptor.ClassBasedTestDescriptor.lambda$testInstancesProvider$5(ClassBasedTestDescriptor.java:279)
	at java.base/java.util.Optional.orElseGet(Optional.java:364)
	at org.junit.jupiter.engine.descriptor.ClassBasedTestDescriptor.lambda$testInstancesProvider$6(ClassBasedTestDescriptor.java:278)
	at org.junit.jupiter.engine.execution.TestInstancesProvider.getTestInstances(TestInstancesProvider.java:31)
	at org.junit.jupiter.engine.descriptor.TestMethodTestDescriptor.lambda$prepare$1(TestMethodTestDescriptor.java:105)
	at org.junit.platform.engine.support.hierarchical.ThrowableCollector.execute(ThrowableCollector.java:73)
	at org.junit.jupiter.engine.descriptor.TestMethodTestDescriptor.prepare(TestMethodTestDescriptor.java:104)
	at org.junit.jupiter.engine.descriptor.TestMethodTestDescriptor.prepare(TestMethodTestDescriptor.java:68)
	at org.junit.platform.engine.support.hierarchical.NodeTestTask.lambda$prepare$2(NodeTestTask.java:128)
	at org.junit.platform.engine.support.hierarchical.ThrowableCollector.execute(ThrowableCollector.java:73)
	at org.junit.platform.engine.support.hierarchical.NodeTestTask.prepare(NodeTestTask.java:128)
	at org.junit.platform.engine.support.hierarchical.NodeTestTask.execute(NodeTestTask.java:95)
	at java.base/java.util.ArrayList.forEach(ArrayList.java:1597)
	at org.junit.platform.engine.support.hierarchical.SameThreadHierarchicalTestExecutorService.invokeAll(SameThreadHierarchicalTestExecutorService.java:41)
	at org.junit.platform.engine.support.hierarchical.NodeTestTask.lambda$executeRecursively$6(NodeTestTask.java:160)
	at org.junit.platform.engine.support.hierarchical.ThrowableCollector.execute(ThrowableCollector.java:73)
	at org.junit.platform.engine.support.hierarchical.NodeTestTask.lambda$executeRecursively$8(NodeTestTask.java:146)
	at org.junit.platform.engine.support.hierarchical.Node.around(Node.java:137)
	at org.junit.platform.engine.support.hierarchical.NodeTestTask.lambda$executeRecursively$9(NodeTestTask.java:144)
	at org.junit.platform.engine.support.hierarchical.ThrowableCollector.execute(ThrowableCollector.java:73)
	at org.junit.platform.engine.support.hierarchical.NodeTestTask.executeRecursively(NodeTestTask.java:143)
	at org.junit.platform.engine.support.hierarchical.NodeTestTask.execute(NodeTestTask.java:100)
	at java.base/java.util.ArrayList.forEach(ArrayList.java:1597)
	at org.junit.platform.engine.support.hierarchical.SameThreadHierarchicalTestExecutorService.invokeAll(SameThreadHierarchicalTestExecutorService.java:41)
	at org.junit.platform.engine.support.hierarchical.NodeTestTask.lambda$executeRecursively$6(NodeTestTask.java:160)
	at org.junit.platform.engine.support.hierarchical.ThrowableCollector.execute(ThrowableCollector.java:73)
	at org.junit.platform.engine.support.hierarchical.NodeTestTask.lambda$executeRecursively$8(NodeTestTask.java:146)
	at org.junit.platform.engine.support.hierarchical.Node.around(Node.java:137)
	at org.junit.platform.engine.support.hierarchical.NodeTestTask.lambda$executeRecursively$9(NodeTestTask.java:144)
	at org.junit.platform.engine.support.hierarchical.ThrowableCollector.execute(ThrowableCollector.java:73)
	at org.junit.platform.engine.support.hierarchical.NodeTestTask.executeRecursively(NodeTestTask.java:143)
	at org.junit.platform.engine.support.hierarchical.NodeTestTask.execute(NodeTestTask.java:100)
	at org.junit.platform.engine.support.hierarchical.SameThreadHierarchicalTestExecutorService.submit(SameThreadHierarchicalTestExecutorService.java:35)
	at org.junit.platform.engine.support.hierarchical.HierarchicalTestExecutor.execute(HierarchicalTestExecutor.java:57)
	at org.junit.platform.engine.support.hierarchical.HierarchicalTestEngine.execute(HierarchicalTestEngine.java:54)
	at org.junit.platform.launcher.core.EngineExecutionOrchestrator.execute(EngineExecutionOrchestrator.java:198)
	at org.junit.platform.launcher.core.EngineExecutionOrchestrator.execute(EngineExecutionOrchestrator.java:169)
	at org.junit.platform.launcher.core.EngineExecutionOrchestrator.execute(EngineExecutionOrchestrator.java:93)
	at org.junit.platform.launcher.core.EngineExecutionOrchestrator.lambda$execute$0(EngineExecutionOrchestrator.java:58)
	at org.junit.platform.launcher.core.EngineExecutionOrchestrator.withInterceptedStreams(EngineExecutionOrchestrator.java:141)
	at org.junit.platform.launcher.core.EngineExecutionOrchestrator.execute(EngineExecutionOrchestrator.java:57)
	at org.junit.platform.launcher.core.DefaultLauncher.execute(DefaultLauncher.java:103)
	at org.junit.platform.launcher.core.DefaultLauncher.execute(DefaultLauncher.java:85)
	at org.junit.platform.launcher.core.DelegatingLauncher.execute(DelegatingLauncher.java:47)
	at org.apache.maven.surefire.junitplatform.LazyLauncher.execute(LazyLauncher.java:56)
	at org.apache.maven.surefire.junitplatform.JUnitPlatformProvider.execute(JUnitPlatformProvider.java:184)
	at org.apache.maven.surefire.junitplatform.JUnitPlatformProvider.invokeAllTests(JUnitPlatformProvider.java:148)
	at org.apache.maven.surefire.junitplatform.JUnitPlatformProvider.invoke(JUnitPlatformProvider.java:122)
	at org.apache.maven.surefire.booter.ForkedBooter.runSuitesInProcess(ForkedBooter.java:385)
	at org.apache.maven.surefire.booter.ForkedBooter.execute(ForkedBooter.java:162)
	at org.apache.maven.surefire.booter.ForkedBooter.run(ForkedBooter.java:507)
	at org.apache.maven.surefire.booter.ForkedBooter.main(ForkedBooter.java:495)
2025-11-25 21:27:08.562 DEBUG --- [           main] o.s.b.f.s.DefaultListableBeanFactory     : Creating shared instance of singleton bean 'servletWebServerFactoryCustomizer'
2025-11-25 21:27:08.562 DEBUG --- [           main] o.s.b.f.s.DefaultListableBeanFactory     : Creating shared instance of singleton bean 'org.springframework.boot.autoconfigure.web.servlet.ServletWebServerFactoryAutoConfiguration'
2025-11-25 21:27:08.563 DEBUG --- [           main] o.s.b.f.s.DefaultListableBeanFactory     : Creating shared instance of singleton bean 'server-org.springframework.boot.autoconfigure.web.ServerProperties'
2025-11-25 21:27:08.579 DEBUG --- [           main] o.s.b.f.s.DefaultListableBeanFactory     : Autowiring by type from bean name 'servletWebServerFactoryCustomizer' via factory method to bean named 'server-org.springframework.boot.autoconfigure.web.ServerProperties'
2025-11-25 21:27:08.583 DEBUG --- [           main] o.s.b.f.s.DefaultListableBeanFactory     : Creating shared instance of singleton bean 'tomcatServletWebServerFactoryCustomizer'
2025-11-25 21:27:08.583 DEBUG --- [           main] o.s.b.f.s.DefaultListableBeanFactory     : Autowiring by type from bean name 'tomcatServletWebServerFactoryCustomizer' via factory method to bean named 'server-org.springframework.boot.autoconfigure.web.ServerProperties'
2025-11-25 21:27:08.583 DEBUG --- [           main] o.s.b.f.s.DefaultListableBeanFactory     : Creating shared instance of singleton bean 'localeCharsetMappingsCustomizer'
2025-11-25 21:27:08.583 DEBUG --- [           main] o.s.b.f.s.DefaultListableBeanFactory     : Creating shared instance of singleton bean 'org.springframework.boot.autoconfigure.web.servlet.HttpEncodingAutoConfiguration'
2025-11-25 21:27:08.583 DEBUG --- [           main] o.s.b.f.s.DefaultListableBeanFactory     : Autowiring by type from bean name 'org.springframework.boot.autoconfigure.web.servlet.HttpEncodingAutoConfiguration' via constructor to bean named 'server-org.springframework.boot.autoconfigure.web.ServerProperties'
2025-11-25 21:27:08.595 DEBUG --- [           main] o.s.b.f.s.DefaultListableBeanFactory     : Creating shared instance of singleton bean 'errorPageCustomizer'
2025-11-25 21:27:08.595 DEBUG --- [           main] o.s.b.f.s.DefaultListableBeanFactory     : Creating shared instance of singleton bean 'org.springframework.boot.autoconfigure.web.servlet.error.ErrorMvcAutoConfiguration'
2025-11-25 21:27:08.596 DEBUG --- [           main] o.s.b.f.s.DefaultListableBeanFactory     : Autowiring by type from bean name 'org.springframework.boot.autoconfigure.web.servlet.error.ErrorMvcAutoConfiguration' via constructor to bean named 'server-org.springframework.boot.autoconfigure.web.ServerProperties'
2025-11-25 21:27:08.597 DEBUG --- [           main] o.s.b.f.s.DefaultListableBeanFactory     : Creating shared instance of singleton bean 'dispatcherServletRegistration'
2025-11-25 21:27:08.597 DEBUG --- [           main] o.s.b.f.s.DefaultListableBeanFactory     : Creating shared instance of singleton bean 'org.springframework.boot.autoconfigure.web.servlet.DispatcherServletAutoConfiguration$DispatcherServletRegistrationConfiguration'
2025-11-25 21:27:08.597 DEBUG --- [           main] o.s.b.f.s.DefaultListableBeanFactory     : Creating shared instance of singleton bean 'dispatcherServlet'
2025-11-25 21:27:08.597 DEBUG --- [           main] o.s.b.f.s.DefaultListableBeanFactory     : Creating shared instance of singleton bean 'org.springframework.boot.autoconfigure.web.servlet.DispatcherServletAutoConfiguration$DispatcherServletConfiguration'
2025-11-25 21:27:08.597 DEBUG --- [           main] o.s.b.f.s.DefaultListableBeanFactory     : Autowiring by type from bean name 'dispatcherServlet' via factory method to bean named 'spring.mvc-org.springframework.boot.autoconfigure.web.servlet.WebMvcProperties'
2025-11-25 21:27:08.608 DEBUG --- [           main] o.s.b.f.s.DefaultListableBeanFactory     : Autowiring by type from bean name 'dispatcherServletRegistration' via factory method to bean named 'dispatcherServlet'
2025-11-25 21:27:08.608 DEBUG --- [           main] o.s.b.f.s.DefaultListableBeanFactory     : Autowiring by type from bean name 'dispatcherServletRegistration' via factory method to bean named 'spring.mvc-org.springframework.boot.autoconfigure.web.servlet.WebMvcProperties'
2025-11-25 21:27:08.609 DEBUG --- [           main] o.s.b.f.s.DefaultListableBeanFactory     : Creating shared instance of singleton bean 'multipartConfigElement'
2025-11-25 21:27:08.609 DEBUG --- [           main] o.s.b.f.s.DefaultListableBeanFactory     : Creating shared instance of singleton bean 'org.springframework.boot.autoconfigure.web.servlet.MultipartAutoConfiguration'
2025-11-25 21:27:08.611 DEBUG --- [           main] o.s.b.f.s.DefaultListableBeanFactory     : Creating shared instance of singleton bean 'spring.servlet.multipart-org.springframework.boot.autoconfigure.web.servlet.MultipartProperties'
2025-11-25 21:27:08.613 DEBUG --- [           main] o.s.b.f.s.DefaultListableBeanFactory     : Autowiring by type from bean name 'org.springframework.boot.autoconfigure.web.servlet.MultipartAutoConfiguration' via constructor to bean named 'spring.servlet.multipart-org.springframework.boot.autoconfigure.web.servlet.MultipartProperties'
2025-11-25 21:27:08.617 DEBUG --- [           main] o.s.b.f.s.DefaultListableBeanFactory     : Autowiring by type from bean name 'errorPageCustomizer' via factory method to bean named 'dispatcherServletRegistration'
2025-11-25 21:27:08.620 DEBUG --- [           main] o.s.b.f.s.DefaultListableBeanFactory     : Creating shared instance of singleton bean 'org.springframework.boot.autoconfigure.web.servlet.DispatcherServletAutoConfiguration'
2025-11-25 21:27:08.620 DEBUG --- [           main] o.s.b.f.s.DefaultListableBeanFactory     : Creating shared instance of singleton bean 'org.springframework.boot.autoconfigure.task.TaskExecutorConfigurations$ThreadPoolTaskExecutorBuilderConfiguration'
2025-11-25 21:27:08.621 DEBUG --- [           main] o.s.b.f.s.DefaultListableBeanFactory     : Creating shared instance of singleton bean 'threadPoolTaskExecutorBuilder'
2025-11-25 21:27:08.622 DEBUG --- [           main] o.s.b.f.s.DefaultListableBeanFactory     : Creating shared instance of singleton bean 'spring.task.execution-org.springframework.boot.autoconfigure.task.TaskExecutionProperties'
2025-11-25 21:27:08.624 DEBUG --- [           main] o.s.b.f.s.DefaultListableBeanFactory     : Autowiring by type from bean name 'threadPoolTaskExecutorBuilder' via factory method to bean named 'spring.task.execution-org.springframework.boot.autoconfigure.task.TaskExecutionProperties'
2025-11-25 21:27:08.626 DEBUG --- [           main] o.s.b.f.s.DefaultListableBeanFactory     : Creating shared instance of singleton bean 'org.springframework.boot.autoconfigure.task.TaskExecutorConfigurations$SimpleAsyncTaskExecutorBuilderConfiguration'
2025-11-25 21:27:08.627 DEBUG --- [           main] o.s.b.f.s.DefaultListableBeanFactory     : Autowiring by type from bean name 'org.springframework.boot.autoconfigure.task.TaskExecutorConfigurations$SimpleAsyncTaskExecutorBuilderConfiguration' via constructor to bean named 'spring.task.execution-org.springframework.boot.autoconfigure.task.TaskExecutionProperties'
2025-11-25 21:27:08.627 DEBUG --- [           main] o.s.b.f.s.DefaultListableBeanFactory     : Creating shared instance of singleton bean 'simpleAsyncTaskExecutorBuilder'
2025-11-25 21:27:08.628 DEBUG --- [           main] o.s.b.f.s.DefaultListableBeanFactory     : Creating shared instance of singleton bean 'org.springframework.boot.autoconfigure.task.TaskExecutorConfigurations$TaskExecutorConfiguration'
2025-11-25 21:27:08.629 DEBUG --- [           main] o.s.b.f.s.DefaultListableBeanFactory     : Creating shared instance of singleton bean 'org.springframework.boot.autoconfigure.task.TaskExecutionAutoConfiguration'
2025-11-25 21:27:08.629 DEBUG --- [           main] o.s.b.f.s.DefaultListableBeanFactory     : Creating shared instance of singleton bean 'org.springframework.boot.autoconfigure.validation.ValidationAutoConfiguration'
2025-11-25 21:27:08.630 DEBUG --- [           main] o.s.b.f.s.DefaultListableBeanFactory     : Creating shared instance of singleton bean 'defaultValidator'
2025-11-25 21:27:08.630 DEBUG --- [           main] o.s.b.f.s.DefaultListableBeanFactory     : Autowiring by type from bean name 'defaultValidator' via factory method to bean named 'org.springframework.web.context.support.GenericWebApplicationContext@743c6ce4'
2025-11-25 21:27:08.640 DEBUG --- [           main] o.s.b.f.s.DefaultListableBeanFactory     : Creating shared instance of singleton bean 'org.springframework.boot.autoconfigure.web.servlet.error.ErrorMvcAutoConfiguration$WhitelabelErrorViewConfiguration'
2025-11-25 21:27:08.641 DEBUG --- [           main] o.s.b.f.s.DefaultListableBeanFactory     : Creating shared instance of singleton bean 'error'
2025-11-25 21:27:08.642 DEBUG --- [           main] o.s.b.f.s.DefaultListableBeanFactory     : Creating shared instance of singleton bean 'beanNameViewResolver'
2025-11-25 21:27:08.643 DEBUG --- [           main] o.s.b.f.s.DefaultListableBeanFactory     : Creating shared instance of singleton bean 'org.springframework.boot.autoconfigure.web.servlet.error.ErrorMvcAutoConfiguration$DefaultErrorViewResolverConfiguration'
2025-11-25 21:27:08.643 DEBUG --- [           main] o.s.b.f.s.DefaultListableBeanFactory     : Autowiring by type from bean name 'org.springframework.boot.autoconfigure.web.servlet.error.ErrorMvcAutoConfiguration$DefaultErrorViewResolverConfiguration' via constructor to bean named 'org.springframework.web.context.support.GenericWebApplicationContext@743c6ce4'
2025-11-25 21:27:08.643 DEBUG --- [           main] o.s.b.f.s.DefaultListableBeanFactory     : Autowiring by type from bean name 'org.springframework.boot.autoconfigure.web.servlet.error.ErrorMvcAutoConfiguration$DefaultErrorViewResolverConfiguration' via constructor to bean named 'spring.web-org.springframework.boot.autoconfigure.web.WebProperties'
2025-11-25 21:27:08.643 DEBUG --- [           main] o.s.b.f.s.DefaultListableBeanFactory     : Creating shared instance of singleton bean 'conventionErrorViewResolver'
2025-11-25 21:27:08.644 DEBUG --- [           main] o.s.b.f.s.DefaultListableBeanFactory     : Creating shared instance of singleton bean 'errorAttributes'
2025-11-25 21:27:08.646 DEBUG --- [           main] o.s.b.f.s.DefaultListableBeanFactory     : Creating shared instance of singleton bean 'basicErrorController'
2025-11-25 21:27:08.647 DEBUG --- [           main] o.s.b.f.s.DefaultListableBeanFactory     : Autowiring by type from bean name 'basicErrorController' via factory method to bean named 'errorAttributes'
2025-11-25 21:27:08.649 DEBUG --- [           main] o.s.b.f.s.DefaultListableBeanFactory     : Creating shared instance of singleton bean 'localeResolver'
2025-11-25 21:27:08.651 DEBUG --- [           main] o.s.b.f.s.DefaultListableBeanFactory     : Creating shared instance of singleton bean 'themeResolver'
2025-11-25 21:27:08.653 DEBUG --- [           main] o.s.b.f.s.DefaultListableBeanFactory     : Creating shared instance of singleton bean 'flashMapManager'
2025-11-25 21:27:08.656 DEBUG --- [           main] o.s.b.f.s.DefaultListableBeanFactory     : Creating shared instance of singleton bean 'viewNameTranslator'
2025-11-25 21:27:08.657 DEBUG --- [           main] o.s.b.f.s.DefaultListableBeanFactory     : Creating shared instance of singleton bean 'mvcValidator'
2025-11-25 21:27:08.660 DEBUG --- [           main] o.s.b.f.s.DefaultListableBeanFactory     : Creating shared instance of singleton bean 'mvcPatternParser'
2025-11-25 21:27:08.660 DEBUG --- [           main] o.s.b.f.s.DefaultListableBeanFactory     : Creating shared instance of singleton bean 'mvcUrlPathHelper'
2025-11-25 21:27:08.661 DEBUG --- [           main] o.s.b.f.s.DefaultListableBeanFactory     : Creating shared instance of singleton bean 'mvcPathMatcher'
2025-11-25 21:27:08.663 DEBUG --- [           main] o.s.b.f.s.DefaultListableBeanFactory     : Creating shared instance of singleton bean 'requestMappingHandlerAdapter'
2025-11-25 21:27:08.664 DEBUG --- [           main] o.s.b.f.s.DefaultListableBeanFactory     : Autowiring by type from bean name 'requestMappingHandlerAdapter' via factory method to bean named 'mvcContentNegotiationManager'
2025-11-25 21:27:08.664 DEBUG --- [           main] o.s.b.f.s.DefaultListableBeanFactory     : Autowiring by type from bean name 'requestMappingHandlerAdapter' via factory method to bean named 'mvcConversionService'
2025-11-25 21:27:08.664 DEBUG --- [           main] o.s.b.f.s.DefaultListableBeanFactory     : Autowiring by type from bean name 'requestMappingHandlerAdapter' via factory method to bean named 'mvcValidator'
2025-11-25 21:27:08.680 DEBUG --- [           main] o.s.b.f.s.DefaultListableBeanFactory     : Creating shared instance of singleton bean 'sortResolver'
2025-11-25 21:27:08.682 DEBUG --- [           main] o.s.b.f.s.DefaultListableBeanFactory     : Creating shared instance of singleton bean 'sortCustomizer'
2025-11-25 21:27:08.682 DEBUG --- [           main] o.s.b.f.s.DefaultListableBeanFactory     : Creating shared instance of singleton bean 'org.springframework.boot.autoconfigure.data.web.SpringDataWebAutoConfiguration'
2025-11-25 21:27:08.682 DEBUG --- [           main] o.s.b.f.s.DefaultListableBeanFactory     : Autowiring by type from bean name 'org.springframework.boot.autoconfigure.data.web.SpringDataWebAutoConfiguration' via constructor to bean named 'spring.data.web-org.springframework.boot.autoconfigure.data.web.SpringDataWebProperties'
2025-11-25 21:27:08.685 DEBUG --- [           main] o.s.b.f.s.DefaultListableBeanFactory     : Creating shared instance of singleton bean 'pageableResolver'
2025-11-25 21:27:08.687 DEBUG --- [           main] o.s.b.f.s.DefaultListableBeanFactory     : Creating shared instance of singleton bean 'pageableCustomizer'
2025-11-25 21:27:08.692 DEBUG --- [           main] o.s.b.f.s.DefaultListableBeanFactory     : Creating shared instance of singleton bean 'applicationTaskExecutor'
2025-11-25 21:27:08.692 DEBUG --- [           main] o.s.b.f.s.DefaultListableBeanFactory     : Autowiring by type from bean name 'applicationTaskExecutor' via factory method to bean named 'threadPoolTaskExecutorBuilder'
2025-11-25 21:27:08.699 DEBUG --- [           main] o.s.s.concurrent.ThreadPoolTaskExecutor  : Initializing ExecutorService 'applicationTaskExecutor'
2025-11-25 21:27:08.712 DEBUG --- [           main] o.s.b.f.s.DefaultListableBeanFactory     : Creating shared instance of singleton bean 'org.springdoc.core.configuration.SpringDocConfiguration$OpenApiResourceAdvice'
2025-11-25 21:27:08.715 DEBUG --- [           main] o.s.b.f.s.DefaultListableBeanFactory     : Autowiring by type from bean name 'org.springdoc.core.configuration.SpringDocConfiguration$OpenApiResourceAdvice' via constructor to bean named 'org.springdoc.core.configuration.SpringDocConfiguration'
2025-11-25 21:27:08.722 DEBUG --- [           main] s.w.s.m.m.a.RequestMappingHandlerAdapter : ControllerAdvice beans: 0 @ModelAttribute, 0 @InitBinder, 1 RequestBodyAdvice, 1 ResponseBodyAdvice
2025-11-25 21:27:08.755 DEBUG --- [           main] o.s.b.f.s.DefaultListableBeanFactory     : Creating shared instance of singleton bean 'mvcViewResolver'
2025-11-25 21:27:08.756 DEBUG --- [           main] o.s.b.f.s.DefaultListableBeanFactory     : Autowiring by type from bean name 'mvcViewResolver' via factory method to bean named 'mvcContentNegotiationManager'
2025-11-25 21:27:08.760 DEBUG --- [           main] o.s.b.f.s.DefaultListableBeanFactory     : Creating shared instance of singleton bean 'defaultViewResolver'
2025-11-25 21:27:08.766 DEBUG --- [           main] o.s.b.f.s.DefaultListableBeanFactory     : Creating shared instance of singleton bean 'viewResolver'
2025-11-25 21:27:08.767 DEBUG --- [           main] o.s.b.f.s.DefaultListableBeanFactory     : Autowiring by type from bean name 'viewResolver' via factory method to bean named 'org.springframework.beans.factory.support.DefaultListableBeanFactory@12d1f1d4'
2025-11-25 21:27:08.768 DEBUG --- [           main] o.s.b.f.s.DefaultListableBeanFactory     : Creating shared instance of singleton bean 'viewResolver'
2025-11-25 21:27:08.779 DEBUG --- [           main] o.s.b.f.s.DefaultListableBeanFactory     : Creating shared instance of singleton bean 'handlerFunctionAdapter'
2025-11-25 21:27:08.781 DEBUG --- [           main] o.s.b.f.s.DefaultListableBeanFactory     : Creating shared instance of singleton bean 'mvcUriComponentsContributor'
2025-11-25 21:27:08.782 DEBUG --- [           main] o.s.b.f.s.DefaultListableBeanFactory     : Autowiring by type from bean name 'mvcUriComponentsContributor' via factory method to bean named 'mvcConversionService'
2025-11-25 21:27:08.782 DEBUG --- [           main] o.s.b.f.s.DefaultListableBeanFactory     : Autowiring by type from bean name 'mvcUriComponentsContributor' via factory method to bean named 'requestMappingHandlerAdapter'
2025-11-25 21:27:08.783 DEBUG --- [           main] o.s.b.f.s.DefaultListableBeanFactory     : Creating shared instance of singleton bean 'httpRequestHandlerAdapter'
2025-11-25 21:27:08.783 DEBUG --- [           main] o.s.b.f.s.DefaultListableBeanFactory     : Creating shared instance of singleton bean 'simpleControllerHandlerAdapter'
2025-11-25 21:27:08.783 DEBUG --- [           main] o.s.b.f.s.DefaultListableBeanFactory     : Creating shared instance of singleton bean 'handlerExceptionResolver'
2025-11-25 21:27:08.783 DEBUG --- [           main] o.s.b.f.s.DefaultListableBeanFactory     : Autowiring by type from bean name 'handlerExceptionResolver' via factory method to bean named 'mvcContentNegotiationManager'
2025-11-25 21:27:08.790 DEBUG --- [           main] .m.m.a.ExceptionHandlerExceptionResolver : ControllerAdvice beans: 2 @ExceptionHandler, 1 ResponseBodyAdvice
2025-11-25 21:27:08.793 DEBUG --- [           main] o.s.b.f.s.DefaultListableBeanFactory     : Creating shared instance of singleton bean 'requestContextFilter'
2025-11-25 21:27:08.795 DEBUG --- [           main] o.s.b.f.s.DefaultListableBeanFactory     : Creating shared instance of singleton bean 'org.springframework.boot.autoconfigure.web.servlet.WebMvcAutoConfiguration'
2025-11-25 21:27:08.795 DEBUG --- [           main] o.s.b.f.s.DefaultListableBeanFactory     : Creating shared instance of singleton bean 'formContentFilter'
2025-11-25 21:27:08.799 DEBUG --- [           main] o.s.b.f.s.DefaultListableBeanFactory     : Creating shared instance of singleton bean 'org.springdoc.core.configuration.SpringDocConfiguration$QuerydslProvider'
2025-11-25 21:27:08.799 DEBUG --- [           main] o.s.b.f.s.DefaultListableBeanFactory     : Creating shared instance of singleton bean 'queryDslQuerydslPredicateOperationCustomizer'
2025-11-25 21:27:08.800 DEBUG --- [           main] o.s.b.f.s.DefaultListableBeanFactory     : Autowiring by type from bean name 'queryDslQuerydslPredicateOperationCustomizer' via factory method to bean named 'org.springdoc.core.properties.SpringDocConfigProperties'
2025-11-25 21:27:08.800 DEBUG --- [           main] o.s.b.f.s.DefaultListableBeanFactory     : Creating shared instance of singleton bean 'org.springdoc.core.configuration.SpringDocConfiguration$SpringDocWebFluxSupportConfiguration'
2025-11-25 21:27:08.800 DEBUG --- [           main] o.s.b.f.s.DefaultListableBeanFactory     : Creating shared instance of singleton bean 'webFluxSupportConverter'
2025-11-25 21:27:08.800 DEBUG --- [           main] o.s.b.f.s.DefaultListableBeanFactory     : Autowiring by type from bean name 'webFluxSupportConverter' via factory method to bean named 'springdocObjectMapperProvider'
2025-11-25 21:27:08.802 DEBUG --- [           main] o.s.b.f.s.DefaultListableBeanFactory     : Creating shared instance of singleton bean 'org.springdoc.core.configuration.SpringDocConfiguration$SpringDocSpringDataWebPropertiesProvider'
2025-11-25 21:27:08.802 DEBUG --- [           main] o.s.b.f.s.DefaultListableBeanFactory     : Creating shared instance of singleton bean 'springDataWebPropertiesProvider'
2025-11-25 21:27:08.803 DEBUG --- [           main] o.s.b.f.s.DefaultListableBeanFactory     : Creating shared instance of singleton bean 'org.springdoc.core.configuration.SpringDocConfiguration$WebConversionServiceConfiguration'
2025-11-25 21:27:08.803 DEBUG --- [           main] o.s.b.f.s.DefaultListableBeanFactory     : Creating shared instance of singleton bean 'webConversionServiceProvider'
2025-11-25 21:27:08.803 DEBUG --- [           main] o.s.b.f.s.DefaultListableBeanFactory     : Creating shared instance of singleton bean 'localSpringDocParameterNameDiscoverer'
2025-11-25 21:27:08.805 DEBUG --- [           main] o.s.b.f.s.DefaultListableBeanFactory     : Creating shared instance of singleton bean 'additionalModelsConverter'
2025-11-25 21:27:08.805 DEBUG --- [           main] o.s.b.f.s.DefaultListableBeanFactory     : Autowiring by type from bean name 'additionalModelsConverter' via factory method to bean named 'springdocObjectMapperProvider'
2025-11-25 21:27:08.806 DEBUG --- [           main] o.s.b.f.s.DefaultListableBeanFactory     : Creating shared instance of singleton bean 'fileSupportConverter'
2025-11-25 21:27:08.806 DEBUG --- [           main] o.s.b.f.s.DefaultListableBeanFactory     : Autowiring by type from bean name 'fileSupportConverter' via factory method to bean named 'springdocObjectMapperProvider'
2025-11-25 21:27:08.806 DEBUG --- [           main] o.s.b.f.s.DefaultListableBeanFactory     : Creating shared instance of singleton bean 'responseSupportConverter'
2025-11-25 21:27:08.807 DEBUG --- [           main] o.s.b.f.s.DefaultListableBeanFactory     : Autowiring by type from bean name 'responseSupportConverter' via factory method to bean named 'springdocObjectMapperProvider'
2025-11-25 21:27:08.807 DEBUG --- [           main] o.s.b.f.s.DefaultListableBeanFactory     : Creating shared instance of singleton bean 'schemaPropertyDeprecatingConverter'
2025-11-25 21:27:08.807 DEBUG --- [           main] o.s.b.f.s.DefaultListableBeanFactory     : Creating shared instance of singleton bean 'polymorphicModelConverter'
2025-11-25 21:27:08.807 DEBUG --- [           main] o.s.b.f.s.DefaultListableBeanFactory     : Autowiring by type from bean name 'polymorphicModelConverter' via factory method to bean named 'springdocObjectMapperProvider'
2025-11-25 21:27:08.808 DEBUG --- [           main] o.s.b.f.s.DefaultListableBeanFactory     : Creating shared instance of singleton bean 'openAPIBuilder'
2025-11-25 21:27:08.809 DEBUG --- [           main] o.s.b.f.s.DefaultListableBeanFactory     : Creating shared instance of singleton bean 'securityParser'
2025-11-25 21:27:08.809 DEBUG --- [           main] o.s.b.f.s.DefaultListableBeanFactory     : Creating shared instance of singleton bean 'propertyResolverUtils'
2025-11-25 21:27:08.810 DEBUG --- [           main] o.s.b.f.s.DefaultListableBeanFactory     : Autowiring by type from bean name 'propertyResolverUtils' via factory method to bean named 'org.springframework.beans.factory.support.DefaultListableBeanFactory@12d1f1d4'
2025-11-25 21:27:08.810 DEBUG --- [           main] o.s.b.f.s.DefaultListableBeanFactory     : Autowiring by type from bean name 'propertyResolverUtils' via factory method to bean named 'messageSource'
2025-11-25 21:27:08.810 DEBUG --- [           main] o.s.b.f.s.DefaultListableBeanFactory     : Autowiring by type from bean name 'propertyResolverUtils' via factory method to bean named 'org.springdoc.core.properties.SpringDocConfigProperties'
2025-11-25 21:27:08.811 DEBUG --- [           main] o.s.b.f.s.DefaultListableBeanFactory     : Autowiring by type from bean name 'securityParser' via factory method to bean named 'propertyResolverUtils'
2025-11-25 21:27:08.815 DEBUG --- [           main] o.s.b.f.s.DefaultListableBeanFactory     : Autowiring by type from bean name 'openAPIBuilder' via factory method to bean named 'securityParser'
2025-11-25 21:27:08.815 DEBUG --- [           main] o.s.b.f.s.DefaultListableBeanFactory     : Autowiring by type from bean name 'openAPIBuilder' via factory method to bean named 'org.springdoc.core.properties.SpringDocConfigProperties'
2025-11-25 21:27:08.815 DEBUG --- [           main] o.s.b.f.s.DefaultListableBeanFactory     : Autowiring by type from bean name 'openAPIBuilder' via factory method to bean named 'propertyResolverUtils'
2025-11-25 21:27:08.819 DEBUG --- [           main] o.s.b.f.s.DefaultListableBeanFactory     : Creating shared instance of singleton bean 'modelConverterRegistrar'
2025-11-25 21:27:08.820 DEBUG --- [           main] o.s.b.f.s.DefaultListableBeanFactory     : Creating shared instance of singleton bean 'oas31ModelConverter'
2025-11-25 21:27:08.820 DEBUG --- [           main] o.s.b.f.s.DefaultListableBeanFactory     : Autowiring by type from bean name 'oas31ModelConverter' via factory method to bean named 'org.springdoc.core.properties.SpringDocConfigProperties'
2025-11-25 21:27:08.820 DEBUG --- [           main] o.s.b.f.s.DefaultListableBeanFactory     : Creating shared instance of singleton bean 'pageableOpenAPIConverter'
2025-11-25 21:27:08.820 DEBUG --- [           main] o.s.b.f.s.DefaultListableBeanFactory     : Creating shared instance of singleton bean 'org.springdoc.core.configuration.SpringDocPageableConfiguration'
2025-11-25 21:27:08.820 DEBUG --- [           main] o.s.b.f.s.DefaultListableBeanFactory     : Autowiring by type from bean name 'pageableOpenAPIConverter' via factory method to bean named 'springdocObjectMapperProvider'
2025-11-25 21:27:08.822 DEBUG --- [           main] o.s.b.f.s.DefaultListableBeanFactory     : Creating shared instance of singleton bean 'pageOpenAPIConverter'
2025-11-25 21:27:08.823 DEBUG --- [           main] o.s.b.f.s.DefaultListableBeanFactory     : Creating shared instance of singleton bean 'springDataWebSettings'
2025-11-25 21:27:08.824 DEBUG --- [           main] o.s.b.f.s.DefaultListableBeanFactory     : Autowiring by type from bean name 'pageOpenAPIConverter' via factory method to bean named 'springdocObjectMapperProvider'
2025-11-25 21:27:08.825 DEBUG --- [           main] o.s.b.f.s.DefaultListableBeanFactory     : Creating shared instance of singleton bean 'sortOpenAPIConverter'
2025-11-25 21:27:08.825 DEBUG --- [           main] o.s.b.f.s.DefaultListableBeanFactory     : Creating shared instance of singleton bean 'org.springdoc.core.configuration.SpringDocSortConfiguration'
2025-11-25 21:27:08.825 DEBUG --- [           main] o.s.b.f.s.DefaultListableBeanFactory     : Autowiring by type from bean name 'sortOpenAPIConverter' via factory method to bean named 'springdocObjectMapperProvider'
2025-11-25 21:27:08.827 DEBUG --- [           main] o.s.b.f.s.DefaultListableBeanFactory     : Autowiring by type from bean name 'modelConverterRegistrar' via factory method to bean named 'org.springdoc.core.properties.SpringDocConfigProperties'
2025-11-25 21:27:08.840 DEBUG --- [           main] o.s.b.f.s.DefaultListableBeanFactory     : Creating shared instance of singleton bean 'operationBuilder'
2025-11-25 21:27:08.840 DEBUG --- [           main] o.s.b.f.s.DefaultListableBeanFactory     : Creating shared instance of singleton bean 'parameterBuilder'
2025-11-25 21:27:08.841 DEBUG --- [           main] o.s.b.f.s.DefaultListableBeanFactory     : Creating shared instance of singleton bean 'parameterObjectNamingStrategyCustomizer'
2025-11-25 21:27:08.841 DEBUG --- [           main] o.s.b.f.s.DefaultListableBeanFactory     : Creating shared instance of singleton bean 'dataRestDelegatingMethodParameterCustomizer'
2025-11-25 21:27:08.844 DEBUG --- [           main] o.s.b.f.s.DefaultListableBeanFactory     : Autowiring by type from bean name 'parameterBuilder' via factory method to bean named 'propertyResolverUtils'
2025-11-25 21:27:08.844 DEBUG --- [           main] o.s.b.f.s.DefaultListableBeanFactory     : Autowiring by type from bean name 'parameterBuilder' via factory method to bean named 'springdocObjectMapperProvider'
2025-11-25 21:27:08.849 DEBUG --- [           main] o.s.b.f.s.DefaultListableBeanFactory     : Creating shared instance of singleton bean 'requestBodyBuilder'
2025-11-25 21:27:08.849 DEBUG --- [           main] o.s.b.f.s.DefaultListableBeanFactory     : Autowiring by type from bean name 'requestBodyBuilder' via factory method to bean named 'parameterBuilder'
2025-11-25 21:27:08.849 DEBUG --- [           main] o.s.b.f.s.DefaultListableBeanFactory     : Autowiring by type from bean name 'requestBodyBuilder' via factory method to bean named 'propertyResolverUtils'
2025-11-25 21:27:08.851 DEBUG --- [           main] o.s.b.f.s.DefaultListableBeanFactory     : Autowiring by type from bean name 'operationBuilder' via factory method to bean named 'parameterBuilder'
2025-11-25 21:27:08.851 DEBUG --- [           main] o.s.b.f.s.DefaultListableBeanFactory     : Autowiring by type from bean name 'operationBuilder' via factory method to bean named 'requestBodyBuilder'
2025-11-25 21:27:08.851 DEBUG --- [           main] o.s.b.f.s.DefaultListableBeanFactory     : Autowiring by type from bean name 'operationBuilder' via factory method to bean named 'securityParser'
2025-11-25 21:27:08.851 DEBUG --- [           main] o.s.b.f.s.DefaultListableBeanFactory     : Autowiring by type from bean name 'operationBuilder' via factory method to bean named 'propertyResolverUtils'
2025-11-25 21:27:08.852 DEBUG --- [           main] o.s.b.f.s.DefaultListableBeanFactory     : Creating shared instance of singleton bean 'springDocProviders'
2025-11-25 21:27:08.853 DEBUG --- [           main] o.s.b.f.s.DefaultListableBeanFactory     : Creating shared instance of singleton bean 'routerFunctionProvider'
2025-11-25 21:27:08.854 DEBUG --- [           main] o.s.b.f.s.DefaultListableBeanFactory     : Creating shared instance of singleton bean 'org.springdoc.webmvc.core.configuration.SpringDocWebMvcConfiguration$SpringDocWebMvcRouterConfiguration'
2025-11-25 21:27:08.855 DEBUG --- [           main] o.s.b.f.s.DefaultListableBeanFactory     : Autowiring by type from bean name 'springDocProviders' via factory method to bean named 'springdocObjectMapperProvider'
2025-11-25 21:27:08.858 DEBUG --- [           main] o.s.b.f.s.DefaultListableBeanFactory     : Creating shared instance of singleton bean 'springDocCustomizers'
2025-11-25 21:27:08.860 DEBUG --- [           main] o.s.b.f.s.DefaultListableBeanFactory     : Creating shared instance of singleton bean 'globalOpenApiCustomizer'
2025-11-25 21:27:08.866 DEBUG --- [           main] o.s.b.f.s.DefaultListableBeanFactory     : Creating shared instance of singleton bean 'org.springdoc.core.configuration.SpringDocSecurityConfiguration$SpringDocSecurityOAuth2ClientConfiguration'
2025-11-25 21:27:08.866 DEBUG --- [           main] o.s.b.f.s.DefaultListableBeanFactory     : Creating shared instance of singleton bean 'org.springdoc.core.configuration.SpringDocSecurityConfiguration'
2025-11-25 21:27:08.875 DEBUG --- [           main] o.s.b.f.s.DefaultListableBeanFactory     : Autowiring by type from bean name 'org.springdoc.core.configuration.SpringDocSecurityConfiguration$SpringDocSecurityOAuth2ClientConfiguration' via constructor to bean named 'org.springdoc.core.configuration.SpringDocSecurityConfiguration'
2025-11-25 21:27:08.876 DEBUG --- [           main] o.s.b.f.s.DefaultListableBeanFactory     : Creating shared instance of singleton bean 'org.springdoc.core.configuration.SpringDocSecurityConfiguration$SpringSecurityLoginEndpointConfiguration'
2025-11-25 21:27:08.876 DEBUG --- [           main] o.s.b.f.s.DefaultListableBeanFactory     : Autowiring by type from bean name 'org.springdoc.core.configuration.SpringDocSecurityConfiguration$SpringSecurityLoginEndpointConfiguration' via constructor to bean named 'org.springdoc.core.configuration.SpringDocSecurityConfiguration'
2025-11-25 21:27:08.876 DEBUG --- [           main] o.s.b.f.s.DefaultListableBeanFactory     : Creating shared instance of singleton bean 'openApiResource'
2025-11-25 21:27:08.876 DEBUG --- [           main] o.s.b.f.s.DefaultListableBeanFactory     : Creating shared instance of singleton bean 'requestBuilder'
2025-11-25 21:27:08.877 DEBUG --- [           main] o.s.b.f.s.DefaultListableBeanFactory     : Autowiring by type from bean name 'requestBuilder' via factory method to bean named 'parameterBuilder'
2025-11-25 21:27:08.877 DEBUG --- [           main] o.s.b.f.s.DefaultListableBeanFactory     : Autowiring by type from bean name 'requestBuilder' via factory method to bean named 'requestBodyBuilder'
2025-11-25 21:27:08.877 DEBUG --- [           main] o.s.b.f.s.DefaultListableBeanFactory     : Autowiring by type from bean name 'requestBuilder' via factory method to bean named 'localSpringDocParameterNameDiscoverer'
2025-11-25 21:27:08.880 DEBUG --- [           main] o.s.b.f.s.DefaultListableBeanFactory     : Creating shared instance of singleton bean 'responseBuilder'
2025-11-25 21:27:08.880 DEBUG --- [           main] o.s.b.f.s.DefaultListableBeanFactory     : Autowiring by type from bean name 'responseBuilder' via factory method to bean named 'operationBuilder'
2025-11-25 21:27:08.880 DEBUG --- [           main] o.s.b.f.s.DefaultListableBeanFactory     : Autowiring by type from bean name 'responseBuilder' via factory method to bean named 'org.springdoc.core.properties.SpringDocConfigProperties'
2025-11-25 21:27:08.880 DEBUG --- [           main] o.s.b.f.s.DefaultListableBeanFactory     : Autowiring by type from bean name 'responseBuilder' via factory method to bean named 'propertyResolverUtils'
2025-11-25 21:27:08.884 DEBUG --- [           main] o.s.b.f.s.DefaultListableBeanFactory     : Autowiring by type from bean name 'openApiResource' via factory method to bean named 'requestBuilder'
2025-11-25 21:27:08.884 DEBUG --- [           main] o.s.b.f.s.DefaultListableBeanFactory     : Autowiring by type from bean name 'openApiResource' via factory method to bean named 'responseBuilder'
2025-11-25 21:27:08.884 DEBUG --- [           main] o.s.b.f.s.DefaultListableBeanFactory     : Autowiring by type from bean name 'openApiResource' via factory method to bean named 'operationBuilder'
2025-11-25 21:27:08.884 DEBUG --- [           main] o.s.b.f.s.DefaultListableBeanFactory     : Autowiring by type from bean name 'openApiResource' via factory method to bean named 'org.springdoc.core.properties.SpringDocConfigProperties'
2025-11-25 21:27:08.884 DEBUG --- [           main] o.s.b.f.s.DefaultListableBeanFactory     : Autowiring by type from bean name 'openApiResource' via factory method to bean named 'springDocProviders'
2025-11-25 21:27:08.884 DEBUG --- [           main] o.s.b.f.s.DefaultListableBeanFactory     : Autowiring by type from bean name 'openApiResource' via factory method to bean named 'springDocCustomizers'
2025-11-25 21:27:08.887 DEBUG --- [           main] o.s.b.f.s.DefaultListableBeanFactory     : Creating shared instance of singleton bean 'swaggerConfigResource'
2025-11-25 21:27:08.887 DEBUG --- [           main] o.s.b.f.s.DefaultListableBeanFactory     : Autowiring by type from bean name 'swaggerConfigResource' via factory method to bean named 'swaggerWelcome'
2025-11-25 21:27:08.887 DEBUG --- [           main] o.s.b.f.s.DefaultListableBeanFactory     : Creating shared instance of singleton bean 'org.springframework.boot.autoconfigure.aop.AopAutoConfiguration$AspectJAutoProxyingConfiguration$CglibAutoProxyConfiguration'
2025-11-25 21:27:08.887 DEBUG --- [           main] o.s.b.f.s.DefaultListableBeanFactory     : Creating shared instance of singleton bean 'org.springframework.boot.autoconfigure.aop.AopAutoConfiguration$AspectJAutoProxyingConfiguration'
2025-11-25 21:27:08.888 DEBUG --- [           main] o.s.b.f.s.DefaultListableBeanFactory     : Creating shared instance of singleton bean 'org.springframework.boot.autoconfigure.aop.AopAutoConfiguration'
2025-11-25 21:27:08.888 DEBUG --- [           main] o.s.b.f.s.DefaultListableBeanFactory     : Creating shared instance of singleton bean 'org.springframework.boot.autoconfigure.availability.ApplicationAvailabilityAutoConfiguration'
2025-11-25 21:27:08.888 DEBUG --- [           main] o.s.b.f.s.DefaultListableBeanFactory     : Creating shared instance of singleton bean 'applicationAvailability'
2025-11-25 21:27:08.889 DEBUG --- [           main] o.s.b.f.s.DefaultListableBeanFactory     : Creating shared instance of singleton bean 'org.springframework.boot.autoconfigure.data.redis.LettuceConnectionConfiguration'
2025-11-25 21:27:08.891 DEBUG --- [           main] o.s.b.f.s.DefaultListableBeanFactory     : Creating shared instance of singleton bean 'spring.data.redis-org.springframework.boot.autoconfigure.data.redis.RedisProperties'
2025-11-25 21:27:08.892 DEBUG --- [           main] ySourcesPropertyResolver$DefaultResolver : Found key 'REDIS_CONTAINER' in PropertySource 'Config resource 'file [..\.env]' via location 'optional:file:../.env[.properties]'' with value of type String
2025-11-25 21:27:08.894 DEBUG --- [           main] ySourcesPropertyResolver$DefaultResolver : Found key 'REDIS_PASSWORD' in PropertySource 'Config resource 'file [..\.env]' via location 'optional:file:../.env[.properties]'' with value of type String
2025-11-25 21:27:08.894 DEBUG --- [           main] ySourcesPropertyResolver$DefaultResolver : Found key 'REDIS_PORT' in PropertySource 'Config resource 'file [..\.env]' via location 'optional:file:../.env[.properties]'' with value of type String
2025-11-25 21:27:08.895 DEBUG --- [           main] o.s.b.f.s.DefaultListableBeanFactory     : Creating shared instance of singleton bean 'redisConnectionDetails'
2025-11-25 21:27:08.896 DEBUG --- [           main] o.s.b.f.s.DefaultListableBeanFactory     : Autowiring by type from bean name 'redisConnectionDetails' via factory method to bean named 'spring.data.redis-org.springframework.boot.autoconfigure.data.redis.RedisProperties'
2025-11-25 21:27:08.896 DEBUG --- [           main] o.s.b.f.s.DefaultListableBeanFactory     : Autowiring by type from bean name 'org.springframework.boot.autoconfigure.data.redis.LettuceConnectionConfiguration' via constructor to bean named 'spring.data.redis-org.springframework.boot.autoconfigure.data.redis.RedisProperties'
2025-11-25 21:27:08.896 DEBUG --- [           main] o.s.b.f.s.DefaultListableBeanFactory     : Autowiring by type from bean name 'org.springframework.boot.autoconfigure.data.redis.LettuceConnectionConfiguration' via constructor to bean named 'redisConnectionDetails'
2025-11-25 21:27:08.899 DEBUG --- [           main] o.s.b.f.s.DefaultListableBeanFactory     : Creating shared instance of singleton bean 'lettuceClientResources'
2025-11-25 21:27:08.899 DEBUG --- [           main] i.l.c.r.DefaultEventLoopGroupProvider    : Creating executor io.netty.util.concurrent.DefaultEventExecutorGroup
2025-11-25 21:27:08.901 DEBUG --- [           main] i.l.c.resource.DefaultClientResources    : LatencyUtils/HdrUtils are not available, metrics are disabled
2025-11-25 21:27:08.902 DEBUG --- [           main] o.s.b.f.s.DefaultListableBeanFactory     : Creating shared instance of singleton bean 'org.springframework.boot.autoconfigure.transaction.jta.JtaAutoConfiguration'
2025-11-25 21:27:08.903 DEBUG --- [           main] o.s.b.f.s.DefaultListableBeanFactory     : Creating shared instance of singleton bean 'org.springframework.boot.autoconfigure.jdbc.metadata.DataSourcePoolMetadataProvidersConfiguration'
2025-11-25 21:27:08.903 DEBUG --- [           main] o.s.b.f.s.DefaultListableBeanFactory     : Creating shared instance of singleton bean 'org.springframework.boot.autoconfigure.jdbc.DataSourceAutoConfiguration'
2025-11-25 21:27:08.904 DEBUG --- [           main] o.s.b.f.s.DefaultListableBeanFactory     : Creating shared instance of singleton bean 'org.springframework.boot.autoconfigure.transaction.TransactionManagerCustomizationAutoConfiguration'
2025-11-25 21:27:08.904 DEBUG --- [           main] o.s.b.f.s.DefaultListableBeanFactory     : Creating shared instance of singleton bean 'platformTransactionManagerCustomizers'
2025-11-25 21:27:08.905 DEBUG --- [           main] o.s.b.f.s.DefaultListableBeanFactory     : Creating shared instance of singleton bean 'transactionExecutionListeners'
2025-11-25 21:27:08.906 DEBUG --- [           main] o.s.b.f.s.DefaultListableBeanFactory     : Creating shared instance of singleton bean 'spring.transaction-org.springframework.boot.autoconfigure.transaction.TransactionProperties'
2025-11-25 21:27:08.908 DEBUG --- [           main] o.s.b.f.s.DefaultListableBeanFactory     : Creating shared instance of singleton bean 'loggingRebinder'
2025-11-25 21:27:08.909 DEBUG --- [           main] o.s.b.f.s.DefaultListableBeanFactory     : Creating shared instance of singleton bean 'refreshScopeLifecycle'
2025-11-25 21:27:08.909 DEBUG --- [           main] o.s.b.f.s.DefaultListableBeanFactory     : Autowiring by type from bean name 'refreshScopeLifecycle' via factory method to bean named 'configDataContextRefresher'
2025-11-25 21:27:08.910 DEBUG --- [           main] o.s.b.f.s.DefaultListableBeanFactory     : Creating shared instance of singleton bean 'org.springframework.boot.autoconfigure.orm.jpa.JpaBaseConfiguration$PersistenceManagedTypesConfiguration'
2025-11-25 21:27:08.910 DEBUG --- [           main] o.s.b.f.s.DefaultListableBeanFactory     : Creating shared instance of singleton bean 'transactionManager'
2025-11-25 21:27:08.918 DEBUG --- [           main] o.s.b.f.s.DefaultListableBeanFactory     : Creating shared instance of singleton bean 'org.springframework.boot.autoconfigure.orm.jpa.HibernateJpaAutoConfiguration'
2025-11-25 21:27:08.918 DEBUG --- [           main] o.s.b.f.s.DefaultListableBeanFactory     : Creating shared instance of singleton bean 'org.springframework.boot.autoconfigure.jackson.JacksonAutoConfiguration$Jackson2ObjectMapperBuilderCustomizerConfiguration'
2025-11-25 21:27:08.918 DEBUG --- [           main] o.s.b.f.s.DefaultListableBeanFactory     : Creating shared instance of singleton bean 'standardJacksonObjectMapperBuilderCustomizer'
2025-11-25 21:27:08.919 DEBUG --- [           main] o.s.b.f.s.DefaultListableBeanFactory     : Creating shared instance of singleton bean 'spring.jackson-org.springframework.boot.autoconfigure.jackson.JacksonProperties'
2025-11-25 21:27:08.922 DEBUG --- [           main] o.s.b.f.s.DefaultListableBeanFactory     : Autowiring by type from bean name 'standardJacksonObjectMapperBuilderCustomizer' via factory method to bean named 'spring.jackson-org.springframework.boot.autoconfigure.jackson.JacksonProperties'
2025-11-25 21:27:08.924 DEBUG --- [           main] o.s.b.f.s.DefaultListableBeanFactory     : Creating shared instance of singleton bean 'parameterNamesModule'
2025-11-25 21:27:08.924 DEBUG --- [           main] o.s.b.f.s.DefaultListableBeanFactory     : Creating shared instance of singleton bean 'org.springframework.boot.autoconfigure.jackson.JacksonAutoConfiguration$ParameterNamesModuleConfiguration'
2025-11-25 21:27:08.927 DEBUG --- [           main] o.s.b.f.s.DefaultListableBeanFactory     : Creating shared instance of singleton bean 'jsonMixinModule'
2025-11-25 21:27:08.927 DEBUG --- [           main] o.s.b.f.s.DefaultListableBeanFactory     : Creating shared instance of singleton bean 'org.springframework.boot.autoconfigure.jackson.JacksonAutoConfiguration$JacksonMixinConfiguration'
2025-11-25 21:27:08.929 DEBUG --- [           main] o.s.b.f.s.DefaultListableBeanFactory     : Creating shared instance of singleton bean 'jsonMixinModuleEntries'
2025-11-25 21:27:08.929 DEBUG --- [           main] o.s.b.f.s.DefaultListableBeanFactory     : Autowiring by type from bean name 'jsonMixinModuleEntries' via factory method to bean named 'org.springframework.web.context.support.GenericWebApplicationContext@743c6ce4'
2025-11-25 21:27:08.940 DEBUG --- [           main] o.s.b.f.s.DefaultListableBeanFactory     : Autowiring by type from bean name 'jsonMixinModule' via factory method to bean named 'org.springframework.web.context.support.GenericWebApplicationContext@743c6ce4'
2025-11-25 21:27:08.940 DEBUG --- [           main] o.s.b.f.s.DefaultListableBeanFactory     : Autowiring by type from bean name 'jsonMixinModule' via factory method to bean named 'jsonMixinModuleEntries'
2025-11-25 21:27:08.941 DEBUG --- [           main] o.s.b.f.s.DefaultListableBeanFactory     : Creating shared instance of singleton bean 'jsonComponentModule'
2025-11-25 21:27:08.941 DEBUG --- [           main] o.s.b.f.s.DefaultListableBeanFactory     : Creating shared instance of singleton bean 'org.springframework.boot.autoconfigure.jackson.JacksonAutoConfiguration'
2025-11-25 21:27:08.945 DEBUG --- [           main] o.s.b.f.s.DefaultListableBeanFactory     : Creating shared instance of singleton bean 'jacksonGeoModule'
2025-11-25 21:27:08.946 DEBUG --- [           main] o.s.b.f.s.DefaultListableBeanFactory     : Creating shared instance of singleton bean 'org.springframework.data.web.config.SpringDataJacksonConfiguration'
2025-11-25 21:27:08.949 DEBUG --- [           main] o.s.b.f.s.DefaultListableBeanFactory     : Creating shared instance of singleton bean 'pageModule'
2025-11-25 21:27:08.951 DEBUG --- [           main] o.s.b.f.s.DefaultListableBeanFactory     : Creating shared instance of singleton bean 'pageJacksonModule'
2025-11-25 21:27:08.951 DEBUG --- [           main] o.s.b.f.s.DefaultListableBeanFactory     : Creating shared instance of singleton bean 'org.springframework.cloud.openfeign.FeignAutoConfiguration$FeignJacksonConfiguration'
2025-11-25 21:27:08.952 DEBUG --- [           main] o.s.b.f.s.DefaultListableBeanFactory     : Creating shared instance of singleton bean 'sortModule'
2025-11-25 21:27:08.953 DEBUG --- [           main] o.s.b.f.s.DefaultListableBeanFactory     : Creating shared instance of singleton bean 'org.springframework.boot.autoconfigure.jackson.JacksonAutoConfiguration$JacksonObjectMapperBuilderConfiguration'
2025-11-25 21:27:08.954 DEBUG --- [           main] o.s.b.f.s.DefaultListableBeanFactory     : Creating shared instance of singleton bean 'org.springframework.boot.autoconfigure.jackson.JacksonAutoConfiguration$JacksonObjectMapperConfiguration'
2025-11-25 21:27:08.954 DEBUG --- [           main] o.s.b.f.s.DefaultListableBeanFactory     : Creating shared instance of singleton bean 'org.springframework.boot.autoconfigure.context.ConfigurationPropertiesAutoConfiguration'
2025-11-25 21:27:08.954 DEBUG --- [           main] o.s.b.f.s.DefaultListableBeanFactory     : Creating shared instance of singleton bean 'org.springframework.boot.autoconfigure.context.LifecycleAutoConfiguration'
2025-11-25 21:27:08.954 DEBUG --- [           main] o.s.b.f.s.DefaultListableBeanFactory     : Creating shared instance of singleton bean 'lifecycleProcessor'
2025-11-25 21:27:08.955 DEBUG --- [           main] o.s.b.f.s.DefaultListableBeanFactory     : Creating shared instance of singleton bean 'spring.lifecycle-org.springframework.boot.autoconfigure.context.LifecycleProperties'
2025-11-25 21:27:08.956 DEBUG --- [           main] o.s.b.f.s.DefaultListableBeanFactory     : Autowiring by type from bean name 'lifecycleProcessor' via factory method to bean named 'spring.lifecycle-org.springframework.boot.autoconfigure.context.LifecycleProperties'
2025-11-25 21:27:08.958 DEBUG --- [           main] o.s.b.f.s.DefaultListableBeanFactory     : Creating shared instance of singleton bean 'org.springframework.boot.autoconfigure.dao.PersistenceExceptionTranslationAutoConfiguration'
2025-11-25 21:27:08.958 DEBUG --- [           main] o.s.b.f.s.DefaultListableBeanFactory     : Creating shared instance of singleton bean 'org.springframework.boot.autoconfigure.data.jpa.JpaRepositoriesAutoConfiguration'
2025-11-25 21:27:08.958 DEBUG --- [           main] o.s.b.f.s.DefaultListableBeanFactory     : Creating shared instance of singleton bean 'org.springframework.data.jpa.util.JpaMetamodelCacheCleanup'
2025-11-25 21:27:08.959 DEBUG --- [           main] o.s.b.f.s.DefaultListableBeanFactory     : Creating shared instance of singleton bean 'org.springframework.data.jpa.repository.support.JpaEvaluationContextExtension'
2025-11-25 21:27:08.960 DEBUG --- [           main] o.s.b.f.s.DefaultListableBeanFactory     : Creating shared instance of singleton bean 'data-jpa.repository-aot-processor#0'
2025-11-25 21:27:08.962 DEBUG --- [           main] o.s.b.f.s.DefaultListableBeanFactory     : Creating shared instance of singleton bean 'org.springframework.boot.autoconfigure.data.redis.RedisReactiveAutoConfiguration'
2025-11-25 21:27:08.962 DEBUG --- [           main] o.s.b.f.s.DefaultListableBeanFactory     : Creating shared instance of singleton bean 'reactiveRedisTemplate'
2025-11-25 21:27:08.963 DEBUG --- [           main] o.s.b.f.s.DefaultListableBeanFactory     : Autowiring by type from bean name 'reactiveRedisTemplate' via factory method to bean named 'redisConnectionFactory'
2025-11-25 21:27:08.963 DEBUG --- [           main] o.s.b.f.s.DefaultListableBeanFactory     : Autowiring by type from bean name 'reactiveRedisTemplate' via factory method to bean named 'org.springframework.web.context.support.GenericWebApplicationContext@743c6ce4'
2025-11-25 21:27:08.996 DEBUG --- [           main] o.s.b.f.s.DefaultListableBeanFactory     : Creating shared instance of singleton bean 'reactiveStringRedisTemplate'
2025-11-25 21:27:08.997 DEBUG --- [           main] o.s.b.f.s.DefaultListableBeanFactory     : Autowiring by type from bean name 'reactiveStringRedisTemplate' via factory method to bean named 'redisConnectionFactory'
2025-11-25 21:27:08.999 DEBUG --- [           main] o.s.b.f.s.DefaultListableBeanFactory     : Creating shared instance of singleton bean 'org.springframework.boot.autoconfigure.data.redis.RedisRepositoriesAutoConfiguration'
2025-11-25 21:27:08.999 DEBUG --- [           main] o.s.b.f.s.DefaultListableBeanFactory     : Creating shared instance of singleton bean 'redisIndexConfiguration#0'
2025-11-25 21:27:09.000 DEBUG --- [           main] o.s.b.f.s.DefaultListableBeanFactory     : Creating shared instance of singleton bean 'redisKeyspaceConfiguration#0'
2025-11-25 21:27:09.000 DEBUG --- [           main] o.s.b.f.s.DefaultListableBeanFactory     : Creating shared instance of singleton bean 'redisMappingConfiguration#0'
2025-11-25 21:27:09.001 DEBUG --- [           main] o.s.b.f.s.DefaultListableBeanFactory     : Creating shared instance of singleton bean 'keyValueMappingContext'
2025-11-25 21:27:09.004 DEBUG --- [           main] o.s.b.f.s.DefaultListableBeanFactory     : Creating shared instance of singleton bean 'redisCustomConversions'
2025-11-25 21:27:09.006 DEBUG --- [           main] o.s.data.convert.CustomConversions       : Adding converter from class java.lang.String to class [B as writing converter
2025-11-25 21:27:09.006 DEBUG --- [           main] o.s.data.convert.CustomConversions       : Adding converter from class [B to class java.lang.String as reading converter
2025-11-25 21:27:09.006 DEBUG --- [           main] o.s.data.convert.CustomConversions       : Adding converter from class java.lang.Number to class [B as writing converter
2025-11-25 21:27:09.006 DEBUG --- [           main] o.s.data.convert.CustomConversions       : Adding converter from class [B to class java.lang.Number as reading converter
2025-11-25 21:27:09.006 DEBUG --- [           main] o.s.data.convert.CustomConversions       : Adding converter from class java.lang.Enum to class [B as writing converter
2025-11-25 21:27:09.006 DEBUG --- [           main] o.s.data.convert.CustomConversions       : Adding converter from class [B to class java.lang.Enum as reading converter
2025-11-25 21:27:09.006 DEBUG --- [           main] o.s.data.convert.CustomConversions       : Adding converter from class java.lang.Boolean to class [B as writing converter
2025-11-25 21:27:09.006 DEBUG --- [           main] o.s.data.convert.CustomConversions       : Adding converter from class [B to class java.lang.Boolean as reading converter
2025-11-25 21:27:09.006 DEBUG --- [           main] o.s.data.convert.CustomConversions       : Adding converter from class java.util.Date to class [B as writing converter
2025-11-25 21:27:09.006 DEBUG --- [           main] o.s.data.convert.CustomConversions       : Adding converter from class [B to class java.util.Date as reading converter
2025-11-25 21:27:09.006 DEBUG --- [           main] o.s.data.convert.CustomConversions       : Adding converter from class java.util.UUID to class [B as writing converter
2025-11-25 21:27:09.006 DEBUG --- [           main] o.s.data.convert.CustomConversions       : Adding converter from class [B to class java.util.UUID as reading converter
2025-11-25 21:27:09.006 DEBUG --- [           main] o.s.data.convert.CustomConversions       : Adding converter from class java.time.LocalDateTime to class [B as reading converter
2025-11-25 21:27:09.006 DEBUG --- [           main] o.s.data.convert.CustomConversions       : Adding converter from class [B to class java.time.LocalDateTime as reading converter
2025-11-25 21:27:09.006 DEBUG --- [           main] o.s.data.convert.CustomConversions       : Adding converter from class java.time.LocalDate to class [B as reading converter
2025-11-25 21:27:09.006 DEBUG --- [           main] o.s.data.convert.CustomConversions       : Adding converter from class [B to class java.time.LocalDate as reading converter
2025-11-25 21:27:09.006 DEBUG --- [           main] o.s.data.convert.CustomConversions       : Adding converter from class java.time.LocalTime to class [B as reading converter
2025-11-25 21:27:09.006 DEBUG --- [           main] o.s.data.convert.CustomConversions       : Adding converter from class [B to class java.time.LocalTime as reading converter
2025-11-25 21:27:09.006 DEBUG --- [           main] o.s.data.convert.CustomConversions       : Adding converter from class java.time.ZonedDateTime to class [B as reading converter
2025-11-25 21:27:09.006 DEBUG --- [           main] o.s.data.convert.CustomConversions       : Adding converter from class [B to class java.time.ZonedDateTime as reading converter
2025-11-25 21:27:09.006 DEBUG --- [           main] o.s.data.convert.CustomConversions       : Adding converter from class java.time.Instant to class [B as reading converter
2025-11-25 21:27:09.006 DEBUG --- [           main] o.s.data.convert.CustomConversions       : Adding converter from class [B to class java.time.Instant as reading converter
2025-11-25 21:27:09.006 DEBUG --- [           main] o.s.data.convert.CustomConversions       : Adding converter from class java.time.ZoneId to class [B as reading converter
2025-11-25 21:27:09.006 DEBUG --- [           main] o.s.data.convert.CustomConversions       : Adding converter from class [B to class java.time.ZoneId as reading converter
2025-11-25 21:27:09.006 DEBUG --- [           main] o.s.data.convert.CustomConversions       : Adding converter from class java.time.Period to class [B as reading converter
2025-11-25 21:27:09.006 DEBUG --- [           main] o.s.data.convert.CustomConversions       : Adding converter from class [B to class java.time.Period as reading converter
2025-11-25 21:27:09.006 DEBUG --- [           main] o.s.data.convert.CustomConversions       : Adding converter from class java.time.Duration to class [B as reading converter
2025-11-25 21:27:09.006 DEBUG --- [           main] o.s.data.convert.CustomConversions       : Adding converter from class [B to class java.time.Duration as reading converter
2025-11-25 21:27:09.006 DEBUG --- [           main] o.s.data.convert.CustomConversions       : Adding converter from class java.time.OffsetDateTime to class [B as reading converter
2025-11-25 21:27:09.006 DEBUG --- [           main] o.s.data.convert.CustomConversions       : Adding converter from class [B to class java.time.OffsetDateTime as reading converter
2025-11-25 21:27:09.006 DEBUG --- [           main] o.s.data.convert.CustomConversions       : Adding converter from class java.time.OffsetTime to class [B as reading converter
2025-11-25 21:27:09.006 DEBUG --- [           main] o.s.data.convert.CustomConversions       : Adding converter from class [B to class java.time.OffsetTime as reading converter
2025-11-25 21:27:09.006 DEBUG --- [           main] o.s.data.convert.CustomConversions       : Adding converter from class java.util.Date to class java.time.LocalDateTime as reading converter
2025-11-25 21:27:09.007 DEBUG --- [           main] o.s.data.convert.CustomConversions       : Adding converter from class java.time.LocalDateTime to class java.util.Date as writing converter
2025-11-25 21:27:09.007 DEBUG --- [           main] o.s.data.convert.CustomConversions       : Adding converter from class java.util.Date to class java.time.LocalDate as reading converter
2025-11-25 21:27:09.007 DEBUG --- [           main] o.s.data.convert.CustomConversions       : Adding converter from class java.time.LocalDate to class java.util.Date as writing converter
2025-11-25 21:27:09.007 DEBUG --- [           main] o.s.data.convert.CustomConversions       : Adding converter from class java.util.Date to class java.time.LocalTime as reading converter
2025-11-25 21:27:09.007 DEBUG --- [           main] o.s.data.convert.CustomConversions       : Adding converter from class java.time.LocalTime to class java.util.Date as writing converter
2025-11-25 21:27:09.007 DEBUG --- [           main] o.s.data.convert.CustomConversions       : Adding converter from class java.util.Date to class java.time.Instant as reading converter
2025-11-25 21:27:09.007 DEBUG --- [           main] o.s.data.convert.CustomConversions       : Adding converter from class java.time.Instant to class java.util.Date as writing converter
2025-11-25 21:27:09.007 DEBUG --- [           main] o.s.data.convert.CustomConversions       : Adding converter from class java.time.LocalDateTime to class java.time.Instant as reading converter
2025-11-25 21:27:09.007 DEBUG --- [           main] o.s.data.convert.CustomConversions       : Adding converter from class java.time.Instant to class java.time.LocalDateTime as reading converter
2025-11-25 21:27:09.007 DEBUG --- [           main] o.s.data.convert.CustomConversions       : Adding converter from class java.time.ZoneId to class java.lang.String as writing converter
2025-11-25 21:27:09.007 DEBUG --- [           main] o.s.data.convert.CustomConversions       : Adding converter from class java.lang.String to class java.time.ZoneId as reading converter
2025-11-25 21:27:09.007 DEBUG --- [           main] o.s.data.convert.CustomConversions       : Adding converter from class java.time.Duration to class java.lang.String as writing converter
2025-11-25 21:27:09.007 DEBUG --- [           main] o.s.data.convert.CustomConversions       : Adding converter from class java.lang.String to class java.time.Duration as reading converter
2025-11-25 21:27:09.007 DEBUG --- [           main] o.s.data.convert.CustomConversions       : Adding converter from class java.time.Period to class java.lang.String as writing converter
2025-11-25 21:27:09.007 DEBUG --- [           main] o.s.data.convert.CustomConversions       : Adding converter from class java.lang.String to class java.time.Period as reading converter
2025-11-25 21:27:09.007 DEBUG --- [           main] o.s.data.convert.CustomConversions       : Adding converter from class java.lang.String to class java.time.LocalDate as reading converter
2025-11-25 21:27:09.007 DEBUG --- [           main] o.s.data.convert.CustomConversions       : Adding converter from class java.lang.String to class java.time.LocalDateTime as reading converter
2025-11-25 21:27:09.007 DEBUG --- [           main] o.s.data.convert.CustomConversions       : Adding converter from class java.lang.String to class java.time.Instant as reading converter
2025-11-25 21:27:09.008 DEBUG --- [           main] o.s.b.f.s.DefaultListableBeanFactory     : Creating shared instance of singleton bean 'redisReferenceResolver'
2025-11-25 21:27:09.009 DEBUG --- [           main] o.s.b.f.s.DefaultListableBeanFactory     : Creating shared instance of singleton bean 'redisConverter'
2025-11-25 21:27:09.011 DEBUG --- [           main] o.s.data.convert.CustomConversions       : Adding converter from class java.lang.String to class [B as writing converter
2025-11-25 21:27:09.012 DEBUG --- [           main] o.s.data.convert.CustomConversions       : Adding converter from class [B to class java.lang.String as reading converter
2025-11-25 21:27:09.012 DEBUG --- [           main] o.s.data.convert.CustomConversions       : Adding converter from class java.lang.Number to class [B as writing converter
2025-11-25 21:27:09.012 DEBUG --- [           main] o.s.data.convert.CustomConversions       : Adding converter from class [B to class java.lang.Number as reading converter
2025-11-25 21:27:09.012 DEBUG --- [           main] o.s.data.convert.CustomConversions       : Adding converter from class java.lang.Enum to class [B as writing converter
2025-11-25 21:27:09.012 DEBUG --- [           main] o.s.data.convert.CustomConversions       : Adding converter from class [B to class java.lang.Enum as reading converter
2025-11-25 21:27:09.012 DEBUG --- [           main] o.s.data.convert.CustomConversions       : Adding converter from class java.lang.Boolean to class [B as writing converter
2025-11-25 21:27:09.012 DEBUG --- [           main] o.s.data.convert.CustomConversions       : Adding converter from class [B to class java.lang.Boolean as reading converter
2025-11-25 21:27:09.012 DEBUG --- [           main] o.s.data.convert.CustomConversions       : Adding converter from class java.util.Date to class [B as writing converter
2025-11-25 21:27:09.012 DEBUG --- [           main] o.s.data.convert.CustomConversions       : Adding converter from class [B to class java.util.Date as reading converter
2025-11-25 21:27:09.012 DEBUG --- [           main] o.s.data.convert.CustomConversions       : Adding converter from class java.util.UUID to class [B as writing converter
2025-11-25 21:27:09.012 DEBUG --- [           main] o.s.data.convert.CustomConversions       : Adding converter from class [B to class java.util.UUID as reading converter
2025-11-25 21:27:09.012 DEBUG --- [           main] o.s.data.convert.CustomConversions       : Adding converter from class java.time.LocalDateTime to class [B as reading converter
2025-11-25 21:27:09.012 DEBUG --- [           main] o.s.data.convert.CustomConversions       : Adding converter from class [B to class java.time.LocalDateTime as reading converter
2025-11-25 21:27:09.012 DEBUG --- [           main] o.s.data.convert.CustomConversions       : Adding converter from class java.time.LocalDate to class [B as reading converter
2025-11-25 21:27:09.012 DEBUG --- [           main] o.s.data.convert.CustomConversions       : Adding converter from class [B to class java.time.LocalDate as reading converter
2025-11-25 21:27:09.012 DEBUG --- [           main] o.s.data.convert.CustomConversions       : Adding converter from class java.time.LocalTime to class [B as reading converter
2025-11-25 21:27:09.012 DEBUG --- [           main] o.s.data.convert.CustomConversions       : Adding converter from class [B to class java.time.LocalTime as reading converter
2025-11-25 21:27:09.012 DEBUG --- [           main] o.s.data.convert.CustomConversions       : Adding converter from class java.time.ZonedDateTime to class [B as reading converter
2025-11-25 21:27:09.012 DEBUG --- [           main] o.s.data.convert.CustomConversions       : Adding converter from class [B to class java.time.ZonedDateTime as reading converter
2025-11-25 21:27:09.012 DEBUG --- [           main] o.s.data.convert.CustomConversions       : Adding converter from class java.time.Instant to class [B as reading converter
2025-11-25 21:27:09.012 DEBUG --- [           main] o.s.data.convert.CustomConversions       : Adding converter from class [B to class java.time.Instant as reading converter
2025-11-25 21:27:09.012 DEBUG --- [           main] o.s.data.convert.CustomConversions       : Adding converter from class java.time.ZoneId to class [B as reading converter
2025-11-25 21:27:09.012 DEBUG --- [           main] o.s.data.convert.CustomConversions       : Adding converter from class [B to class java.time.ZoneId as reading converter
2025-11-25 21:27:09.012 DEBUG --- [           main] o.s.data.convert.CustomConversions       : Adding converter from class java.time.Period to class [B as reading converter
2025-11-25 21:27:09.012 DEBUG --- [           main] o.s.data.convert.CustomConversions       : Adding converter from class [B to class java.time.Period as reading converter
2025-11-25 21:27:09.012 DEBUG --- [           main] o.s.data.convert.CustomConversions       : Adding converter from class java.time.Duration to class [B as reading converter
2025-11-25 21:27:09.012 DEBUG --- [           main] o.s.data.convert.CustomConversions       : Adding converter from class [B to class java.time.Duration as reading converter
2025-11-25 21:27:09.012 DEBUG --- [           main] o.s.data.convert.CustomConversions       : Adding converter from class java.time.OffsetDateTime to class [B as reading converter
2025-11-25 21:27:09.012 DEBUG --- [           main] o.s.data.convert.CustomConversions       : Adding converter from class [B to class java.time.OffsetDateTime as reading converter
2025-11-25 21:27:09.012 DEBUG --- [           main] o.s.data.convert.CustomConversions       : Adding converter from class java.time.OffsetTime to class [B as reading converter
2025-11-25 21:27:09.012 DEBUG --- [           main] o.s.data.convert.CustomConversions       : Adding converter from class [B to class java.time.OffsetTime as reading converter
2025-11-25 21:27:09.012 DEBUG --- [           main] o.s.data.convert.CustomConversions       : Adding converter from class java.util.Date to class java.time.LocalDateTime as reading converter
2025-11-25 21:27:09.012 DEBUG --- [           main] o.s.data.convert.CustomConversions       : Adding converter from class java.time.LocalDateTime to class java.util.Date as writing converter
2025-11-25 21:27:09.012 DEBUG --- [           main] o.s.data.convert.CustomConversions       : Adding converter from class java.util.Date to class java.time.LocalDate as reading converter
2025-11-25 21:27:09.012 DEBUG --- [           main] o.s.data.convert.CustomConversions       : Adding converter from class java.time.LocalDate to class java.util.Date as writing converter
2025-11-25 21:27:09.012 DEBUG --- [           main] o.s.data.convert.CustomConversions       : Adding converter from class java.util.Date to class java.time.LocalTime as reading converter
2025-11-25 21:27:09.012 DEBUG --- [           main] o.s.data.convert.CustomConversions       : Adding converter from class java.time.LocalTime to class java.util.Date as writing converter
2025-11-25 21:27:09.012 DEBUG --- [           main] o.s.data.convert.CustomConversions       : Adding converter from class java.util.Date to class java.time.Instant as reading converter
2025-11-25 21:27:09.012 DEBUG --- [           main] o.s.data.convert.CustomConversions       : Adding converter from class java.time.Instant to class java.util.Date as writing converter
2025-11-25 21:27:09.012 DEBUG --- [           main] o.s.data.convert.CustomConversions       : Adding converter from class java.time.LocalDateTime to class java.time.Instant as reading converter
2025-11-25 21:27:09.012 DEBUG --- [           main] o.s.data.convert.CustomConversions       : Adding converter from class java.time.Instant to class java.time.LocalDateTime as reading converter
2025-11-25 21:27:09.012 DEBUG --- [           main] o.s.data.convert.CustomConversions       : Adding converter from class java.time.ZoneId to class java.lang.String as writing converter
2025-11-25 21:27:09.012 DEBUG --- [           main] o.s.data.convert.CustomConversions       : Adding converter from class java.lang.String to class java.time.ZoneId as reading converter
2025-11-25 21:27:09.012 DEBUG --- [           main] o.s.data.convert.CustomConversions       : Adding converter from class java.time.Duration to class java.lang.String as writing converter
2025-11-25 21:27:09.012 DEBUG --- [           main] o.s.data.convert.CustomConversions       : Adding converter from class java.lang.String to class java.time.Duration as reading converter
2025-11-25 21:27:09.012 DEBUG --- [           main] o.s.data.convert.CustomConversions       : Adding converter from class java.time.Period to class java.lang.String as writing converter
2025-11-25 21:27:09.012 DEBUG --- [           main] o.s.data.convert.CustomConversions       : Adding converter from class java.lang.String to class java.time.Period as reading converter
2025-11-25 21:27:09.012 DEBUG --- [           main] o.s.data.convert.CustomConversions       : Adding converter from class java.lang.String to class java.time.LocalDate as reading converter
2025-11-25 21:27:09.012 DEBUG --- [           main] o.s.data.convert.CustomConversions       : Adding converter from class java.lang.String to class java.time.LocalDateTime as reading converter
2025-11-25 21:27:09.012 DEBUG --- [           main] o.s.data.convert.CustomConversions       : Adding converter from class java.lang.String to class java.time.Instant as reading converter
2025-11-25 21:27:09.013 DEBUG --- [           main] o.s.data.convert.CustomConversions       : Adding converter from class java.lang.String to class [B as writing converter
2025-11-25 21:27:09.013 DEBUG --- [           main] o.s.data.convert.CustomConversions       : Adding converter from class [B to class java.lang.String as reading converter
2025-11-25 21:27:09.013 DEBUG --- [           main] o.s.data.convert.CustomConversions       : Adding converter from class java.lang.Number to class [B as writing converter
2025-11-25 21:27:09.013 DEBUG --- [           main] o.s.data.convert.CustomConversions       : Adding converter from class [B to class java.lang.Number as reading converter
2025-11-25 21:27:09.013 DEBUG --- [           main] o.s.data.convert.CustomConversions       : Adding converter from class java.lang.Enum to class [B as writing converter
2025-11-25 21:27:09.013 DEBUG --- [           main] o.s.data.convert.CustomConversions       : Adding converter from class [B to class java.lang.Enum as reading converter
2025-11-25 21:27:09.013 DEBUG --- [           main] o.s.data.convert.CustomConversions       : Adding converter from class java.lang.Boolean to class [B as writing converter
2025-11-25 21:27:09.013 DEBUG --- [           main] o.s.data.convert.CustomConversions       : Adding converter from class [B to class java.lang.Boolean as reading converter
2025-11-25 21:27:09.013 DEBUG --- [           main] o.s.data.convert.CustomConversions       : Adding converter from class java.util.Date to class [B as writing converter
2025-11-25 21:27:09.013 DEBUG --- [           main] o.s.data.convert.CustomConversions       : Adding converter from class [B to class java.util.Date as reading converter
2025-11-25 21:27:09.013 DEBUG --- [           main] o.s.data.convert.CustomConversions       : Adding converter from class java.util.UUID to class [B as writing converter
2025-11-25 21:27:09.013 DEBUG --- [           main] o.s.data.convert.CustomConversions       : Adding converter from class [B to class java.util.UUID as reading converter
2025-11-25 21:27:09.013 DEBUG --- [           main] o.s.data.convert.CustomConversions       : Adding converter from class java.time.LocalDateTime to class [B as reading converter
2025-11-25 21:27:09.013 DEBUG --- [           main] o.s.data.convert.CustomConversions       : Adding converter from class [B to class java.time.LocalDateTime as reading converter
2025-11-25 21:27:09.013 DEBUG --- [           main] o.s.data.convert.CustomConversions       : Adding converter from class java.time.LocalDate to class [B as reading converter
2025-11-25 21:27:09.013 DEBUG --- [           main] o.s.data.convert.CustomConversions       : Adding converter from class [B to class java.time.LocalDate as reading converter
2025-11-25 21:27:09.013 DEBUG --- [           main] o.s.data.convert.CustomConversions       : Adding converter from class java.time.LocalTime to class [B as reading converter
2025-11-25 21:27:09.013 DEBUG --- [           main] o.s.data.convert.CustomConversions       : Adding converter from class [B to class java.time.LocalTime as reading converter
2025-11-25 21:27:09.013 DEBUG --- [           main] o.s.data.convert.CustomConversions       : Adding converter from class java.time.ZonedDateTime to class [B as reading converter
2025-11-25 21:27:09.013 DEBUG --- [           main] o.s.data.convert.CustomConversions       : Adding converter from class [B to class java.time.ZonedDateTime as reading converter
2025-11-25 21:27:09.013 DEBUG --- [           main] o.s.data.convert.CustomConversions       : Adding converter from class java.time.Instant to class [B as reading converter
2025-11-25 21:27:09.013 DEBUG --- [           main] o.s.data.convert.CustomConversions       : Adding converter from class [B to class java.time.Instant as reading converter
2025-11-25 21:27:09.013 DEBUG --- [           main] o.s.data.convert.CustomConversions       : Adding converter from class java.time.ZoneId to class [B as reading converter
2025-11-25 21:27:09.013 DEBUG --- [           main] o.s.data.convert.CustomConversions       : Adding converter from class [B to class java.time.ZoneId as reading converter
2025-11-25 21:27:09.013 DEBUG --- [           main] o.s.data.convert.CustomConversions       : Adding converter from class java.time.Period to class [B as reading converter
2025-11-25 21:27:09.013 DEBUG --- [           main] o.s.data.convert.CustomConversions       : Adding converter from class [B to class java.time.Period as reading converter
2025-11-25 21:27:09.013 DEBUG --- [           main] o.s.data.convert.CustomConversions       : Adding converter from class java.time.Duration to class [B as reading converter
2025-11-25 21:27:09.013 DEBUG --- [           main] o.s.data.convert.CustomConversions       : Adding converter from class [B to class java.time.Duration as reading converter
2025-11-25 21:27:09.013 DEBUG --- [           main] o.s.data.convert.CustomConversions       : Adding converter from class java.time.OffsetDateTime to class [B as reading converter
2025-11-25 21:27:09.013 DEBUG --- [           main] o.s.data.convert.CustomConversions       : Adding converter from class [B to class java.time.OffsetDateTime as reading converter
2025-11-25 21:27:09.013 DEBUG --- [           main] o.s.data.convert.CustomConversions       : Adding converter from class java.time.OffsetTime to class [B as reading converter
2025-11-25 21:27:09.014 DEBUG --- [           main] o.s.data.convert.CustomConversions       : Adding converter from class [B to class java.time.OffsetTime as reading converter
2025-11-25 21:27:09.014 DEBUG --- [           main] o.s.data.convert.CustomConversions       : Adding converter from class java.util.Date to class java.time.LocalDateTime as reading converter
2025-11-25 21:27:09.014 DEBUG --- [           main] o.s.data.convert.CustomConversions       : Adding converter from class java.time.LocalDateTime to class java.util.Date as writing converter
2025-11-25 21:27:09.014 DEBUG --- [           main] o.s.data.convert.CustomConversions       : Adding converter from class java.util.Date to class java.time.LocalDate as reading converter
2025-11-25 21:27:09.014 DEBUG --- [           main] o.s.data.convert.CustomConversions       : Adding converter from class java.time.LocalDate to class java.util.Date as writing converter
2025-11-25 21:27:09.014 DEBUG --- [           main] o.s.data.convert.CustomConversions       : Adding converter from class java.util.Date to class java.time.LocalTime as reading converter
2025-11-25 21:27:09.014 DEBUG --- [           main] o.s.data.convert.CustomConversions       : Adding converter from class java.time.LocalTime to class java.util.Date as writing converter
2025-11-25 21:27:09.014 DEBUG --- [           main] o.s.data.convert.CustomConversions       : Adding converter from class java.util.Date to class java.time.Instant as reading converter
2025-11-25 21:27:09.014 DEBUG --- [           main] o.s.data.convert.CustomConversions       : Adding converter from class java.time.Instant to class java.util.Date as writing converter
2025-11-25 21:27:09.014 DEBUG --- [           main] o.s.data.convert.CustomConversions       : Adding converter from class java.time.LocalDateTime to class java.time.Instant as reading converter
2025-11-25 21:27:09.014 DEBUG --- [           main] o.s.data.convert.CustomConversions       : Adding converter from class java.time.Instant to class java.time.LocalDateTime as reading converter
2025-11-25 21:27:09.014 DEBUG --- [           main] o.s.data.convert.CustomConversions       : Adding converter from class java.time.ZoneId to class java.lang.String as writing converter
2025-11-25 21:27:09.014 DEBUG --- [           main] o.s.data.convert.CustomConversions       : Adding converter from class java.lang.String to class java.time.ZoneId as reading converter
2025-11-25 21:27:09.014 DEBUG --- [           main] o.s.data.convert.CustomConversions       : Adding converter from class java.time.Duration to class java.lang.String as writing converter
2025-11-25 21:27:09.014 DEBUG --- [           main] o.s.data.convert.CustomConversions       : Adding converter from class java.lang.String to class java.time.Duration as reading converter
2025-11-25 21:27:09.014 DEBUG --- [           main] o.s.data.convert.CustomConversions       : Adding converter from class java.time.Period to class java.lang.String as writing converter
2025-11-25 21:27:09.014 DEBUG --- [           main] o.s.data.convert.CustomConversions       : Adding converter from class java.lang.String to class java.time.Period as reading converter
2025-11-25 21:27:09.014 DEBUG --- [           main] o.s.data.convert.CustomConversions       : Adding converter from class java.lang.String to class java.time.LocalDate as reading converter
2025-11-25 21:27:09.014 DEBUG --- [           main] o.s.data.convert.CustomConversions       : Adding converter from class java.lang.String to class java.time.LocalDateTime as reading converter
2025-11-25 21:27:09.014 DEBUG --- [           main] o.s.data.convert.CustomConversions       : Adding converter from class java.lang.String to class java.time.Instant as reading converter
2025-11-25 21:27:09.021 DEBUG --- [           main] o.s.b.f.s.DefaultListableBeanFactory     : Creating shared instance of singleton bean 'redisKeyValueAdapter'
2025-11-25 21:27:09.036 DEBUG --- [           main] o.s.b.f.s.DefaultListableBeanFactory     : Creating shared instance of singleton bean 'redisKeyValueTemplate'
2025-11-25 21:27:09.040 DEBUG --- [           main] o.s.b.f.s.DefaultListableBeanFactory     : Creating shared instance of singleton bean 'data-redis.repository-aot-processor#0'
2025-11-25 21:27:09.042 DEBUG --- [           main] o.s.b.f.s.DefaultListableBeanFactory     : Creating shared instance of singleton bean 'org.springframework.boot.autoconfigure.http.JacksonHttpMessageConvertersConfiguration'
2025-11-25 21:27:09.042 DEBUG --- [           main] o.s.b.f.s.DefaultListableBeanFactory     : Creating shared instance of singleton bean 'org.springframework.data.web.config.ProjectingArgumentResolverRegistrar'
2025-11-25 21:27:09.042 DEBUG --- [           main] o.s.b.f.s.DefaultListableBeanFactory     : Creating shared instance of singleton bean 'offsetResolver'
2025-11-25 21:27:09.045 DEBUG --- [           main] o.s.b.f.s.DefaultListableBeanFactory     : Creating shared instance of singleton bean 'org.springframework.boot.autoconfigure.http.client.HttpClientAutoConfiguration'
2025-11-25 21:27:09.045 DEBUG --- [           main] o.s.b.f.s.DefaultListableBeanFactory     : Creating shared instance of singleton bean 'clientHttpRequestFactoryBuilder'
2025-11-25 21:27:09.046 DEBUG --- [           main] o.s.b.f.s.DefaultListableBeanFactory     : Creating shared instance of singleton bean 'spring.http.client-org.springframework.boot.autoconfigure.http.client.HttpClientProperties'
2025-11-25 21:27:09.049 DEBUG --- [           main] o.s.b.f.s.DefaultListableBeanFactory     : Autowiring by type from bean name 'clientHttpRequestFactoryBuilder' via factory method to bean named 'spring.http.client-org.springframework.boot.autoconfigure.http.client.HttpClientProperties'
2025-11-25 21:27:09.058 DEBUG --- [           main] o.s.b.f.s.DefaultListableBeanFactory     : Creating shared instance of singleton bean 'clientHttpRequestFactorySettings'
2025-11-25 21:27:09.058 DEBUG --- [           main] o.s.b.f.s.DefaultListableBeanFactory     : Autowiring by type from bean name 'clientHttpRequestFactorySettings' via factory method to bean named 'spring.http.client-org.springframework.boot.autoconfigure.http.client.HttpClientProperties'
2025-11-25 21:27:09.061 DEBUG --- [           main] o.s.b.f.s.DefaultListableBeanFactory     : Creating shared instance of singleton bean 'org.springframework.boot.autoconfigure.info.ProjectInfoAutoConfiguration'
2025-11-25 21:27:09.065 DEBUG --- [           main] o.s.b.f.s.DefaultListableBeanFactory     : Creating shared instance of singleton bean 'spring.info-org.springframework.boot.autoconfigure.info.ProjectInfoProperties'
2025-11-25 21:27:09.066 DEBUG --- [           main] o.s.b.f.s.DefaultListableBeanFactory     : Autowiring by type from bean name 'org.springframework.boot.autoconfigure.info.ProjectInfoAutoConfiguration' via constructor to bean named 'spring.info-org.springframework.boot.autoconfigure.info.ProjectInfoProperties'
2025-11-25 21:27:09.066 DEBUG --- [           main] o.s.b.f.s.DefaultListableBeanFactory     : Creating shared instance of singleton bean 'org.springframework.boot.autoconfigure.jdbc.JdbcTemplateConfiguration'
2025-11-25 21:27:09.066 DEBUG --- [           main] o.s.b.f.s.DefaultListableBeanFactory     : Creating shared instance of singleton bean 'jdbcTemplate'
2025-11-25 21:27:09.067 DEBUG --- [           main] o.s.b.f.s.DefaultListableBeanFactory     : Creating shared instance of singleton bean 'spring.jdbc-org.springframework.boot.autoconfigure.jdbc.JdbcProperties'
2025-11-25 21:27:09.069 DEBUG --- [           main] o.s.b.f.s.DefaultListableBeanFactory     : Autowiring by type from bean name 'jdbcTemplate' via factory method to bean named 'dataSource'
2025-11-25 21:27:09.069 DEBUG --- [           main] o.s.b.f.s.DefaultListableBeanFactory     : Autowiring by type from bean name 'jdbcTemplate' via factory method to bean named 'spring.jdbc-org.springframework.boot.autoconfigure.jdbc.JdbcProperties'
2025-11-25 21:27:09.077 DEBUG --- [           main] o.s.b.f.s.DefaultListableBeanFactory     : Creating shared instance of singleton bean 'org.springframework.boot.autoconfigure.jdbc.NamedParameterJdbcTemplateConfiguration'
2025-11-25 21:27:09.078 DEBUG --- [           main] o.s.b.f.s.DefaultListableBeanFactory     : Creating shared instance of singleton bean 'namedParameterJdbcTemplate'
2025-11-25 21:27:09.078 DEBUG --- [           main] o.s.b.f.s.DefaultListableBeanFactory     : Autowiring by type from bean name 'namedParameterJdbcTemplate' via factory method to bean named 'jdbcTemplate'
2025-11-25 21:27:09.082 DEBUG --- [           main] o.s.b.f.s.DefaultListableBeanFactory     : Creating shared instance of singleton bean 'org.springframework.boot.autoconfigure.jdbc.JdbcTemplateAutoConfiguration'
2025-11-25 21:27:09.082 DEBUG --- [           main] o.s.b.f.s.DefaultListableBeanFactory     : Creating shared instance of singleton bean 'org.springframework.boot.autoconfigure.jdbc.JdbcClientAutoConfiguration'
2025-11-25 21:27:09.082 DEBUG --- [           main] o.s.b.f.s.DefaultListableBeanFactory     : Creating shared instance of singleton bean 'jdbcClient'
2025-11-25 21:27:09.083 DEBUG --- [           main] o.s.b.f.s.DefaultListableBeanFactory     : Autowiring by type from bean name 'jdbcClient' via factory method to bean named 'namedParameterJdbcTemplate'
2025-11-25 21:27:09.085 DEBUG --- [           main] o.s.b.f.s.DefaultListableBeanFactory     : Creating shared instance of singleton bean 'org.springframework.boot.autoconfigure.mail.MailSenderAutoConfiguration'
2025-11-25 21:27:09.085 DEBUG --- [           main] o.s.b.f.s.DefaultListableBeanFactory     : Creating shared instance of singleton bean 'org.springframework.boot.autoconfigure.netty.NettyAutoConfiguration'
2025-11-25 21:27:09.086 DEBUG --- [           main] o.s.b.f.s.DefaultListableBeanFactory     : Creating shared instance of singleton bean 'spring.netty-org.springframework.boot.autoconfigure.netty.NettyProperties'
2025-11-25 21:27:09.087 DEBUG --- [           main] o.s.b.f.s.DefaultListableBeanFactory     : Autowiring by type from bean name 'org.springframework.boot.autoconfigure.netty.NettyAutoConfiguration' via constructor to bean named 'spring.netty-org.springframework.boot.autoconfigure.netty.NettyProperties'
2025-11-25 21:27:09.087 DEBUG --- [           main] o.s.b.f.s.DefaultListableBeanFactory     : Creating shared instance of singleton bean 'org.springframework.boot.autoconfigure.reactor.ReactorAutoConfiguration'
2025-11-25 21:27:09.088 DEBUG --- [           main] o.s.b.f.s.DefaultListableBeanFactory     : Creating shared instance of singleton bean 'spring.reactor-org.springframework.boot.autoconfigure.reactor.ReactorProperties'
2025-11-25 21:27:09.089 DEBUG --- [           main] o.s.b.f.s.DefaultListableBeanFactory     : Autowiring by type from bean name 'org.springframework.boot.autoconfigure.reactor.ReactorAutoConfiguration' via constructor to bean named 'spring.reactor-org.springframework.boot.autoconfigure.reactor.ReactorProperties'
2025-11-25 21:27:09.089 DEBUG --- [           main] o.s.b.f.s.DefaultListableBeanFactory     : Creating shared instance of singleton bean 'org.springframework.boot.autoconfigure.security.oauth2.client.servlet.OAuth2ClientAutoConfiguration'
2025-11-25 21:27:09.089 DEBUG --- [           main] o.s.b.f.s.DefaultListableBeanFactory     : Creating shared instance of singleton bean 'org.springframework.boot.autoconfigure.security.oauth2.resource.servlet.Oauth2ResourceServerConfiguration$JwtConfiguration'
2025-11-25 21:27:09.089 DEBUG --- [           main] o.s.b.f.s.DefaultListableBeanFactory     : Creating shared instance of singleton bean 'org.springframework.boot.autoconfigure.security.oauth2.resource.servlet.OAuth2ResourceServerOpaqueTokenConfiguration$OpaqueTokenIntrospectionClientConfiguration'
2025-11-25 21:27:09.091 DEBUG --- [           main] o.s.b.f.s.DefaultListableBeanFactory     : Creating shared instance of singleton bean 'org.springframework.boot.autoconfigure.security.oauth2.resource.servlet.Oauth2ResourceServerConfiguration$OpaqueTokenConfiguration'
2025-11-25 21:27:09.091 DEBUG --- [           main] o.s.b.f.s.DefaultListableBeanFactory     : Creating shared instance of singleton bean 'org.springframework.boot.autoconfigure.security.oauth2.resource.servlet.OAuth2ResourceServerAutoConfiguration'
2025-11-25 21:27:09.091 DEBUG --- [           main] o.s.b.f.s.DefaultListableBeanFactory     : Creating shared instance of singleton bean 'spring.security.oauth2.resourceserver-org.springframework.boot.autoconfigure.security.oauth2.resource.OAuth2ResourceServerProperties'
2025-11-25 21:27:09.092 DEBUG --- [           main] o.s.b.f.s.DefaultListableBeanFactory     : Creating shared instance of singleton bean 'org.springframework.boot.autoconfigure.security.servlet.SpringBootWebSecurityConfiguration'
2025-11-25 21:27:09.092 DEBUG --- [           main] o.s.b.f.s.DefaultListableBeanFactory     : Creating shared instance of singleton bean 'spring.security-org.springframework.boot.autoconfigure.security.SecurityProperties'
2025-11-25 21:27:09.093 DEBUG --- [           main] o.s.b.f.s.DefaultListableBeanFactory     : Creating shared instance of singleton bean 'org.springframework.boot.autoconfigure.security.servlet.SecurityFilterAutoConfiguration'
2025-11-25 21:27:09.093 DEBUG --- [           main] o.s.b.f.s.DefaultListableBeanFactory     : Creating shared instance of singleton bean 'securityFilterChainRegistration'
2025-11-25 21:27:09.093 DEBUG --- [           main] o.s.b.f.s.DefaultListableBeanFactory     : Autowiring by type from bean name 'securityFilterChainRegistration' via factory method to bean named 'spring.security-org.springframework.boot.autoconfigure.security.SecurityProperties'
2025-11-25 21:27:09.096 DEBUG --- [           main] o.s.b.f.s.DefaultListableBeanFactory     : Creating shared instance of singleton bean 'org.springframework.boot.autoconfigure.sql.init.SqlInitializationAutoConfiguration'
2025-11-25 21:27:09.096 DEBUG --- [           main] o.s.b.f.s.DefaultListableBeanFactory     : Creating shared instance of singleton bean 'org.springframework.boot.autoconfigure.task.TaskSchedulingConfigurations$ThreadPoolTaskSchedulerBuilderConfiguration'
2025-11-25 21:27:09.096 DEBUG --- [           main] o.s.b.f.s.DefaultListableBeanFactory     : Creating shared instance of singleton bean 'threadPoolTaskSchedulerBuilder'
2025-11-25 21:27:09.097 DEBUG --- [           main] o.s.b.f.s.DefaultListableBeanFactory     : Creating shared instance of singleton bean 'spring.task.scheduling-org.springframework.boot.autoconfigure.task.TaskSchedulingProperties'
2025-11-25 21:27:09.098 DEBUG --- [           main] o.s.b.f.s.DefaultListableBeanFactory     : Autowiring by type from bean name 'threadPoolTaskSchedulerBuilder' via factory method to bean named 'spring.task.scheduling-org.springframework.boot.autoconfigure.task.TaskSchedulingProperties'
2025-11-25 21:27:09.099 DEBUG --- [           main] o.s.b.f.s.DefaultListableBeanFactory     : Creating shared instance of singleton bean 'org.springframework.boot.autoconfigure.task.TaskSchedulingConfigurations$SimpleAsyncTaskSchedulerBuilderConfiguration'
2025-11-25 21:27:09.099 DEBUG --- [           main] o.s.b.f.s.DefaultListableBeanFactory     : Autowiring by type from bean name 'org.springframework.boot.autoconfigure.task.TaskSchedulingConfigurations$SimpleAsyncTaskSchedulerBuilderConfiguration' via constructor to bean named 'spring.task.scheduling-org.springframework.boot.autoconfigure.task.TaskSchedulingProperties'
2025-11-25 21:27:09.099 DEBUG --- [           main] o.s.b.f.s.DefaultListableBeanFactory     : Creating shared instance of singleton bean 'simpleAsyncTaskSchedulerBuilder'
2025-11-25 21:27:09.102 DEBUG --- [           main] o.s.b.f.s.DefaultListableBeanFactory     : Creating shared instance of singleton bean 'org.springframework.boot.autoconfigure.task.TaskSchedulingAutoConfiguration'
2025-11-25 21:27:09.103 DEBUG --- [           main] o.s.b.f.s.DefaultListableBeanFactory     : Creating shared instance of singleton bean 'org.springframework.boot.autoconfigure.jdbc.DataSourceTransactionManagerAutoConfiguration$JdbcTransactionManagerConfiguration'
2025-11-25 21:27:09.103 DEBUG --- [           main] o.s.b.f.s.DefaultListableBeanFactory     : Creating shared instance of singleton bean 'org.springframework.boot.autoconfigure.jdbc.DataSourceTransactionManagerAutoConfiguration'
2025-11-25 21:27:09.103 DEBUG --- [           main] o.s.b.f.s.DefaultListableBeanFactory     : Creating shared instance of singleton bean 'org.springframework.boot.autoconfigure.transaction.TransactionAutoConfiguration$EnableTransactionManagementConfiguration$CglibAutoProxyConfiguration'
2025-11-25 21:27:09.104 DEBUG --- [           main] o.s.b.f.s.DefaultListableBeanFactory     : Creating shared instance of singleton bean 'org.springframework.boot.autoconfigure.transaction.TransactionAutoConfiguration$EnableTransactionManagementConfiguration'
2025-11-25 21:27:09.104 DEBUG --- [           main] o.s.b.f.s.DefaultListableBeanFactory     : Creating shared instance of singleton bean 'org.springframework.boot.autoconfigure.transaction.TransactionAutoConfiguration$TransactionTemplateConfiguration'
2025-11-25 21:27:09.104 DEBUG --- [           main] o.s.b.f.s.DefaultListableBeanFactory     : Creating shared instance of singleton bean 'transactionTemplate'
2025-11-25 21:27:09.104 DEBUG --- [           main] o.s.b.f.s.DefaultListableBeanFactory     : Autowiring by type from bean name 'transactionTemplate' via factory method to bean named 'transactionManager'
2025-11-25 21:27:09.105 DEBUG --- [           main] o.s.b.f.s.DefaultListableBeanFactory     : Creating shared instance of singleton bean 'org.springframework.boot.autoconfigure.transaction.TransactionAutoConfiguration'
2025-11-25 21:27:09.105 DEBUG --- [           main] o.s.b.f.s.DefaultListableBeanFactory     : Creating shared instance of singleton bean 'org.springframework.boot.autoconfigure.web.client.RestClientAutoConfiguration'
2025-11-25 21:27:09.105 DEBUG --- [           main] o.s.b.f.s.DefaultListableBeanFactory     : Creating shared instance of singleton bean 'httpMessageConvertersRestClientCustomizer'
2025-11-25 21:27:09.106 DEBUG --- [           main] o.s.b.f.s.DefaultListableBeanFactory     : Creating shared instance of singleton bean 'restClientSsl'
2025-11-25 21:27:09.106 DEBUG --- [           main] o.s.b.f.s.DefaultListableBeanFactory     : Autowiring by type from bean name 'restClientSsl' via factory method to bean named 'sslBundleRegistry'
2025-11-25 21:27:09.107 DEBUG --- [           main] o.s.b.f.s.DefaultListableBeanFactory     : Creating shared instance of singleton bean 'restClientBuilderConfigurer'
2025-11-25 21:27:09.108 DEBUG --- [           main] o.s.b.f.s.DefaultListableBeanFactory     : Creating shared instance of singleton bean 'org.springframework.boot.autoconfigure.web.client.RestTemplateAutoConfiguration'
2025-11-25 21:27:09.108 DEBUG --- [           main] o.s.b.f.s.DefaultListableBeanFactory     : Creating shared instance of singleton bean 'characterEncodingFilter'
2025-11-25 21:27:09.109 DEBUG --- [           main] o.s.b.f.s.DefaultListableBeanFactory     : Creating shared instance of singleton bean 'multipartResolver'
2025-11-25 21:27:09.111 DEBUG --- [           main] o.s.b.f.s.DefaultListableBeanFactory     : Creating shared instance of singleton bean 'org.springframework.cloud.autoconfigure.ConfigurationPropertiesRebinderAutoConfiguration'
2025-11-25 21:27:09.111 DEBUG --- [           main] o.s.b.f.s.DefaultListableBeanFactory     : Creating shared instance of singleton bean 'configurationPropertiesRebinder'
2025-11-25 21:27:09.112 DEBUG --- [           main] o.s.b.f.s.DefaultListableBeanFactory     : Autowiring by type from bean name 'configurationPropertiesRebinder' via factory method to bean named 'configurationPropertiesBeans'
2025-11-25 21:27:09.114 DEBUG --- [           main] o.s.b.f.s.DefaultListableBeanFactory     : Creating shared instance of singleton bean 'org.springframework.cloud.autoconfigure.LifecycleMvcEndpointAutoConfiguration'
2025-11-25 21:27:09.114 DEBUG --- [           main] o.s.b.f.s.DefaultListableBeanFactory     : Creating shared instance of singleton bean 'environmentManager'
2025-11-25 21:27:09.114 DEBUG --- [           main] o.s.b.f.s.DefaultListableBeanFactory     : Autowiring by type from bean name 'environmentManager' via factory method to bean named 'environment'
2025-11-25 21:27:09.115 DEBUG --- [           main] o.s.b.f.s.DefaultListableBeanFactory     : Creating shared instance of singleton bean 'org.springframework.cloud.client.discovery.composite.CompositeDiscoveryClientAutoConfiguration'
2025-11-25 21:27:09.116 DEBUG --- [           main] o.s.b.f.s.DefaultListableBeanFactory     : Creating shared instance of singleton bean 'compositeDiscoveryClient'
2025-11-25 21:27:09.116 DEBUG --- [           main] o.s.b.f.s.DefaultListableBeanFactory     : Creating shared instance of singleton bean 'simpleDiscoveryClient'
2025-11-25 21:27:09.116 DEBUG --- [           main] o.s.b.f.s.DefaultListableBeanFactory     : Creating shared instance of singleton bean 'org.springframework.cloud.client.discovery.simple.SimpleDiscoveryClientAutoConfiguration'
2025-11-25 21:27:09.120 DEBUG --- [           main] o.s.b.f.s.DefaultListableBeanFactory     : Creating shared instance of singleton bean 'inetUtils'
2025-11-25 21:27:09.120 DEBUG --- [           main] o.s.b.f.s.DefaultListableBeanFactory     : Creating shared instance of singleton bean 'org.springframework.cloud.commons.util.UtilAutoConfiguration'
2025-11-25 21:27:09.121 DEBUG --- [           main] o.s.b.f.s.DefaultListableBeanFactory     : Creating shared instance of singleton bean 'inetUtilsProperties'
2025-11-25 21:27:09.122 DEBUG --- [           main] o.s.b.f.s.DefaultListableBeanFactory     : Autowiring by type from bean name 'inetUtils' via factory method to bean named 'inetUtilsProperties'
2025-11-25 21:27:09.123 DEBUG --- [           main] o.s.b.f.s.DefaultListableBeanFactory     : Creating shared instance of singleton bean 'simpleDiscoveryProperties'
2025-11-25 21:27:09.124 DEBUG --- [           main] o.s.c.e.PropertySourcesPropertyResolver  : Found key 'spring.application.name' in PropertySource 'environmentProperties' with value of type String
2025-11-25 21:27:09.129 DEBUG --- [           main] o.s.b.f.s.DefaultListableBeanFactory     : Autowiring by type from bean name 'simpleDiscoveryClient' via factory method to bean named 'simpleDiscoveryProperties'
2025-11-25 21:27:09.131 DEBUG --- [           main] o.s.b.f.s.DefaultListableBeanFactory     : Autowiring by type from bean name 'compositeDiscoveryClient' via factory method to bean named 'simpleDiscoveryClient'
2025-11-25 21:27:09.132 DEBUG --- [           main] o.s.b.f.s.DefaultListableBeanFactory     : Creating shared instance of singleton bean 'org.springframework.cloud.client.CommonsClientAutoConfiguration'
2025-11-25 21:27:09.133 DEBUG --- [           main] o.s.b.f.s.DefaultListableBeanFactory     : Creating shared instance of singleton bean 'org.springframework.cloud.client.ReactiveCommonsClientAutoConfiguration'
2025-11-25 21:27:09.133 DEBUG --- [           main] o.s.b.f.s.DefaultListableBeanFactory     : Creating shared instance of singleton bean 'org.springframework.cloud.client.serviceregistry.AutoServiceRegistrationConfiguration'
2025-11-25 21:27:09.133 DEBUG --- [           main] o.s.b.f.s.DefaultListableBeanFactory     : Creating shared instance of singleton bean 'spring.cloud.service-registry.auto-registration-org.springframework.cloud.client.serviceregistry.AutoServiceRegistrationProperties'
2025-11-25 21:27:09.134 DEBUG --- [           main] o.s.b.f.s.DefaultListableBeanFactory     : Creating shared instance of singleton bean 'org.springframework.cloud.client.serviceregistry.AutoServiceRegistrationAutoConfiguration'
2025-11-25 21:27:09.135 DEBUG --- [           main] o.s.b.f.s.DefaultListableBeanFactory     : Creating shared instance of singleton bean 'org.springframework.cloud.client.serviceregistry.ServiceRegistryAutoConfiguration'
2025-11-25 21:27:09.135 DEBUG --- [           main] o.s.b.f.s.DefaultListableBeanFactory     : Creating shared instance of singleton bean 'org.springframework.cloud.commons.security.ResourceServerTokenRelayAutoConfiguration'
2025-11-25 21:27:09.135 DEBUG --- [           main] o.s.b.f.s.DefaultListableBeanFactory     : Creating shared instance of singleton bean 'org.springframework.cloud.configuration.CompatibilityVerifierAutoConfiguration'
2025-11-25 21:27:09.135 DEBUG --- [           main] o.s.b.f.s.DefaultListableBeanFactory     : Creating shared instance of singleton bean 'compositeCompatibilityVerifier'
2025-11-25 21:27:09.135 DEBUG --- [           main] o.s.b.f.s.DefaultListableBeanFactory     : Creating shared instance of singleton bean 'springBootVersionVerifier'
2025-11-25 21:27:09.135 DEBUG --- [           main] o.s.b.f.s.DefaultListableBeanFactory     : Creating shared instance of singleton bean 'spring.cloud.compatibility-verifier-org.springframework.cloud.configuration.CompatibilityVerifierProperties'
2025-11-25 21:27:09.137 DEBUG --- [           main] o.s.b.f.s.DefaultListableBeanFactory     : Autowiring by type from bean name 'springBootVersionVerifier' via factory method to bean named 'spring.cloud.compatibility-verifier-org.springframework.cloud.configuration.CompatibilityVerifierProperties'
2025-11-25 21:27:09.139 DEBUG --- [           main] o.s.b.f.s.DefaultListableBeanFactory     : Creating shared instance of singleton bean 'sleuthPresentVerifier'
2025-11-25 21:27:09.139 DEBUG --- [           main] o.s.b.f.s.DefaultListableBeanFactory     : Autowiring by type from bean name 'compositeCompatibilityVerifier' via factory method to bean named 'springBootVersionVerifier'
2025-11-25 21:27:09.139 DEBUG --- [           main] o.s.b.f.s.DefaultListableBeanFactory     : Autowiring by type from bean name 'compositeCompatibilityVerifier' via factory method to bean named 'sleuthPresentVerifier'
2025-11-25 21:27:09.140 DEBUG --- [           main] o.s.c.c.SpringBootVersionVerifier        : Version found in Boot manifest [3.4.1]
2025-11-25 21:27:09.140 DEBUG --- [           main] o.s.c.c.CompositeCompatibilityVerifier   : All conditions are passing
2025-11-25 21:27:09.140 DEBUG --- [           main] o.s.b.f.s.DefaultListableBeanFactory     : Creating shared instance of singleton bean 'feignFeature'
2025-11-25 21:27:09.141 DEBUG --- [           main] o.s.b.f.s.DefaultListableBeanFactory     : Creating shared instance of singleton bean 'feignChildContextInitializer'
2025-11-25 21:27:09.141 DEBUG --- [           main] o.s.b.f.s.DefaultListableBeanFactory     : Autowiring by type from bean name 'feignChildContextInitializer' via factory method to bean named 'org.springframework.web.context.support.GenericWebApplicationContext@743c6ce4'
2025-11-25 21:27:09.141 DEBUG --- [           main] o.s.b.f.s.DefaultListableBeanFactory     : Autowiring by type from bean name 'feignChildContextInitializer' via factory method to bean named 'feignContext'
2025-11-25 21:27:09.142 DEBUG --- [           main] o.s.b.f.s.DefaultListableBeanFactory     : Creating shared instance of singleton bean 'feignClientBeanFactoryInitializationCodeGenerator'
2025-11-25 21:27:09.142 DEBUG --- [           main] o.s.b.f.s.DefaultListableBeanFactory     : Autowiring by type from bean name 'feignClientBeanFactoryInitializationCodeGenerator' via factory method to bean named 'org.springframework.web.context.support.GenericWebApplicationContext@743c6ce4'
2025-11-25 21:27:09.142 DEBUG --- [           main] o.s.b.f.s.DefaultListableBeanFactory     : Autowiring by type from bean name 'feignClientBeanFactoryInitializationCodeGenerator' via factory method to bean named 'feignContext'
2025-11-25 21:27:09.147 DEBUG --- [           main] o.s.b.f.s.DefaultListableBeanFactory     : Creating shared instance of singleton bean 'spring.cloud.openfeign.httpclient-org.springframework.cloud.openfeign.support.FeignHttpClientProperties'
2025-11-25 21:27:09.159 DEBUG --- [           main] o.s.c.support.DefaultLifecycleProcessor  : Starting beans in phase -2147483647
2025-11-25 21:27:09.159 DEBUG --- [           main] o.s.c.support.DefaultLifecycleProcessor  : Successfully started bean 'springBootLoggingLifecycle'
2025-11-25 21:27:09.159 DEBUG --- [           main] o.s.c.support.DefaultLifecycleProcessor  : Starting beans in phase 0
2025-11-25 21:27:09.159 DEBUG --- [           main] o.s.c.support.DefaultLifecycleProcessor  : Starting beans in phase 1073741823
2025-11-25 21:27:09.159 DEBUG --- [           main] o.s.c.support.DefaultLifecycleProcessor  : Starting beans in phase 2147483647
2025-11-25 21:27:09.160 DEBUG --- [           main] o.s.d.r.l.RedisMessageListenerContainer  : Starting RedisMessageListenerContainer...
2025-11-25 21:27:09.161 DEBUG --- [           main] o.s.d.r.l.RedisMessageListenerContainer  : Postpone listening for Redis messages until actual listeners are added
2025-11-25 21:27:09.161 DEBUG --- [           main] o.s.c.support.DefaultLifecycleProcessor  : Successfully started bean 'redisKeyValueAdapter'
2025-11-25 21:27:09.175 DEBUG --- [           main] .s.b.a.l.ConditionEvaluationReportLogger : 


============================
CONDITIONS EVALUATION REPORT
============================


Positive matches:
-----------------

   AopAutoConfiguration matched:
      - @ConditionalOnProperty (spring.aop.auto=true) matched (OnPropertyCondition)

   AopAutoConfiguration.AspectJAutoProxyingConfiguration matched:
      - @ConditionalOnClass found required class 'org.aspectj.weaver.Advice' (OnClassCondition)

   AopAutoConfiguration.AspectJAutoProxyingConfiguration.CglibAutoProxyConfiguration matched:
      - @ConditionalOnProperty (spring.aop.proxy-target-class=true) matched (OnPropertyCondition)

   ApplicationAvailabilityAutoConfiguration#applicationAvailability matched:
      - @ConditionalOnMissingBean (types: org.springframework.boot.availability.ApplicationAvailability; SearchStrategy: all) did not find any beans (OnBeanCondition)

   AutoServiceRegistrationAutoConfiguration matched:
      - @ConditionalOnProperty (spring.cloud.service-registry.auto-registration.enabled) matched (OnPropertyCondition)

   AutoServiceRegistrationConfiguration matched:
      - @ConditionalOnProperty (spring.cloud.service-registry.auto-registration.enabled) matched (OnPropertyCondition)

   CompatibilityVerifierAutoConfiguration matched:
      - @ConditionalOnProperty (spring.cloud.compatibility-verifier.enabled) matched (OnPropertyCondition)

   ConfigurationPropertiesRebinderAutoConfiguration matched:
      - @ConditionalOnBean (types: org.springframework.boot.context.properties.ConfigurationPropertiesBindingPostProcessor; SearchStrategy: all) found bean 'org.springframework.boot.context.properties.ConfigurationPropertiesBindingPostProcessor' (OnBeanCondition)

   ConfigurationPropertiesRebinderAutoConfiguration#configurationPropertiesBeans matched:
      - @ConditionalOnMissingBean (types: org.springframework.cloud.context.properties.ConfigurationPropertiesBeans; SearchStrategy: current) did not find any beans (OnBeanCondition)

   ConfigurationPropertiesRebinderAutoConfiguration#configurationPropertiesRebinder matched:
      - @ConditionalOnMissingBean (types: org.springframework.cloud.context.properties.ConfigurationPropertiesRebinder; SearchStrategy: current) did not find any beans (OnBeanCondition)

   DataSourceAutoConfiguration matched:
      - @ConditionalOnClass found required classes 'javax.sql.DataSource', 'org.springframework.jdbc.datasource.embedded.EmbeddedDatabaseType' (OnClassCondition)
      - @ConditionalOnMissingBean (types: io.r2dbc.spi.ConnectionFactory; SearchStrategy: all) did not find any beans (OnBeanCondition)

   DataSourceAutoConfiguration.PooledDataSourceConfiguration matched:
      - AnyNestedCondition 1 matched 1 did not; NestedCondition on DataSourceAutoConfiguration.PooledDataSourceCondition.PooledDataSourceAvailable PooledDataSource found supported DataSource; NestedCondition on DataSourceAutoConfiguration.PooledDataSourceCondition.ExplicitType @ConditionalOnProperty (spring.datasource.type) did not find property 'type' (DataSourceAutoConfiguration.PooledDataSourceCondition)
      - @ConditionalOnMissingBean (types: javax.sql.DataSource,javax.sql.XADataSource; SearchStrategy: all) did not find any beans (OnBeanCondition)

   DataSourceAutoConfiguration.PooledDataSourceConfiguration#jdbcConnectionDetails matched:
      - @ConditionalOnMissingBean (types: org.springframework.boot.autoconfigure.jdbc.JdbcConnectionDetails; SearchStrategy: all) did not find any beans (OnBeanCondition)

   DataSourceConfiguration.Hikari matched:
      - @ConditionalOnClass found required class 'com.zaxxer.hikari.HikariDataSource' (OnClassCondition)
      - @ConditionalOnProperty (spring.datasource.type=com.zaxxer.hikari.HikariDataSource) matched (OnPropertyCondition)
      - @ConditionalOnMissingBean (types: javax.sql.DataSource; SearchStrategy: all) did not find any beans (OnBeanCondition)

   DataSourceInitializationConfiguration matched:
      - @ConditionalOnClass found required class 'org.springframework.jdbc.datasource.init.DatabasePopulator' (OnClassCondition)
      - @ConditionalOnSingleCandidate (types: javax.sql.DataSource; SearchStrategy: all) found a single bean 'dataSource'; @ConditionalOnMissingBean (types: org.springframework.boot.autoconfigure.sql.init.SqlDataSourceScriptDatabaseInitializer,org.springframework.boot.autoconfigure.sql.init.SqlR2dbcScriptDatabaseInitializer; SearchStrategy: all) did not find any beans (OnBeanCondition)

   DataSourcePoolMetadataProvidersConfiguration.HikariPoolDataSourceMetadataProviderConfiguration matched:
      - @ConditionalOnClass found required class 'com.zaxxer.hikari.HikariDataSource' (OnClassCondition)

   DataSourceTransactionManagerAutoConfiguration matched:
      - @ConditionalOnClass found required classes 'javax.sql.DataSource', 'org.springframework.jdbc.core.JdbcTemplate', 'org.springframework.transaction.TransactionManager' (OnClassCondition)

   DataSourceTransactionManagerAutoConfiguration.JdbcTransactionManagerConfiguration matched:
      - @ConditionalOnSingleCandidate (types: javax.sql.DataSource; SearchStrategy: all) found a single bean 'dataSource' (OnBeanCondition)

   DispatcherServletAutoConfiguration matched:
      - @ConditionalOnClass found required class 'org.springframework.web.servlet.DispatcherServlet' (OnClassCondition)
      - found 'session' scope (OnWebApplicationCondition)

   DispatcherServletAutoConfiguration.DispatcherServletConfiguration matched:
      - @ConditionalOnClass found required class 'jakarta.servlet.ServletRegistration' (OnClassCondition)
      - Default DispatcherServlet did not find dispatcher servlet beans (DispatcherServletAutoConfiguration.DefaultDispatcherServletCondition)

   DispatcherServletAutoConfiguration.DispatcherServletRegistrationConfiguration matched:
      - @ConditionalOnClass found required class 'jakarta.servlet.ServletRegistration' (OnClassCondition)
      - DispatcherServlet Registration did not find servlet registration bean (DispatcherServletAutoConfiguration.DispatcherServletRegistrationCondition)

   DispatcherServletAutoConfiguration.DispatcherServletRegistrationConfiguration#dispatcherServletRegistration matched:
      - @ConditionalOnBean (names: dispatcherServlet types: org.springframework.web.servlet.DispatcherServlet; SearchStrategy: all) found bean 'dispatcherServlet' (OnBeanCondition)

   ErrorMvcAutoConfiguration matched:
      - @ConditionalOnClass found required classes 'jakarta.servlet.Servlet', 'org.springframework.web.servlet.DispatcherServlet' (OnClassCondition)
      - found 'session' scope (OnWebApplicationCondition)

   ErrorMvcAutoConfiguration#basicErrorController matched:
      - @ConditionalOnMissingBean (types: org.springframework.boot.web.servlet.error.ErrorController; SearchStrategy: current) did not find any beans (OnBeanCondition)

   ErrorMvcAutoConfiguration#errorAttributes matched:
      - @ConditionalOnMissingBean (types: org.springframework.boot.web.servlet.error.ErrorAttributes; SearchStrategy: current) did not find any beans (OnBeanCondition)

   ErrorMvcAutoConfiguration.DefaultErrorViewResolverConfiguration#conventionErrorViewResolver matched:
      - @ConditionalOnBean (types: org.springframework.web.servlet.DispatcherServlet; SearchStrategy: all) found bean 'dispatcherServlet'; @ConditionalOnMissingBean (types: org.springframework.boot.autoconfigure.web.servlet.error.ErrorViewResolver; SearchStrategy: all) did not find any beans (OnBeanCondition)

   ErrorMvcAutoConfiguration.WhitelabelErrorViewConfiguration matched:
      - @ConditionalOnProperty (server.error.whitelabel.enabled) matched (OnPropertyCondition)
      - ErrorTemplate Missing did not find error template view (ErrorMvcAutoConfiguration.ErrorTemplateMissingCondition)

   ErrorMvcAutoConfiguration.WhitelabelErrorViewConfiguration#beanNameViewResolver matched:
      - @ConditionalOnMissingBean (types: org.springframework.web.servlet.view.BeanNameViewResolver; SearchStrategy: all) did not find any beans (OnBeanCondition)

   ErrorMvcAutoConfiguration.WhitelabelErrorViewConfiguration#defaultErrorView matched:
      - @ConditionalOnMissingBean (names: error; SearchStrategy: all) did not find any beans (OnBeanCondition)

   FeignAutoConfiguration matched:
      - @ConditionalOnClass found required class 'feign.Feign' (OnClassCondition)

   FeignAutoConfiguration.DefaultFeignTargeterConfiguration matched:
      - AnyNestedCondition 1 matched 1 did not; NestedCondition on FeignCircuitBreakerDisabledConditions.CircuitBreakerDisabled @ConditionalOnProperty (spring.cloud.openfeign.circuitbreaker.enabled=false) matched; NestedCondition on FeignCircuitBreakerDisabledConditions.CircuitBreakerClassMissing @ConditionalOnMissingClass found unwanted class 'org.springframework.cloud.client.circuitbreaker.CircuitBreaker' (FeignCircuitBreakerDisabledConditions)

   FeignAutoConfiguration.DefaultFeignTargeterConfiguration#feignTargeter matched:
      - @ConditionalOnMissingBean (types: org.springframework.cloud.openfeign.Targeter; SearchStrategy: all) did not find any beans (OnBeanCondition)

   FeignAutoConfiguration.FeignJacksonConfiguration matched:
      - @ConditionalOnClass found required classes 'com.fasterxml.jackson.databind.Module', 'org.springframework.data.domain.Page', 'org.springframework.data.domain.Sort' (OnClassCondition)
      - @ConditionalOnProperty (spring.cloud.openfeign.autoconfiguration.jackson.enabled=true) matched (OnPropertyCondition)

   FeignAutoConfiguration.FeignJacksonConfiguration#pageJacksonModule matched:
      - @ConditionalOnMissingBean (types: org.springframework.cloud.openfeign.support.PageJacksonModule; SearchStrategy: all) did not find any beans (OnBeanCondition)

   FeignAutoConfiguration.FeignJacksonConfiguration#sortModule matched:
      - @ConditionalOnMissingBean (types: org.springframework.cloud.openfeign.support.SortJacksonModule; SearchStrategy: all) did not find any beans (OnBeanCondition)

   GenericCacheConfiguration matched:
      - Cache org.springframework.boot.autoconfigure.cache.GenericCacheConfiguration automatic cache type (CacheCondition)

   HibernateJpaAutoConfiguration matched:
      - @ConditionalOnClass found required classes 'org.springframework.orm.jpa.LocalContainerEntityManagerFactoryBean', 'jakarta.persistence.EntityManager', 'org.hibernate.engine.spi.SessionImplementor' (OnClassCondition)

   HibernateJpaConfiguration matched:
      - @ConditionalOnSingleCandidate (types: javax.sql.DataSource; SearchStrategy: all) found a single bean 'dataSource' (OnBeanCondition)

   HttpClientAutoConfiguration matched:
      - @ConditionalOnClass found required class 'org.springframework.http.client.ClientHttpRequestFactory' (OnClassCondition)
      - NoneNestedConditions 0 matched 1 did not; NestedCondition on NotReactiveWebApplicationCondition.ReactiveWebApplication did not find reactive web application classes (NotReactiveWebApplicationCondition)

   HttpClientAutoConfiguration#clientHttpRequestFactoryBuilder matched:
      - @ConditionalOnMissingBean (types: org.springframework.boot.http.client.ClientHttpRequestFactoryBuilder; SearchStrategy: all) did not find any beans (OnBeanCondition)

   HttpClientAutoConfiguration#clientHttpRequestFactorySettings matched:
      - @ConditionalOnMissingBean (types: org.springframework.boot.http.client.ClientHttpRequestFactorySettings; SearchStrategy: all) did not find any beans (OnBeanCondition)

   HttpEncodingAutoConfiguration matched:
      - @ConditionalOnClass found required class 'org.springframework.web.filter.CharacterEncodingFilter' (OnClassCondition)
      - found 'session' scope (OnWebApplicationCondition)
      - @ConditionalOnProperty (server.servlet.encoding.enabled) matched (OnPropertyCondition)

   HttpEncodingAutoConfiguration#characterEncodingFilter matched:
      - @ConditionalOnMissingBean (types: org.springframework.web.filter.CharacterEncodingFilter; SearchStrategy: all) did not find any beans (OnBeanCondition)

   HttpMessageConvertersAutoConfiguration matched:
      - @ConditionalOnClass found required class 'org.springframework.http.converter.HttpMessageConverter' (OnClassCondition)
      - NoneNestedConditions 0 matched 1 did not; NestedCondition on HttpMessageConvertersAutoConfiguration.NotReactiveWebApplicationCondition.ReactiveWebApplication did not find reactive web application classes (HttpMessageConvertersAutoConfiguration.NotReactiveWebApplicationCondition)

   HttpMessageConvertersAutoConfiguration#messageConverters matched:
      - @ConditionalOnMissingBean (types: org.springframework.boot.autoconfigure.http.HttpMessageConverters; SearchStrategy: all) did not find any beans (OnBeanCondition)

   HttpMessageConvertersAutoConfiguration.StringHttpMessageConverterConfiguration matched:
      - @ConditionalOnClass found required class 'org.springframework.http.converter.StringHttpMessageConverter' (OnClassCondition)

   HttpMessageConvertersAutoConfiguration.StringHttpMessageConverterConfiguration#stringHttpMessageConverter matched:
      - @ConditionalOnMissingBean (types: org.springframework.http.converter.StringHttpMessageConverter; SearchStrategy: all) did not find any beans (OnBeanCondition)

   JacksonAutoConfiguration matched:
      - @ConditionalOnClass found required class 'com.fasterxml.jackson.databind.ObjectMapper' (OnClassCondition)

   JacksonAutoConfiguration.Jackson2ObjectMapperBuilderCustomizerConfiguration matched:
      - @ConditionalOnClass found required class 'org.springframework.http.converter.json.Jackson2ObjectMapperBuilder' (OnClassCondition)

   JacksonAutoConfiguration.JacksonObjectMapperBuilderConfiguration matched:
      - @ConditionalOnClass found required class 'org.springframework.http.converter.json.Jackson2ObjectMapperBuilder' (OnClassCondition)

   JacksonAutoConfiguration.JacksonObjectMapperBuilderConfiguration#jacksonObjectMapperBuilder matched:
      - @ConditionalOnMissingBean (types: org.springframework.http.converter.json.Jackson2ObjectMapperBuilder; SearchStrategy: all) did not find any beans (OnBeanCondition)

   JacksonAutoConfiguration.JacksonObjectMapperConfiguration matched:
      - @ConditionalOnClass found required class 'org.springframework.http.converter.json.Jackson2ObjectMapperBuilder' (OnClassCondition)

   JacksonAutoConfiguration.ParameterNamesModuleConfiguration matched:
      - @ConditionalOnClass found required class 'com.fasterxml.jackson.module.paramnames.ParameterNamesModule' (OnClassCondition)

   JacksonAutoConfiguration.ParameterNamesModuleConfiguration#parameterNamesModule matched:
      - @ConditionalOnMissingBean (types: com.fasterxml.jackson.module.paramnames.ParameterNamesModule; SearchStrategy: all) did not find any beans (OnBeanCondition)

   JacksonHttpMessageConvertersConfiguration.MappingJackson2HttpMessageConverterConfiguration matched:
      - @ConditionalOnClass found required class 'com.fasterxml.jackson.databind.ObjectMapper' (OnClassCondition)
      - @ConditionalOnProperty (spring.mvc.converters.preferred-json-mapper=jackson) matched (OnPropertyCondition)
      - @ConditionalOnBean (types: com.fasterxml.jackson.databind.ObjectMapper; SearchStrategy: all) found bean 'objectMapper' (OnBeanCondition)

   JacksonHttpMessageConvertersConfiguration.MappingJackson2HttpMessageConverterConfiguration#mappingJackson2HttpMessageConverter matched:
      - @ConditionalOnMissingBean (types: org.springframework.http.converter.json.MappingJackson2HttpMessageConverter ignored: org.springframework.hateoas.server.mvc.TypeConstrainedMappingJackson2HttpMessageConverter,org.springframework.data.rest.webmvc.alps.AlpsJsonHttpMessageConverter; SearchStrategy: all) did not find any beans (OnBeanCondition)

   JdbcClientAutoConfiguration matched:
      - @ConditionalOnSingleCandidate (types: org.springframework.jdbc.core.namedparam.NamedParameterJdbcTemplate; SearchStrategy: all) found a single bean 'namedParameterJdbcTemplate'; @ConditionalOnMissingBean (types: org.springframework.jdbc.core.simple.JdbcClient; SearchStrategy: all) did not find any beans (OnBeanCondition)

   JdbcTemplateAutoConfiguration matched:
      - @ConditionalOnClass found required classes 'javax.sql.DataSource', 'org.springframework.jdbc.core.JdbcTemplate' (OnClassCondition)
      - @ConditionalOnSingleCandidate (types: javax.sql.DataSource; SearchStrategy: all) found a single bean 'dataSource' (OnBeanCondition)

   JdbcTemplateConfiguration matched:
      - @ConditionalOnMissingBean (types: org.springframework.jdbc.core.JdbcOperations; SearchStrategy: all) did not find any beans (OnBeanCondition)

   JpaBaseConfiguration#entityManagerFactory matched:
      - @ConditionalOnMissingBean (types: org.springframework.orm.jpa.LocalContainerEntityManagerFactoryBean,jakarta.persistence.EntityManagerFactory; SearchStrategy: all) did not find any beans (OnBeanCondition)

   JpaBaseConfiguration#entityManagerFactoryBuilder matched:
      - @ConditionalOnMissingBean (types: org.springframework.boot.orm.jpa.EntityManagerFactoryBuilder; SearchStrategy: all) did not find any beans (OnBeanCondition)

   JpaBaseConfiguration#jpaVendorAdapter matched:
      - @ConditionalOnMissingBean (types: org.springframework.orm.jpa.JpaVendorAdapter; SearchStrategy: all) did not find any beans (OnBeanCondition)

   JpaBaseConfiguration#transactionManager matched:
      - @ConditionalOnMissingBean (types: org.springframework.transaction.TransactionManager; SearchStrategy: all) did not find any beans (OnBeanCondition)

   JpaBaseConfiguration.JpaWebConfiguration matched:
      - @ConditionalOnClass found required class 'org.springframework.web.servlet.config.annotation.WebMvcConfigurer' (OnClassCondition)
      - found 'session' scope (OnWebApplicationCondition)
      - @ConditionalOnProperty (spring.jpa.open-in-view=true) matched (OnPropertyCondition)
      - @ConditionalOnMissingBean (types: org.springframework.orm.jpa.support.OpenEntityManagerInViewInterceptor,org.springframework.orm.jpa.support.OpenEntityManagerInViewFilter; SearchStrategy: all) did not find any beans (OnBeanCondition)

   JpaBaseConfiguration.PersistenceManagedTypesConfiguration matched:
      - @ConditionalOnMissingBean (types: org.springframework.orm.jpa.LocalContainerEntityManagerFactoryBean,jakarta.persistence.EntityManagerFactory; SearchStrategy: all) did not find any beans (OnBeanCondition)

   JpaBaseConfiguration.PersistenceManagedTypesConfiguration#persistenceManagedTypes matched:
      - @ConditionalOnMissingBean (types: org.springframework.orm.jpa.persistenceunit.PersistenceManagedTypes; SearchStrategy: all) did not find any beans (OnBeanCondition)

   JpaRepositoriesAutoConfiguration matched:
      - @ConditionalOnClass found required class 'org.springframework.data.jpa.repository.JpaRepository' (OnClassCondition)
      - @ConditionalOnProperty (spring.data.jpa.repositories.enabled=true) matched (OnPropertyCondition)
      - @ConditionalOnBean (types: javax.sql.DataSource; SearchStrategy: all) found bean 'dataSource'; @ConditionalOnMissingBean (types: org.springframework.data.jpa.repository.support.JpaRepositoryFactoryBean,org.springframework.data.jpa.repository.config.JpaRepositoryConfigExtension; SearchStrategy: all) did not find any beans (OnBeanCondition)

   JtaAutoConfiguration matched:
      - @ConditionalOnClass found required class 'jakarta.transaction.Transaction' (OnClassCondition)
      - @ConditionalOnProperty (spring.jta.enabled) matched (OnPropertyCondition)

   LettuceConnectionConfiguration matched:
      - @ConditionalOnClass found required class 'io.lettuce.core.RedisClient' (OnClassCondition)
      - @ConditionalOnProperty (spring.data.redis.client-type=lettuce) matched (OnPropertyCondition)

   LettuceConnectionConfiguration#lettuceClientResources matched:
      - @ConditionalOnMissingBean (types: io.lettuce.core.resource.ClientResources; SearchStrategy: all) did not find any beans (OnBeanCondition)

   LifecycleAutoConfiguration#defaultLifecycleProcessor matched:
      - @ConditionalOnMissingBean (names: lifecycleProcessor; SearchStrategy: current) did not find any beans (OnBeanCondition)

   LifecycleMvcEndpointAutoConfiguration#environmentManager matched:
      - @ConditionalOnMissingBean (types: org.springframework.cloud.context.environment.EnvironmentManager; SearchStrategy: all) did not find any beans (OnBeanCondition)

   MailSenderAutoConfiguration matched:
      - @ConditionalOnClass found required classes 'jakarta.mail.internet.MimeMessage', 'jakarta.activation.MimeType', 'org.springframework.mail.MailSender' (OnClassCondition)
      - AnyNestedCondition 1 matched 1 did not; NestedCondition on MailSenderAutoConfiguration.MailSenderCondition.JndiNameProperty @ConditionalOnProperty (spring.mail.jndi-name) did not find property 'jndi-name'; NestedCondition on MailSenderAutoConfiguration.MailSenderCondition.HostProperty @ConditionalOnProperty (spring.mail.host) matched (MailSenderAutoConfiguration.MailSenderCondition)
      - @ConditionalOnMissingBean (types: org.springframework.mail.MailSender; SearchStrategy: all) did not find any beans (OnBeanCondition)

   MailSenderPropertiesConfiguration matched:
      - @ConditionalOnProperty (spring.mail.host) matched (OnPropertyCondition)

   MailSenderPropertiesConfiguration#mailSender matched:
      - @ConditionalOnMissingBean (types: org.springframework.mail.javamail.JavaMailSender; SearchStrategy: all) did not find any beans (OnBeanCondition)

   MultipartAutoConfiguration matched:
      - @ConditionalOnClass found required classes 'jakarta.servlet.Servlet', 'org.springframework.web.multipart.support.StandardServletMultipartResolver', 'jakarta.servlet.MultipartConfigElement' (OnClassCondition)
      - found 'session' scope (OnWebApplicationCondition)
      - @ConditionalOnProperty (spring.servlet.multipart.enabled) matched (OnPropertyCondition)

   MultipartAutoConfiguration#multipartConfigElement matched:
      - @ConditionalOnMissingBean (types: jakarta.servlet.MultipartConfigElement; SearchStrategy: all) did not find any beans (OnBeanCondition)

   MultipartAutoConfiguration#multipartResolver matched:
      - @ConditionalOnMissingBean (types: org.springframework.web.multipart.MultipartResolver; SearchStrategy: all) did not find any beans (OnBeanCondition)

   NamedParameterJdbcTemplateConfiguration matched:
      - @ConditionalOnSingleCandidate (types: org.springframework.jdbc.core.JdbcTemplate; SearchStrategy: all) found a single bean 'jdbcTemplate'; @ConditionalOnMissingBean (types: org.springframework.jdbc.core.namedparam.NamedParameterJdbcOperations; SearchStrategy: all) did not find any beans (OnBeanCondition)

   NettyAutoConfiguration matched:
      - @ConditionalOnClass found required class 'io.netty.util.NettyRuntime' (OnClassCondition)

   NoOpCacheConfiguration matched:
      - Cache org.springframework.boot.autoconfigure.cache.NoOpCacheConfiguration automatic cache type (CacheCondition)

   OAuth2ClientAutoConfiguration matched:
      - @ConditionalOnClass found required classes 'org.springframework.security.config.annotation.web.configuration.EnableWebSecurity', 'org.springframework.security.oauth2.client.registration.ClientRegistration' (OnClassCondition)
      - found 'session' scope (OnWebApplicationCondition)

   OAuth2ClientRegistrationRepositoryConfiguration matched:
      - OAuth2 Clients Configured Condition found registered clients 806346174841-9pifhqqo2hkbbjbhpodpq508mr5qpu30.apps.googleusercontent.com (ClientsConfiguredCondition)

   OAuth2ClientRegistrationRepositoryConfiguration#clientRegistrationRepository matched:
      - @ConditionalOnMissingBean (types: org.springframework.security.oauth2.client.registration.ClientRegistrationRepository; SearchStrategy: all) did not find any beans (OnBeanCondition)

   OAuth2ResourceServerAutoConfiguration matched:
      - @ConditionalOnClass found required class 'org.springframework.security.oauth2.server.resource.authentication.BearerTokenAuthenticationToken' (OnClassCondition)
      - found 'session' scope (OnWebApplicationCondition)

   OAuth2ResourceServerOpaqueTokenConfiguration.OpaqueTokenIntrospectionClientConfiguration matched:
      - @ConditionalOnMissingBean (types: org.springframework.security.oauth2.server.resource.introspection.OpaqueTokenIntrospector; SearchStrategy: all) did not find any beans (OnBeanCondition)

   OAuth2WebSecurityConfiguration matched:
      - @ConditionalOnBean (types: org.springframework.security.oauth2.client.registration.ClientRegistrationRepository; SearchStrategy: all) found bean 'clientRegistrationRepository' (OnBeanCondition)

   OAuth2WebSecurityConfiguration#authorizedClientRepository matched:
      - @ConditionalOnMissingBean (types: org.springframework.security.oauth2.client.web.OAuth2AuthorizedClientRepository; SearchStrategy: all) did not find any beans (OnBeanCondition)

   OAuth2WebSecurityConfiguration#authorizedClientService matched:
      - @ConditionalOnMissingBean (types: org.springframework.security.oauth2.client.OAuth2AuthorizedClientService; SearchStrategy: all) did not find any beans (OnBeanCondition)

   Oauth2ResourceServerConfiguration.JwtConfiguration matched:
      - @ConditionalOnClass found required class 'org.springframework.security.oauth2.jwt.JwtDecoder' (OnClassCondition)

   PersistenceExceptionTranslationAutoConfiguration matched:
      - @ConditionalOnClass found required class 'org.springframework.dao.annotation.PersistenceExceptionTranslationPostProcessor' (OnClassCondition)

   PersistenceExceptionTranslationAutoConfiguration#persistenceExceptionTranslationPostProcessor matched:
      - @ConditionalOnProperty (spring.dao.exceptiontranslation.enabled) matched (OnPropertyCondition)
      - @ConditionalOnMissingBean (types: org.springframework.dao.annotation.PersistenceExceptionTranslationPostProcessor; SearchStrategy: all) did not find any beans (OnBeanCondition)

   PropertyPlaceholderAutoConfiguration#propertySourcesPlaceholderConfigurer matched:
      - @ConditionalOnMissingBean (types: org.springframework.context.support.PropertySourcesPlaceholderConfigurer; SearchStrategy: current) did not find any beans (OnBeanCondition)

   ReactorAutoConfiguration matched:
      - @ConditionalOnClass found required class 'reactor.core.publisher.Hooks' (OnClassCondition)

   RedisAutoConfiguration matched:
      - @ConditionalOnClass found required class 'org.springframework.data.redis.core.RedisOperations' (OnClassCondition)

   RedisAutoConfiguration#redisConnectionDetails matched:
      - @ConditionalOnMissingBean (types: org.springframework.boot.autoconfigure.data.redis.RedisConnectionDetails; SearchStrategy: all) did not find any beans (OnBeanCondition)

   RedisAutoConfiguration#stringRedisTemplate matched:
      - @ConditionalOnSingleCandidate (types: org.springframework.data.redis.connection.RedisConnectionFactory; SearchStrategy: all) found a single bean 'redisConnectionFactory'; @ConditionalOnMissingBean (types: org.springframework.data.redis.core.StringRedisTemplate; SearchStrategy: all) did not find any beans (OnBeanCondition)

   RedisCacheConfiguration matched:
      - @ConditionalOnClass found required class 'org.springframework.data.redis.connection.RedisConnectionFactory' (OnClassCondition)
      - Cache org.springframework.boot.autoconfigure.cache.RedisCacheConfiguration automatic cache type (CacheCondition)

   RedisReactiveAutoConfiguration matched:
      - @ConditionalOnClass found required classes 'org.springframework.data.redis.connection.ReactiveRedisConnectionFactory', 'org.springframework.data.redis.core.ReactiveRedisTemplate', 'reactor.core.publisher.Flux' (OnClassCondition)

   RedisReactiveAutoConfiguration#reactiveRedisTemplate matched:
      - @ConditionalOnBean (types: org.springframework.data.redis.connection.ReactiveRedisConnectionFactory; SearchStrategy: all) found bean 'redisConnectionFactory'; @ConditionalOnMissingBean (names: reactiveRedisTemplate; SearchStrategy: all) did not find any beans (OnBeanCondition)

   RedisReactiveAutoConfiguration#reactiveStringRedisTemplate matched:
      - @ConditionalOnBean (types: org.springframework.data.redis.connection.ReactiveRedisConnectionFactory; SearchStrategy: all) found bean 'redisConnectionFactory'; @ConditionalOnMissingBean (names: reactiveStringRedisTemplate; SearchStrategy: all) did not find any beans (OnBeanCondition)

   RedisRepositoriesAutoConfiguration matched:
      - @ConditionalOnClass found required class 'org.springframework.data.redis.repository.configuration.EnableRedisRepositories' (OnClassCondition)
      - @ConditionalOnProperty (spring.data.redis.repositories.enabled=true) matched (OnPropertyCondition)
      - @ConditionalOnBean (types: org.springframework.data.redis.connection.RedisConnectionFactory; SearchStrategy: all) found bean 'redisConnectionFactory'; @ConditionalOnMissingBean (types: org.springframework.data.redis.repository.support.RedisRepositoryFactoryBean; SearchStrategy: all) did not find any beans (OnBeanCondition)

   RefreshAutoConfiguration matched:
      - @ConditionalOnClass found required class 'org.springframework.cloud.context.scope.refresh.RefreshScope' (OnClassCondition)
      - @ConditionalOnProperty (spring.cloud.refresh.enabled) matched (OnPropertyCondition)

   RefreshAutoConfiguration#configDataContextRefresher matched:
      - @ConditionalOnMissingBean (types: org.springframework.cloud.context.refresh.ConfigDataContextRefresher; SearchStrategy: all) did not find any beans (OnBeanCondition)
      - NoneNestedConditions 0 matched 3 did not; NestedCondition on ConditionalOnBootstrapDisabled.OnBootstrapDisabledCondition.OnBootstrapEnabled @ConditionalOnProperty (spring.cloud.bootstrap.enabled) did not find property 'spring.cloud.bootstrap.enabled'; NestedCondition on ConditionalOnBootstrapDisabled.OnBootstrapDisabledCondition.OnUseLegacyProcessingEnabled @ConditionalOnProperty (spring.config.use-legacy-processing) did not find property 'spring.config.use-legacy-processing'; NestedCondition on ConditionalOnBootstrapDisabled.OnBootstrapDisabledCondition.OnBootstrapMarkerClassPresent @ConditionalOnClass did not find required class 'org.springframework.cloud.bootstrap.marker.Marker' (ConditionalOnBootstrapDisabled.OnBootstrapDisabledCondition)

   RefreshAutoConfiguration#loggingRebinder matched:
      - @ConditionalOnMissingBean (types: org.springframework.cloud.logging.LoggingRebinder; SearchStrategy: all) did not find any beans (OnBeanCondition)

   RefreshAutoConfiguration#refreshScope matched:
      - @ConditionalOnMissingBean (types: org.springframework.cloud.context.scope.refresh.RefreshScope; SearchStrategy: all) did not find any beans (OnBeanCondition)

   RefreshAutoConfiguration#refreshScopeLifecycle matched:
      - @ConditionalOnProperty (spring.cloud.refresh.on-restart.enabled) matched (OnPropertyCondition)

   ResourceServerTokenRelayAutoConfiguration matched:
      - @ConditionalOnClass found required class 'org.springframework.web.servlet.config.annotation.WebMvcConfigurer' (OnClassCondition)
      - found 'session' scope (OnWebApplicationCondition)
      - @ConditionalOnProperty (spring.cloud.mvc.token-relay.enabled) matched (OnPropertyCondition)

   RestClientAutoConfiguration matched:
      - @ConditionalOnClass found required class 'org.springframework.web.client.RestClient' (OnClassCondition)
      - NoneNestedConditions 0 matched 1 did not; NestedCondition on NotReactiveWebApplicationCondition.ReactiveWebApplication did not find reactive web application classes (NotReactiveWebApplicationCondition)

   RestClientAutoConfiguration#httpMessageConvertersRestClientCustomizer matched:
      - @ConditionalOnMissingBean (types: org.springframework.boot.autoconfigure.web.client.HttpMessageConvertersRestClientCustomizer; SearchStrategy: all) did not find any beans (OnBeanCondition)

   RestClientAutoConfiguration#restClientBuilder matched:
      - @ConditionalOnMissingBean (types: org.springframework.web.client.RestClient$Builder; SearchStrategy: all) did not find any beans (OnBeanCondition)

   RestClientAutoConfiguration#restClientBuilderConfigurer matched:
      - @ConditionalOnMissingBean (types: org.springframework.boot.autoconfigure.web.client.RestClientBuilderConfigurer; SearchStrategy: all) did not find any beans (OnBeanCondition)

   RestClientAutoConfiguration#restClientSsl matched:
      - @ConditionalOnBean (types: org.springframework.boot.ssl.SslBundles; SearchStrategy: all) found bean 'sslBundleRegistry'; @ConditionalOnMissingBean (types: org.springframework.boot.autoconfigure.web.client.RestClientSsl; SearchStrategy: all) did not find any beans (OnBeanCondition)

   RestTemplateAutoConfiguration matched:
      - @ConditionalOnClass found required class 'org.springframework.web.client.RestTemplate' (OnClassCondition)
      - NoneNestedConditions 0 matched 1 did not; NestedCondition on NotReactiveWebApplicationCondition.ReactiveWebApplication did not find reactive web application classes (NotReactiveWebApplicationCondition)

   RestTemplateAutoConfiguration#restTemplateBuilder matched:
      - @ConditionalOnMissingBean (types: org.springframework.boot.web.client.RestTemplateBuilder; SearchStrategy: all) did not find any beans (OnBeanCondition)

   SecurityAutoConfiguration matched:
      - @ConditionalOnClass found required class 'org.springframework.security.authentication.DefaultAuthenticationEventPublisher' (OnClassCondition)

   SecurityAutoConfiguration#authenticationEventPublisher matched:
      - @ConditionalOnMissingBean (types: org.springframework.security.authentication.AuthenticationEventPublisher; SearchStrategy: all) did not find any beans (OnBeanCondition)

   SecurityFilterAutoConfiguration matched:
      - @ConditionalOnClass found required classes 'org.springframework.security.web.context.AbstractSecurityWebApplicationInitializer', 'org.springframework.security.config.http.SessionCreationPolicy' (OnClassCondition)
      - found 'session' scope (OnWebApplicationCondition)

   SecurityFilterAutoConfiguration#securityFilterChainRegistration matched:
      - @ConditionalOnBean (names: springSecurityFilterChain; SearchStrategy: all) found bean 'springSecurityFilterChain' (OnBeanCondition)

   ServletWebServerFactoryAutoConfiguration matched:
      - @ConditionalOnClass found required class 'jakarta.servlet.ServletRequest' (OnClassCondition)
      - found 'session' scope (OnWebApplicationCondition)

   ServletWebServerFactoryAutoConfiguration#tomcatServletWebServerFactoryCustomizer matched:
      - @ConditionalOnClass found required class 'org.apache.catalina.startup.Tomcat' (OnClassCondition)

   ServletWebServerFactoryConfiguration.EmbeddedTomcat matched:
      - @ConditionalOnClass found required classes 'jakarta.servlet.Servlet', 'org.apache.catalina.startup.Tomcat', 'org.apache.coyote.UpgradeProtocol' (OnClassCondition)
      - @ConditionalOnMissingBean (types: org.springframework.boot.web.servlet.server.ServletWebServerFactory; SearchStrategy: current) did not find any beans (OnBeanCondition)

   SimpleCacheConfiguration matched:
      - Cache org.springframework.boot.autoconfigure.cache.SimpleCacheConfiguration automatic cache type (CacheCondition)

   SimpleDiscoveryClientAutoConfiguration#simpleDiscoveryProperties matched:
      - @ConditionalOnMissingBean (types: org.springframework.cloud.client.discovery.simple.SimpleDiscoveryProperties; SearchStrategy: all) did not find any beans (OnBeanCondition)

   SpringBootWebSecurityConfiguration matched:
      - found 'session' scope (OnWebApplicationCondition)

   SpringDataWebAutoConfiguration matched:
      - @ConditionalOnClass found required classes 'org.springframework.data.web.PageableHandlerMethodArgumentResolver', 'org.springframework.web.servlet.config.annotation.WebMvcConfigurer' (OnClassCondition)
      - found 'session' scope (OnWebApplicationCondition)
      - @ConditionalOnMissingBean (types: org.springframework.data.web.PageableHandlerMethodArgumentResolver; SearchStrategy: all) did not find any beans (OnBeanCondition)

   SpringDataWebAutoConfiguration#pageableCustomizer matched:
      - @ConditionalOnMissingBean (types: org.springframework.data.web.config.PageableHandlerMethodArgumentResolverCustomizer; SearchStrategy: all) did not find any beans (OnBeanCondition)

   SpringDataWebAutoConfiguration#sortCustomizer matched:
      - @ConditionalOnMissingBean (types: org.springframework.data.web.config.SortHandlerMethodArgumentResolverCustomizer; SearchStrategy: all) did not find any beans (OnBeanCondition)

   SpringDataWebAutoConfiguration#springDataWebSettings matched:
      - @ConditionalOnMissingBean (types: org.springframework.data.web.config.SpringDataWebSettings; SearchStrategy: all) did not find any beans (OnBeanCondition)

   SpringDocConfigProperties matched:
      - @ConditionalOnProperty (springdoc.api-docs.enabled) matched (OnPropertyCondition)
      - @ConditionalOnBean (types: org.springdoc.core.configuration.SpringDocConfiguration; SearchStrategy: all) found bean 'org.springdoc.core.configuration.SpringDocConfiguration' (OnBeanCondition)

   SpringDocConfiguration matched:
      - @ConditionalOnWebApplication (required) found 'session' scope (OnWebApplicationCondition)
      - @ConditionalOnProperty (springdoc.api-docs.enabled) matched (OnPropertyCondition)

   SpringDocConfiguration#fileSupportConverter matched:
      - @ConditionalOnMissingBean (types: org.springdoc.core.converters.FileSupportConverter; SearchStrategy: all) did not find any beans (OnBeanCondition)

   SpringDocConfiguration#globalOpenApiCustomizer matched:
      - @ConditionalOnMissingBean (names: globalOpenApiCustomizer; SearchStrategy: all) did not find any beans (OnBeanCondition)

   SpringDocConfiguration#oas31ModelConverter matched:
      - @ConditionalOnMissingBean (types: org.springdoc.core.converters.OAS31ModelConverter; SearchStrategy: all) did not find any beans (OnBeanCondition)

   SpringDocConfiguration#openAPIBuilder matched:
      - @ConditionalOnMissingBean (types: org.springdoc.core.service.OpenAPIService; SearchStrategy: all) did not find any beans (OnBeanCondition)

   SpringDocConfiguration#operationBuilder matched:
      - @ConditionalOnMissingBean (types: org.springdoc.core.service.OperationService; SearchStrategy: all) did not find any beans (OnBeanCondition)

   SpringDocConfiguration#parameterBuilder matched:
      - @ConditionalOnMissingBean (types: org.springdoc.core.service.GenericParameterService; SearchStrategy: all) did not find any beans (OnBeanCondition)

   SpringDocConfiguration#parameterObjectNamingStrategyCustomizer matched:
      - @ConditionalOnMissingBean (types: org.springdoc.core.customizers.ParameterObjectNamingStrategyCustomizer; SearchStrategy: all) did not find any beans (OnBeanCondition)

   SpringDocConfiguration#polymorphicModelConverter matched:
      - @ConditionalOnProperty (springdoc.model-converters.polymorphic-converter.enabled) matched (OnPropertyCondition)
      - @ConditionalOnMissingBean (types: org.springdoc.core.converters.PolymorphicModelConverter; SearchStrategy: all) did not find any beans (OnBeanCondition)

   SpringDocConfiguration#requestBodyBuilder matched:
      - @ConditionalOnMissingBean (types: org.springdoc.core.service.RequestBodyService; SearchStrategy: all) did not find any beans (OnBeanCondition)

   SpringDocConfiguration#responseSupportConverter matched:
      - @ConditionalOnMissingBean (types: org.springdoc.core.converters.ResponseSupportConverter; SearchStrategy: all) did not find any beans (OnBeanCondition)

   SpringDocConfiguration#schemaPropertyDeprecatingConverter matched:
      - @ConditionalOnProperty (springdoc.model-converters.deprecating-converter.enabled) matched (OnPropertyCondition)
      - @ConditionalOnMissingBean (types: org.springdoc.core.converters.SchemaPropertyDeprecatingConverter; SearchStrategy: all) did not find any beans (OnBeanCondition)

   SpringDocConfiguration#securityParser matched:
      - @ConditionalOnMissingBean (types: org.springdoc.core.service.SecurityService; SearchStrategy: all) did not find any beans (OnBeanCondition)

   SpringDocConfiguration#springDocCustomizers matched:
      - @ConditionalOnMissingBean (types: org.springdoc.core.customizers.SpringDocCustomizers; SearchStrategy: all) did not find any beans (OnBeanCondition)

   SpringDocConfiguration#springDocProviders matched:
      - @ConditionalOnMissingBean (types: org.springdoc.core.providers.SpringDocProviders; SearchStrategy: all) did not find any beans (OnBeanCondition)

   SpringDocConfiguration#springdocObjectMapperProvider matched:
      - @ConditionalOnMissingBean (types: org.springdoc.core.providers.ObjectMapperProvider; SearchStrategy: all) did not find any beans (OnBeanCondition)

   SpringDocConfiguration.QuerydslProvider matched:
      - @ConditionalOnClass found required class 'org.springframework.data.querydsl.binding.QuerydslBindingsFactory' (OnClassCondition)

   SpringDocConfiguration.QuerydslProvider#queryDslQuerydslPredicateOperationCustomizer matched:
      - @ConditionalOnMissingBean (types: org.springdoc.core.customizers.QuerydslPredicateOperationCustomizer; SearchStrategy: all) did not find any beans (OnBeanCondition)

   SpringDocConfiguration.SpringDocSpringDataWebPropertiesProvider matched:
      - @ConditionalOnClass found required class 'org.springframework.boot.autoconfigure.data.web.SpringDataWebProperties' (OnClassCondition)

   SpringDocConfiguration.SpringDocSpringDataWebPropertiesProvider#springDataWebPropertiesProvider matched:
      - @ConditionalOnMissingBean (types: org.springdoc.core.providers.SpringDataWebPropertiesProvider; SearchStrategy: all) did not find any beans (OnBeanCondition)

   SpringDocConfiguration.SpringDocWebFluxSupportConfiguration matched:
      - @ConditionalOnClass found required class 'reactor.core.publisher.Flux' (OnClassCondition)

   SpringDocConfiguration.SpringDocWebFluxSupportConfiguration#webFluxSupportConverter matched:
      - @ConditionalOnMissingBean (types: org.springdoc.core.converters.WebFluxSupportConverter; SearchStrategy: all) did not find any beans (OnBeanCondition)

   SpringDocConfiguration.WebConversionServiceConfiguration matched:
      - @ConditionalOnClass found required class 'org.springframework.boot.autoconfigure.web.format.WebConversionService' (OnClassCondition)

   SpringDocPageableConfiguration matched:
      - @ConditionalOnClass found required class 'org.springframework.data.domain.Pageable' (OnClassCondition)
      - @ConditionalOnWebApplication (required) found 'session' scope (OnWebApplicationCondition)
      - @ConditionalOnProperty (springdoc.api-docs.enabled) matched (OnPropertyCondition)
      - @ConditionalOnBean (types: org.springdoc.core.configuration.SpringDocConfiguration; SearchStrategy: all) found bean 'org.springdoc.core.configuration.SpringDocConfiguration' (OnBeanCondition)

   SpringDocPageableConfiguration#dataRestDelegatingMethodParameterCustomizer matched:
      - @ConditionalOnMissingBean (types: org.springdoc.core.customizers.DataRestDelegatingMethodParameterCustomizer; SearchStrategy: all) did not find any beans (OnBeanCondition)

   SpringDocPageableConfiguration#pageOpenAPIConverter matched:
      - @ConditionalOnClass found required classes 'org.springframework.data.web.PagedModel', 'org.springframework.data.web.config.SpringDataWebSettings' (OnClassCondition)
      - @ConditionalOnMissingBean (types: org.springdoc.core.converters.PageOpenAPIConverter; SearchStrategy: all) did not find any beans (OnBeanCondition)

   SpringDocPageableConfiguration#pageableOpenAPIConverter matched:
      - @ConditionalOnProperty (springdoc.model-converters.pageable-converter.enabled) matched (OnPropertyCondition)
      - @ConditionalOnMissingBean (types: org.springdoc.core.converters.PageableOpenAPIConverter; SearchStrategy: all) did not find any beans (OnBeanCondition)

   SpringDocSecurityConfiguration matched:
      - @ConditionalOnClass found required class 'org.springframework.security.web.SecurityFilterChain' (OnClassCondition)
      - @ConditionalOnWebApplication (required) found 'session' scope (OnWebApplicationCondition)
      - @ConditionalOnExpression (#{${springdoc.api-docs.enabled:true} and ${springdoc.enable-spring-security:true}}) resulted in true (OnExpressionCondition)
      - @ConditionalOnBean (types: org.springdoc.core.configuration.SpringDocConfiguration; SearchStrategy: all) found bean 'org.springdoc.core.configuration.SpringDocConfiguration' (OnBeanCondition)

   SpringDocSecurityConfiguration.SpringDocSecurityOAuth2ClientConfiguration matched:
      - @ConditionalOnClass found required class 'org.springframework.security.oauth2.client.annotation.RegisteredOAuth2AuthorizedClient' (OnClassCondition)

   SpringDocSecurityConfiguration.SpringSecurityLoginEndpointConfiguration matched:
      - @ConditionalOnClass found required class 'jakarta.servlet.Filter' (OnClassCondition)

   SpringDocSortConfiguration matched:
      - @ConditionalOnClass found required class 'org.springframework.data.domain.Sort' (OnClassCondition)
      - @ConditionalOnWebApplication (required) found 'session' scope (OnWebApplicationCondition)
      - @ConditionalOnProperty (springdoc.api-docs.enabled) matched (OnPropertyCondition)
      - @ConditionalOnBean (types: org.springdoc.core.configuration.SpringDocConfiguration; SearchStrategy: all) found bean 'org.springdoc.core.configuration.SpringDocConfiguration' (OnBeanCondition)

   SpringDocSortConfiguration#sortOpenAPIConverter matched:
      - @ConditionalOnProperty (springdoc.sort-converter.enabled) matched (OnPropertyCondition)
      - @ConditionalOnMissingBean (types: org.springdoc.core.converters.SortOpenAPIConverter; SearchStrategy: all) did not find any beans (OnBeanCondition)

   SpringDocWebMvcConfiguration matched:
      - found 'session' scope (OnWebApplicationCondition)
      - @ConditionalOnProperty (springdoc.api-docs.enabled) matched (OnPropertyCondition)
      - @ConditionalOnBean (types: org.springdoc.core.configuration.SpringDocConfiguration; SearchStrategy: all) found bean 'org.springdoc.core.configuration.SpringDocConfiguration' (OnBeanCondition)

   SpringDocWebMvcConfiguration#openApiResource matched:
      - @ConditionalOnExpression (#{(${springdoc.use-management-port:false} == false ) and ${springdoc.enable-default-api-docs:true}}) resulted in true (OnExpressionCondition)
      - @ConditionalOnMissingBean (types: org.springdoc.webmvc.api.OpenApiWebMvcResource; SearchStrategy: all) did not find any beans (OnBeanCondition)

   SpringDocWebMvcConfiguration#requestBuilder matched:
      - @ConditionalOnMissingBean (types: org.springdoc.webmvc.core.service.RequestService; SearchStrategy: all) did not find any beans (OnBeanCondition)

   SpringDocWebMvcConfiguration#responseBuilder matched:
      - @ConditionalOnMissingBean (types: org.springdoc.core.service.GenericResponseService; SearchStrategy: all) did not find any beans (OnBeanCondition)

   SpringDocWebMvcConfiguration#springWebProvider matched:
      - @ConditionalOnMissingBean (types: org.springdoc.core.providers.SpringWebProvider; SearchStrategy: all) did not find any beans (OnBeanCondition)

   SpringDocWebMvcConfiguration.SpringDocWebMvcRouterConfiguration matched:
      - @ConditionalOnClass found required class 'org.springframework.web.servlet.function.RouterFunction' (OnClassCondition)

   SpringDocWebMvcConfiguration.SpringDocWebMvcRouterConfiguration#routerFunctionProvider matched:
      - @ConditionalOnMissingBean (types: org.springdoc.webmvc.core.providers.RouterFunctionWebMvcProvider; SearchStrategy: all) did not find any beans (OnBeanCondition)

   SqlInitializationAutoConfiguration matched:
      - @ConditionalOnProperty (spring.sql.init.enabled) matched (OnPropertyCondition)
      - NoneNestedConditions 0 matched 1 did not; NestedCondition on SqlInitializationAutoConfiguration.SqlInitializationModeCondition.ModeIsNever @ConditionalOnProperty (spring.sql.init.mode=never) did not find property 'mode' (SqlInitializationAutoConfiguration.SqlInitializationModeCondition)

   SslAutoConfiguration#sslBundleRegistry matched:
      - @ConditionalOnMissingBean (types: org.springframework.boot.ssl.SslBundleRegistry,org.springframework.boot.ssl.SslBundles; SearchStrategy: all) did not find any beans (OnBeanCondition)

   SwaggerConfig matched:
      - found 'session' scope (OnWebApplicationCondition)
      - @ConditionalOnProperty (springdoc.swagger-ui.enabled) matched (OnPropertyCondition)
      - @ConditionalOnBean (types: org.springdoc.core.configuration.SpringDocConfiguration; SearchStrategy: all) found bean 'org.springdoc.core.configuration.SpringDocConfiguration' (OnBeanCondition)

   SwaggerConfig#indexPageTransformer matched:
      - @ConditionalOnMissingBean (types: org.springdoc.webmvc.ui.SwaggerIndexTransformer; SearchStrategy: all) did not find any beans (OnBeanCondition)

   SwaggerConfig#swaggerConfigResource matched:
      - @ConditionalOnProperty (springdoc.use-management-port=false) matched (OnPropertyCondition)
      - @ConditionalOnMissingBean (types: org.springdoc.webmvc.ui.SwaggerConfigResource; SearchStrategy: all) did not find any beans (OnBeanCondition)

   SwaggerConfig#swaggerResourceResolver matched:
      - @ConditionalOnMissingBean (types: org.springdoc.webmvc.ui.SwaggerResourceResolver; SearchStrategy: all) did not find any beans (OnBeanCondition)

   SwaggerConfig#swaggerWebMvcConfigurer matched:
      - @ConditionalOnMissingBean (types: org.springdoc.webmvc.ui.SwaggerWebMvcConfigurer; SearchStrategy: all) did not find any beans (OnBeanCondition)

   SwaggerConfig#swaggerWelcome matched:
      - @ConditionalOnProperty (springdoc.use-management-port=false) matched (OnPropertyCondition)
      - @ConditionalOnMissingBean (types: org.springdoc.webmvc.ui.SwaggerWelcomeWebMvc; SearchStrategy: all) did not find any beans (OnBeanCondition)

   SwaggerUiConfigProperties matched:
      - @ConditionalOnProperty (springdoc.swagger-ui.enabled) matched (OnPropertyCondition)
      - @ConditionalOnBean (types: org.springdoc.core.configuration.SpringDocConfiguration; SearchStrategy: all) found bean 'org.springdoc.core.configuration.SpringDocConfiguration' (OnBeanCondition)

   SwaggerUiOAuthProperties matched:
      - @ConditionalOnProperty (springdoc.swagger-ui.enabled) matched (OnPropertyCondition)
      - @ConditionalOnBean (types: org.springdoc.core.configuration.SpringDocConfiguration; SearchStrategy: all) found bean 'org.springdoc.core.configuration.SpringDocConfiguration' (OnBeanCondition)

   TaskExecutionAutoConfiguration matched:
      - @ConditionalOnClass found required class 'org.springframework.scheduling.concurrent.ThreadPoolTaskExecutor' (OnClassCondition)

   TaskExecutorConfigurations.SimpleAsyncTaskExecutorBuilderConfiguration#simpleAsyncTaskExecutorBuilder matched:
      - @ConditionalOnMissingBean (types: org.springframework.boot.task.SimpleAsyncTaskExecutorBuilder; SearchStrategy: all) did not find any beans (OnBeanCondition)
      - @ConditionalOnThreading found PLATFORM (OnThreadingCondition)

   TaskExecutorConfigurations.TaskExecutorConfiguration matched:
      - @ConditionalOnMissingBean (types: java.util.concurrent.Executor; SearchStrategy: all) did not find any beans (OnBeanCondition)

   TaskExecutorConfigurations.TaskExecutorConfiguration#applicationTaskExecutor matched:
      - @ConditionalOnThreading found PLATFORM (OnThreadingCondition)

   TaskExecutorConfigurations.ThreadPoolTaskExecutorBuilderConfiguration#threadPoolTaskExecutorBuilder matched:
      - @ConditionalOnMissingBean (types: org.springframework.boot.task.ThreadPoolTaskExecutorBuilder; SearchStrategy: all) did not find any beans (OnBeanCondition)

   TaskSchedulingAutoConfiguration matched:
      - @ConditionalOnClass found required class 'org.springframework.scheduling.concurrent.ThreadPoolTaskScheduler' (OnClassCondition)

   TaskSchedulingConfigurations.SimpleAsyncTaskSchedulerBuilderConfiguration#simpleAsyncTaskSchedulerBuilder matched:
      - @ConditionalOnMissingBean (types: org.springframework.boot.task.SimpleAsyncTaskSchedulerBuilder; SearchStrategy: all) did not find any beans (OnBeanCondition)
      - @ConditionalOnThreading found PLATFORM (OnThreadingCondition)

   TaskSchedulingConfigurations.ThreadPoolTaskSchedulerBuilderConfiguration#threadPoolTaskSchedulerBuilder matched:
      - @ConditionalOnMissingBean (types: org.springframework.boot.task.ThreadPoolTaskSchedulerBuilder; SearchStrategy: all) did not find any beans (OnBeanCondition)

   TransactionAutoConfiguration matched:
      - @ConditionalOnClass found required class 'org.springframework.transaction.PlatformTransactionManager' (OnClassCondition)

   TransactionAutoConfiguration.EnableTransactionManagementConfiguration matched:
      - @ConditionalOnBean (types: org.springframework.transaction.TransactionManager; SearchStrategy: all) found bean 'transactionManager'; @ConditionalOnMissingBean (types: org.springframework.transaction.annotation.AbstractTransactionManagementConfiguration; SearchStrategy: all) did not find any beans (OnBeanCondition)

   TransactionAutoConfiguration.EnableTransactionManagementConfiguration.CglibAutoProxyConfiguration matched:
      - @ConditionalOnProperty (spring.aop.proxy-target-class=true) matched (OnPropertyCondition)

   TransactionAutoConfiguration.TransactionTemplateConfiguration matched:
      - @ConditionalOnSingleCandidate (types: org.springframework.transaction.PlatformTransactionManager; SearchStrategy: all) found a single bean 'transactionManager' (OnBeanCondition)

   TransactionAutoConfiguration.TransactionTemplateConfiguration#transactionTemplate matched:
      - @ConditionalOnMissingBean (types: org.springframework.transaction.support.TransactionOperations; SearchStrategy: all) did not find any beans (OnBeanCondition)

   TransactionManagerCustomizationAutoConfiguration matched:
      - @ConditionalOnClass found required class 'org.springframework.transaction.PlatformTransactionManager' (OnClassCondition)

   TransactionManagerCustomizationAutoConfiguration#platformTransactionManagerCustomizers matched:
      - @ConditionalOnMissingBean (types: org.springframework.boot.autoconfigure.transaction.TransactionManagerCustomizers; SearchStrategy: all) did not find any beans (OnBeanCondition)

   UtilAutoConfiguration matched:
      - @ConditionalOnProperty (spring.cloud.util.enabled) matched (OnPropertyCondition)

   UtilAutoConfiguration#inetUtils matched:
      - @ConditionalOnMissingBean (types: org.springframework.cloud.commons.util.InetUtils; SearchStrategy: all) did not find any beans (OnBeanCondition)

   ValidationAutoConfiguration matched:
      - @ConditionalOnClass found required class 'jakarta.validation.executable.ExecutableValidator' (OnClassCondition)
      - @ConditionalOnResource found location classpath:META-INF/services/jakarta.validation.spi.ValidationProvider (OnResourceCondition)

   ValidationAutoConfiguration#defaultValidator matched:
      - @ConditionalOnMissingBean (types: jakarta.validation.Validator; SearchStrategy: all) did not find any beans (OnBeanCondition)

   ValidationAutoConfiguration#methodValidationPostProcessor matched:
      - @ConditionalOnMissingBean (types: org.springframework.validation.beanvalidation.MethodValidationPostProcessor; SearchStrategy: current) did not find any beans (OnBeanCondition)

   WebMvcAutoConfiguration matched:
      - @ConditionalOnClass found required classes 'jakarta.servlet.Servlet', 'org.springframework.web.servlet.DispatcherServlet', 'org.springframework.web.servlet.config.annotation.WebMvcConfigurer' (OnClassCondition)
      - found 'session' scope (OnWebApplicationCondition)
      - @ConditionalOnMissingBean (types: org.springframework.web.servlet.config.annotation.WebMvcConfigurationSupport; SearchStrategy: all) did not find any beans (OnBeanCondition)

   WebMvcAutoConfiguration#formContentFilter matched:
      - @ConditionalOnProperty (spring.mvc.formcontent.filter.enabled) matched (OnPropertyCondition)
      - @ConditionalOnMissingBean (types: org.springframework.web.filter.FormContentFilter; SearchStrategy: all) did not find any beans (OnBeanCondition)

   WebMvcAutoConfiguration.EnableWebMvcConfiguration#flashMapManager matched:
      - @ConditionalOnMissingBean (names: flashMapManager; SearchStrategy: all) did not find any beans (OnBeanCondition)

   WebMvcAutoConfiguration.EnableWebMvcConfiguration#localeResolver matched:
      - @ConditionalOnMissingBean (names: localeResolver; SearchStrategy: all) did not find any beans (OnBeanCondition)

   WebMvcAutoConfiguration.EnableWebMvcConfiguration#themeResolver matched:
      - @ConditionalOnMissingBean (names: themeResolver; SearchStrategy: all) did not find any beans (OnBeanCondition)

   WebMvcAutoConfiguration.EnableWebMvcConfiguration#viewNameTranslator matched:
      - @ConditionalOnMissingBean (names: viewNameTranslator; SearchStrategy: all) did not find any beans (OnBeanCondition)

   WebMvcAutoConfiguration.ResourceChainCustomizerConfiguration matched:
      - @ConditionalOnEnabledResourceChain found class org.webjars.WebJarVersionLocator (OnEnabledResourceChainCondition)

   WebMvcAutoConfiguration.WebMvcAutoConfigurationAdapter#defaultViewResolver matched:
      - @ConditionalOnMissingBean (types: org.springframework.web.servlet.view.InternalResourceViewResolver; SearchStrategy: all) did not find any beans (OnBeanCondition)

   WebMvcAutoConfiguration.WebMvcAutoConfigurationAdapter#requestContextFilter matched:
      - @ConditionalOnMissingBean (types: org.springframework.web.context.request.RequestContextListener,org.springframework.web.filter.RequestContextFilter; SearchStrategy: all) did not find any beans (OnBeanCondition)

   WebMvcAutoConfiguration.WebMvcAutoConfigurationAdapter#viewResolver matched:
      - @ConditionalOnBean (types: org.springframework.web.servlet.ViewResolver; SearchStrategy: all) found beans 'defaultViewResolver', 'beanNameViewResolver', 'mvcViewResolver'; @ConditionalOnMissingBean (names: viewResolver types: org.springframework.web.servlet.view.ContentNegotiatingViewResolver; SearchStrategy: all) did not find any beans (OnBeanCondition)

   WebSocketServletAutoConfiguration matched:
      - @ConditionalOnClass found required classes 'jakarta.servlet.Servlet', 'jakarta.websocket.server.ServerContainer' (OnClassCondition)
      - found 'session' scope (OnWebApplicationCondition)

   WebSocketServletAutoConfiguration.TomcatWebSocketConfiguration matched:
      - @ConditionalOnClass found required classes 'org.apache.catalina.startup.Tomcat', 'org.apache.tomcat.websocket.server.WsSci' (OnClassCondition)

   WebSocketServletAutoConfiguration.TomcatWebSocketConfiguration#websocketServletWebServerCustomizer matched:
      - @ConditionalOnMissingBean (names: websocketServletWebServerCustomizer; SearchStrategy: all) did not find any beans (OnBeanCondition)


Negative matches:
-----------------

   ActiveMQAutoConfiguration:
      Did not match:
         - @ConditionalOnClass did not find required class 'jakarta.jms.ConnectionFactory' (OnClassCondition)

   AopAutoConfiguration.AspectJAutoProxyingConfiguration.JdkDynamicAutoProxyConfiguration:
      Did not match:
         - @ConditionalOnProperty (spring.aop.proxy-target-class=false) did not find property 'proxy-target-class' (OnPropertyCondition)

   AopAutoConfiguration.ClassProxyingConfiguration:
      Did not match:
         - @ConditionalOnMissingClass found unwanted class 'org.aspectj.weaver.Advice' (OnClassCondition)

   ArtemisAutoConfiguration:
      Did not match:
         - @ConditionalOnClass did not find required class 'jakarta.jms.ConnectionFactory' (OnClassCondition)

   BatchAutoConfiguration:
      Did not match:
         - @ConditionalOnClass did not find required class 'org.springframework.batch.core.launch.JobLauncher' (OnClassCondition)

   Cache2kCacheConfiguration:
      Did not match:
         - @ConditionalOnClass did not find required class 'org.cache2k.Cache2kBuilder' (OnClassCondition)

   CacheAutoConfiguration:
      Did not match:
         - @ConditionalOnBean (types: org.springframework.cache.interceptor.CacheAspectSupport; SearchStrategy: all) did not find any beans of type org.springframework.cache.interceptor.CacheAspectSupport (OnBeanCondition)
      Matched:
         - @ConditionalOnClass found required class 'org.springframework.cache.CacheManager' (OnClassCondition)

   CacheAutoConfiguration.CacheManagerEntityManagerFactoryDependsOnPostProcessor:
      Did not match:
         - Ancestor org.springframework.boot.autoconfigure.cache.CacheAutoConfiguration did not match (ConditionEvaluationReport.AncestorsMatchedCondition)
      Matched:
         - @ConditionalOnClass found required class 'org.springframework.orm.jpa.LocalContainerEntityManagerFactoryBean' (OnClassCondition)

   CaffeineCacheConfiguration:
      Did not match:
         - @ConditionalOnClass did not find required class 'com.github.benmanes.caffeine.cache.Caffeine' (OnClassCondition)

   CassandraAutoConfiguration:
      Did not match:
         - @ConditionalOnClass did not find required class 'com.datastax.oss.driver.api.core.CqlSession' (OnClassCondition)

   CassandraDataAutoConfiguration:
      Did not match:
         - @ConditionalOnClass did not find required class 'com.datastax.oss.driver.api.core.CqlSession' (OnClassCondition)

   CassandraReactiveDataAutoConfiguration:
      Did not match:
         - @ConditionalOnClass did not find required class 'com.datastax.oss.driver.api.core.CqlSession' (OnClassCondition)

   CassandraReactiveRepositoriesAutoConfiguration:
      Did not match:
         - @ConditionalOnClass did not find required class 'org.springframework.data.cassandra.ReactiveSession' (OnClassCondition)

   CassandraRepositoriesAutoConfiguration:
      Did not match:
         - @ConditionalOnClass did not find required class 'com.datastax.oss.driver.api.core.CqlSession' (OnClassCondition)

   ClientHttpConnectorAutoConfiguration:
      Did not match:
         - @ConditionalOnClass did not find required class 'org.springframework.web.reactive.function.client.WebClient' (OnClassCondition)

   CloudHypermediaAutoConfiguration:
      Did not match:
         - @ConditionalOnClass did not find required class 'org.springframework.hateoas.Link' (OnClassCondition)

   CodecsAutoConfiguration:
      Did not match:
         - @ConditionalOnClass did not find required class 'org.springframework.web.reactive.function.client.WebClient' (OnClassCondition)

   CommonsClientAutoConfiguration.ActuatorConfiguration:
      Did not match:
         - @ConditionalOnClass did not find required class 'org.springframework.boot.actuate.endpoint.annotation.Endpoint' (OnClassCondition)

   CommonsClientAutoConfiguration.DiscoveryLoadBalancerConfiguration:
      Did not match:
         - @ConditionalOnClass did not find required class 'org.springframework.boot.actuate.health.HealthIndicator' (OnClassCondition)

   CouchbaseAutoConfiguration:
      Did not match:
         - @ConditionalOnClass did not find required class 'com.couchbase.client.java.Cluster' (OnClassCondition)

   CouchbaseCacheConfiguration:
      Did not match:
         - @ConditionalOnClass did not find required class 'com.couchbase.client.java.Cluster' (OnClassCondition)

   CouchbaseDataAutoConfiguration:
      Did not match:
         - @ConditionalOnClass did not find required class 'com.couchbase.client.java.Bucket' (OnClassCondition)

   CouchbaseReactiveDataAutoConfiguration:
      Did not match:
         - @ConditionalOnClass did not find required class 'com.couchbase.client.java.Cluster' (OnClassCondition)

   CouchbaseReactiveRepositoriesAutoConfiguration:
      Did not match:
         - @ConditionalOnClass did not find required class 'com.couchbase.client.java.Cluster' (OnClassCondition)

   CouchbaseRepositoriesAutoConfiguration:
      Did not match:
         - @ConditionalOnClass did not find required class 'com.couchbase.client.java.Bucket' (OnClassCondition)

   DataSourceAutoConfiguration.EmbeddedDatabaseConfiguration:
      Did not match:
         - EmbeddedDataSource spring.datasource.url is set (DataSourceAutoConfiguration.EmbeddedDatabaseCondition)

   DataSourceCheckpointRestoreConfiguration:
      Did not match:
         - @ConditionalOnClass did not find required class 'org.crac.Resource' (OnClassCondition)

   DataSourceConfiguration.Dbcp2:
      Did not match:
         - @ConditionalOnClass did not find required class 'org.apache.commons.dbcp2.BasicDataSource' (OnClassCondition)

   DataSourceConfiguration.Generic:
      Did not match:
         - @ConditionalOnProperty (spring.datasource.type) did not find property 'spring.datasource.type' (OnPropertyCondition)

   DataSourceConfiguration.OracleUcp:
      Did not match:
         - @ConditionalOnClass did not find required classes 'oracle.ucp.jdbc.PoolDataSourceImpl', 'oracle.jdbc.OracleConnection' (OnClassCondition)

   DataSourceConfiguration.Tomcat:
      Did not match:
         - @ConditionalOnClass did not find required class 'org.apache.tomcat.jdbc.pool.DataSource' (OnClassCondition)

   DataSourceJmxConfiguration:
      Did not match:
         - @ConditionalOnProperty (spring.jmx.enabled=true) found different value in property 'enabled' (OnPropertyCondition)

   DataSourcePoolMetadataProvidersConfiguration.CommonsDbcp2PoolDataSourceMetadataProviderConfiguration:
      Did not match:
         - @ConditionalOnClass did not find required class 'org.apache.commons.dbcp2.BasicDataSource' (OnClassCondition)

   DataSourcePoolMetadataProvidersConfiguration.OracleUcpPoolDataSourceMetadataProviderConfiguration:
      Did not match:
         - @ConditionalOnClass did not find required classes 'oracle.ucp.jdbc.PoolDataSource', 'oracle.jdbc.OracleConnection' (OnClassCondition)

   DataSourcePoolMetadataProvidersConfiguration.TomcatDataSourcePoolMetadataProviderConfiguration:
      Did not match:
         - @ConditionalOnClass did not find required class 'org.apache.tomcat.jdbc.pool.DataSource' (OnClassCondition)

   DataSourceTransactionManagerAutoConfiguration.JdbcTransactionManagerConfiguration#transactionManager:
      Did not match:
         - @ConditionalOnMissingBean (types: org.springframework.transaction.TransactionManager; SearchStrategy: all) found beans of type 'org.springframework.transaction.TransactionManager' transactionManager (OnBeanCondition)

   DevToolsDataSourceAutoConfiguration:
      Did not match:
         - Devtools devtools is disabled for current context. (OnEnabledDevToolsCondition)
      Matched:
         - @ConditionalOnClass found required class 'javax.sql.DataSource' (OnClassCondition)

   DevToolsR2dbcAutoConfiguration:
      Did not match:
         - @ConditionalOnClass did not find required class 'io.r2dbc.spi.ConnectionFactory' (OnClassCondition)

   DispatcherServletAutoConfiguration.DispatcherServletConfiguration#multipartResolver:
      Did not match:
         - @ConditionalOnBean (types: org.springframework.web.multipart.MultipartResolver; SearchStrategy: all) did not find any beans of type org.springframework.web.multipart.MultipartResolver (OnBeanCondition)

   ElasticsearchClientAutoConfiguration:
      Did not match:
         - @ConditionalOnClass did not find required class 'co.elastic.clients.elasticsearch.ElasticsearchClient' (OnClassCondition)

   ElasticsearchDataAutoConfiguration:
      Did not match:
         - @ConditionalOnClass did not find required class 'org.springframework.data.elasticsearch.client.elc.ElasticsearchTemplate' (OnClassCondition)

   ElasticsearchRepositoriesAutoConfiguration:
      Did not match:
         - @ConditionalOnClass did not find required class 'org.springframework.data.elasticsearch.repository.ElasticsearchRepository' (OnClassCondition)

   ElasticsearchRestClientAutoConfiguration:
      Did not match:
         - @ConditionalOnClass did not find required class 'org.elasticsearch.client.RestClientBuilder' (OnClassCondition)

   EmbeddedLdapAutoConfiguration:
      Did not match:
         - @ConditionalOnClass did not find required class 'com.unboundid.ldap.listener.InMemoryDirectoryServer' (OnClassCondition)

   EmbeddedWebServerFactoryCustomizerAutoConfiguration:
      Did not match:
         - Application is deployed as a WAR file. (OnWarDeploymentCondition)
      Matched:
         - @ConditionalOnWebApplication (required) found 'session' scope (OnWebApplicationCondition)

   ErrorWebFluxAutoConfiguration:
      Did not match:
         - @ConditionalOnClass did not find required class 'org.springframework.web.reactive.config.WebFluxConfigurer' (OnClassCondition)

   FeignAcceptGzipEncodingAutoConfiguration:
      Did not match:
         - @ConditionalOnProperty (spring.cloud.openfeign.compression.response.enabled) did not find property 'spring.cloud.openfeign.compression.response.enabled' (OnPropertyCondition)
      Matched:
         - @ConditionalOnClass found required class 'feign.Feign' (OnClassCondition)

   FeignAutoConfiguration#cachingCapability:
      Did not match:
         - @ConditionalOnBean (types: org.springframework.cache.interceptor.CacheInterceptor; SearchStrategy: all) did not find any beans of type org.springframework.cache.interceptor.CacheInterceptor (OnBeanCondition)
      Matched:
         - @ConditionalOnProperty (spring.cloud.openfeign.cache.enabled) matched (OnPropertyCondition)

   FeignAutoConfiguration.CircuitBreakerPresentFeignTargeterConfiguration:
      Did not match:
         - @ConditionalOnProperty (spring.cloud.openfeign.circuitbreaker.enabled=true) did not find property 'spring.cloud.openfeign.circuitbreaker.enabled' (OnPropertyCondition)
      Matched:
         - @ConditionalOnClass found required class 'org.springframework.cloud.client.circuitbreaker.CircuitBreaker' (OnClassCondition)

   FeignAutoConfiguration.Http2ClientFeignConfiguration:
      Did not match:
         - @ConditionalOnClass did not find required class 'feign.http2client.Http2Client' (OnClassCondition)

   FeignAutoConfiguration.HttpClient5FeignConfiguration:
      Did not match:
         - @ConditionalOnClass did not find required class 'feign.hc5.ApacheHttp5Client' (OnClassCondition)

   FeignAutoConfiguration.Oauth2FeignConfiguration:
      Did not match:
         - @ConditionalOnProperty (spring.cloud.openfeign.oauth2.enabled) did not find property 'spring.cloud.openfeign.oauth2.enabled' (OnPropertyCondition)
      Matched:
         - @ConditionalOnClass found required class 'org.springframework.security.oauth2.client.OAuth2AuthorizedClientManager' (OnClassCondition)

   FeignAutoConfiguration.OkHttpFeignConfiguration:
      Did not match:
         - @ConditionalOnClass did not find required class 'feign.okhttp.OkHttpClient' (OnClassCondition)

   FeignContentGzipEncodingAutoConfiguration:
      Did not match:
         - @ConditionalOnProperty (spring.cloud.openfeign.compression.request.enabled) did not find property 'spring.cloud.openfeign.compression.request.enabled' (OnPropertyCondition)
      Matched:
         - @ConditionalOnClass found required class 'feign.Feign' (OnClassCondition)

   FeignHalAutoConfiguration:
      Did not match:
         - @ConditionalOnClass did not find required class 'org.springframework.hateoas.config.WebConverters' (OnClassCondition)

   FeignLoadBalancerAutoConfiguration:
      Did not match:
         - @ConditionalOnBean did not find required type 'org.springframework.cloud.loadbalancer.support.LoadBalancerClientFactory' (OnBeanCondition)

   FlywayAutoConfiguration:
      Did not match:
         - @ConditionalOnClass did not find required class 'org.flywaydb.core.Flyway' (OnClassCondition)

   FreeMarkerAutoConfiguration:
      Did not match:
         - @ConditionalOnClass did not find required class 'freemarker.template.Configuration' (OnClassCondition)

   GraphQlAutoConfiguration:
      Did not match:
         - @ConditionalOnClass did not find required class 'graphql.GraphQL' (OnClassCondition)

   GraphQlQueryByExampleAutoConfiguration:
      Did not match:
         - @ConditionalOnClass did not find required class 'graphql.GraphQL' (OnClassCondition)

   GraphQlQuerydslAutoConfiguration:
      Did not match:
         - @ConditionalOnClass did not find required class 'com.querydsl.core.Query' (OnClassCondition)

   GraphQlRSocketAutoConfiguration:
      Did not match:
         - @ConditionalOnClass did not find required class 'graphql.GraphQL' (OnClassCondition)

   GraphQlReactiveQueryByExampleAutoConfiguration:
      Did not match:
         - @ConditionalOnClass did not find required class 'graphql.GraphQL' (OnClassCondition)

   GraphQlReactiveQuerydslAutoConfiguration:
      Did not match:
         - @ConditionalOnClass did not find required class 'com.querydsl.core.Query' (OnClassCondition)

   GraphQlWebFluxAutoConfiguration:
      Did not match:
         - @ConditionalOnClass did not find required class 'graphql.GraphQL' (OnClassCondition)

   GraphQlWebFluxSecurityAutoConfiguration:
      Did not match:
         - @ConditionalOnClass did not find required class 'graphql.GraphQL' (OnClassCondition)

   GraphQlWebMvcAutoConfiguration:
      Did not match:
         - @ConditionalOnClass did not find required class 'graphql.GraphQL' (OnClassCondition)

   GraphQlWebMvcSecurityAutoConfiguration:
      Did not match:
         - @ConditionalOnClass did not find required class 'graphql.GraphQL' (OnClassCondition)

   GroovyTemplateAutoConfiguration:
      Did not match:
         - @ConditionalOnClass did not find required class 'groovy.text.markup.MarkupTemplateEngine' (OnClassCondition)

   GsonAutoConfiguration:
      Did not match:
         - @ConditionalOnClass did not find required class 'com.google.gson.Gson' (OnClassCondition)

   GsonHttpMessageConvertersConfiguration:
      Did not match:
         - @ConditionalOnClass did not find required class 'com.google.gson.Gson' (OnClassCondition)

   H2ConsoleAutoConfiguration:
      Did not match:
         - @ConditionalOnClass did not find required class 'org.h2.server.web.JakartaWebServlet' (OnClassCondition)

   HazelcastAutoConfiguration:
      Did not match:
         - @ConditionalOnClass did not find required class 'com.hazelcast.core.HazelcastInstance' (OnClassCondition)

   HazelcastCacheConfiguration:
      Did not match:
         - @ConditionalOnClass did not find required class 'com.hazelcast.core.HazelcastInstance' (OnClassCondition)

   HazelcastJpaDependencyAutoConfiguration:
      Did not match:
         - @ConditionalOnClass did not find required class 'com.hazelcast.core.HazelcastInstance' (OnClassCondition)

   HttpHandlerAutoConfiguration:
      Did not match:
         - @ConditionalOnClass did not find required class 'org.springframework.web.reactive.DispatcherHandler' (OnClassCondition)

   HypermediaAutoConfiguration:
      Did not match:
         - @ConditionalOnClass did not find required class 'org.springframework.hateoas.EntityModel' (OnClassCondition)

   InfinispanCacheConfiguration:
      Did not match:
         - @ConditionalOnClass did not find required class 'org.infinispan.spring.embedded.provider.SpringEmbeddedCacheManager' (OnClassCondition)

   IntegrationAutoConfiguration:
      Did not match:
         - @ConditionalOnClass did not find required class 'org.springframework.integration.config.EnableIntegration' (OnClassCondition)

   JCacheCacheConfiguration:
      Did not match:
         - @ConditionalOnClass did not find required class 'javax.cache.Caching' (OnClassCondition)

   JacksonAutoConfiguration.JacksonObjectMapperConfiguration#jacksonObjectMapper:
      Did not match:
         - @ConditionalOnMissingBean (types: com.fasterxml.jackson.databind.ObjectMapper; SearchStrategy: all) found beans of type 'com.fasterxml.jackson.databind.ObjectMapper' objectMapper (OnBeanCondition)

   JacksonHttpMessageConvertersConfiguration.MappingJackson2XmlHttpMessageConverterConfiguration:
      Did not match:
         - @ConditionalOnClass did not find required class 'com.fasterxml.jackson.dataformat.xml.XmlMapper' (OnClassCondition)

   JdbcRepositoriesAutoConfiguration:
      Did not match:
         - @ConditionalOnClass did not find required class 'org.springframework.data.jdbc.repository.config.AbstractJdbcConfiguration' (OnClassCondition)

   JedisConnectionConfiguration:
      Did not match:
         - @ConditionalOnClass did not find required classes 'org.apache.commons.pool2.impl.GenericObjectPool', 'redis.clients.jedis.Jedis' (OnClassCondition)

   JerseyAutoConfiguration:
      Did not match:
         - @ConditionalOnClass did not find required class 'org.glassfish.jersey.server.spring.SpringComponentProvider' (OnClassCondition)

   JmsAutoConfiguration:
      Did not match:
         - @ConditionalOnClass did not find required class 'jakarta.jms.Message' (OnClassCondition)

   JmxAutoConfiguration:
      Did not match:
         - @ConditionalOnProperty (spring.jmx.enabled=true) found different value in property 'enabled' (OnPropertyCondition)
      Matched:
         - @ConditionalOnClass found required class 'org.springframework.jmx.export.MBeanExporter' (OnClassCondition)

   JndiConnectionFactoryAutoConfiguration:
      Did not match:
         - @ConditionalOnClass did not find required class 'org.springframework.jms.core.JmsTemplate' (OnClassCondition)

   JndiDataSourceAutoConfiguration:
      Did not match:
         - @ConditionalOnProperty (spring.datasource.jndi-name) did not find property 'jndi-name' (OnPropertyCondition)
      Matched:
         - @ConditionalOnClass found required classes 'javax.sql.DataSource', 'org.springframework.jdbc.datasource.embedded.EmbeddedDatabaseType' (OnClassCondition)

   JndiJtaConfiguration:
      Did not match:
         - @ConditionalOnJndi JNDI environment is not available (OnJndiCondition)
      Matched:
         - @ConditionalOnClass found required class 'org.springframework.transaction.jta.JtaTransactionManager' (OnClassCondition)

   JooqAutoConfiguration:
      Did not match:
         - @ConditionalOnClass did not find required class 'org.jooq.DSLContext' (OnClassCondition)

   JpaRepositoriesAutoConfiguration#entityManagerFactoryBootstrapExecutorCustomizer:
      Did not match:
         - AnyNestedCondition 0 matched 2 did not; NestedCondition on JpaRepositoriesAutoConfiguration.BootstrapExecutorCondition.LazyBootstrapMode @ConditionalOnProperty (spring.data.jpa.repositories.bootstrap-mode=lazy) did not find property 'bootstrap-mode'; NestedCondition on JpaRepositoriesAutoConfiguration.BootstrapExecutorCondition.DeferredBootstrapMode @ConditionalOnProperty (spring.data.jpa.repositories.bootstrap-mode=deferred) did not find property 'bootstrap-mode' (JpaRepositoriesAutoConfiguration.BootstrapExecutorCondition)

   JsonbAutoConfiguration:
      Did not match:
         - @ConditionalOnClass did not find required class 'jakarta.json.bind.Jsonb' (OnClassCondition)

   JsonbHttpMessageConvertersConfiguration:
      Did not match:
         - @ConditionalOnClass did not find required class 'jakarta.json.bind.Jsonb' (OnClassCondition)

   KafkaAutoConfiguration:
      Did not match:
         - @ConditionalOnClass did not find required class 'org.springframework.kafka.core.KafkaTemplate' (OnClassCondition)

   LdapAutoConfiguration:
      Did not match:
         - @ConditionalOnClass did not find required class 'org.springframework.ldap.core.ContextSource' (OnClassCondition)

   LdapRepositoriesAutoConfiguration:
      Did not match:
         - @ConditionalOnClass did not find required class 'org.springframework.data.ldap.repository.LdapRepository' (OnClassCondition)

   LettuceConnectionConfiguration#redisConnectionFactory:
      Did not match:
         - @ConditionalOnMissingBean (types: org.springframework.data.redis.connection.RedisConnectionFactory; SearchStrategy: all) found beans of type 'org.springframework.data.redis.connection.RedisConnectionFactory' redisConnectionFactory (OnBeanCondition)

   LettuceConnectionConfiguration#redisConnectionFactoryVirtualThreads:
      Did not match:
         - @ConditionalOnMissingBean (types: org.springframework.data.redis.connection.RedisConnectionFactory; SearchStrategy: all) found beans of type 'org.springframework.data.redis.connection.RedisConnectionFactory' redisConnectionFactory (OnBeanCondition)

   LiquibaseAutoConfiguration:
      Did not match:
         - @ConditionalOnClass did not find required class 'liquibase.change.DatabaseChange' (OnClassCondition)

   LoadBalancerAutoConfiguration:
      Did not match:
         - @ConditionalOnBean (types: org.springframework.cloud.client.loadbalancer.LoadBalancerClient; SearchStrategy: all) did not find any beans of type org.springframework.cloud.client.loadbalancer.LoadBalancerClient (OnBeanCondition)
      Matched:
         - AnyNestedCondition 2 matched 0 did not; NestedCondition on BlockingRestClassesPresentCondition.RestClientPresent @ConditionalOnClass found required class 'org.springframework.web.client.RestClient'; NestedCondition on BlockingRestClassesPresentCondition.RestTemplatePresent @ConditionalOnClass found required class 'org.springframework.web.client.RestTemplate' (BlockingRestClassesPresentCondition)

   LoadBalancerAutoConfiguration.RetryAutoConfiguration:
      Did not match:
         - @ConditionalOnClass did not find required class 'org.springframework.retry.support.RetryTemplate' (OnClassCondition)
         - Ancestor org.springframework.cloud.client.loadbalancer.LoadBalancerAutoConfiguration did not match (ConditionEvaluationReport.AncestorsMatchedCondition)

   LoadBalancerAutoConfiguration.RetryInterceptorAutoConfiguration:
      Did not match:
         - @ConditionalOnClass did not find required class 'org.springframework.retry.support.RetryTemplate' (OnClassCondition)
         - Ancestor org.springframework.cloud.client.loadbalancer.LoadBalancerAutoConfiguration did not match (ConditionEvaluationReport.AncestorsMatchedCondition)

   LoadBalancerBeanPostProcessorAutoConfiguration:
      Did not match:
         - @ConditionalOnClass did not find required class 'org.springframework.web.reactive.function.client.WebClient' (OnClassCondition)

   LocalDevToolsAutoConfiguration:
      Did not match:
         - Initialized Restarter Condition initialized without URLs (OnInitializedRestarterCondition)

   MailSenderJndiConfiguration:
      Did not match:
         - @ConditionalOnProperty (spring.mail.jndi-name) did not find property 'jndi-name' (OnPropertyCondition)
      Matched:
         - @ConditionalOnClass found required class 'jakarta.mail.Session' (OnClassCondition)

   MailSenderValidatorAutoConfiguration:
      Did not match:
         - @ConditionalOnProperty (spring.mail.test-connection) did not find property 'test-connection' (OnPropertyCondition)

   MessageSourceAutoConfiguration:
      Did not match:
         - ResourceBundle did not find bundle with basename messages (MessageSourceAutoConfiguration.ResourceBundleCondition)

   MongoAutoConfiguration:
      Did not match:
         - @ConditionalOnClass did not find required class 'com.mongodb.client.MongoClient' (OnClassCondition)

   MongoDataAutoConfiguration:
      Did not match:
         - @ConditionalOnClass did not find required class 'com.mongodb.client.MongoClient' (OnClassCondition)

   MongoReactiveAutoConfiguration:
      Did not match:
         - @ConditionalOnClass did not find required class 'com.mongodb.reactivestreams.client.MongoClient' (OnClassCondition)

   MongoReactiveDataAutoConfiguration:
      Did not match:
         - @ConditionalOnClass did not find required class 'com.mongodb.reactivestreams.client.MongoClient' (OnClassCondition)

   MongoReactiveRepositoriesAutoConfiguration:
      Did not match:
         - @ConditionalOnClass did not find required class 'com.mongodb.reactivestreams.client.MongoClient' (OnClassCondition)

   MongoRepositoriesAutoConfiguration:
      Did not match:
         - @ConditionalOnClass did not find required class 'com.mongodb.client.MongoClient' (OnClassCondition)

   MultipleOpenApiSupportConfiguration:
      Did not match:
         - AnyNestedCondition 0 matched 2 did not; NestedCondition on MultipleOpenApiSupportCondition.OnActuatorDifferentPort @ConditionalOnProperty (springdoc.show-actuator) did not find property 'springdoc.show-actuator'; NestedCondition on MultipleOpenApiSupportCondition.OnMultipleOpenApiSupportCondition AnyNestedCondition 0 matched 3 did not; NestedCondition on MultipleOpenApiGroupsCondition.OnListGroupedOpenApiBean @ConditionalOnBean (types: org.springdoc.core.models.GroupedOpenApi; SearchStrategy: all) did not find any beans of type org.springdoc.core.models.GroupedOpenApi; NestedCondition on MultipleOpenApiGroupsCondition.OnGroupConfigProperty @ConditionalOnProperty (springdoc.group-configs[0].group) did not find property 'springdoc.group-configs[0].group'; NestedCondition on MultipleOpenApiGroupsCondition.OnGroupedOpenApiBean @ConditionalOnBean (types: org.springdoc.core.models.GroupedOpenApi; SearchStrategy: all) did not find any beans of type org.springdoc.core.models.GroupedOpenApi (MultipleOpenApiSupportCondition)
      Matched:
         - found 'session' scope (OnWebApplicationCondition)
         - @ConditionalOnProperty (springdoc.api-docs.enabled) matched (OnPropertyCondition)

   MultipleOpenApiSupportConfiguration.SpringDocWebMvcActuatorDifferentConfiguration:
      Did not match:
         - @ConditionalOnClass did not find required class 'org.springframework.boot.actuate.endpoint.web.servlet.WebMvcEndpointHandlerMapping' (OnClassCondition)
         - Ancestor org.springdoc.webmvc.core.configuration.MultipleOpenApiSupportConfiguration did not match (ConditionEvaluationReport.AncestorsMatchedCondition)

   MustacheAutoConfiguration:
      Did not match:
         - @ConditionalOnClass did not find required class 'com.samskivert.mustache.Mustache' (OnClassCondition)

   Neo4jAutoConfiguration:
      Did not match:
         - @ConditionalOnClass did not find required class 'org.neo4j.driver.Driver' (OnClassCondition)

   Neo4jDataAutoConfiguration:
      Did not match:
         - @ConditionalOnClass did not find required class 'org.neo4j.driver.Driver' (OnClassCondition)

   Neo4jReactiveDataAutoConfiguration:
      Did not match:
         - @ConditionalOnClass did not find required class 'org.neo4j.driver.Driver' (OnClassCondition)

   Neo4jReactiveRepositoriesAutoConfiguration:
      Did not match:
         - @ConditionalOnClass did not find required class 'org.neo4j.driver.Driver' (OnClassCondition)

   Neo4jRepositoriesAutoConfiguration:
      Did not match:
         - @ConditionalOnClass did not find required class 'org.neo4j.driver.Driver' (OnClassCondition)

   OAuth2AuthorizationServerAutoConfiguration:
      Did not match:
         - @ConditionalOnClass did not find required class 'org.springframework.security.oauth2.server.authorization.OAuth2Authorization' (OnClassCondition)

   OAuth2AuthorizationServerJwtAutoConfiguration:
      Did not match:
         - @ConditionalOnClass did not find required class 'org.springframework.security.oauth2.server.authorization.OAuth2Authorization' (OnClassCondition)

   OAuth2ResourceServerJwtConfiguration.JwtConverterConfiguration:
      Did not match:
         - AnyNestedCondition 0 matched 3 did not; NestedCondition on OAuth2ResourceServerJwtConfiguration.JwtConverterPropertiesCondition.OnAuthoritiesClaimName @ConditionalOnProperty (spring.security.oauth2.resourceserver.jwt.authorities-claim-name) did not find property 'authorities-claim-name'; NestedCondition on OAuth2ResourceServerJwtConfiguration.JwtConverterPropertiesCondition.OnPrincipalClaimName @ConditionalOnProperty (spring.security.oauth2.resourceserver.jwt.principal-claim-name) did not find property 'principal-claim-name'; NestedCondition on OAuth2ResourceServerJwtConfiguration.JwtConverterPropertiesCondition.OnAuthorityPrefix @ConditionalOnProperty (spring.security.oauth2.resourceserver.jwt.authority-prefix) did not find property 'authority-prefix' (OAuth2ResourceServerJwtConfiguration.JwtConverterPropertiesCondition)

   OAuth2ResourceServerJwtConfiguration.JwtDecoderConfiguration:
      Did not match:
         - @ConditionalOnMissingBean (types: org.springframework.security.oauth2.jwt.JwtDecoder; SearchStrategy: all) found beans of type 'org.springframework.security.oauth2.jwt.JwtDecoder' customJwtDecode (OnBeanCondition)

   OAuth2ResourceServerJwtConfiguration.OAuth2SecurityFilterChainConfiguration:
      Did not match:
         - AllNestedConditions 1 matched 1 did not; NestedCondition on DefaultWebSecurityCondition.Beans @ConditionalOnMissingBean (types: org.springframework.security.web.SecurityFilterChain; SearchStrategy: all) found beans of type 'org.springframework.security.web.SecurityFilterChain' securityFilterChain; NestedCondition on DefaultWebSecurityCondition.Classes @ConditionalOnClass found required classes 'org.springframework.security.web.SecurityFilterChain', 'org.springframework.security.config.annotation.web.builders.HttpSecurity' (DefaultWebSecurityCondition)

   OAuth2ResourceServerOpaqueTokenConfiguration.OAuth2SecurityFilterChainConfiguration:
      Did not match:
         - AllNestedConditions 1 matched 1 did not; NestedCondition on DefaultWebSecurityCondition.Beans @ConditionalOnMissingBean (types: org.springframework.security.web.SecurityFilterChain; SearchStrategy: all) found beans of type 'org.springframework.security.web.SecurityFilterChain' securityFilterChain; NestedCondition on DefaultWebSecurityCondition.Classes @ConditionalOnClass found required classes 'org.springframework.security.web.SecurityFilterChain', 'org.springframework.security.config.annotation.web.builders.HttpSecurity' (DefaultWebSecurityCondition)

   OAuth2ResourceServerOpaqueTokenConfiguration.OpaqueTokenIntrospectionClientConfiguration#opaqueTokenIntrospector:
      Did not match:
         - @ConditionalOnProperty (spring.security.oauth2.resourceserver.opaquetoken.introspection-uri) did not find property 'spring.security.oauth2.resourceserver.opaquetoken.introspection-uri' (OnPropertyCondition)

   OAuth2WebSecurityConfiguration.OAuth2SecurityFilterChainConfiguration:
      Did not match:
         - AllNestedConditions 1 matched 1 did not; NestedCondition on DefaultWebSecurityCondition.Beans @ConditionalOnMissingBean (types: org.springframework.security.web.SecurityFilterChain; SearchStrategy: all) found beans of type 'org.springframework.security.web.SecurityFilterChain' securityFilterChain; NestedCondition on DefaultWebSecurityCondition.Classes @ConditionalOnClass found required classes 'org.springframework.security.web.SecurityFilterChain', 'org.springframework.security.config.annotation.web.builders.HttpSecurity' (DefaultWebSecurityCondition)

   ProjectInfoAutoConfiguration#buildProperties:
      Did not match:
         - @ConditionalOnResource did not find resource '${spring.info.build.location:classpath:META-INF/build-info.properties}' (OnResourceCondition)

   ProjectInfoAutoConfiguration#gitProperties:
      Did not match:
         - GitResource did not find git info at classpath:git.properties (ProjectInfoAutoConfiguration.GitResourceAvailableCondition)

   PulsarAutoConfiguration:
      Did not match:
         - @ConditionalOnClass did not find required class 'org.apache.pulsar.client.api.PulsarClient' (OnClassCondition)

   PulsarReactiveAutoConfiguration:
      Did not match:
         - @ConditionalOnClass did not find required class 'org.apache.pulsar.client.api.PulsarClient' (OnClassCondition)

   QuartzAutoConfiguration:
      Did not match:
         - @ConditionalOnClass did not find required class 'org.quartz.Scheduler' (OnClassCondition)

   R2dbcAutoConfiguration:
      Did not match:
         - @ConditionalOnClass did not find required class 'io.r2dbc.spi.ConnectionFactory' (OnClassCondition)

   R2dbcDataAutoConfiguration:
      Did not match:
         - @ConditionalOnClass did not find required class 'org.springframework.data.r2dbc.core.R2dbcEntityTemplate' (OnClassCondition)

   R2dbcInitializationConfiguration:
      Did not match:
         - @ConditionalOnClass did not find required classes 'io.r2dbc.spi.ConnectionFactory', 'org.springframework.r2dbc.connection.init.DatabasePopulator' (OnClassCondition)

   R2dbcProxyAutoConfiguration:
      Did not match:
         - @ConditionalOnClass did not find required class 'io.r2dbc.proxy.ProxyConnectionFactory' (OnClassCondition)

   R2dbcRepositoriesAutoConfiguration:
      Did not match:
         - @ConditionalOnClass did not find required class 'io.r2dbc.spi.ConnectionFactory' (OnClassCondition)

   R2dbcTransactionManagerAutoConfiguration:
      Did not match:
         - @ConditionalOnClass did not find required class 'org.springframework.r2dbc.connection.R2dbcTransactionManager' (OnClassCondition)

   RSocketGraphQlClientAutoConfiguration:
      Did not match:
         - @ConditionalOnClass did not find required class 'graphql.GraphQL' (OnClassCondition)

   RSocketMessagingAutoConfiguration:
      Did not match:
         - @ConditionalOnClass did not find required class 'io.rsocket.RSocket' (OnClassCondition)

   RSocketRequesterAutoConfiguration:
      Did not match:
         - @ConditionalOnClass did not find required class 'io.rsocket.RSocket' (OnClassCondition)

   RSocketSecurityAutoConfiguration:
      Did not match:
         - @ConditionalOnClass did not find required class 'org.springframework.security.rsocket.core.SecuritySocketAcceptorInterceptor' (OnClassCondition)

   RSocketServerAutoConfiguration:
      Did not match:
         - @ConditionalOnClass did not find required class 'io.rsocket.core.RSocketServer' (OnClassCondition)

   RSocketStrategiesAutoConfiguration:
      Did not match:
         - @ConditionalOnClass did not find required class 'io.rsocket.RSocket' (OnClassCondition)

   RabbitAutoConfiguration:
      Did not match:
         - @ConditionalOnClass did not find required class 'com.rabbitmq.client.Channel' (OnClassCondition)

   ReactiveCommonsClientAutoConfiguration.ReactiveDiscoveryLoadBalancerConfiguration:
      Did not match:
         - @ConditionalOnClass did not find required classes 'org.springframework.boot.actuate.health.ReactiveHealthIndicator', 'org.springframework.web.reactive.function.client.WebClient' (OnClassCondition)

   ReactiveCompositeDiscoveryClientAutoConfiguration:
      Did not match:
         - @ConditionalOnClass did not find required class 'org.springframework.web.reactive.function.client.WebClient' (OnClassCondition)

   ReactiveElasticsearchClientAutoConfiguration:
      Did not match:
         - @ConditionalOnClass did not find required class 'co.elastic.clients.transport.ElasticsearchTransport' (OnClassCondition)

   ReactiveElasticsearchRepositoriesAutoConfiguration:
      Did not match:
         - @ConditionalOnClass did not find required class 'org.springframework.data.elasticsearch.client.elc.ReactiveElasticsearchClient' (OnClassCondition)

   ReactiveMultipartAutoConfiguration:
      Did not match:
         - @ConditionalOnClass did not find required class 'org.springframework.web.reactive.config.WebFluxConfigurer' (OnClassCondition)

   ReactiveOAuth2ClientAutoConfiguration:
      Did not match:
         - NoneNestedConditions 1 matched 0 did not; NestedCondition on ReactiveOAuth2ClientAutoConfiguration.NonServletApplicationCondition.ServletApplicationCondition found 'session' scope (ReactiveOAuth2ClientAutoConfiguration.NonServletApplicationCondition)
      Matched:
         - @ConditionalOnClass found required classes 'reactor.core.publisher.Flux', 'org.springframework.security.config.annotation.web.reactive.EnableWebFluxSecurity', 'org.springframework.security.oauth2.client.registration.ClientRegistration' (OnClassCondition)

   ReactiveOAuth2ResourceServerAutoConfiguration:
      Did not match:
         - @ConditionalOnWebApplication did not find reactive web application classes (OnWebApplicationCondition)

   ReactiveSecurityAutoConfiguration:
      Did not match:
         - @ConditionalOnClass did not find required class 'org.springframework.web.reactive.config.WebFluxConfigurer' (OnClassCondition)

   ReactiveUserDetailsServiceAutoConfiguration:
      Did not match:
         - AnyNestedCondition 0 matched 3 did not; NestedCondition on ReactiveUserDetailsServiceAutoConfiguration.MissingAlternativeOrUserPropertiesConfigured.PasswordConfigured @ConditionalOnProperty (spring.security.user.password) did not find property 'password'; NestedCondition on ReactiveUserDetailsServiceAutoConfiguration.MissingAlternativeOrUserPropertiesConfigured.NameConfigured @ConditionalOnProperty (spring.security.user.name) did not find property 'name'; NestedCondition on ReactiveUserDetailsServiceAutoConfiguration.MissingAlternativeOrUserPropertiesConfigured.MissingAlternative @ConditionalOnMissingClass found unwanted classes 'org.springframework.security.oauth2.client.registration.ClientRegistrationRepository', 'org.springframework.security.oauth2.server.resource.introspection.ReactiveOpaqueTokenIntrospector' (ReactiveUserDetailsServiceAutoConfiguration.MissingAlternativeOrUserPropertiesConfigured)
      Matched:
         - @ConditionalOnClass found required class 'org.springframework.security.authentication.ReactiveAuthenticationManager' (OnClassCondition)

   ReactiveWebServerFactoryAutoConfiguration:
      Did not match:
         - @ConditionalOnWebApplication did not find reactive web application classes (OnWebApplicationCondition)

   ReactorLoadBalancerClientAutoConfiguration:
      Did not match:
         - @ConditionalOnClass did not find required class 'org.springframework.web.reactive.function.client.WebClient' (OnClassCondition)

   RedisAutoConfiguration#redisTemplate:
      Did not match:
         - @ConditionalOnMissingBean (names: redisTemplate; SearchStrategy: all) found beans named redisTemplate (OnBeanCondition)

   RefreshAutoConfiguration#legacyContextRefresher:
      Did not match:
         - AnyNestedCondition 0 matched 3 did not; NestedCondition on ConditionalOnBootstrapEnabled.OnBootstrapEnabledCondition.OnBootstrapEnabled @ConditionalOnProperty (spring.cloud.bootstrap.enabled) did not find property 'spring.cloud.bootstrap.enabled'; NestedCondition on ConditionalOnBootstrapEnabled.OnBootstrapEnabledCondition.OnUseLegacyProcessingEnabled @ConditionalOnProperty (spring.config.use-legacy-processing) did not find property 'spring.config.use-legacy-processing'; NestedCondition on ConditionalOnBootstrapEnabled.OnBootstrapEnabledCondition.OnBootstrapMarkerClassPresent @ConditionalOnClass did not find required class 'org.springframework.cloud.bootstrap.marker.Marker' (ConditionalOnBootstrapEnabled.OnBootstrapEnabledCondition)

   RefreshAutoConfiguration.JpaInvokerConfiguration:
      Did not match:
         - @ConditionalOnClass did not find required class 'javax.persistence.EntityManagerFactory' (OnClassCondition)

   RefreshEndpointAutoConfiguration:
      Did not match:
         - @ConditionalOnClass did not find required class 'org.springframework.boot.actuate.autoconfigure.endpoint.EndpointAutoConfiguration' (OnClassCondition)

   RemoteDevToolsAutoConfiguration:
      Did not match:
         - @ConditionalOnProperty (spring.devtools.remote.secret) did not find property 'secret' (OnPropertyCondition)
      Matched:
         - @ConditionalOnClass found required classes 'jakarta.servlet.Filter', 'org.springframework.http.server.ServerHttpRequest' (OnClassCondition)

   RepositoryRestMvcAutoConfiguration:
      Did not match:
         - @ConditionalOnClass did not find required class 'org.springframework.data.rest.webmvc.config.RepositoryRestMvcConfiguration' (OnClassCondition)

   Saml2RelyingPartyAutoConfiguration:
      Did not match:
         - @ConditionalOnClass did not find required class 'org.springframework.security.saml2.provider.service.registration.RelyingPartyRegistrationRepository' (OnClassCondition)

   SecurityDataConfiguration:
      Did not match:
         - @ConditionalOnClass did not find required class 'org.springframework.security.data.repository.query.SecurityEvaluationContextExtension' (OnClassCondition)

   SendGridAutoConfiguration:
      Did not match:
         - @ConditionalOnProperty (spring.sendgrid.api-key) did not find property 'api-key' (OnPropertyCondition)
      Matched:
         - @ConditionalOnClass found required class 'com.sendgrid.SendGrid' (OnClassCondition)

   ServiceRegistryAutoConfiguration.ServiceRegistryEndpointConfiguration:
      Did not match:
         - @ConditionalOnClass did not find required class 'org.springframework.boot.actuate.endpoint.annotation.Endpoint' (OnClassCondition)

   ServletWebServerFactoryAutoConfiguration.ForwardedHeaderFilterConfiguration:
      Did not match:
         - @ConditionalOnProperty (server.forward-headers-strategy=framework) did not find property 'server.forward-headers-strategy' (OnPropertyCondition)

   ServletWebServerFactoryConfiguration.EmbeddedJetty:
      Did not match:
         - @ConditionalOnClass did not find required classes 'org.eclipse.jetty.server.Server', 'org.eclipse.jetty.util.Loader', 'org.eclipse.jetty.ee10.webapp.WebAppContext' (OnClassCondition)

   ServletWebServerFactoryConfiguration.EmbeddedUndertow:
      Did not match:
         - @ConditionalOnClass did not find required classes 'io.undertow.Undertow', 'org.xnio.SslClientAuthMode' (OnClassCondition)

   SessionAutoConfiguration:
      Did not match:
         - @ConditionalOnClass did not find required class 'org.springframework.session.Session' (OnClassCondition)

   SimpleReactiveDiscoveryClientAutoConfiguration:
      Did not match:
         - @ConditionalOnClass did not find required class 'org.springframework.web.reactive.function.client.WebClient' (OnClassCondition)

   SpringApplicationAdminJmxAutoConfiguration:
      Did not match:
         - @ConditionalOnProperty (spring.application.admin.enabled=true) did not find property 'enabled' (OnPropertyCondition)

   SpringBootWebSecurityConfiguration.SecurityFilterChainConfiguration:
      Did not match:
         - AllNestedConditions 1 matched 1 did not; NestedCondition on DefaultWebSecurityCondition.Beans @ConditionalOnMissingBean (types: org.springframework.security.web.SecurityFilterChain; SearchStrategy: all) found beans of type 'org.springframework.security.web.SecurityFilterChain' securityFilterChain; NestedCondition on DefaultWebSecurityCondition.Classes @ConditionalOnClass found required classes 'org.springframework.security.web.SecurityFilterChain', 'org.springframework.security.config.annotation.web.builders.HttpSecurity' (DefaultWebSecurityCondition)

   SpringBootWebSecurityConfiguration.WebSecurityEnablerConfiguration:
      Did not match:
         - @ConditionalOnMissingBean (names: springSecurityFilterChain; SearchStrategy: all) found beans named springSecurityFilterChain (OnBeanCondition)
      Matched:
         - @ConditionalOnClass found required class 'org.springframework.security.config.annotation.web.configuration.EnableWebSecurity' (OnClassCondition)

   SpringDocConfiguration#propertiesResolverForSchema:
      Did not match:
         - @ConditionalOnProperty (springdoc.api-docs.resolve-schema-properties) did not find property 'springdoc.api-docs.resolve-schema-properties' (OnPropertyCondition)

   SpringDocConfiguration#propertyCustomizingConverter:
      Did not match:
         - @ConditionalOnBean (types: org.springdoc.core.customizers.PropertyCustomizer; SearchStrategy: all) did not find any beans of type org.springdoc.core.customizers.PropertyCustomizer (OnBeanCondition)

   SpringDocConfiguration#springdocBeanFactoryPostProcessor:
      Did not match:
         - AnyNestedCondition 0 matched 2 did not; NestedCondition on CacheOrGroupedOpenApiCondition.OnCacheDisabled found non-matching nested conditions @ConditionalOnProperty (springdoc.cache.disabled) did not find property 'springdoc.cache.disabled'; NestedCondition on CacheOrGroupedOpenApiCondition.OnMultipleOpenApiSupportCondition AnyNestedCondition 0 matched 2 did not; NestedCondition on MultipleOpenApiSupportCondition.OnActuatorDifferentPort @ConditionalOnProperty (springdoc.show-actuator) did not find property 'springdoc.show-actuator'; NestedCondition on MultipleOpenApiSupportCondition.OnMultipleOpenApiSupportCondition AnyNestedCondition 0 matched 3 did not; NestedCondition on MultipleOpenApiGroupsCondition.OnListGroupedOpenApiBean @ConditionalOnBean (types: org.springdoc.core.models.GroupedOpenApi; SearchStrategy: all) did not find any beans of type org.springdoc.core.models.GroupedOpenApi; NestedCondition on MultipleOpenApiGroupsCondition.OnGroupConfigProperty @ConditionalOnProperty (springdoc.group-configs[0].group) did not find property 'springdoc.group-configs[0].group'; NestedCondition on MultipleOpenApiGroupsCondition.OnGroupedOpenApiBean @ConditionalOnBean (types: org.springdoc.core.models.GroupedOpenApi; SearchStrategy: all) did not find any beans of type org.springdoc.core.models.GroupedOpenApi (CacheOrGroupedOpenApiCondition)
      Matched:
         - @ConditionalOnClass found required class 'org.springframework.boot.context.properties.bind.BindResult' (OnClassCondition)

   SpringDocConfiguration#springdocBeanFactoryPostProcessor2:
      Did not match:
         - @ConditionalOnMissingClass found unwanted class 'org.springframework.boot.context.properties.bind.BindResult' (OnClassCondition)

   SpringDocConfiguration.SpringDocActuatorConfiguration:
      Did not match:
         - @ConditionalOnClass did not find required class 'org.springframework.boot.actuate.autoconfigure.endpoint.web.WebEndpointProperties' (OnClassCondition)

   SpringDocConfiguration.SpringDocRepositoryRestConfiguration:
      Did not match:
         - @ConditionalOnClass did not find required class 'org.springframework.data.rest.core.config.RepositoryRestConfiguration' (OnClassCondition)

   SpringDocDataRestConfiguration:
      Did not match:
         - @ConditionalOnClass did not find required class 'org.springframework.data.rest.core.config.RepositoryRestConfiguration' (OnClassCondition)

   SpringDocFunctionCatalogConfiguration:
      Did not match:
         - @ConditionalOnClass did not find required class 'org.springframework.cloud.function.web.function.FunctionEndpointInitializer' (OnClassCondition)

   SpringDocGroovyConfiguration:
      Did not match:
         - @ConditionalOnClass did not find required class 'groovy.lang.MetaClass' (OnClassCondition)

   SpringDocHateoasConfiguration:
      Did not match:
         - @ConditionalOnClass did not find required class 'org.springframework.hateoas.server.LinkRelationProvider' (OnClassCondition)

   SpringDocJacksonKotlinModuleConfiguration:
      Did not match:
         - @ConditionalOnClass did not find required class 'com.fasterxml.jackson.module.kotlin.KotlinModule' (OnClassCondition)

   SpringDocJavadocConfiguration:
      Did not match:
         - @ConditionalOnClass did not find required class 'com.github.therapi.runtimejavadoc.CommentFormatter' (OnClassCondition)

   SpringDocKotlinConfiguration:
      Did not match:
         - @ConditionalOnClass did not find required class 'kotlin.coroutines.Continuation' (OnClassCondition)

   SpringDocKotlinxConfiguration:
      Did not match:
         - @ConditionalOnClass did not find required class 'kotlinx.coroutines.flow.Flow' (OnClassCondition)

   SpringDocSecurityConfiguration.SpringDocSecurityOAuth2Configuration:
      Did not match:
         - @ConditionalOnClass did not find required class 'org.springframework.security.oauth2.server.authorization.OAuth2AuthorizationService' (OnClassCondition)

   SpringDocSecurityConfiguration.SpringSecurityLoginEndpointConfiguration#springSecurityLoginEndpointCustomizer:
      Did not match:
         - @ConditionalOnProperty (springdoc.show-login-endpoint) did not find property 'springdoc.show-login-endpoint' (OnPropertyCondition)

   SpringDocSortConfiguration#dataRestDelegatingMethodParameterCustomizer:
      Did not match:
         - @ConditionalOnMissingBean (types: org.springdoc.core.customizers.DataRestDelegatingMethodParameterCustomizer; SearchStrategy: all) found beans of type 'org.springdoc.core.customizers.DataRestDelegatingMethodParameterCustomizer' dataRestDelegatingMethodParameterCustomizer (OnBeanCondition)

   SpringDocWebMvcConfiguration.SpringDocWebMvcActuatorConfiguration:
      Did not match:
         - @ConditionalOnClass did not find required class 'org.springframework.boot.actuate.endpoint.web.servlet.WebMvcEndpointHandlerMapping' (OnClassCondition)

   SwaggerConfig#springWebProvider:
      Did not match:
         - @ConditionalOnMissingBean (types: org.springdoc.core.providers.SpringWebProvider; SearchStrategy: all) found beans of type 'org.springdoc.core.providers.SpringWebProvider' springWebProvider (OnBeanCondition)

   SwaggerConfig#swaggerUiHome:
      Did not match:
         - @ConditionalOnProperty (springdoc.swagger-ui.use-root-path=true) did not find property 'springdoc.swagger-ui.use-root-path' (OnPropertyCondition)

   SwaggerConfig.SwaggerActuatorWelcomeConfiguration:
      Did not match:
         - @ConditionalOnClass did not find required class 'org.springframework.boot.actuate.endpoint.web.servlet.WebMvcEndpointHandlerMapping' (OnClassCondition)

   TaskExecutorConfigurations.SimpleAsyncTaskExecutorBuilderConfiguration#simpleAsyncTaskExecutorBuilderVirtualThreads:
      Did not match:
         - @ConditionalOnMissingBean (types: org.springframework.boot.task.SimpleAsyncTaskExecutorBuilder; SearchStrategy: all) found beans of type 'org.springframework.boot.task.SimpleAsyncTaskExecutorBuilder' simpleAsyncTaskExecutorBuilder (OnBeanCondition)

   TaskExecutorConfigurations.TaskExecutorConfiguration#applicationTaskExecutorVirtualThreads:
      Did not match:
         - @ConditionalOnThreading did not find VIRTUAL (OnThreadingCondition)

   TaskSchedulingAutoConfiguration#scheduledBeanLazyInitializationExcludeFilter:
      Did not match:
         - @ConditionalOnBean (names: org.springframework.context.annotation.internalScheduledAnnotationProcessor; SearchStrategy: all) did not find any beans named org.springframework.context.annotation.internalScheduledAnnotationProcessor (OnBeanCondition)

   TaskSchedulingConfigurations.SimpleAsyncTaskSchedulerBuilderConfiguration#simpleAsyncTaskSchedulerBuilderVirtualThreads:
      Did not match:
         - @ConditionalOnMissingBean (types: org.springframework.boot.task.SimpleAsyncTaskSchedulerBuilder; SearchStrategy: all) found beans of type 'org.springframework.boot.task.SimpleAsyncTaskSchedulerBuilder' simpleAsyncTaskSchedulerBuilder (OnBeanCondition)

   TaskSchedulingConfigurations.TaskSchedulerConfiguration:
      Did not match:
         - @ConditionalOnBean (names: org.springframework.context.annotation.internalScheduledAnnotationProcessor; SearchStrategy: all) did not find any beans named org.springframework.context.annotation.internalScheduledAnnotationProcessor (OnBeanCondition)

   ThymeleafAutoConfiguration:
      Did not match:
         - @ConditionalOnClass did not find required class 'org.thymeleaf.spring6.SpringTemplateEngine' (OnClassCondition)

   TransactionAutoConfiguration#transactionalOperator:
      Did not match:
         - @ConditionalOnSingleCandidate (types: org.springframework.transaction.ReactiveTransactionManager; SearchStrategy: all) did not find any beans (OnBeanCondition)

   TransactionAutoConfiguration.AspectJTransactionManagementConfiguration:
      Did not match:
         - @ConditionalOnBean (types: org.springframework.transaction.aspectj.AbstractTransactionAspect; SearchStrategy: all) did not find any beans of type org.springframework.transaction.aspectj.AbstractTransactionAspect (OnBeanCondition)

   TransactionAutoConfiguration.EnableTransactionManagementConfiguration.JdkDynamicAutoProxyConfiguration:
      Did not match:
         - @ConditionalOnProperty (spring.aop.proxy-target-class=false) did not find property 'proxy-target-class' (OnPropertyCondition)

   UserDetailsServiceAutoConfiguration:
      Did not match:
         - AnyNestedCondition 0 matched 3 did not; NestedCondition on UserDetailsServiceAutoConfiguration.MissingAlternativeOrUserPropertiesConfigured.PasswordConfigured @ConditionalOnProperty (spring.security.user.password) did not find property 'password'; NestedCondition on UserDetailsServiceAutoConfiguration.MissingAlternativeOrUserPropertiesConfigured.NameConfigured @ConditionalOnProperty (spring.security.user.name) did not find property 'name'; NestedCondition on UserDetailsServiceAutoConfiguration.MissingAlternativeOrUserPropertiesConfigured.MissingAlternative @ConditionalOnMissingClass found unwanted classes 'org.springframework.security.oauth2.client.registration.ClientRegistrationRepository', 'org.springframework.security.oauth2.server.resource.introspection.OpaqueTokenIntrospector' (UserDetailsServiceAutoConfiguration.MissingAlternativeOrUserPropertiesConfigured)
      Matched:
         - @ConditionalOnClass found required class 'org.springframework.security.authentication.AuthenticationManager' (OnClassCondition)
         - found 'session' scope (OnWebApplicationCondition)

   WebClientAutoConfiguration:
      Did not match:
         - @ConditionalOnClass did not find required class 'org.springframework.web.reactive.function.client.WebClient' (OnClassCondition)

   WebFluxAutoConfiguration:
      Did not match:
         - @ConditionalOnClass did not find required class 'org.springframework.web.reactive.config.WebFluxConfigurer' (OnClassCondition)

   WebMvcAutoConfiguration#hiddenHttpMethodFilter:
      Did not match:
         - @ConditionalOnProperty (spring.mvc.hiddenmethod.filter.enabled) did not find property 'enabled' (OnPropertyCondition)

   WebMvcAutoConfiguration.ProblemDetailsErrorHandlingConfiguration:
      Did not match:
         - @ConditionalOnProperty (spring.mvc.problemdetails.enabled=true) did not find property 'enabled' (OnPropertyCondition)

   WebMvcAutoConfiguration.WebMvcAutoConfigurationAdapter#beanNameViewResolver:
      Did not match:
         - @ConditionalOnMissingBean (types: org.springframework.web.servlet.view.BeanNameViewResolver; SearchStrategy: all) found beans of type 'org.springframework.web.servlet.view.BeanNameViewResolver' beanNameViewResolver (OnBeanCondition)

   WebServiceTemplateAutoConfiguration:
      Did not match:
         - @ConditionalOnClass did not find required class 'org.springframework.ws.client.core.WebServiceTemplate' (OnClassCondition)

   WebServicesAutoConfiguration:
      Did not match:
         - @ConditionalOnClass did not find required class 'org.springframework.ws.transport.http.MessageDispatcherServlet' (OnClassCondition)

   WebSessionIdResolverAutoConfiguration:
      Did not match:
         - @ConditionalOnWebApplication did not find reactive web application classes (OnWebApplicationCondition)

   WebSocketMessagingAutoConfiguration:
      Did not match:
         - @ConditionalOnClass did not find required class 'org.springframework.web.socket.config.annotation.WebSocketMessageBrokerConfigurer' (OnClassCondition)

   WebSocketReactiveAutoConfiguration:
      Did not match:
         - @ConditionalOnWebApplication did not find reactive web application classes (OnWebApplicationCondition)

   WebSocketServletAutoConfiguration.JettyWebSocketConfiguration:
      Did not match:
         - @ConditionalOnClass did not find required class 'org.eclipse.jetty.ee10.websocket.jakarta.server.config.JakartaWebSocketServletContainerInitializer' (OnClassCondition)

   WebSocketServletAutoConfiguration.UndertowWebSocketConfiguration:
      Did not match:
         - @ConditionalOnClass did not find required class 'io.undertow.websockets.jsr.Bootstrap' (OnClassCondition)

   WritableEnvironmentEndpointAutoConfiguration:
      Did not match:
         - @ConditionalOnClass did not find required class 'org.springframework.boot.actuate.autoconfigure.env.EnvironmentEndpointProperties' (OnClassCondition)

   XADataSourceAutoConfiguration:
      Did not match:
         - @ConditionalOnBean (types: org.springframework.boot.jdbc.XADataSourceWrapper; SearchStrategy: all) did not find any beans of type org.springframework.boot.jdbc.XADataSourceWrapper (OnBeanCondition)
      Matched:
         - @ConditionalOnClass found required classes 'javax.sql.DataSource', 'jakarta.transaction.TransactionManager', 'org.springframework.jdbc.datasource.embedded.EmbeddedDatabaseType' (OnClassCondition)


Exclusions:
-----------

    None


Unconditional classes:
----------------------

    org.springframework.boot.autoconfigure.context.ConfigurationPropertiesAutoConfiguration

    org.springframework.cloud.client.ReactiveCommonsClientAutoConfiguration

    org.springframework.boot.autoconfigure.ssl.SslAutoConfiguration

    org.springframework.cloud.client.discovery.simple.SimpleDiscoveryClientAutoConfiguration

    org.springframework.boot.autoconfigure.context.PropertyPlaceholderAutoConfiguration

    org.springframework.boot.autoconfigure.context.LifecycleAutoConfiguration

    org.springframework.cloud.client.CommonsClientAutoConfiguration

    org.springframework.cloud.commons.config.CommonsConfigAutoConfiguration

    org.springframework.cloud.client.loadbalancer.LoadBalancerDefaultMappingsProviderAutoConfiguration

    org.springframework.cloud.client.discovery.composite.CompositeDiscoveryClientAutoConfiguration

    org.springframework.cloud.client.serviceregistry.ServiceRegistryAutoConfiguration

    org.springframework.cloud.autoconfigure.LifecycleMvcEndpointAutoConfiguration

    org.springdoc.core.configuration.SpringDocSpecPropertiesConfiguration

    org.springframework.boot.autoconfigure.availability.ApplicationAvailabilityAutoConfiguration

    org.springframework.boot.autoconfigure.info.ProjectInfoAutoConfiguration



2025-11-25 21:27:09.179  INFO --- [           main] c.f.a.AccountServiceApplicationTests     : Started AccountServiceApplicationTests in 10.643 seconds (process running for 12.09)
2025-11-25 21:27:09.183 DEBUG --- [           main] o.s.b.a.ApplicationAvailabilityBean      : Application availability state LivenessState changed to CORRECT
2025-11-25 21:27:09.187 DEBUG --- [           main] o.s.boot.devtools.restart.Restarter      : Creating new Restarter for thread Thread[#1,main,5,main]
2025-11-25 21:27:09.188 DEBUG --- [           main] o.s.b.a.ApplicationAvailabilityBean      : Application availability state ReadinessState changed to ACCEPTING_TRAFFIC
2025-11-25 21:27:09.193 DEBUG --- [           main] org.springframework.test.context.cache   : Spring test ApplicationContext cache statistics: [DefaultContextCache@b50042d size = 1, maxSize = 32, parentContextCount = 0, hitCount = 0, missCount = 1, failureCount = 0]
2025-11-25 21:27:09.194 DEBUG --- [           main] o.s.t.c.w.ServletTestExecutionListener   : Setting up MockHttpServletRequest, MockHttpServletResponse, ServletWebRequest, and RequestContextHolder for test class com.fsocial.accountservice.AccountServiceApplicationTests
2025-11-25 21:27:09.218 DEBUG --- [           main] DependencyInjectionTestExecutionListener : Performing dependency injection for test class com.fsocial.accountservice.AccountServiceApplicationTests
2025-11-25 21:27:09.218 DEBUG --- [           main] org.springframework.test.context.cache   : Spring test ApplicationContext cache statistics: [DefaultContextCache@b50042d size = 1, maxSize = 32, parentContextCount = 0, hitCount = 1, missCount = 1, failureCount = 0]
2025-11-25 21:27:09.220 DEBUG --- [           main] org.springframework.test.context.cache   : Spring test ApplicationContext cache statistics: [DefaultContextCache@b50042d size = 1, maxSize = 32, parentContextCount = 0, hitCount = 2, missCount = 1, failureCount = 0]
2025-11-25 21:27:09.226 DEBUG --- [           main] sContextBeforeModesTestExecutionListener : Before test method: class [AccountServiceApplicationTests], method [contextLoads], class annotated with @DirtiesContext [false] with mode [null], method annotated with @DirtiesContext [false] with mode [null]
2025-11-25 21:27:09.229 DEBUG --- [           main] org.springframework.test.context.cache   : Spring test ApplicationContext cache statistics: [DefaultContextCache@b50042d size = 1, maxSize = 32, parentContextCount = 0, hitCount = 3, missCount = 1, failureCount = 0]
2025-11-25 21:27:09.238 DEBUG --- [           main] reactor.core.publisher.Hooks             : Hooking onLastOperator: org.springframework.security.core.context.SecurityContext
2025-11-25 21:27:09.238 DEBUG --- [           main] org.springframework.test.context.cache   : Spring test ApplicationContext cache statistics: [DefaultContextCache@b50042d size = 1, maxSize = 32, parentContextCount = 0, hitCount = 4, missCount = 1, failureCount = 0]
2025-11-25 21:27:09.278 DEBUG --- [           main] java.lang.ProcessBuilder                 : ProcessBuilder.start(): pid: 22120, dir: null, cmd: "C:\Users\acer\.jdks\openjdk-22.0.2\bin\java.exe"
java.lang.RuntimeException: ProcessBuilder.start() debug
	at java.base/java.lang.ProcessBuilder.start(ProcessBuilder.java:1147)
	at java.base/java.lang.ProcessBuilder.start(ProcessBuilder.java:1089)
	at net.bytebuddy.agent.ByteBuddyAgent.installExternal(ByteBuddyAgent.java:673)
	at net.bytebuddy.agent.ByteBuddyAgent.install(ByteBuddyAgent.java:604)
	at net.bytebuddy.agent.ByteBuddyAgent.install(ByteBuddyAgent.java:584)
	at net.bytebuddy.agent.ByteBuddyAgent.install(ByteBuddyAgent.java:536)
	at net.bytebuddy.agent.ByteBuddyAgent.install(ByteBuddyAgent.java:513)
	at org.mockito.internal.PremainAttachAccess.getInstrumentation(PremainAttachAccess.java:49)
	at org.mockito.internal.creation.bytebuddy.InlineDelegateByteBuddyMockMaker.<clinit>(InlineDelegateByteBuddyMockMaker.java:138)
	at org.mockito.internal.creation.bytebuddy.InlineByteBuddyMockMaker.<init>(InlineByteBuddyMockMaker.java:23)
	at java.base/jdk.internal.reflect.DirectConstructorHandleAccessor.newInstance(DirectConstructorHandleAccessor.java:62)
	at java.base/java.lang.reflect.Constructor.newInstanceWithCaller(Constructor.java:502)
	at java.base/java.lang.reflect.Constructor.newInstance(Constructor.java:486)
	at org.mockito.internal.configuration.plugins.DefaultMockitoPlugins.create(DefaultMockitoPlugins.java:103)
	at org.mockito.internal.configuration.plugins.DefaultMockitoPlugins.getDefaultPlugin(DefaultMockitoPlugins.java:79)
	at org.mockito.internal.configuration.plugins.PluginLoader.loadPlugin(PluginLoader.java:75)
	at org.mockito.internal.configuration.plugins.PluginLoader.loadPlugin(PluginLoader.java:49)
	at org.mockito.internal.configuration.plugins.PluginRegistry.<init>(PluginRegistry.java:29)
	at org.mockito.internal.configuration.plugins.Plugins.<clinit>(Plugins.java:26)
	at org.mockito.internal.MockitoCore.<clinit>(MockitoCore.java:71)
	at org.mockito.Mockito.<clinit>(Mockito.java:1741)
	at org.springframework.boot.test.mock.mockito.MockReset.get(MockReset.java:109)
	at org.springframework.boot.test.mock.mockito.ResetMocksTestExecutionListener.resetMocks(ResetMocksTestExecutionListener.java:89)
	at org.springframework.boot.test.mock.mockito.ResetMocksTestExecutionListener.resetMocks(ResetMocksTestExecutionListener.java:77)
	at org.springframework.boot.test.mock.mockito.ResetMocksTestExecutionListener.beforeTestMethod(ResetMocksTestExecutionListener.java:64)
	at org.springframework.test.context.TestContextManager.beforeTestMethod(TestContextManager.java:320)
	at org.springframework.test.context.junit.jupiter.SpringExtension.beforeEach(SpringExtension.java:237)
	at org.junit.jupiter.engine.descriptor.TestMethodTestDescriptor.lambda$invokeBeforeEachCallbacks$3(TestMethodTestDescriptor.java:166)
	at org.junit.jupiter.engine.descriptor.TestMethodTestDescriptor.lambda$invokeBeforeMethodsOrCallbacksUntilExceptionOccurs$7(TestMethodTestDescriptor.java:202)
	at org.junit.platform.engine.support.hierarchical.ThrowableCollector.execute(ThrowableCollector.java:73)
	at org.junit.jupiter.engine.descriptor.TestMethodTestDescriptor.invokeBeforeMethodsOrCallbacksUntilExceptionOccurs(TestMethodTestDescriptor.java:202)
	at org.junit.jupiter.engine.descriptor.TestMethodTestDescriptor.invokeBeforeEachCallbacks(TestMethodTestDescriptor.java:165)
	at org.junit.jupiter.engine.descriptor.TestMethodTestDescriptor.execute(TestMethodTestDescriptor.java:132)
	at org.junit.jupiter.engine.descriptor.TestMethodTestDescriptor.execute(TestMethodTestDescriptor.java:68)
	at org.junit.platform.engine.support.hierarchical.NodeTestTask.lambda$executeRecursively$6(NodeTestTask.java:156)
	at org.junit.platform.engine.support.hierarchical.ThrowableCollector.execute(ThrowableCollector.java:73)
	at org.junit.platform.engine.support.hierarchical.NodeTestTask.lambda$executeRecursively$8(NodeTestTask.java:146)
	at org.junit.platform.engine.support.hierarchical.Node.around(Node.java:137)
	at org.junit.platform.engine.support.hierarchical.NodeTestTask.lambda$executeRecursively$9(NodeTestTask.java:144)
	at org.junit.platform.engine.support.hierarchical.ThrowableCollector.execute(ThrowableCollector.java:73)
	at org.junit.platform.engine.support.hierarchical.NodeTestTask.executeRecursively(NodeTestTask.java:143)
	at org.junit.platform.engine.support.hierarchical.NodeTestTask.execute(NodeTestTask.java:100)
	at java.base/java.util.ArrayList.forEach(ArrayList.java:1597)
	at org.junit.platform.engine.support.hierarchical.SameThreadHierarchicalTestExecutorService.invokeAll(SameThreadHierarchicalTestExecutorService.java:41)
	at org.junit.platform.engine.support.hierarchical.NodeTestTask.lambda$executeRecursively$6(NodeTestTask.java:160)
	at org.junit.platform.engine.support.hierarchical.ThrowableCollector.execute(ThrowableCollector.java:73)
	at org.junit.platform.engine.support.hierarchical.NodeTestTask.lambda$executeRecursively$8(NodeTestTask.java:146)
	at org.junit.platform.engine.support.hierarchical.Node.around(Node.java:137)
	at org.junit.platform.engine.support.hierarchical.NodeTestTask.lambda$executeRecursively$9(NodeTestTask.java:144)
	at org.junit.platform.engine.support.hierarchical.ThrowableCollector.execute(ThrowableCollector.java:73)
	at org.junit.platform.engine.support.hierarchical.NodeTestTask.executeRecursively(NodeTestTask.java:143)
	at org.junit.platform.engine.support.hierarchical.NodeTestTask.execute(NodeTestTask.java:100)
	at java.base/java.util.ArrayList.forEach(ArrayList.java:1597)
	at org.junit.platform.engine.support.hierarchical.SameThreadHierarchicalTestExecutorService.invokeAll(SameThreadHierarchicalTestExecutorService.java:41)
	at org.junit.platform.engine.support.hierarchical.NodeTestTask.lambda$executeRecursively$6(NodeTestTask.java:160)
	at org.junit.platform.engine.support.hierarchical.ThrowableCollector.execute(ThrowableCollector.java:73)
	at org.junit.platform.engine.support.hierarchical.NodeTestTask.lambda$executeRecursively$8(NodeTestTask.java:146)
	at org.junit.platform.engine.support.hierarchical.Node.around(Node.java:137)
	at org.junit.platform.engine.support.hierarchical.NodeTestTask.lambda$executeRecursively$9(NodeTestTask.java:144)
	at org.junit.platform.engine.support.hierarchical.ThrowableCollector.execute(ThrowableCollector.java:73)
	at org.junit.platform.engine.support.hierarchical.NodeTestTask.executeRecursively(NodeTestTask.java:143)
	at org.junit.platform.engine.support.hierarchical.NodeTestTask.execute(NodeTestTask.java:100)
	at org.junit.platform.engine.support.hierarchical.SameThreadHierarchicalTestExecutorService.submit(SameThreadHierarchicalTestExecutorService.java:35)
	at org.junit.platform.engine.support.hierarchical.HierarchicalTestExecutor.execute(HierarchicalTestExecutor.java:57)
	at org.junit.platform.engine.support.hierarchical.HierarchicalTestEngine.execute(HierarchicalTestEngine.java:54)
	at org.junit.platform.launcher.core.EngineExecutionOrchestrator.execute(EngineExecutionOrchestrator.java:198)
	at org.junit.platform.launcher.core.EngineExecutionOrchestrator.execute(EngineExecutionOrchestrator.java:169)
	at org.junit.platform.launcher.core.EngineExecutionOrchestrator.execute(EngineExecutionOrchestrator.java:93)
	at org.junit.platform.launcher.core.EngineExecutionOrchestrator.lambda$execute$0(EngineExecutionOrchestrator.java:58)
	at org.junit.platform.launcher.core.EngineExecutionOrchestrator.withInterceptedStreams(EngineExecutionOrchestrator.java:141)
	at org.junit.platform.launcher.core.EngineExecutionOrchestrator.execute(EngineExecutionOrchestrator.java:57)
	at org.junit.platform.launcher.core.DefaultLauncher.execute(DefaultLauncher.java:103)
	at org.junit.platform.launcher.core.DefaultLauncher.execute(DefaultLauncher.java:85)
	at org.junit.platform.launcher.core.DelegatingLauncher.execute(DelegatingLauncher.java:47)
	at org.apache.maven.surefire.junitplatform.LazyLauncher.execute(LazyLauncher.java:56)
	at org.apache.maven.surefire.junitplatform.JUnitPlatformProvider.execute(JUnitPlatformProvider.java:184)
	at org.apache.maven.surefire.junitplatform.JUnitPlatformProvider.invokeAllTests(JUnitPlatformProvider.java:148)
	at org.apache.maven.surefire.junitplatform.JUnitPlatformProvider.invoke(JUnitPlatformProvider.java:122)
	at org.apache.maven.surefire.booter.ForkedBooter.runSuitesInProcess(ForkedBooter.java:385)
	at org.apache.maven.surefire.booter.ForkedBooter.execute(ForkedBooter.java:162)
	at org.apache.maven.surefire.booter.ForkedBooter.run(ForkedBooter.java:507)
	at org.apache.maven.surefire.booter.ForkedBooter.main(ForkedBooter.java:495)
2025-11-25 21:27:09.742 DEBUG --- [           main] org.springframework.test.context.cache   : Spring test ApplicationContext cache statistics: [DefaultContextCache@b50042d size = 1, maxSize = 32, parentContextCount = 0, hitCount = 5, missCount = 1, failureCount = 0]
2025-11-25 21:27:09.747 DEBUG --- [           main] org.springframework.test.context.cache   : Spring test ApplicationContext cache statistics: [DefaultContextCache@b50042d size = 1, maxSize = 32, parentContextCount = 0, hitCount = 6, missCount = 1, failureCount = 0]
2025-11-25 21:27:09.753 DEBUG --- [           main] org.springframework.test.context.cache   : Spring test ApplicationContext cache statistics: [DefaultContextCache@b50042d size = 1, maxSize = 32, parentContextCount = 0, hitCount = 7, missCount = 1, failureCount = 0]
2025-11-25 21:27:09.754 DEBUG --- [           main] org.springframework.test.context.cache   : Spring test ApplicationContext cache statistics: [DefaultContextCache@b50042d size = 1, maxSize = 32, parentContextCount = 0, hitCount = 8, missCount = 1, failureCount = 0]
2025-11-25 21:27:09.755 DEBUG --- [           main] org.springframework.test.context.cache   : Spring test ApplicationContext cache statistics: [DefaultContextCache@b50042d size = 1, maxSize = 32, parentContextCount = 0, hitCount = 9, missCount = 1, failureCount = 0]
2025-11-25 21:27:09.756 DEBUG --- [           main] org.springframework.test.context.cache   : Spring test ApplicationContext cache statistics: [DefaultContextCache@b50042d size = 1, maxSize = 32, parentContextCount = 0, hitCount = 10, missCount = 1, failureCount = 0]
2025-11-25 21:27:09.757 DEBUG --- [           main] org.springframework.test.context.cache   : Spring test ApplicationContext cache statistics: [DefaultContextCache@b50042d size = 1, maxSize = 32, parentContextCount = 0, hitCount = 11, missCount = 1, failureCount = 0]
2025-11-25 21:27:09.758 DEBUG --- [           main] org.springframework.test.context.cache   : Spring test ApplicationContext cache statistics: [DefaultContextCache@b50042d size = 1, maxSize = 32, parentContextCount = 0, hitCount = 12, missCount = 1, failureCount = 0]
2025-11-25 21:27:09.759 DEBUG --- [           main] reactor.core.publisher.Hooks             : Reset onLastOperator: org.springframework.security.core.context.SecurityContext
2025-11-25 21:27:09.759 DEBUG --- [           main] org.springframework.test.context.cache   : Spring test ApplicationContext cache statistics: [DefaultContextCache@b50042d size = 1, maxSize = 32, parentContextCount = 0, hitCount = 13, missCount = 1, failureCount = 0]
2025-11-25 21:27:09.760 DEBUG --- [           main] org.springframework.test.context.cache   : Spring test ApplicationContext cache statistics: [DefaultContextCache@b50042d size = 1, maxSize = 32, parentContextCount = 0, hitCount = 14, missCount = 1, failureCount = 0]
2025-11-25 21:27:09.761 DEBUG --- [           main] .c.s.DirtiesContextTestExecutionListener : After test method: class [AccountServiceApplicationTests], method [contextLoads], class annotated with @DirtiesContext [false] with mode [null], method annotated with @DirtiesContext [false] with mode [null]
2025-11-25 21:27:09.761 DEBUG --- [           main] o.s.t.c.w.ServletTestExecutionListener   : Resetting RequestContextHolder for test class com.fsocial.accountservice.AccountServiceApplicationTests
2025-11-25 21:27:09.776 DEBUG --- [           main] org.springframework.test.context.cache   : Spring test ApplicationContext cache statistics: [DefaultContextCache@b50042d size = 1, maxSize = 32, parentContextCount = 0, hitCount = 15, missCount = 1, failureCount = 0]
2025-11-25 21:27:09.779 DEBUG --- [           main] org.springframework.test.context.cache   : Spring test ApplicationContext cache statistics: [DefaultContextCache@b50042d size = 1, maxSize = 32, parentContextCount = 0, hitCount = 16, missCount = 1, failureCount = 0]
2025-11-25 21:27:09.779 DEBUG --- [           main] .c.s.DirtiesContextTestExecutionListener : After test class: class [AccountServiceApplicationTests], class annotated with @DirtiesContext [false] with mode [null]
2025-11-25 21:27:09.874 DEBUG --- [           main] java.lang.Runtime                        : Runtime.exit() called with status: 0
java.lang.Throwable: Runtime.exit(0)
	at java.base/java.lang.Shutdown.logRuntimeExit(Shutdown.java:179)
	at java.base/java.lang.Shutdown.exit(Shutdown.java:160)
	at java.base/java.lang.Runtime.exit(Runtime.java:188)
	at java.base/java.lang.System.exit(System.java:1925)
	at org.apache.maven.surefire.booter.ForkedBooter.acknowledgedExit(ForkedBooter.java:381)
	at org.apache.maven.surefire.booter.ForkedBooter.execute(ForkedBooter.java:178)
	at org.apache.maven.surefire.booter.ForkedBooter.run(ForkedBooter.java:507)
	at org.apache.maven.surefire.booter.ForkedBooter.main(ForkedBooter.java:495)
2025-11-25 21:27:09.878 DEBUG --- [ionShutdownHook] o.s.w.c.s.GenericWebApplicationContext   : Closing org.springframework.web.context.support.GenericWebApplicationContext@743c6ce4, started on Tue Nov 25 21:26:59 ICT 2025
2025-11-25 21:27:09.879 DEBUG --- [ionShutdownHook] o.s.c.support.DefaultLifecycleProcessor  : Stopping beans in phase 2147483647
2025-11-25 21:27:09.880 DEBUG --- [ionShutdownHook] o.s.d.r.l.RedisMessageListenerContainer  : Stopped RedisMessageListenerContainer
2025-11-25 21:27:09.880 DEBUG --- [ionShutdownHook] o.s.c.support.DefaultLifecycleProcessor  : Bean 'redisKeyValueAdapter' completed its stop procedure
2025-11-25 21:27:09.880 DEBUG --- [ionShutdownHook] o.s.c.support.DefaultLifecycleProcessor  : Stopping beans in phase 1073741823
2025-11-25 21:27:09.880 DEBUG --- [ionShutdownHook] o.s.c.support.DefaultLifecycleProcessor  : Bean 'applicationTaskExecutor' completed its stop procedure
2025-11-25 21:27:09.880 DEBUG --- [ionShutdownHook] o.s.c.support.DefaultLifecycleProcessor  : Stopping beans in phase 0
2025-11-25 21:27:09.880 DEBUG --- [ionShutdownHook] io.lettuce.core.AbstractRedisClient      : Initiate shutdown (100, 100, MILLISECONDS)
2025-11-25 21:27:09.885 DEBUG --- [ionShutdownHook] i.l.c.resource.DefaultClientResources    : Initiate shutdown (100, 100, MILLISECONDS)
2025-11-25 21:27:09.888 DEBUG --- [ionShutdownHook] i.l.c.r.DefaultEventLoopGroupProvider    : Initiate shutdown (100, 100, MILLISECONDS)
2025-11-25 21:27:09.994 DEBUG --- [ionShutdownHook] o.s.c.support.DefaultLifecycleProcessor  : Bean 'redisConnectionFactory' completed its stop procedure
2025-11-25 21:27:09.994 DEBUG --- [ionShutdownHook] o.s.c.support.DefaultLifecycleProcessor  : Successfully stopped bean 'refreshScopeLifecycle'
2025-11-25 21:27:09.994 DEBUG --- [ionShutdownHook] o.s.c.support.DefaultLifecycleProcessor  : Stopping beans in phase -2147483647
2025-11-25 21:27:09.994 DEBUG --- [ionShutdownHook] o.s.c.support.DefaultLifecycleProcessor  : Bean 'springBootLoggingLifecycle' completed its stop procedure
2025-11-25 21:27:09.994 DEBUG --- [ionShutdownHook] i.l.c.resource.DefaultClientResources    : Initiate shutdown (0, 2, SECONDS)
2025-11-25 21:27:09.995 DEBUG --- [ionShutdownHook] i.l.c.r.DefaultEventLoopGroupProvider    : Initiate shutdown (0, 2, SECONDS)
2025-11-25 21:27:09.996 DEBUG --- [ionShutdownHook] o.s.b.f.support.DisposableBeanAdapter    : Custom destroy method 'shutdown' on bean with name 'lettuceClientResources' completed asynchronously
2025-11-25 21:27:09.996 DEBUG --- [ionShutdownHook] o.s.s.concurrent.ThreadPoolTaskExecutor  : Shutting down ExecutorService 'applicationTaskExecutor'
2025-11-25 21:27:09.999 DEBUG --- [ionShutdownHook] s.c.a.AnnotationConfigApplicationContext : Closing FeignClientFactory-profile-service, started on Tue Nov 25 21:27:07 ICT 2025, parent: org.springframework.web.context.support.GenericWebApplicationContext@743c6ce4
2025-11-25 21:27:10.002  INFO --- [ionShutdownHook] j.LocalContainerEntityManagerFactoryBean : Closing JPA EntityManagerFactory for persistence unit 'default'
2025-11-25 21:27:10.004  INFO --- [ionShutdownHook] com.zaxxer.hikari.HikariDataSource       : HikariPool-1 - Shutdown initiated...
2025-11-25 21:27:10.004 DEBUG --- [ionShutdownHook] com.zaxxer.hikari.pool.HikariPool        : HikariPool-1 - Before shutdown stats (total=10, active=0, idle=10, waiting=0)
2025-11-25 21:27:10.006 DEBUG --- [nnection closer] com.zaxxer.hikari.pool.PoolBase          : HikariPool-1 - Closing connection com.mysql.cj.jdbc.ConnectionImpl@6d4f266: (connection evicted)
2025-11-25 21:27:10.051 DEBUG --- [nnection closer] com.zaxxer.hikari.pool.PoolBase          : HikariPool-1 - Closing connection com.mysql.cj.jdbc.ConnectionImpl@7557b52b: (connection evicted)
2025-11-25 21:27:10.091 DEBUG --- [nnection closer] com.zaxxer.hikari.pool.PoolBase          : HikariPool-1 - Closing connection com.mysql.cj.jdbc.ConnectionImpl@4d2214b8: (connection evicted)
2025-11-25 21:27:10.130 DEBUG --- [nnection closer] com.zaxxer.hikari.pool.PoolBase          : HikariPool-1 - Closing connection com.mysql.cj.jdbc.ConnectionImpl@3536fbd6: (connection evicted)
2025-11-25 21:27:10.168 DEBUG --- [nnection closer] com.zaxxer.hikari.pool.PoolBase          : HikariPool-1 - Closing connection com.mysql.cj.jdbc.ConnectionImpl@99f19bb: (connection evicted)
2025-11-25 21:27:10.206 DEBUG --- [nnection closer] com.zaxxer.hikari.pool.PoolBase          : HikariPool-1 - Closing connection com.mysql.cj.jdbc.ConnectionImpl@21a8f1d0: (connection evicted)
2025-11-25 21:27:10.247 DEBUG --- [nnection closer] com.zaxxer.hikari.pool.PoolBase          : HikariPool-1 - Closing connection com.mysql.cj.jdbc.ConnectionImpl@76a520e2: (connection evicted)
2025-11-25 21:27:10.283 DEBUG --- [nnection closer] com.zaxxer.hikari.pool.PoolBase          : HikariPool-1 - Closing connection com.mysql.cj.jdbc.ConnectionImpl@1ba088a0: (connection evicted)
2025-11-25 21:27:10.320 DEBUG --- [nnection closer] com.zaxxer.hikari.pool.PoolBase          : HikariPool-1 - Closing connection com.mysql.cj.jdbc.ConnectionImpl@428b7fa0: (connection evicted)
2025-11-25 21:27:10.359 DEBUG --- [nnection closer] com.zaxxer.hikari.pool.PoolBase          : HikariPool-1 - Closing connection com.mysql.cj.jdbc.ConnectionImpl@26efc07e: (connection evicted)
2025-11-25 21:27:10.399 DEBUG --- [ionShutdownHook] com.zaxxer.hikari.pool.HikariPool        : HikariPool-1 - After shutdown stats (total=0, active=0, idle=0, waiting=0)
2025-11-25 21:27:10.399  INFO --- [ionShutdownHook] com.zaxxer.hikari.HikariDataSource       : HikariPool-1 - Shutdown completed.
